22          gamma                 0.00000        0.000000        2               0      0      0      0      1.0      0      1
22          1   1.0000  22          0           0           0           0

-211        pi-                   0.13800        7.7e-9          1               0      0      0      0      1.0     -1      1
-211        1   1.0000  -211        0           0           0           0

111         pi0                   0.13800        7.7e-9          1               0      0      0      0      1.0      0      1
111         2   1.0000  22          22          0           0           0

211         pi+                   0.13800        7.7e-9          1               0      0      0      0      1.0      1      1
211         1   1.0000  211         0           0           0           0

-311        Anti-K0               0.49400        0.000000        1               0     -1      0      0      0.5      0      1
-311        1   1.0000  -311        0           0           0           0

-321        Anti-K+               0.49400        0.000000        1               0     -1      0      0      0.5     -1      1
-321        1   1.0000  -321        0           0           0           0

311         K0                    0.49400        0.000000        1               0      1      0      0      0.5      0      1
311         1   1.0000  311         0           0           0           0

321         K+                    0.49400        0.000000        1               0      1      0      0      0.5      1      1
321         1   1.0000  321         0           0           0           0

221         eta                   0.54800        1.31e-06        1               0      0      0      0      0.0      0      5
221         2   0.3936  22          22          0           0           0
221         3   0.3257  111         111         111         0           0
221         3   0.2302  211         -211        111         0           0
221         3   0.0428  211         -211        22          0           0
221         3   0.0003  111         22          22          0           0

-213        rho-                  0.77600        0.148000        3               0      0      0      0      1.0     -1      1
-213        2   1.0000  111         -211        0           0           0

113         rho0                  0.77600        0.148000        3               0      0      0      0      1.0      0      1
113         2   1.0000  211         -211        0           0           0

213         rho+                  0.77600        0.148000        3               0      0      0      0      1.0      1      1
213         2   1.0000  111         211         0           0           0

223         omega(782)            0.78300        0.008680        3               0      0      0      0      0.0      0      4
223         3   0.8920  211         -211        111         0           0
223         2   0.0835  111         22          0           0           0
223         2   0.0153  211         -211        0           0           0
223         2   0.0004  221         22          0           0           0

9000221     sigma                 0.80000        0.400000        1               0      0      0      0      0.0      0      2
9000221     2   0.3333  111         111         0           0           0
9000221     2   0.6667  211         -211        0           0           0

-313        Anti-K*(892)0         0.89200        0.050000        3               0     -1      0      0      0.5      0      2
-313        2   0.3333  -311        111         0           0           0
-313        2   0.6667  -321        211         0           0           0

-323        Anti-K*(892)+         0.89200        0.050000        3               0     -1      0      0      0.5     -1      2
-323        2   0.6667  -311        -211        0           0           0
-323        2   0.3333  -321        111         0           0           0

313         K*(892)0              0.89200        0.050000        3               0      1      0      0      0.5      0      2
313         2   0.3333  311         111         0           0           0
313         2   0.6667  321         -211        0           0           0

323         K*(892)+              0.89200        0.050000        3               0      1      0      0      0.5      1      2
323         2   0.6667  311         211         0           0           0
323         2   0.3333  321         111         0           0           0

-2112       Anti-N0               0.93800        0.000000        2              -1      0      0      0      0.5      0      1
-2112       1   1.0000  -2112       0           0           0           0

-2212       Anti-N+               0.93800        0.000000        2              -1      0      0      0      0.5     -1      1
-2212       1   1.0000  -2212       0           0           0           0

2112        N0                    0.93800        0.000000        2               1      0      0      0      0.5      0      1
2112        1   1.0000  2112        0           0           0           0

2212        N+                    0.93800        0.000000        2               1      0      0      0      0.5      1      1
2212        1   1.0000  2212        0           0           0           0

331         eta'(958)             0.95800        0.000188        1               0      0      0      0      0.0      0      7
331         3   0.4250  211         -211        221         0           0
331         3   0.2240  111         111         221         0           0
331         2   0.2950  113         22          0           0           0
331         2   0.0252  223         22          0           0           0
331         2   0.0231  22          22          0           0           0
331         3   0.0025  111         111         111         0           0
331         3   0.0036  211         -211        111         0           0

-9000211    a0(980)-              0.98900        0.075000        1               0      0      0      0      1.0     -1      2
-9000211    2   0.8490  -211        221         0           0           0
-9000211    2   0.1510  -321        311         0           0           0

9000111     a0(980)0              0.98900        0.075000        1               0      0      0      0      1.0      0      3
9000111     2   0.8490  111         221         0           0           0
9000111     2   0.0760  311         -311        0           0           0
9000111     2   0.0760  321         -321        0           0           0

9000211     a0(980)+              0.98900        0.075000        1               0      0      0      0      1.0      1      2
9000211     2   0.8490  211         221         0           0           0
9000211     2   0.1510  321         -311        0           0           0

9010221     f0(980)               0.99000        0.055000        1               0      0      0      0      0.0      0      4
9010221     2   0.2400  111         111         0           0           0
9010221     2   0.4800  211         -211        0           0           0
9010221     2   0.1400  311         -311        0           0           0
9010221     2   0.1400  321         -321        0           0           0

333         phi(1020)             1.01950        0.004250        3               0      0      0      0      0.0      0      7
333         2   0.4910  321         -321        0           0           0
333         2   0.3390  311         -311        0           0           0
333         2   0.0513  111         113         0           0           0
333         2   0.0513  211         -213        0           0           0
333         2   0.0513  -211        213         0           0           0
333         2   0.0130  221         22          0           0           0
333         2   0.0013  111         22          0           0           0

-3122       Anti-Lambda           1.11570        0.000000        2              -1      1      0      0      0.0      0      1
-3122       1   1.0000  -3122       0           0           0           0

3122        Lambda                1.11570        0.000000        2               1     -1      0      0      0.0      0      1
3122        1   1.0000  3122        0           0           0           0

10223       h1(1170)              1.16600        0.375000        3               0      0      0      0      0.0      0      3
10223       2   0.3333  111         113         0           0           0
10223       2   0.3333  211         -213        0           0           0
10223       2   0.3333  -211        213         0           0           0

-3112       Anti-Sigma-           1.18940        0.000000        2              -1      1      0      0      1.0      1      1
-3112       1   1.0000  -3112       0           0           0           0

-3212       Anti-Sigma0           1.18940        8.9e-06         2              -1      1      0      0      1.0      0      1
-3212       2   1.0000  -3122       22          0           0           0

-3222       Anti-Sigma+           1.18940        0.000000        2              -1      1      0      0      1.0     -1      1
-3222       1   1.0000  -3222       0           0           0           0

3112        Sigma-                1.18940        0.000000        2               1     -1      0      0      1.0     -1      1
3112        1   1.0000  3112        0           0           0           0

3212        Sigma0                1.18940        8.9e-06         2               1     -1      0      0      1.0      0      1
3212        2   1.0000  3122        22          0           0           0

3222        Sigma+                1.18940        0.000000        2               1     -1      0      0      1.0      1      1
3222        1   1.0000  3222        0           0           0           0

-10213      b1(1235)-             1.22950        0.142000        3               0      0      0      0      1.0     -1      2
-10213      2   0.7831  -211        223         0           0           0
-10213      2   0.2169  -211        223         0           0           0

10113       b1(1235)0             1.22950        0.142000        3               0      0      0      0      1.0      0      2
10113       2   0.7831  111         223         0           0           0
10113       2   0.2169  111         223         0           0           0

10213       b1(1235)+             1.22950        0.142000        3               0      0      0      0      1.0      1      2
10213       2   0.7831  211         223         0           0           0
10213       2   0.2169  211         223         0           0           0

-20213      a1(1260)-             1.23000        0.425000        3               0      0      0      0      1.0     -1      2
-20213      3   0.5000  -211        111         111         0           0
-20213      3   0.5000  -211        -211        211         0           0

20113       a1(1260)0             1.23000        0.425000        3               0      0      0      0      1.0      0      1
20113       3   1.0000  211         -211        111         0           0

20213       a1(1260)+             1.23000        0.425000        3               0      0      0      0      1.0      1      2
20213       3   0.5000  211         111         111         0           0
20213       3   0.5000  211         211         -211        0           0

-1114       Anti-Delta(1232)-     1.23200        0.117000        4              -1      0      0      0      1.5      1      1
-1114       2   1.0000  -2112       211         0           0           0

-2114       Anti-Delta(1232)0     1.23200        0.117000        4              -1      0      0      0      1.5      0      2
-2114       2   0.6667  -2112       111         0           0           0
-2114       2   0.3333  -2212       211         0           0           0

-2214       Anti-Delta(1232)+     1.23200        0.117000        4              -1      0      0      0      1.5     -1      2
-2214       2   0.3333  -2112       -211        0           0           0
-2214       2   0.6667  -2212       111         0           0           0

-2224       Anti-Delta(1232)++    1.23200        0.117000        4              -1      0      0      0      1.5     -2      1
-2224       2   1.0000  -2212       -211        0           0           0

1114        Delta(1232)-          1.23200        0.117000        4               1      0      0      0      1.5     -1      1
1114        2   1.0000  2112        -211        0           0           0

2114        Delta(1232)0          1.23200        0.117000        4               1      0      0      0      1.5      0      2
2114        2   0.6667  2112        111         0           0           0
2114        2   0.3333  2212        -211        0           0           0

2214        Delta(1232)+          1.23200        0.117000        4               1      0      0      0      1.5      1      2
2214        2   0.3333  2112        211         0           0           0
2214        2   0.6667  2212        111         0           0           0

2224        Delta(1232)++         1.23200        0.117000        4               1      0      0      0      1.5      2      1
2224        2   1.0000  2212        211         0           0           0

-10313      Anti-K1(1270)0        1.25300        0.090000        3               0     -1      0      0      0.5      0      7
-10313      2   0.14    -311        113         0           0           0
-10313      2   0.28    -321        213         0           0           0
-10313      2   0.28    111         -10311      0           0           0
-10313      2   0.0533  111         -313        0           0           0
-10313      2   0.1066  211         -323        0           0           0
-10313      2   0.11    -311        223         0           0           0
-10313      2   0.03    -311        10221       0           0           0

-10323      Anti-K1(1270)+        1.25300        0.090000        3               0     -1      0      0      0.5     -1      7
-10323      2   0.28    -311        -213        0           0           0
-10323      2   0.14    -321        113         0           0           0
-10323      2   0.28    -211        -10311      0           0           0
-10323      2   0.1066  -211        -313        0           0           0
-10323      2   0.0533  111         -323        0           0           0
-10323      2   0.11    -321        223         0           0           0
-10323      2   0.03    -321        10221       0           0           0

10313       K1(1270)0             1.25300        0.090000        3               0      1      0      0      0.5      0      7
10313       2   0.14    311         113         0           0           0
10313       2   0.28    321         -213        0           0           0
10313       2   0.28    111         10311       0           0           0
10313       2   0.0533  111         313         0           0           0
10313       2   0.1066  -211        323         0           0           0
10313       2   0.11    311         223         0           0           0
10313       2   0.03    311         10221       0           0           0

10323       K1(1270)+             1.25300        0.090000        3               0      1      0      0      0.5      1      7
10323       2   0.28    311         213         0           0           0
10323       2   0.14    321         113         0           0           0
10323       2   0.28    211         10311       0           0           0
10323       2   0.1066  211         313         0           0           0
10323       2   0.0533  111         323         0           0           0
10323       2   0.11    321         223         0           0           0
10323       2   0.03    321         10221       0           0           0

225         f2(1270)              1.27550        0.186700        5               0      0      0      0      0.0      0      7
225         2   0.5613  211         -211        0           0           0
225         2   0.2806  111         111         0           0           0
225         4   0.077   211         -211        111         111         0
225         2   0.023   311         -311        0           0           0
225         2   0.023   321         -321        0           0           0
225         4   0.028   211         211         -211        -211        0
225         2   0.004   221         221         0           0           0

100221      eta(1295)             1.29400        0.055000        1               0      0      0      0      0.0      0      2
100221      3   0.6667  221         211         -211        0           0
100221      3   0.3333  221         111         111         0           0

-100211     pi(1300)-             1.30000        0.400000        1               0      0      0      0      1.0     -1      2
-100211     2   0.5000  111         -213        0           0           0
-100211     2   0.5000  -211        113         0           0           0

100111      pi(1300)0             1.30000        0.400000        1               0      0      0      0      1.0      0      3
100111      2   0.3333  211         -213        0           0           0
100111      2   0.3333  -211        213         0           0           0
100111      2   0.3333  111         113         0           0           0

100211      pi(1300)+             1.30000        0.400000        1               0      0      0      0      1.0      1      2
100211      2   0.5000  111         213         0           0           0
100211      2   0.5000  211         113         0           0           0

-3312       Anti-Ksi-             1.31800        0.000000        2              -1      2      0      0      0.5      1      1
-3312       1   1.0000  -3312       0           0           0           0

-3322       Anti-Ksi0             1.31800        0.000000        2              -1      2      0      0      0.5      0      1
-3322       1   1.0000  -3322       0           0           0           0

3312        Ksi-                  1.31800        0.000000        2               1     -2      0      0      0.5     -1      1
3312        1   1.0000  3312        0           0           0           0

3322        Ksi0                  1.31800        0.000000        2               1     -2      0      0      0.5      0      1
3322        1   1.0000  3322        0           0           0           0

10221       f0(1370)              1.35000        0.350000        1               0      0      0      0      0.0      0      7
10221       4   0.2933  211         211         -211        -211        0
10221       4   0.2933  211         -211        111         111         0
10221       4   0.0733  111         111         111         111         0
10221       2   0.16    311         -311        0           0           0
10221       2   0.16    321         -321        0           0           0
10221       2   0.0066  111         111         0           0           0
10221       2   0.0133  211         -211        0           0           0

-9000213    pi1(1400)-            1.35400        0.330000        3               0      0      0      0      1.0     -1      1
-9000213    2   1.0000  -211        221         0           0           0

9000113     pi1(1400)0            1.35400        0.330000        3               0      0      0      0      1.0      0      1
9000113     2   1.0000  111         221         0           0           0

9000213     pi1(1400)+            1.35400        0.330000        3               0      0      0      0      1.0      1      1
9000213     2   1.0000  211         221         0           0           0

20223       f1(1285)              1.37000        0.022700        3               0      0      0      0      0.0      0      10
20223       4   0.1099  211         211         -211        -211        0
20223       4   0.218   111         111         211         -211        0
20223       3   0.3466  221         211         -211        0           0
20223       3   0.1733  221         111         111         0           0
20223       3   0.015   311         -311        111         0           0
20223       3   0.015   321         -321        111         0           0
20223       3   0.03    311         -321        211         0           0
20223       3   0.03    321         -311        -211        0           0
20223       3   0.003   211         -211        111         0           0
20223       2   0.061   113         22          0           0           0

-215        a2(1320)-             1.37000        0.105000        5               0      0      0      0      1.0     -1      7
-215        3   0.1402  -211        111         111         0           0
-215        3   0.5609  -211        -211        211         0           0
-215        2   0.145   -211        221         0           0           0
-215        3   0.106   223         -211        111         0           0
-215        2   0.049   -321        311         0           0           0
-215        2   0.0055  331         -211        0           0           0
-215        2   0.0029  -211        22          0           0           0

115         a2(1320)0             1.37000        0.105000        5               0      0      0      0      1.0      0      7
115         3   0.7011  211         -211        111         0           0
115         2   0.145   111         221         0           0           0
115         3   0.106   223         211         -211        0           0
115         2   0.0245  311         -311        0           0           0
115         2   0.0245  321         -321        0           0           0
115         2   0.0055  331         111         0           0           0
115         2   0.0029  111         22          0           0           0

215         a2(1320)+             1.37000        0.105000        5               0      0      0      0      1.0      1      7
215         3   0.1402  211         111         111         0           0
215         3   0.5609  211         211         -211        0           0
215         2   0.145   211         221         0           0           0
215         3   0.106   223         211         111         0           0
215         2   0.049   321         -311        0           0           0
215         2   0.0055  331         211         0           0           0
215         2   0.0029  211         22          0           0           0

-3114       Anti-Sigma(1385)-     1.38500        0.036000        4              -1      1      0      0      1.0      1      4
-3114       2   0.87    -3122       211         0           0           0
-3114       2   0.0585  -3112       111         0           0           0
-3114       2   0.0585  -3212       211         0           0           0
-3114       2   0.007   -3112       22          0           0           0

-3214       Anti-Sigma(1385)0     1.38500        0.036000        4              -1      1      0      0      1.0      0      4
-3214       2   0.87    -3122       111         0           0           0
-3214       2   0.0585  -3112       -211        0           0           0
-3214       2   0.0585  -3222       211         0           0           0
-3214       2   0.0125  -3122       22          0           0           0

-3224       Anti-Sigma(1385)+     1.38500        0.036000        4              -1      1      0      0      1.0     -1      4
-3224       2   0.87    -3122       -211        0           0           0
-3224       2   0.0585  -3212       -211        0           0           0
-3224       2   0.0585  -3222       111         0           0           0
-3224       2   0.007   -3222       22          0           0           0

3114        Sigma(1385)-          1.38500        0.036000        4               1     -1      0      0      1.0     -1      4
3114        2   0.87    3122        -211        0           0           0
3114        2   0.0585  3112        111         0           0           0
3114        2   0.0585  3212        -211        0           0           0
3114        2   0.007   3112        22          0           0           0

3214        Sigma(1385)0          1.38500        0.036000        4               1     -1      0      0      1.0      0      4
3214        2   0.87    3122        111         0           0           0
3214        2   0.0585  3112        211         0           0           0
3214        2   0.0585  3222        -211        0           0           0
3214        2   0.0125  3122        22          0           0           0

3224        Sigma(1385)+          1.38500        0.036000        4               1     -1      0      0      1.0      1      4
3224        2   0.87    3122        211         0           0           0
3224        2   0.0585  3212        211         0           0           0
3224        2   0.0585  3222        111         0           0           0
3224        2   0.007   3222        22          0           0           0

-20313      Anti-K1(1400)0        1.40300        0.174000        3               0     -1      0      0      0.5      0      6
-20313      2   0.3133  111         -313        0           0           0
-20313      2   0.6266  211         -323        0           0           0
-20313      2   0.01    -311        113         0           0           0
-20313      2   0.02    -321        213         0           0           0
-20313      2   0.02    -311        10221       0           0           0
-20313      2   0.01    -311        223         0           0           0

-20323      Anti-K1(1400)+        1.40300        0.174000        3               0     -1      0      0      0.5     -1      6
-20323      2   0.6266  -211        -313        0           0           0
-20323      2   0.3133  111         -323        0           0           0
-20323      2   0.02    -311        -213        0           0           0
-20323      2   0.01    -321        113         0           0           0
-20323      2   0.02    -321        10221       0           0           0
-20323      2   0.01    -321        223         0           0           0

20313       K1(1400)0             1.40300        0.174000        3               0      1      0      0      0.5      0      6
20313       2   0.3133  111         313         0           0           0
20313       2   0.6266  -211        323         0           0           0
20313       2   0.01    311         113         0           0           0
20313       2   0.02    321         -213        0           0           0
20313       2   0.02    311         10221       0           0           0
20313       2   0.01    311         223         0           0           0

20323       K1(1400)+             1.40300        0.174000        3               0      1      0      0      0.5      1      6
20323       2   0.6266  211         313         0           0           0
20323       2   0.3133  111         323         0           0           0
20323       2   0.02    311         213         0           0           0
20323       2   0.01    321         113         0           0           0
20323       2   0.02    321         10221       0           0           0
20323       2   0.01    321         223         0           0           0

-13122      Anti-Lambda(1405)     1.40510        0.050500        2              -1      1      0      0      0.0      0      3
-13122      2   0.3333  -3112       -211        0           0           0
-13122      2   0.3333  -3212       111         0           0           0
-13122      2   0.3333  -3222       211         0           0           0

13122       Lambda(1405)          1.40510        0.050500        2               1     -1      0      0      0.0      0      3
13122       2   0.3333  3112        211         0           0           0
13122       2   0.3333  3212        111         0           0           0
13122       2   0.3333  3222        -211        0           0           0

9020221     eta(1405)             1.40880        0.050100        1               0      0      0      0      0.0      0      10
9020221     4    0.2    211         -211        111         111         0
9020221     4    0.1    211         211         -211        -211        0
9020221     3   0.1986  221         211         -211        0           0
9020221     3   0.0993  221         111         111         0           0
9020221     3   0.0455  311         -311        111         0           0
9020221     3   0.0911  311         -321        211         0           0
9020221     3   0.0455  321         -321        111         0           0
9020221     3   0.0911  321         -311        -211        0           0
9020221     2   0.0954  221         9010221     0           0           0
9020221     2   0.033   113         22          0           0           0

100223      omega(1420)           1.41000        0.290000        3               0      0      0      0      0.0      0      8
100223      2   0.2333  111         113         0           0           0
100223      2   0.2333  211         -213        0           0           0
100223      2   0.2333  -211        213         0           0           0
100223      3   0.12    223         211         -211        0           0
100223      3   0.06    223         111         111         0           0
100223      2   0.04    211         -10213      0           0           0
100223      2   0.04    -211        10213       0           0           0
100223      2   0.04    111         10113       0           0           0

-100313     Anti-K*(1410)0        1.41400        0.232000        3               0     -1      0      0      0.5      0      6
-100313     2   0.2878  111         -313        0           0           0
-100313     2   0.5756  211         -323        0           0           0
-100313     2   0.0222  -311        111         0           0           0
-100313     2   0.0444  -321        211         0           0           0
-100313     2   0.0233  -311        113         0           0           0
-100313     2   0.0466  -321        213         0           0           0

-100323     Anti-K*(1410)+        1.41400        0.232000        3               0     -1      0      0      0.5     -1      6
-100323     2   0.5756  -211        -313        0           0           0
-100323     2   0.2878  111         -323        0           0           0
-100323     2   0.0444  -311        -211        0           0           0
-100323     2   0.0222  -321        111         0           0           0
-100323     2   0.0466  -311        -213        0           0           0
-100323     2   0.0233  -321        113         0           0           0

100313      K*(1410)0             1.41400        0.232000        3               0      1      0      0      0.5      0      6
100313      2   0.2878  111         313         0           0           0
100313      2   0.5756  -211        323         0           0           0
100313      2   0.0222  311         111         0           0           0
100313      2   0.0444  321         -211        0           0           0
100313      2   0.0233  311         113         0           0           0
100313      2   0.0466  321         -213        0           0           0

100323      K*(1410)+             1.41400        0.232000        3               0      1      0      0      0.5      1      6
100323      2   0.5756  211         313         0           0           0
100323      2   0.2878  111         323         0           0           0
100323      2   0.0444  311         211         0           0           0
100323      2   0.0222  321         111         0           0           0
100323      2   0.0466  311         213         0           0           0
100323      2   0.0233  321         113         0           0           0

10333       h1(1415)              1.41600        0.090000        3               0      0      0      0      0.0      0      4
10333       2   0.2500  321         -323        0           0           0
10333       2   0.2500  -321        323         0           0           0
10333       2   0.2500  311         -313        0           0           0
10333       2   0.2500  -311        313         0           0           0

-10311      Anti-K0*(1430)0       1.42500        0.270000        1               0     -1      0      0      0.5      0      3
-10311      2   0.3051  -311        111         0           0           0
-10311      2   0.6102  -321        211         0           0           0
-10311      2   0.0846  -311        221         0           0           0

-10321      Anti-K0*(1430)+       1.42500        0.270000        1               0     -1      0      0      0.5     -1      3
-10321      2   0.6102  -311        -211        0           0           0
-10321      2   0.3051  -321        111         0           0           0
-10321      2   0.0846  -321        221         0           0           0

10311       K0*(1430)0            1.42500        0.270000        1               0      1      0      0      0.5      0      3
10311       2   0.3051  311         111         0           0           0
10311       2   0.6102  321         -211        0           0           0
10311       2   0.0846  311         221         0           0           0

10321       K0*(1430)+            1.42500        0.270000        1               0      1      0      0      0.5      1      3
10321       2   0.6102  311         211         0           0           0
10321       2   0.3051  321         111         0           0           0
10321       2   0.0846  321         221         0           0           0

20333       f1(1420)              1.42630        0.054500        3               0      0      0      0      0.0      0      4
20333       3   0.1667  311         -311        111         0           0
20333       3   0.3333  311         -321        211         0           0
20333       3   0.3333  321         -311        -211        0           0
20333       3   0.1667  321         -321        111         0           0

-315        Anti-K2*(1430)0       1.42700        0.104000        5               0     -1      0      0      0.5      0      10
-315        2   0.1663  -311        111         0           0           0
-315        2   0.3326  -321        211         0           0           0
-315        2   0.0823  111         -313        0           0           0
-315        2   0.1646  211         -323        0           0           0
-315        3   0.0446  -313        -211        211         0           0
-315        3   0.0893  -323        211         111         0           0
-315        2   0.029   -311        113         0           0           0
-315        2   0.058   -321        213         0           0           0
-315        2   0.024   -311        223         0           0           0
-315        2   0.015   -311        221         0           0           0

-325        Anti-K2*(1430)+       1.42700        0.104000        5               0     -1      0      0      0.5     -1      10
-325        2   0.3326  -311        -211        0           0           0
-325        2   0.1663  -321        111         0           0           0
-325        2   0.1646  -211        -313        0           0           0
-325        2   0.0823  111         -323        0           0           0
-325        3   0.0893  -313        -211        111         0           0
-325        3   0.0446  -323        -211        211         0           0
-325        2   0.058   -311        -213        0           0           0
-325        2   0.029   -321        113         0           0           0
-325        2   0.024   -321        223         0           0           0
-325        2   0.015   -321        221         0           0           0

315         K2*(1430)0            1.42700        0.104000        5               0      1      0      0      0.5      0      10
315         2   0.1663  311         111         0           0           0
315         2   0.3326  321         -211        0           0           0
315         2   0.0823  111         313         0           0           0
315         2   0.1646  -211        323         0           0           0
315         3   0.0446  313         211         -211        0           0
315         3   0.0893  323         -211        111         0           0
315         2   0.029   311         113         0           0           0
315         2   0.058   321         -213        0           0           0
315         2   0.024   311         223         0           0           0
315         2   0.015   311         221         0           0           0

325         K2*(1430)+            1.42700        0.104000        5               0      1      0      0      0.5      1      10
325         2   0.3326  311         211         0           0           0
325         2   0.1663  321         111         0           0           0
325         2   0.1646  211         313         0           0           0
325         2   0.0823  111         323         0           0           0
325         3   0.0893  313         211         111         0           0
325         3   0.0446  323         211         -211        0           0
325         2   0.058   311         213         0           0           0
325         2   0.029   321         113         0           0           0
325         2   0.024   321         223         0           0           0
325         2   0.015   321         221         0           0           0

9000225     f2(1430)              1.43000        0.013000        5               0      0      0      0      0.0      0      4
9000225     2   0.3333  211         -211        0           0           0
9000225     2   0.1667  111         111         0           0           0
9000225     2   0.2500  321         -321        0           0           0
9000225     2   0.2500  311         -311        0           0           0

-12112      Anti-N(1440)0         1.44000        0.350000        2              -1      0      0      0      0.5      0      7
-12112      2   0.2167  -2112       111         0           0           0
-12112      2   0.4333  -2212       211         0           0           0
-12112      3   0.0833  -2112       -211        211         0           0
-12112      3   0.0333  -2112       111         111         0           0
-12112      3   0.0334  -2212       211         111         0           0
-12112      3   0.0667  -2112       111         111         0           0
-12112      3   0.1333  -2112       -211        211         0           0

-12212      Anti-N(1440)+         1.44000        0.350000        2              -1      0      0      0      0.5     -1      7
-12212      2   0.4333  -2112       -211        0           0           0
-12212      2   0.2167  -2212       111         0           0           0
-12212      3   0.0334  -2112       -211        111         0           0
-12212      3   0.0833  -2212       -211        211         0           0
-12212      3   0.0333  -2212       111         111         0           0
-12212      3   0.0667  -2212       111         111         0           0
-12212      3   0.1333  -2212       -211        211         0           0

12112       N(1440)0              1.44000        0.350000        2               1      0      0      0      0.5      0      7
12112       2   0.2167  2112        111         0           0           0
12112       2   0.4333  2212        -211        0           0           0
12112       3   0.0833  2112        211         -211        0           0
12112       3   0.0333  2112        111         111         0           0
12112       3   0.0334  2212        -211        111         0           0
12112       3   0.0667  2112        111         111         0           0
12112       3   0.1333  2112        211         -211        0           0

12212       N(1440)+              1.44000        0.350000        2               1      0      0      0      0.5      1      7
12212       2   0.4333  2112        211         0           0           0
12212       2   0.2167  2212        111         0           0           0
12212       3   0.0334  2112        211         111         0           0
12212       3   0.0833  2212        211         -211        0           0
12212       3   0.0333  2212        111         111         0           0
12212       3   0.0667  2212        111         111         0           0
12212       3   0.1333  2212        211         -211        0           0

-100311     Anti-K(1460)0         1.44700        0.282000        1               0     -1      0      0      0.5      0      7
-100311     2   0.129   -313        111         0           0           0
-100311     2   0.258   -323        211         0           0           0
-100311     2   0.0402  -311        113         0           0           0
-100311     2   0.0805  -321        213         0           0           0
-100311     2   0.1384  -10311      111         0           0           0
-100311     2   0.2769  -10321      211         0           0           0
-100311     2   0.0769  -311        333         0           0           0

-100321     Anti-K(1460)+         1.44700        0.282000        1               0     -1      0      0      0.5     -1      7
-100321     2   0.258   -313        -211        0           0           0
-100321     2   0.129   -323        111         0           0           0
-100321     2   0.0805  -311        -213        0           0           0
-100321     2   0.0402  -321        113         0           0           0
-100321     2   0.2769  -10311      -211        0           0           0
-100321     2   0.1384  -10321      111         0           0           0
-100321     2   0.0769  -321        333         0           0           0

100311      K(1460)0              1.44700        0.282000        1               0      1      0      0      0.5      0      7
100311      2   0.129   313         111         0           0           0
100311      2   0.258   323         -211        0           0           0
100311      2   0.0402  311         113         0           0           0
100311      2   0.0805  321         -213        0           0           0
100311      2   0.1384  10311       111         0           0           0
100311      2   0.2769  10321       -211        0           0           0
100311      2   0.0769  311         333         0           0           0

100321      K(1460)+              1.44700        0.282000        1               0      1      0      0      0.5      1      7
100321      2   0.258   313         211         0           0           0
100321      2   0.129   323         111         0           0           0
100321      2   0.0805  311         213         0           0           0
100321      2   0.0402  321         113         0           0           0
100321      2   0.2769  10311       211         0           0           0
100321      2   0.1384  10321       111         0           0           0
100321      2   0.0769  321         333         0           0           0

-100213     rho(1450)-            1.46500        0.400000        3               0      0      0      0      1.0     -1      4
-100213     2   0.2092  111         -211        0           0           0
-100213     4   0.5654  -211        -211        211        111          0
-100213     2   0.1609  221         -213        0           0           0
-100213     2   0.0642  -321        311         0           0           0

100113      rho(1450)0            1.46500        0.400000        3               0      0      0      0      1.0      0      5
100113      2   0.2092  211         -211        0           0           0
100113      4   0.3769  211         -211        111        111          0
100113      4   0.1885  211         211         -211        -211        0
100113      2   0.1609  221         113         0           0           0
100113      2   0.0642  321         -321        0           0           0

100213      rho(1450)+            1.46500        0.400000        3               0      0      0      0      1.0      1      4
100213      2   0.2092  111         211         0           0           0
100213      4   0.5654  211         211         -211        111         0
100213      2   0.1609  221         213         0           0           0
100213      2   0.0642  321         -311        0           0           0

-10211      a0(1450)-             1.47400        0.265000        1               0      0      0      0      1.0     -1      4
-10211      2   0.077   -211        221         0           0           0
-10211      2   0.0273  -211        331         0           0           0
-10211      2   0.0679  -321        311         0           0           0
-10211      3   0.8278  223         -211        111    0    0

10111       a0(1450)0             1.47400        0.265000        1               0      0      0      0      1.0      0      5
10111       2   0.077   111         221         0           0           0
10111       2   0.0273  111         331         0           0           0
10111       2   0.0339  311         -311        0           0           0
10111       2   0.0339  321         -321        0           0           0
10111       3   0.8278  223         211         -211        0           0

10211       a0(1450)+             1.47400        0.265000        1               0      0      0      0      1.0      1      4
10211       2   0.077   211         221         0           0           0
10211       2   0.0273  211         331         0           0           0
10211       2   0.0679  321         -311        0           0           0
10211       3   0.8278  223         211         111    0    0

100331      eta(1475)             1.47500        0.090000        1               0      0      0      0      0.0      0      6
100331      3   0.0833  311         -311        111         0           0
100331      3   0.1667  311         -321        211         0           0
100331      3   0.1667  321         -311        -211        0           0
100331      3   0.0833  321         -321        111         0           0
100331      3   0.3333  221         211         -211        0           0
100331      3   0.1667  221         111         111         0           0

-1214       Anti-N(1520)0         1.51500        0.110000        4              -1      0      0      0      0.5      0      17
-1214       2   0.2033  -2112       111         0           0           0
-1214       2   0.4067  -2212       211         0           0           0
-1214       2   0.001   -2112       221         0           0           0
-1214       3   0.0925  -2112       -211        211         0           0
-1214       3   0.0411  -2112       111         111         0           0
-1214       3   0.0206  -2212       211         111         0           0
-1214       3   0.0103  -2112       -211        211         0           0
-1214       3   0.0205  -2212       211         111         0           0
-1214       3   0.035   -2112       -211        211         0           0
-1214       3   0.0155  -2112       111         111         0           0
-1214       3   0.0078  -2212       211         111         0           0
-1214       3   0.0039  -2112       -211        211         0           0
-1214       3   0.0078  -2212       211         111         0           0
-1214       3   0.0433  -2112       -211        211         0           0
-1214       3   0.0867  -2212       211         111         0           0
-1214       3   0.0013  -2112       -211        211         0           0
-1214       3   0.0027  -2212       211         111         0           0

-2124       Anti-N(1520)+         1.51500        0.110000        4              -1      0      0      0      0.5     -1      17
-2124       2   0.4067  -2112       -211        0           0           0
-2124       2   0.2033  -2212       111         0           0           0
-2124       2   0.001   -2212       221         0           0           0
-2124       3   0.0205  -2112       -211        111         0           0
-2124       3   0.0103  -2212       -211        211         0           0
-2124       3   0.0206  -2112       -211        111         0           0
-2124       3   0.0411  -2212       111         111         0           0
-2124       3   0.0925  -2212       -211        211         0           0
-2124       3   0.0078  -2112       -211        111         0           0
-2124       3   0.0039  -2212       -211        211         0           0
-2124       3   0.0078  -2112       -211        111         0           0
-2124       3   0.0155  -2212       111         111         0           0
-2124       3   0.035   -2212       -211        211         0           0
-2124       3   0.0867  -2112       -211        111         0           0
-2124       3   0.0433  -2212       -211        211         0           0
-2124       3   0.0027  -2112       -211        111         0           0
-2124       3   0.0013  -2212       -211        211         0           0

1214        N(1520)0              1.51500        0.110000        4               1      0      0      0      0.5      0      17
1214        2   0.2033  2112        111         0           0           0
1214        2   0.4067  2212        -211        0           0           0
1214        2   0.001   2112        221         0           0           0
1214        3   0.0925  2112        211         -211        0           0
1214        3   0.0411  2112        111         111         0           0
1214        3   0.0206  2212        -211        111         0           0
1214        3   0.0103  2112        211         -211        0           0
1214        3   0.0205  2212        -211        111         0           0
1214        3   0.035   2112        211         -211        0           0
1214        3   0.0155  2112        111         111         0           0
1214        3   0.0078  2212        -211        111         0           0
1214        3   0.0039  2112        211         -211        0           0
1214        3   0.0078  2212        -211        111         0           0
1214        3   0.0433  2112        211         -211        0           0
1214        3   0.0867  2212        -211        111         0           0
1214        3   0.0013  2112        211         -211        0           0
1214        3   0.0027  2212        -211        111         0           0

2124        N(1520)+              1.51500        0.110000        4               1      0      0      0      0.5      1      17
2124        2   0.4067  2112        211         0           0           0
2124        2   0.2033  2212        111         0           0           0
2124        2   0.001   2212        221         0           0           0
2124        3   0.0205  2112        211         111         0           0
2124        3   0.0103  2212        211         -211        0           0
2124        3   0.0206  2112        211         111         0           0
2124        3   0.0411  2212        111         111         0           0
2124        3   0.0925  2212        211         -211        0           0
2124        3   0.0078  2112        211         111         0           0
2124        3   0.0039  2212        211         -211        0           0
2124        3   0.0078  2112        211         111         0           0
2124        3   0.0155  2212        111         111         0           0
2124        3   0.035   2212        211         -211        0           0
2124        3   0.0867  2112        211         111         0           0
2124        3   0.0433  2212        211         -211        0           0
2124        3   0.0027  2112        211         111         0           0
2124        3   0.0013  2212        211         -211        0           0

335         f2'(1525)             1.51740        0.086000        5               0      0      0      0      0.0      0      5
335         2   0.438   311         -311        0           0           0
335         2   0.438   321         -321        0           0           0
335         2   0.116   221         221         0           0           0
335         2   0.0053  211         -211        0           0           0
335         2   0.0027  111         111         0           0           0

9000223     f1(1510)              1.51800        0.073000        3               0      0      0      0      0.0      0      5
9000223     3   0.0833  311         -311        111         0           0
9000223     3   0.1667  311         -321        211         0           0
9000223     3   0.1667  321         -311        -211        0           0
9000223     3   0.0833  321         -321        111         0           0
9000223     3   0.5000  331         211         -211        0           0

-3124       Anti-Lambda(1520)     1.52300        0.015700        4              -1      1      0      0      0.0      0      8
-3124       2   0.2288  -2112       311         0           0           0
-3124       2   0.2288  -2212       321         0           0           0
-3124       2   0.1453  -3112       -211        0           0           0
-3124       2   0.1453  -3212       111         0           0           0
-3124       2   0.1453  -3222       211         0           0           0
-3124       3   0.0646  -3122       -211        211         0           0
-3124       3   0.0323  -3122       111         111         0           0
-3124       2   0.0096  -3122       22          0           0           0

3124        Lambda(1520)          1.52300        0.015700        4               1     -1      0      0      0.0      0      8
3124        2   0.2288  2112        -311        0           0           0
3124        2   0.2288  2212        -321        0           0           0
3124        2   0.1453  3112        211         0           0           0
3124        2   0.1453  3212        111         0           0           0
3124        2   0.1453  3222        -211        0           0           0
3124        3   0.0646  3122        211         -211        0           0
3124        3   0.0323  3122        111         111         0           0
3124        2   0.0096  3122        22          0           0           0

-22112      Anti-N(1535)0         1.53000        0.150000        2              -1      0      0      0      0.5      0      12
-22112      2   0.28    -2212       211         0           0           0
-22112      2   0.14    -2112       111         0           0           0
-22112      2   0.42    -2112       221         0           0           0
-22112      3   0.015   -2112       -211        211         0           0
-22112      3   0.0067  -2112       111         111         0           0
-22112      3   0.0033  -2212       211         111         0           0
-22112      3   0.0017  -2112       -211        211         0           0
-22112      3   0.0033  -2212       211         111         0           0
-22112      3   0.015   -2112       -211        211         0           0
-22112      3   0.03    -2212       211         111         0           0
-22112      2   0.0566  -12112      111         0           0           0
-22112      2   0.0283  -12212      211         0           0           0

-22212      Anti-N(1535)+         1.53000        0.150000        2              -1      0      0      0      0.5     -1      12
-22212      2   0.28    -2112       -211        0           0           0
-22212      2   0.14    -2212       111         0           0           0
-22212      2   0.42    -2212       221         0           0           0
-22212      3   0.0033  -2112       -211        111         0           0
-22212      3   0.0017  -2212       -211        211         0           0
-22212      3   0.0033  -2112       -211        111         0           0
-22212      3   0.0067  -2212       111         111         0           0
-22212      3   0.015   -2212       -211        211         0           0
-22212      3   0.03    -2112       -211        111         0           0
-22212      3   0.015   -2212       -211        211         0           0
-22212      2   0.0566  -12112      -211        0           0           0
-22212      2   0.0283  -12212      111         0           0           0

22112       N(1535)0              1.53000        0.150000        2               1      0      0      0      0.5      0      12
22112       2   0.28    2212        -211        0           0           0
22112       2   0.14    2112        111         0           0           0
22112       2   0.42    2112        221         0           0           0
22112       3   0.015   2112        211         -211        0           0
22112       3   0.0067  2112        111         111         0           0
22112       3   0.0033  2212        -211        111         0           0
22112       3   0.0017  2112        211         -211        0           0
22112       3   0.0033  2212        -211        111         0           0
22112       3   0.015   2112        211         -211        0           0
22112       3   0.03    2212        -211        111         0           0
22112       2   0.0566  12112       111         0           0           0
22112       2   0.0283  12212       -211        0           0           0

22212       N(1535)+              1.53000        0.150000        2               1      0      0      0      0.5      1      12
22212       2   0.28    2112        211         0           0           0
22212       2   0.14    2212        111         0           0           0
22212       2   0.42    2212        221         0           0           0
22212       3   0.0033  2112        211         111         0           0
22212       3   0.0017  2212        211         -211        0           0
22212       3   0.0033  2112        211         111         0           0
22212       3   0.0067  2212        111         111         0           0
22212       3   0.015   2212        211         -211        0           0
22212       3   0.03    2112        211         111         0           0
22212       3   0.015   2212        211         -211        0           0
22212       2   0.0566  12112       211         0           0           0
22212       2   0.0283  12212       111         0           0           0

-3314       Anti-Ksi(1530)-       1.53350        0.009500        4              -1      2      0      0      0.5      1      2
-3314       2   0.3333  -3312       111         0           0           0
-3314       2   0.6667  -3322       211         0           0           0

-3324       Anti-Ksi(1530)0       1.53350        0.009500        4              -1      2      0      0      0.5      0      2
-3324       2   0.6667  -3312       -211        0           0           0
-3324       2   0.3333  -3322       111         0           0           0

3314        Ksi(1530)-            1.53350        0.009500        4               1     -2      0      0      0.5     -1      2
3314        2   0.3333  3312        111         0           0           0
3314        2   0.6667  3322        -211        0           0           0

3324        Ksi(1530)0            1.53350        0.009500        4               1     -2      0      0      0.5      0      2
3324        2   0.6667  3312        211         0           0           0
3324        2   0.3333  3322        111         0           0           0

9010225     f2(1565)              1.54900        0.122000        5               0      0      0      0      0.0      0      6
9010225     2   0.1267  211         -211        0           0           0
9010225     2   0.0633  111         111         0           0           0
9010225     4   0.786   211         211         -211        -211        0
9010225     2   0.009   221         221         0           0           0
9010225     2   0.0075  321         -321        0           0           0
9010225     2   0.0075  311         -311        0           0           0

9030221     f0(1500)              1.56000        0.112000        1               0      0      0      0      0.0      0      9
9030221     2   0.115   111         111         0           0           0
9030221     2   0.23    211         -211        0           0           0
9030221     4   0.2173  211         211         -211        -211        0
9030221     4   0.2173  211         -211        111         111         0
9030221     4   0.0543  111         111         111         111         0
9030221     2   0.06    221         221         0           0           0
9030221     2   0.022   221         331         0           0           0
9030221     2   0.0425  311         -311        0           0           0
9030221     2   0.0425  321         -321        0           0           0

-7030213    rho(1570)-            1.57000        0.144000        3               0      0      0      0      1.0     -1      1
-7030213    2   1.0000  -10211      22          0           0           0

7030113     rho(1570)0            1.57000        0.144000        3               0      0      0      0      1.0      0      1
7030113     2   1.0000  10111       22          0           0           0

7030213     rho(1570)+            1.57000        0.144000        3               0      0      0      0      1.0      1      1
7030213     2   1.0000  10211       22          0           0           0

-31114      Anti-Delta(1600)-     1.57000        0.250000        4              -1      0      0      0      1.5      1      8
-31114      2   0.1455  -2112       211         0           0           0
-31114      3   0.3866  -2112       211         111         0           0
-31114      3   0.1718  -2112       211         111         0           0
-31114      3   0.0859  -2212       211         211         0           0
-31114      3   0.0055  -2112       211         111         0           0
-31114      3   0.0024  -2112       211         111         0           0
-31114      3   0.0012  -2212       211         211         0           0
-31114      2   0.201   -12112      211         0           0           0

-32114      Anti-Delta(1600)0     1.57000        0.250000        4              -1      0      0      0      1.5      0      14
-32114      2   0.097   -2112       111         0           0           0
-32114      2   0.0485  -2212       211         0           0           0
-32114      3   0.3437  -2112       -211        211         0           0
-32114      3   0.0287  -2112       111         111         0           0
-32114      3   0.0143  -2212       211         111         0           0
-32114      3   0.0859  -2112       -211        211         0           0
-32114      3   0.1718  -2212       211         111         0           0
-32114      3   0.0049  -2112       -211        211         0           0
-32114      3   0.0004  -2112       111         111         0           0
-32114      3   0.0002  -2212       211         111         0           0
-32114      3   0.0012  -2112       -211        211         0           0
-32114      3   0.0024  -2212       211         111         0           0
-32114      2   0.134   -12112      111         0           0           0
-32114      2   0.067   -12212      211         0           0           0

-32214      Anti-Delta(1600)+     1.57000        0.250000        4              -1      0      0      0      1.5     -1      14
-32214      2   0.0485  -2112       -211        0           0           0
-32214      2   0.097   -2212       111         0           0           0
-32214      3   0.2291  -2112       -211        111         0           0
-32214      3   0.1146  -2212       -211        211         0           0
-32214      3   0.0143  -2112       -211        111         0           0
-32214      3   0.0287  -2212       111         111         0           0
-32214      3   0.2577  -2212       -211        211         0           0
-32214      3   0.0033  -2112       -211        111         0           0
-32214      3   0.0016  -2212       -211        211         0           0
-32214      3   0.0002  -2112       -211        111         0           0
-32214      3   0.0004  -2212       111         111         0           0
-32214      3   0.0036  -2212       -211        211         0           0
-32214      2   0.067   -12112      -211        0           0           0
-32214      2   0.134   -12212      111         0           0           0

-32224      Anti-Delta(1600)++    1.57000        0.250000        4              -1      0      0      0      1.5     -2      8
-32224      2   0.1455  -2212       -211        0           0           0
-32224      3   0.0859  -2112       -211        -211        0           0
-32224      3   0.1718  -2212       -211        111         0           0
-32224      3   0.3866  -2212       -211        111         0           0
-32224      3   0.0012  -2112       -211        -211        0           0
-32224      3   0.0024  -2212       -211        111         0           0
-32224      3   0.0055  -2212       -211        111         0           0
-32224      2   0.201   -12212      -211        0           0           0

31114       Delta(1600)-          1.57000        0.250000        4               1      0      0      0      1.5     -1      8
31114       2   0.1455  2112        -211        0           0           0
31114       3   0.3866  2112        -211        111         0           0
31114       3   0.1718  2112        -211        111         0           0
31114       3   0.0859  2212        -211        -211        0           0
31114       3   0.0055  2112        -211        111         0           0
31114       3   0.0024  2112        -211        111         0           0
31114       3   0.0012  2212        -211        -211        0           0
31114       2   0.201   12112       -211        0           0           0

32114       Delta(1600)0          1.57000        0.250000        4               1      0      0      0      1.5      0      14
32114       2   0.097   2112        111         0           0           0
32114       2   0.0485  2212        -211        0           0           0
32114       3   0.3437  2112        211         -211        0           0
32114       3   0.0287  2112        111         111         0           0
32114       3   0.0143  2212        -211        111         0           0
32114       3   0.0859  2112        211         -211        0           0
32114       3   0.1718  2212        -211        111         0           0
32114       3   0.0049  2112        211         -211        0           0
32114       3   0.0004  2112        111         111         0           0
32114       3   0.0002  2212        -211        111         0           0
32114       3   0.0012  2112        211         -211        0           0
32114       3   0.0024  2212        -211        111         0           0
32114       2   0.134   12112       111         0           0           0
32114       2   0.067   12212       -211        0           0           0

32214       Delta(1600)+          1.57000        0.250000        4               1      0      0      0      1.5      1      14
32214       2   0.0485  2112        211         0           0           0
32214       2   0.097   2212        111         0           0           0
32214       3   0.2291  2112        211         111         0           0
32214       3   0.1146  2212        211         -211        0           0
32214       3   0.0143  2112        211         111         0           0
32214       3   0.0287  2212        111         111         0           0
32214       3   0.2577  2212        211         -211        0           0
32214       3   0.0033  2112        211         111         0           0
32214       3   0.0016  2212        211         -211        0           0
32214       3   0.0002  2112        211         111         0           0
32214       3   0.0004  2212        111         111         0           0
32214       3   0.0036  2212        211         -211        0           0
32214       2   0.067   12112       211         0           0           0
32214       2   0.134   12212       111         0           0           0

32224       Delta(1600)++         1.57000        0.250000        4               1      0      0      0      1.5      2      8
32224       2   0.1455  2212        211         0           0           0
32224       3   0.0859  2112        211         211         0           0
32224       3   0.1718  2212        211         111         0           0
32224       3   0.3866  2212        211         111         0           0
32224       3   0.0012  2112        211         211         0           0
32224       3   0.0024  2212        211         111         0           0
32224       3   0.0055  2212        211         111         0           0
32224       2   0.201   12212       211         0           0           0

-9833114    Anti-Sigma(1580)-     1.58000        0.013000        4              -1      1      0      0      1.0      1      8
-9833114    2   0.0292  -2112       321         0           0           0
-9833114    2   0.4766  -3122       211         0           0           0
-9833114    2   0.1882  -3112       111         0           0           0
-9833114    2   0.1882  -3212       211         0           0           0
-9833114    2   0.0583  -3114       111         0           0           0
-9833114    2   0.0583  -3214       211         0           0           0
-9833114    2   0.0005  -3114       111         0           0           0
-9833114    2   0.0005  -3214       211         0           0           0

-9833214    Anti-Sigma(1580)0     1.58000        0.013000        4              -1      1      0      0      1.0      0      9
-9833214    2   0.0146  -2112       311         0           0           0
-9833214    2   0.0146  -2212       321         0           0           0
-9833214    2   0.4766  -3122       111         0           0           0
-9833214    2   0.1882  -3112       -211        0           0           0
-9833214    2   0.1882  -3222       211         0           0           0
-9833214    2   0.0583  -3114       -211        0           0           0
-9833214    2   0.0583  -3224       211         0           0           0
-9833214    2   0.0005  -3114       -211        0           0           0
-9833214    2   0.0005  -3224       211         0           0           0

-9833224    Anti-Sigma(1580)+     1.58000        0.013000        4              -1      1      0      0      1.0     -1      8
-9833224    2   0.0292  -2212       311         0           0           0
-9833224    2   0.4766  -3122       -211        0           0           0
-9833224    2   0.1882  -3212       -211        0           0           0
-9833224    2   0.1882  -3222       111         0           0           0
-9833224    2   0.0583  -3214       -211        0           0           0
-9833224    2   0.0583  -3224       111         0           0           0
-9833224    2   0.0005  -3214       -211        0           0           0
-9833224    2   0.0005  -3224       111         0           0           0

9833114     Sigma(1580)-          1.58000        0.013000        4               1     -1      0      0      1.0     -1      8
9833114     2   0.0292  2112        -321        0           0           0
9833114     2   0.4766  3122        -211        0           0           0
9833114     2   0.1882  3112        111         0           0           0
9833114     2   0.1882  3212        -211        0           0           0
9833114     2   0.0583  3114        111         0           0           0
9833114     2   0.0583  3214        -211        0           0           0
9833114     2   0.0005  3114        111         0           0           0
9833114     2   0.0005  3214        -211        0           0           0

9833214     Sigma(1580)0          1.58000        0.013000        4               1     -1      0      0      1.0      0      9
9833214     2   0.0146  2112        -311        0           0           0
9833214     2   0.0146  2212        -321        0           0           0
9833214     2   0.4766  3122        111         0           0           0
9833214     2   0.1882  3112        211         0           0           0
9833214     2   0.1882  3222        -211        0           0           0
9833214     2   0.0583  3114        211         0           0           0
9833214     2   0.0583  3224        -211        0           0           0
9833214     2   0.0005  3114        211         0           0           0
9833214     2   0.0005  3224        -211        0           0           0

9833224     Sigma(1580)+          1.58000        0.013000        4               1     -1      0      0      1.0      1      8
9833224     2   0.0292  2212        -311        0           0           0
9833224     2   0.4766  3122        211         0           0           0
9833224     2   0.1882  3212        211         0           0           0
9833224     2   0.1882  3222        111         0           0           0
9833224     2   0.0583  3214        211         0           0           0
9833224     2   0.0583  3224        111         0           0           0
9833224     2   0.0005  3214        211         0           0           0
9833224     2   0.0005  3224        111         0           0           0

-9000315    Anti-K2(1580)0        1.58000        0.110000        5               0     -1      0      0      0.5      0      4
-9000315    2   0.1667  -313        111         0           0           0
-9000315    2   0.3333  -323        211         0           0           0
-9000315    2   0.1667  -315        111         0           0           0
-9000315    2   0.3333  -325        211         0           0           0

-9000325    Anti-K2(1580)+        1.58000        0.110000        5               0     -1      0      0      0.5     -1      4
-9000325    2   0.3333  -313        -211        0           0           0
-9000325    2   0.1667  -323        111         0           0           0
-9000325    2   0.3333  -315        -211        0           0           0
-9000325    2   0.1667  -325        111         0           0           0

9000315     K2(1580)0             1.58000        0.110000        5               0      1      0      0      0.5      0      4
9000315     2   0.1667  313         111         0           0           0
9000315     2   0.3333  323         -211        0           0           0
9000315     2   0.1667  315         111         0           0           0
9000315     2   0.3333  325         -211        0           0           0

9000325     K2(1580)+             1.58000        0.110000        5               0      1      0      0      0.5      1      4
9000325     2   0.3333  313         211         0           0           0
9000325     2   0.1667  323         111         0           0           0
9000325     2   0.3333  315         211         0           0           0
9000325     2   0.1667  325         111         0           0           0

9010223     h1(1595)              1.59400        0.384000        3               0      0      0      0      0.0      0      1
9010223     2   1.0000  223         221         0           0           0

-23122      Anti-Lambda(1600)     1.60000        0.200000        2              -1      1      0      0      0.0      0      9
-23122      2   0.08    -13122      22          0           0           0
-23122      2   0.175   -2112       311         0           0           0
-23122      2   0.175   -2212       321         0           0           0
-23122      2   0.1467  -3112       -211        0           0           0
-23122      2   0.1467  -3212       111         0           0           0
-23122      2   0.1467  -3222       211         0           0           0
-23122      2   0.0433  -211        -3114       0           0           0
-23122      2   0.0433  111         -3214       0           0           0
-23122      2   0.0433  211         -3224       0           0           0

23122       Lambda(1600)          1.60000        0.200000        2               1     -1      0      0      0.0      0      9
23122       2   0.08    13122       22          0           0           0
23122       2   0.175   2112        -311        0           0           0
23122       2   0.175   2212        -321        0           0           0
23122       2   0.1467  3112        211         0           0           0
23122       2   0.1467  3212        111         0           0           0
23122       2   0.1467  3222        -211        0           0           0
23122       2   0.0433  211         3114        0           0           0
23122       2   0.0433  111         3214        0           0           0
23122       2   0.0433  -211        3224        0           0           0

-1112       Anti-Delta(1620)-     1.61000        0.130000        2              -1      0      0      0      1.5      1      6
-1112       2   0.24    -2112       211         0           0           0
-1112       3   0.312   -2112       211         111         0           0
-1112       3   0.1387  -2112       211         111         0           0
-1112       3   0.0693  -2212       211         211         0           0
-1112       3   0.216   -2112       211         111         0           0
-1112       2   0.024   -12112      211         0           0           0

-1212       Anti-Delta(1620)0     1.61000        0.130000        2              -1      0      0      0      1.5      0      11
-1212       2   0.16    -2112       111         0           0           0
-1212       2   0.08    -2212       211         0           0           0
-1212       3   0.208   -2112       -211        211         0           0
-1212       3   0.0231  -2112       111         111         0           0
-1212       3   0.0116  -2212       211         111         0           0
-1212       3   0.0924  -2112       -211        211         0           0
-1212       3   0.1849  -2212       211         111         0           0
-1212       3   0.144   -2112       -211        211         0           0
-1212       3   0.072   -2212       211         111         0           0
-1212       2   0.016   111         -12112      0           0           0
-1212       2   0.008   211         -12212      0           0           0

-2122       Anti-Delta(1620)+     1.61000        0.130000        2              -1      0      0      0      1.5     -1      11
-2122       2   0.08    -2112       -211        0           0           0
-2122       2   0.16    -2212       111         0           0           0
-2122       3   0.1849  -2112       -211        111         0           0
-2122       3   0.0924  -2212       -211        211         0           0
-2122       3   0.0116  -2112       -211        111         0           0
-2122       3   0.0231  -2212       111         111         0           0
-2122       3   0.208   -2212       -211        211         0           0
-2122       3   0.072   -2112       -211        111         0           0
-2122       3   0.144   -2212       -211        211         0           0
-2122       2   0.008   -211        -12112      0           0           0
-2122       2   0.016   111         -12212      0           0           0

-2222       Anti-Delta(1620)++    1.61000        0.130000        2              -1      0      0      0      1.5     -2      6
-2222       2   0.24    -2212       -211        0           0           0
-2222       3   0.0693  -2112       -211        -211        0           0
-2222       3   0.1387  -2212       -211        111         0           0
-2222       3   0.312   -2212       -211        111         0           0
-2222       3   0.216   -2212       -211        111         0           0
-2222       2   0.024   -211        -12212      0           0           0

1112        Delta(1620)-          1.61000        0.130000        2               1      0      0      0      1.5     -1      6
1112        2   0.24    2112        -211        0           0           0
1112        3   0.312   2112        -211        111         0           0
1112        3   0.1387  2112        -211        111         0           0
1112        3   0.0693  2212        -211        -211        0           0
1112        3   0.216   2112        -211        111         0           0
1112        2   0.024   12112       -211        0           0           0

1212        Delta(1620)0          1.61000        0.130000        2               1      0      0      0      1.5      0      11
1212        2   0.16    2112        111         0           0           0
1212        2   0.08    2212        -211        0           0           0
1212        3   0.208   2112        211         -211        0           0
1212        3   0.0231  2112        111         111         0           0
1212        3   0.0116  2212        -211        111         0           0
1212        3   0.0924  2112        211         -211        0           0
1212        3   0.1849  2212        -211        111         0           0
1212        3   0.144   2112        211         -211        0           0
1212        3   0.072   2212        -211        111         0           0
1212        2   0.016   111         12112       0           0           0
1212        2   0.008   -211        12212       0           0           0

2122        Delta(1620)+          1.61000        0.130000        2               1      0      0      0      1.5      1      11
2122        2   0.08    2112        211         0           0           0
2122        2   0.16    2212        111         0           0           0
2122        3   0.1849  2112        211         111         0           0
2122        3   0.0924  2212        211         -211        0           0
2122        3   0.0116  2112        211         111         0           0
2122        3   0.0231  2212        111         111         0           0
2122        3   0.208   2212        211         -211        0           0
2122        3   0.072   2112        211         111         0           0
2122        3   0.144   2212        211         -211        0           0
2122        2   0.008   211         12112       0           0           0
2122        2   0.016   111         12212       0           0           0

2222        Delta(1620)++         1.61000        0.130000        2               1      0      0      0      1.5      2      6
2222        2   0.24    2212        211         0           0           0
2222        3   0.0693  2112        211         211         0           0
2222        3   0.1387  2212        211         111         0           0
2222        3   0.312   2212        211         111         0           0
2222        3   0.216   2212        211         111         0           0
2222        2   0.024   211         12212       0           0           0

10225       eta2(1645)            1.61700        0.181000        5               0      0      0      0      0.0      0      10
10225       2   0.2907  111         115         0           0           0
10225       2   0.2907  211         -215        0           0           0
10225       2   0.2907  -211        215         0           0           0
10225       3   0.0102  311         -311        111         0           0
10225       3   0.0203  321         -311        -211        0           0
10225       3   0.0102  321         -321        111         0           0
10225       3   0.0203  311         -321        211         0           0
10225       2   0.0222  111         9000111     0           0           0
10225       2   0.0222  211         -9000211    0           0           0
10225       2   0.0222  -211        9000211     0           0           0

-9833112    Anti-Sigma(1620)-     1.62000        0.070000        2              -1      1      0      0      1.0      1      5
-9833112    2   0.6     -2112       321         0           0           0
-9833112    2   0.1     -3122       211         0           0           0
-9833112    2   0.095   -3112       111         0           0           0
-9833112    2   0.095   -3212       211         0           0           0
-9833112    2   0.11    -3124       211         0           0           0

-9833212    Anti-Sigma(1620)0     1.62000        0.070000        2              -1      1      0      0      1.0      0      6
-9833212    2   0.3     -2112       311         0           0           0
-9833212    2   0.3     -2212       321         0           0           0
-9833212    2   0.1     -3122       111         0           0           0
-9833212    2   0.095   -3112       -211        0           0           0
-9833212    2   0.095   -3222       211         0           0           0
-9833212    2   0.11    -3124       111         0           0           0

-9833222    Anti-Sigma(1620)+     1.62000        0.070000        2              -1      1      0      0      1.0     -1      5
-9833222    2   0.6     -2212       311         0           0           0
-9833222    2   0.1     -3122       -211        0           0           0
-9833222    2   0.095   -3212       -211        0           0           0
-9833222    2   0.095   -3222       111         0           0           0
-9833222    2   0.11    -3124       -211        0           0           0

9833112     Sigma(1620)-          1.62000        0.070000        2               1     -1      0      0      1.0     -1      5
9833112     2   0.6     2112        -321        0           0           0
9833112     2   0.1     3122        -211        0           0           0
9833112     2   0.095   3112        111         0           0           0
9833112     2   0.095   3212        -211        0           0           0
9833112     2   0.11    3124        -211        0           0           0

9833212     Sigma(1620)0          1.62000        0.070000        2               1     -1      0      0      1.0      0      6
9833212     2   0.3     2112        -311        0           0           0
9833212     2   0.3     2212        -321        0           0           0
9833212     2   0.1     3122        111         0           0           0
9833212     2   0.095   3112        211         0           0           0
9833212     2   0.095   3222        -211        0           0           0
9833212     2   0.11    3124        111         0           0           0

9833222     Sigma(1620)+          1.62000        0.070000        2               1     -1      0      0      1.0      1      5
9833222     2   0.6     2212        -311        0           0           0
9833222     2   0.1     3122        211         0           0           0
9833222     2   0.095   3212        211         0           0           0
9833222     2   0.095   3222        111         0           0           0
9833222     2   0.11    3124        211         0           0           0

-9823314    Anti-Ksi(1620)-       1.62000        0.030000        4              -1      2      0      0      0.5      1      2
-9823314    2   0.3333  -3312       111         0           0           0
-9823314    2   0.6667  -3322       211         0           0           0

-9823324    Anti-Ksi(1620)0       1.62000        0.030000        4              -1      2      0      0      0.5      0      2
-9823324    2   0.6667  -3312       -211        0           0           0
-9823324    2   0.3333  -3322       111         0           0           0

9823314     Ksi(1620)-            1.62000        0.030000        4               1     -2      0      0      0.5     -1      2
9823314     2   0.3333  3312        111         0           0           0
9823314     2   0.6667  3322        -211        0           0           0

9823324     Ksi(1620)0            1.62000        0.030000        4               1     -2      0      0      0.5      0      2
9823324     2   0.6667  3312        211         0           0           0
9823324     2   0.3333  3322        111         0           0           0

-7010313    Anti-K(1630)0         1.62900        0.016000        3               0     -1      0      0      0.5      0      3
-7010313    3   0.1111  -311        111         111         0           0
-7010313    3   0.4444  -321        211         111         0           0
-7010313    3   0.4444  -311        -211        211         0           0

-7010323    Anti-K(1630)+         1.62900        0.016000        3               0     -1      0      0      0.5     -1      3
-7010323    3   0.1111  -321        111         111         0           0
-7010323    3   0.4444  -311        -211        111         0           0
-7010323    3   0.4444  -321        -211        211         0           0

7010313     K(1630)0              1.62900        0.016000        3               0      1      0      0      0.5      0      3
7010313     3   0.1111  311         111         111         0           0
7010313     3   0.4444  321         -211        111         0           0
7010313     3   0.4444  311         211         -211        0           0

7010323     K(1630)+              1.62900        0.016000        3               0      1      0      0      0.5      1      3
7010323     3   0.1111  321         111         111         0           0
7010323     3   0.4444  311         211         111         0           0
7010323     3   0.4444  321         211         -211        0           0

9020225     f2(1640)              1.63900        0.099000        5               0      0      0      0      0.0      0      5
9020225     2   0.3333  223         223         0           0           0
9020225     4   0.2222  211         -211        111         111         0
9020225     4   0.1111  211         211         -211        -211        0
9020225     2   0.1667  321         -321        0           0           0
9020225     2   0.1667  311         -311        0           0           0

-32112      Anti-N(1650)0         1.65000        0.125000        2              -1      0      0      0      0.5      0      13
-32112      2   0.2     -2112       111         0           0           0
-32112      2   0.4     -2212       211         0           0           0
-32112      2   0.2     -2112       221         0           0           0
-32112      2   0.075   -3122       -311        0           0           0
-32112      3   0.025   -2112       -211        211         0           0
-32112      3   0.0111  -2112       111         111         0           0
-32112      3   0.0056  -2212       211         111         0           0
-32112      3   0.0028  -2112       -211        211         0           0
-32112      3   0.0055  -2212       211         111         0           0
-32112      3   0.0167  -2112       -211        211         0           0
-32112      3   0.0333  -2212       211         111         0           0
-32112      2   0.0083  -12112      111         0           0           0
-32112      2   0.0167  -12212      211         0           0           0

-32212      Anti-N(1650)+         1.65000        0.125000        2              -1      0      0      0      0.5     -1      13
-32212      2   0.4     -2112       -211        0           0           0
-32212      2   0.2     -2212       111         0           0           0
-32212      2   0.2     -2212       221         0           0           0
-32212      2   0.075   -3122       -321        0           0           0
-32212      3   0.0055  -2112       -211        111         0           0
-32212      3   0.0028  -2212       -211        211         0           0
-32212      3   0.0056  -2112       -211        111         0           0
-32212      3   0.0111  -2212       111         111         0           0
-32212      3   0.025   -2212       -211        211         0           0
-32212      3   0.0333  -2112       -211        111         0           0
-32212      3   0.0167  -2212       -211        211         0           0
-32212      2   0.0167  -12112      -211        0           0           0
-32212      2   0.0083  -12212      111         0           0           0

32112       N(1650)0              1.65000        0.125000        2               1      0      0      0      0.5      0      13
32112       2   0.2     2112        111         0           0           0
32112       2   0.4     2212        -211        0           0           0
32112       2   0.2     2112        221         0           0           0
32112       2   0.075   3122        311         0           0           0
32112       3   0.025   2112        211         -211        0           0
32112       3   0.0111  2112        111         111         0           0
32112       3   0.0056  2212        -211        111         0           0
32112       3   0.0028  2112        211         -211        0           0
32112       3   0.0055  2212        -211        111         0           0
32112       3   0.0167  2112        211         -211        0           0
32112       3   0.0333  2212        -211        111         0           0
32112       2   0.0083  12112       111         0           0           0
32112       2   0.0167  12212       -211        0           0           0

32212       N(1650)+              1.65000        0.125000        2               1      0      0      0      0.5      1      13
32212       2   0.4     2112        211         0           0           0
32212       2   0.2     2212        111         0           0           0
32212       2   0.2     2212        221         0           0           0
32212       2   0.075   3122        321         0           0           0
32212       3   0.0055  2112        211         111         0           0
32212       3   0.0028  2212        211         -211        0           0
32212       3   0.0056  2112        211         111         0           0
32212       3   0.0111  2212        111         111         0           0
32212       3   0.025   2212        211         -211        0           0
32212       3   0.0333  2112        211         111         0           0
32212       3   0.0167  2212        211         -211        0           0
32212       2   0.0167  12112       211         0           0           0
32212       2   0.0083  12212       111         0           0           0

-9020213    a1(1640)-             1.65500        0.254000        3               0      0      0      0      1.0     -1      5
-9020213    2   0.1111  225         -211        0           0           0
-9020213    3   0.1111  -211        111         111         0           0
-9020213    3   0.1111  -211        111         111         0           0
-9020213    3   0.3333  223         -211        111         0           0
-9020213    2   0.3333  20223       -211        0           0           0

9020113     a1(1640)0             1.65500        0.254000        3               0      0      0      0      1.0      0      5
9020113     2   0.1111  225         111         0           0           0
9020113     3   0.1111  211         -211        111         0           0
9020113     3   0.1111  211         -211        111         0           0
9020113     3   0.3333  223         211         -211        0           0
9020113     2   0.3333  20223       111         0           0           0

9020213     a1(1640)+             1.65500        0.254000        3               0      0      0      0      1.0      1      5
9020213     2   0.1111  225         211         0           0           0
9020213     3   0.1111  211         111         111         0           0
9020213     3   0.1111  211         111         111         0           0
9020213     3   0.3333  223         211         111         0           0
9020213     2   0.3333  20223       211         0           0           0

-13112      Anti-Sigma(1660)-     1.66000        0.200000        2              -1      1      0      0      1.0      1      8
-13112      2   0.0914  -2112       321         0           0           0
-13112      2   0.3309  -3122       211         0           0           0
-13112      2   0.1749  -3112       111         0           0           0
-13112      2   0.1749  -3212       211         0           0           0
-13112      2   0.189   -3112       9000221     0           0           0
-13112      2   0.0004  -3114       111         0           0           0
-13112      2   0.0004  -3214       211         0           0           0
-13112      2   0.0378  -13122      211         0           0           0

-13212      Anti-Sigma(1660)0     1.66000        0.200000        2              -1      1      0      0      1.0      0      9
-13212      2   0.0457  -2112       311         0           0           0
-13212      2   0.0457  -2212       321         0           0           0
-13212      2   0.3309  -3122       111         0           0           0
-13212      2   0.1749  -3112       -211        0           0           0
-13212      2   0.1749  -3222       211         0           0           0
-13212      2   0.189   -3212       9000221     0           0           0
-13212      2   0.0004  -3114       -211        0           0           0
-13212      2   0.0004  -3224       211         0           0           0
-13212      2   0.0378  -13122      111         0           0           0

-13222      Anti-Sigma(1660)+     1.66000        0.200000        2              -1      1      0      0      1.0     -1      8
-13222      2   0.0914  -2212       311         0           0           0
-13222      2   0.3309  -3122       -211        0           0           0
-13222      2   0.1749  -3212       -211        0           0           0
-13222      2   0.1749  -3222       111         0           0           0
-13222      2   0.189   -3222       9000221     0           0           0
-13222      2   0.0004  -3214       -211        0           0           0
-13222      2   0.0004  -3224       111         0           0           0
-13222      2   0.0378  -13122      -211        0           0           0

13112       Sigma(1660)-          1.66000        0.200000        2               1     -1      0      0      1.0     -1      8
13112       2   0.0914  2112        -321        0           0           0
13112       2   0.3309  3122        -211        0           0           0
13112       2   0.1749  3112        111         0           0           0
13112       2   0.1749  3212        -211        0           0           0
13112       2   0.189   3112        9000221     0           0           0
13112       2   0.0004  3114        111         0           0           0
13112       2   0.0004  3214        -211        0           0           0
13112       2   0.0378  13122       -211        0           0           0

13212       Sigma(1660)0          1.66000        0.200000        2               1     -1      0      0      1.0      0      9
13212       2   0.0457  2112        -311        0           0           0
13212       2   0.0457  2212        -321        0           0           0
13212       2   0.3309  3122        111         0           0           0
13212       2   0.1749  3112        211         0           0           0
13212       2   0.1749  3222        -211        0           0           0
13212       2   0.189   3212        9000221     0           0           0
13212       2   0.0004  3114        211         0           0           0
13212       2   0.0004  3224        -211        0           0           0
13212       2   0.0378  13122       111         0           0           0

13222       Sigma(1660)+          1.66000        0.200000        2               1     -1      0      0      1.0      1      8
13222       2   0.0914  2212        -311        0           0           0
13222       2   0.3309  3122        211         0           0           0
13222       2   0.1749  3212        211         0           0           0
13222       2   0.1749  3222        111         0           0           0
13222       2   0.189   3222        9000221     0           0           0
13222       2   0.0004  3214        211         0           0           0
13222       2   0.0004  3224        111         0           0           0
13222       2   0.0378  13122       211         0           0           0

-9010213    pi1(1600)-            1.66100        0.240000        3               0      0      0      0      1.0     -1      7
-9010213    3   0.0604  -211        111         111         0           0
-9010213    3   0.2416  -211        -211        211         0           0
-9010213    2   0.151   111         -10213      0           0           0
-9010213    2   0.151   -211        10113       0           0           0
-9010213    2   0.0795  -211        331         0           0           0
-9010213    2   0.0143  -211        221         0           0           0
-9010213    2   0.302   -211        20223       0           0           0

9010113     pi1(1600)0            1.66100        0.240000        3               0      0      0      0      1.0      0      7
9010113     3   0.3018  211         -211        111         0           0
9010113     2   0.1006  111         10113       0           0           0
9010113     2   0.1006  211         -10213      0           0           0
9010113     2   0.1006  -211        10213       0           0           0
9010113     2   0.0795  111         331         0           0           0
9010113     2   0.0143  111         221         0           0           0
9010113     2   0.302   111         20223       0           0           0

9010213     pi1(1600)+            1.66100        0.240000        3               0      0      0      0      1.0      1      7
9010213     3   0.0604  211         111         111         0           0
9010213     3   0.2416  211         211         -211        0           0
9010213     2   0.151   111         10213       0           0           0
9010213     2   0.151   211         10113       0           0           0
9010213     2   0.0795  211         331         0           0           0
9010213     2   0.0143  211         221         0           0           0
9010213     2   0.302   211         20223       0           0           0

227         omega3(1670)          1.66700        0.168000        7               0      0      0      0      0.0      0      5
227         2   0.1949  113         111         0           0           0
227         2   0.1949  213         -211        0           0           0
227         2   0.1949  -213        211         0           0           0
227         3   0.1384  223         111         111         0           0
227         3   0.2768  223         211         -211        0           0

30223       omega(1650)           1.67000        0.315000        3               0      0      0      0      0.0      0      6
30223       2   0.0315  111         113         0           0           0
30223       2   0.0315  -211        213         0           0           0
30223       2   0.0315  211         -213        0           0           0
30223       3   0.1484  223         111         111         0           0
30223       3   0.2968  223         211         -211        0           0
30223       2   0.4603  223         221         0           0           0

-10215      pi2(1670)-            1.67060        0.258000        5               0      0      0      0      1.0     -1      5
-10215      3   0.5769  -211        -211        211         0           0
-10215      3   0.3558  -211        111         111         0           0
-10215      2   0.0204  -321        313         0           0           0
-10215      2   0.0204  311         -323        0           0           0
-10215      2   0.036   -213        223         0           0           0

10115       pi2(1670)0            1.67060        0.258000        5               0      0      0      0      1.0      0      7
10115       3   0.7116  211         -211        111         0           0
10115       3   0.2211  111         111         111         0           0
10115       2   0.0102  311         -313        0           0           0
10115       2   0.0102  321         -323        0           0           0
10115       2   0.0102  -311        313         0           0           0
10115       2   0.0102  -321        323         0           0           0
10115       2   0.036   113         223         0           0           0

10215       pi2(1670)+            1.67060        0.258000        5               0      0      0      0      1.0      1      5
10215       3   0.5769  211         211         -211        0           0
10215       3   0.3558  211         111         111         0           0
10215       2   0.0204  321         -313        0           0           0
10215       2   0.0204  -311        323         0           0           0
10215       2   0.036   213         223         0           0           0

-9000313    Anti-K1(1650)0        1.67200        0.158000        3               0     -1      0      0      0.5      0      4
-9000313    3   0.0556  -311        111         111         0           0
-9000313    3   0.2222  -321        211         111         0           0
-9000313    3   0.2222  -311        -211        211         0           0
-9000313    2   0.5000  -311        333         0           0           0

-9000323    Anti-K1(1650)+        1.67200        0.158000        3               0     -1      0      0      0.5     -1      4
-9000323    3   0.0556  -321        111         111         0           0
-9000323    3   0.2222  -311        -211        111         0           0
-9000323    3   0.2222  -321        -211        211         0           0
-9000323    2   0.5000  -321        333         0           0           0

9000313     K1(1650)0             1.67200        0.158000        3               0      1      0      0      0.5      0      4
9000313     3   0.0556  311         111         111         0           0
9000313     3   0.2222  321         -211        111         0           0
9000313     3   0.2222  311         211         -211        0           0
9000313     2   0.5000  311         333         0           0           0

9000323     K1(1650)+             1.67200        0.158000        3               0      1      0      0      0.5      1      4
9000323     3   0.0556  321         111         111         0           0
9000323     3   0.2222  311         211         111         0           0
9000323     3   0.2222  321         211         -211        0           0
9000323     2   0.5000  321         333         0           0           0

-3334       Anti-Omega            1.67245        0.000000        4              -1      3      0      0      0.0      1      1
-3334       1    1      -3334       0           0           0           0

3334        Omega                 1.67245        0.000000        4               1     -3      0      0      0.0     -1      1
3334        1    1      3334        0           0           0           0

-33122      Anti-Lambda(1670)     1.67400        0.030000        2              -1      1      0      0      0.0      0      11
-33122      2   0.2     -2112       311         0           0           0
-33122      2   0.2     -2212       321         0           0           0
-33122      2   0.05    -3112       -211        0           0           0
-33122      2   0.05    -3212       111         0           0           0
-33122      2   0.05    -3222       211         0           0           0
-33122      2   0.28    -3122       221         0           0           0
-33122      2   0.0267  -211        -3114       0           0           0
-33122      2   0.0267  111         -3214       0           0           0
-33122      2   0.0267  211         -3224       0           0           0
-33122      2   0.045   -2112       313         0           0           0
-33122      2   0.045   -2212       323         0           0           0

33122       Lambda(1670)          1.67400        0.030000        2               1     -1      0      0      0.0      0      11
33122       2   0.2     2112        -311        0           0           0
33122       2   0.2     2212        -321        0           0           0
33122       2   0.05    3112        211         0           0           0
33122       2   0.05    3212        111         0           0           0
33122       2   0.05    3222        -211        0           0           0
33122       2   0.28    3122        221         0           0           0
33122       2   0.0267  211         3114        0           0           0
33122       2   0.0267  111         3214        0           0           0
33122       2   0.0267  -211        3224        0           0           0
33122       2   0.045    2112       -313        0           0           0
33122       2   0.045    2212       -323        0           0           0

-13114      Anti-Sigma(1670)-     1.67500        0.070000        4              -1      1      0      0      1.0      1      5
-13114      2   0.103   -2112       321         0           0           0
-13114      2   0.1     -3122       211         0           0           0
-13114      2   0.3585  -3112       111         0           0           0
-13114      2   0.3585  -3212       211         0           0           0
-13114      2   0.08    -3112       9000221     0           0           0

-13214      Anti-Sigma(1670)0     1.67500        0.070000        4              -1      1      0      0      1.0      0      6
-13214      2   0.0515  -2112       311         0           0           0
-13214      2   0.0515  -2212       321         0           0           0
-13214      2   0.1     -3122       111         0           0           0
-13214      2   0.3585  -3112       -211        0           0           0
-13214      2   0.3585  -3222       211         0           0           0
-13214      2   0.08    -3212       9000221     0           0           0

-13224      Anti-Sigma(1670)+     1.67500        0.070000        4              -1      1      0      0      1.0     -1      5
-13224      2   0.103   -2212       311         0           0           0
-13224      2   0.1     -3122       -211        0           0           0
-13224      2   0.3585  -3212       -211        0           0           0
-13224      2   0.3585  -3222       111         0           0           0
-13224      2   0.08    -3222       9000221     0           0           0

13114       Sigma(1670)-          1.67500        0.070000        4               1     -1      0      0      1.0     -1      5
13114       2   0.103   2112        -321        0           0           0
13114       2   0.1     3122        -211        0           0           0
13114       2   0.3585  3112        111         0           0           0
13114       2   0.3585  3212        -211        0           0           0
13114       2   0.08    3112        9000221     0           0           0

13214       Sigma(1670)0          1.67500        0.070000        4               1     -1      0      0      1.0      0      6
13214       2   0.0515  2112        -311        0           0           0
13214       2   0.0515  2212        -321        0           0           0
13214       2   0.1     3122        111         0           0           0
13214       2   0.3585  3112        211         0           0           0
13214       2   0.3585  3222        -211        0           0           0
13214       2   0.08    3212        9000221     0           0           0

13224       Sigma(1670)+          1.67500        0.070000        4               1     -1      0      0      1.0      1      5
13224       2   0.103   2212        -311        0           0           0
13224       2   0.1     3122        211         0           0           0
13224       2   0.3585  3212        211         0           0           0
13224       2   0.3585  3222        111         0           0           0
13224       2   0.08    3222        9000221     0           0           0

-2116       Anti-N(1675)0         1.67500        0.145000        6              -1      0      0      0      0.5      0      10
-2116       2   0.14    -2112       111         0           0           0
-2116       2   0.28    -2212       211         0           0           0
-2116       2   0.01    -2112       221         0           0           0
-2116       3   0.225   -2112       -211        211         0           0
-2116       3   0.1     -2112       111         111         0           0
-2116       3   0.05    -2212       211         111         0           0
-2116       3   0.025   -2112       -211        211         0           0
-2116       3   0.05    -2212       211         111         0           0
-2116       3   0.04    -2112       -211        211         0           0
-2116       3   0.08    -2212       211         111         0           0

-2216       Anti-N(1675)+         1.67500        0.145000        6              -1      0      0      0      0.5     -1      10
-2216       2   0.28    -2112       -211        0           0           0
-2216       2   0.14    -2212       111         0           0           0
-2216       2   0.01    -2212       221         0           0           0
-2216       3   0.05    -2112       -211        111         0           0
-2216       3   0.025   -2212       -211        211         0           0
-2216       3   0.05    -2112       -211        111         0           0
-2216       3   0.1     -2212       111         111         0           0
-2216       3   0.225   -2212       -211        211         0           0
-2216       3   0.08    -2112       -211        111         0           0
-2216       3   0.04    -2212       -211        211         0           0

2116        N(1675)0              1.67500        0.145000        6               1      0      0      0      0.5      0      10
2116        2   0.14    2112        111         0           0           0
2116        2   0.28    2212        -211        0           0           0
2116        2   0.01    2112        221         0           0           0
2116        3   0.225   2112        211         -211        0           0
2116        3   0.1     2112        111         111         0           0
2116        3   0.05    2212        -211        111         0           0
2116        3   0.025   2112        211         -211        0           0
2116        3   0.05    2212        -211        111         0           0
2116        3   0.04    2112        211         -211        0           0
2116        3   0.08    2212        -211        111         0           0

2216        N(1675)+              1.67500        0.145000        6               1      0      0      0      0.5      1      10
2216        2   0.28    2112        211         0           0           0
2216        2   0.14    2212        111         0           0           0
2216        2   0.01    2212        221         0           0           0
2216        3   0.05    2112        211         111         0           0
2216        3   0.025   2212        211         -211        0           0
2216        3   0.05    2112        211         111         0           0
2216        3   0.1     2212        111         111         0           0
2216        3   0.225   2212        211         -211        0           0
2216        3   0.08    2112        211         111         0           0
2216        3   0.04    2212        211         -211        0           0

100333      phi(1680)             1.68000        0.150000        3               0      0      0      0      0.0      0      9
100333      2   0.156   311         -313        0           0           0
100333      2   0.156   321         -323        0           0           0
100333      2   0.156   -311        313         0           0           0
100333      2   0.156   -321        323         0           0           0
100333      2   0.0218  311         -311        0           0           0
100333      2   0.0218  321         -321        0           0           0
100333      3   0.0673  333         211         -211        0           0
100333      3   0.0336  333         111         111         0           0
100333      2   0.231   221         333         0           0           0

-12116      Anti-N(1680)0         1.68500        0.120000        6              -1      0      0      0      0.5      0      20
-12116      2   0.2167  -2112       111         0           0           0
-12116      2   0.4333  -2212       211         0           0           0
-12116      2   0.001   -2112       221         0           0           0
-12116      3   0.05    -2112       -211        211         0           0
-12116      3   0.0222  -2112       111         111         0           0
-12116      3   0.0111  -2212       211         111         0           0
-12116      3   0.0056  -2112       -211        211         0           0
-12116      3   0.0111  -2212       211         111         0           0
-12116      3   0.03    -2112       -211        211         0           0
-12116      3   0.0133  -2112       111         111         0           0
-12116      3   0.0067  -2212       211         111         0           0
-12116      3   0.0033  -2112       -211        211         0           0
-12116      3   0.0067  -2212       211         111         0           0
-12116      3   0.0233  -2112       -211        211         0           0
-12116      3   0.0467  -2212       211         111         0           0
-12116      3   0.008   -2112       -211        211         0           0
-12116      3   0.016   -2212       211         111         0           0
-12116      3   0.0313  -2112       111         111         0           0
-12116      3   0.0627  -2112       -211        211         0           0
-12116      2   0.001   -2112       22          0           0           0

-12216      Anti-N(1680)+         1.68500        0.120000        6              -1      0      0      0      0.5     -1      20
-12216      2   0.4333  -2112       -211        0           0           0
-12216      2   0.2167  -2212       111         0           0           0
-12216      2   0.01    -2212       221         0           0           0
-12216      3   0.0111  -2112       -211        111         0           0
-12216      3   0.0056  -2212       -211        211         0           0
-12216      3   0.0111  -2112       -211        111         0           0
-12216      3   0.0222  -2212       111         111         0           0
-12216      3   0.05    -2212       -211        211         0           0
-12216      3   0.0067  -2112       -211        111         0           0
-12216      3   0.0033  -2212       -211        211         0           0
-12216      3   0.0067  -2112       -211        111         0           0
-12216      3   0.0133  -2212       111         111         0           0
-12216      3   0.03    -2212       -211        211         0           0
-12216      3   0.0467  -2112       -211        111         0           0
-12216      3   0.0233  -2212       -211        211         0           0
-12216      3   0.016   -2112       -211        111         0           0
-12216      3   0.008   -2212       -211        211         0           0
-12216      3   0.0313  -2212       111         111         0           0
-12216      3   0.0627  -2212       -211        211         0           0
-12216      2   0.001   -2212       22          0           0           0

12116       N(1680)0              1.68500        0.120000        6               1      0      0      0      0.5      0      20
12116       2   0.2167  2112        111         0           0           0
12116       2   0.4333  2212        -211        0           0           0
12116       2   0.001   2112        221         0           0           0
12116       3   0.05    2112        211         -211        0           0
12116       3   0.0222  2112        111         111         0           0
12116       3   0.0111  2212        -211        111         0           0
12116       3   0.0056  2112        211         -211        0           0
12116       3   0.0111  2212        -211        111         0           0
12116       3   0.03    2112        211         -211        0           0
12116       3   0.0133  2112        111         111         0           0
12116       3   0.0067  2212        -211        111         0           0
12116       3   0.0033  2112        211         -211        0           0
12116       3   0.0067  2212        -211        111         0           0
12116       3   0.0233  2112        211         -211        0           0
12116       3   0.0467  2212        -211        111         0           0
12116       3   0.008   2112        211         -211        0           0
12116       3   0.016   2212        -211        111         0           0
12116       3   0.0313  2112        111         111         0           0
12116       3   0.0627  2112        211         -211        0           0
12116       2   0.001   2112        22          0           0           0

12216       N(1680)+              1.68500        0.120000        6               1      0      0      0      0.5      1      20
12216       2   0.4333  2112        211         0           0           0
12216       2   0.2167  2212        111         0           0           0
12216       2   0.01    2212        221         0           0           0
12216       3   0.0111  2112        211         111         0           0
12216       3   0.0056  2212        211         -211        0           0
12216       3   0.0111  2112        211         111         0           0
12216       3   0.0222  2212        111         111         0           0
12216       3   0.05    2212        211         -211        0           0
12216       3   0.0067  2112        211         111         0           0
12216       3   0.0033  2212        211         -211        0           0
12216       3   0.0067  2112        211         111         0           0
12216       3   0.0133  2212        111         111         0           0
12216       3   0.03    2212        211         -211        0           0
12216       3   0.0467  2112        211         111         0           0
12216       3   0.0233  2212        211         -211        0           0
12216       3   0.016   2112        211         111         0           0
12216       3   0.008   2212        211         -211        0           0
12216       3   0.0313  2212        111         111         0           0
12216       3   0.0627  2212        211         -211        0           0
12216       2   0.001   2212        22          0           0           0

-217        rho3(1690)-           1.68880        0.161000        7               0      0      0      0      1.0     -1      6
-217        4   0.7109  -211        -211        211        111    0
-217        2   0.236   -211        111         0           0           0
-217        3   0.0127  -321        311         111         0           0
-217        3   0.0127  -311        311         -211        0           0
-217        3   0.0127  -321        321         -211        0           0
-217        2   0.0158  311         -321        0           0           0

117         rho3(1690)0           1.68880        0.161000        7               0      0      0      0      1.0      0      8
117         4   0.7109  211         -211        111         111         0
117         2   0.236   211         -211        0           0           0
117         3   0.0063  311         -311        111         0           0
117         3   0.0127  311         -321        211         0           0
117         3   0.0063  321         -321        111         0           0
117         3   0.0127  321         -311        -211        0           0
117         2   0.0079  -311        311         0           0           0
117         2   0.0079  -321        321         0           0           0

217         rho3(1690)+           1.68880        0.161000        7               0      0      0      0      1.0      1      6
217         4   0.7109  211         211         -211        111    0
217         2   0.236   211         111         0           0           0
217         3   0.0127  321         -311        111         0           0
217         3   0.0127  311         -311        211         0           0
217         3   0.0127  321         -321        211         0           0
217         2   0.0158  -311        321         0           0           0

-13124      Anti-Lambda(1690)     1.69000        0.070000        4              -1      1      0      0      0.0      0      14
-13124      2   0.14    -2112       311         0           0           0
-13124      2   0.14    -2212       321         0           0           0
-13124      2   0.1967  -3112       -211        0           0           0
-13124      2   0.1967  -3212       111         0           0           0
-13124      2   0.1967  -3222       211         0           0           0
-13124      2   0.01    -3122       221         0           0           0
-13124      2   0.03    -211        -3114       0           0           0
-13124      2   0.03    111         -3214       0           0           0
-13124      2   0.03    211         -3224       0           0           0
-13124      2   0.01    -211        -3114       0           0           0
-13124      2   0.01    111         -3214       0           0           0
-13124      2   0.01    211         -3224       0           0           0
-13124      2   0.0015  -2112       313         0           0           0
-13124      2   0.0015  -2212       323         0           0           0

13124       Lambda(1690)          1.69000        0.070000        4               1     -1      0      0      0.0      0      14
13124       2   0.14    2112        -311        0           0           0
13124       2   0.14    2212        -321        0           0           0
13124       2   0.1967  3112        211         0           0           0
13124       2   0.1967  3212        111         0           0           0
13124       2   0.1967  3222        -211        0           0           0
13124       2   0.01    3122        221         0           0           0
13124       2   0.03    211         3114        0           0           0
13124       2   0.03    111         3214        0           0           0
13124       2   0.03    -211        3224        0           0           0
13124       2   0.01    211         3114        0           0           0
13124       2   0.01    111         3214        0           0           0
13124       2   0.01    -211        3224        0           0           0
13124       2   0.0015  2112        -313        0           0           0
13124       2   0.0015  2212        -323        0           0           0

-203312     Anti-Ksi(1690)-       1.69000        0.010000        2              -1      2      0      0      0.5      1      5
-203312     2   0.3333  -3122       321         0           0           0
-203312     2   0.2222  -3112       311         0           0           0
-203312     2   0.1111  -3212       321         0           0           0
-203312     2   0.1111  -3312       111         0           0           0
-203312     2   0.2222  -3322       211         0           0           0

-203322     Anti-Ksi(1690)0       1.69000        0.010000        2              -1      2      0      0      0.5      0      5
-203322     2   0.3333  -3122       311         0           0           0
-203322     2   0.1111  -3212       311         0           0           0
-203322     2   0.2222  -3222       321         0           0           0
-203322     2   0.2222  -3312       -211        0           0           0
-203322     2   0.1111  -3322       111         0           0           0

203312      Ksi(1690)-            1.69000        0.010000        2               1     -2      0      0      0.5     -1      5
203312      2   0.3333  3122        -321        0           0           0
203312      2   0.2222  3112        -311        0           0           0
203312      2   0.1111  3212        -321        0           0           0
203312      2   0.1111  3312        111         0           0           0
203312      2   0.2222  3322        -211        0           0           0

203322      Ksi(1690)0            1.69000        0.010000        2               1     -2      0      0      0.5      0      5
203322      2   0.3333  3122        -311        0           0           0
203322      2   0.1111  3212        -311        0           0           0
203322      2   0.2222  3222        -321        0           0           0
203322      2   0.2222  3312        211         0           0           0
203322      2   0.1111  3322        111         0           0           0

-9000215    a2(1700)-             1.69800        0.265000        5               0      0      0      0      1.0     -1      5
-9000215    2   0.0218  221         -211        0           0           0
-9000215    2   0.3735  113         -211        0           0           0
-9000215    2   0.3735  -213        111         0           0           0
-9000215    2   0.2197  225         -211        0           0           0
-9000215    2   0.0115  -321        311         0           0           0

9000115     a2(1700)0             1.69800        0.265000        5               0      0      0      0      1.0      0      6
9000115     2   0.0218  221         111         0           0           0
9000115     2   0.3735  213         -211        0           0           0
9000115     2   0.3735  -213        211         0           0           0
9000115     2   0.2197  225         111         0           0           0
9000115     2   0.0057  321         -321        0           0           0
9000115     2   0.0057  311         -311        0           0           0

9000215     a2(1700)+             1.69800        0.265000        5               0      0      0      0      1.0      1      5
9000215     2   0.0218  221         211         0           0           0
9000215     2   0.3735  113         211         0           0           0
9000215     2   0.3735  213         111         0           0           0
9000215     2   0.2197  225         211         0           0           0
9000215     2   0.0115  321         -311        0           0           0

10331       f0(1710)              1.70400        0.123000        1               0      0      0      0      0.0      0      6
10331       2   0.185   311         -311        0           0           0
10331       2   0.185   321         -321        0           0           0
10331       2   0.1776  221         221         0           0           0
10331       2   0.0284  111         111         0           0           0
10331       2   0.0567  211         -211        0           0           0
10331       2   0.3673  223         223         0           0           0

-42112      Anti-N(1710)0         1.71000        0.140000        2              -1      0      0      0      0.5      0      16
-42112      2   0.03    -2112       111         0           0           0
-42112      2   0.06    -2212       211         0           0           0
-42112      2   0.3     -2112       221         0           0           0
-42112      2   0.03    -2112       223         0           0           0
-42112      2   0.12    -3122       -311        0           0           0
-42112      2   0.0067  -3112       -321        0           0           0
-42112      2   0.0033  -3212       -311        0           0           0
-42112      3   0.09    -2112       -211        211         0           0
-42112      3   0.04    -2112       111         111         0           0
-42112      3   0.02    -2212       211         111         0           0
-42112      3   0.01    -2112       -211        211         0           0
-42112      3   0.02    -2212       211         111         0           0
-42112      3   0.05    -2112       -211        211         0           0
-42112      3   0.1     -2212       211         111         0           0
-42112      2   0.04    111         -22112      0           0           0
-42112      2   0.08    211         -22212      0           0           0

-42212      Anti-N(1710)+         1.71000        0.140000        2              -1      0      0      0      0.5     -1      16
-42212      2   0.06    -2112       -211        0           0           0
-42212      2   0.03    -2212       111         0           0           0
-42212      2   0.3     -2212       221         0           0           0
-42212      2   0.03    -2212       223         0           0           0
-42212      2   0.12    -3122       -321        0           0           0
-42212      2   0.0033  -3212       -321        0           0           0
-42212      2   0.0067  -3222       -311        0           0           0
-42212      3   0.02    -2112       -211        111         0       0
-42212      3   0.01    -2212       -211        211         0       0
-42212      3   0.02    -2112       -211        111         0       0
-42212      3   0.04    -2212       111         111         0       0
-42212      3   0.09    -2212       -211        211         0       0
-42212      3   0.1     -2112       -211        111         0       0
-42212      3   0.05    -2212       -211        211         0       0
-42212      2   0.08    -211        -22112      0           0           0
-42212      2   0.04    111         -22212      0           0           0

42112       N(1710)0              1.71000        0.140000        2               1      0      0      0      0.5      0      16
42112       2   0.03    2112        111         0           0           0
42112       2   0.06    2212        -211        0           0           0
42112       2   0.3     2112        221         0           0           0
42112       2   0.03    2112        223         0           0           0
42112       2   0.12    3122        311         0           0           0
42112       2   0.0067  3112        321         0           0           0
42112       2   0.0033  3212        311         0           0           0
42112       3   0.09    2112        211         -211        0           0
42112       3   0.04    2112        111         111         0           0
42112       3   0.02    2212        -211        111         0           0
42112       3   0.01    2112        211         -211        0           0
42112       3   0.02    2212        -211        111         0           0
42112       3   0.05    2112        211         -211        0           0
42112       3   0.1     2212        -211        111         0           0
42112       2   0.04    111         22112       0           0           0
42112       2   0.08    -211        22212       0           0           0

42212       N(1710)+              1.71000        0.140000        2               1      0      0      0      0.5      1      16
42212       2   0.06    2112        211         0           0           0
42212       2   0.03    2212        111         0           0           0
42212       2   0.3     2212        221         0           0           0
42212       2   0.03    2212        223         0           0           0
42212       2   0.12    3122        321         0           0           0
42212       2   0.0033  3212        321         0           0           0
42212       2   0.0067  3222        311         0           0           0
42212       3   0.02    2112        211         111         0           0
42212       3   0.01    2212        211         -211        0           0
42212       3   0.02    2112        211         111         0           0
42212       3   0.04    2212        111         111         0           0
42212       3   0.09    2212        211         -211        0           0
42212       3   0.1     2112        211         111         0           0
42212       3   0.05    2212        211         -211        0           0
42212       2   0.08    211         22112       0           0           0
42212       2   0.04    111         22212       0           0           0

-11114      Anti-Delta(1700)-     1.71000        0.300000        4              -1      0      0      0      1.5      1      11
-11114      2   0.141   -2112       211         0           0           0
-11114      3   0.2628  -2112       211         111         0           0
-11114      3   0.1168  -2112       211         111         0           0
-11114      3   0.0584  -2212       211         211         0           0
-11114      3   0.0496  -2112       211         111         0           0
-11114      3   0.0221  -2112       211         111         0           0
-11114      3   0.011   -2212       211         211         0           0
-11114      3   0.2538  -2112       211         111         0           0
-11114      2   0.0282  211         -1214       0           0           0
-11114      2   0.0094  211         -22112      0           0           0
-11114      2   0.047   221         -1114       0           0           0

-12114      Anti-Delta(1700)0     1.71000        0.300000        4              -1      0      0      0      1.5      0      19
-12114      2   0.094   -2112       111         0           0           0
-12114      2   0.047   -2212       211         0           0           0
-12114      3   0.1752  -2112       -211        211         0           0
-12114      3   0.0195  -2112       111         111         0           0
-12114      3   0.0097  -2212       211         111         0           0
-12114      3   0.0779  -2112       -211        211         0           0
-12114      3   0.1557  -2212       211         111         0           0
-12114      3   0.0331  -2112       -211        211         0           0
-12114      3   0.0037  -2112       111         111         0           0
-12114      3   0.0018  -2212       211         111         0           0
-12114      3   0.0147  -2112       -211        211         0           0
-12114      3   0.0294  -2212       211         111         0           0
-12114      3   0.1692  -2112       -211        211         0           0
-12114      3   0.0848  -2212       211         111         0           0
-12114      2   0.0188  111         -1214       0           0           0
-12114      2   0.0094  211         -2124       0           0           0
-12114      2   0.0063  111         -22112      0           0           0
-12114      2   0.0031  211         -22212      0           0           0
-12114      2   0.047   221         -2114       0           0           0

-12214      Anti-Delta(1700)+     1.71000        0.300000        4              -1      0      0      0      1.5     -1      19
-12214      2   0.047   -2112       -211        0           0           0
-12214      2   0.094   -2212       111         0           0           0
-12214      3   0.1557  -2112       -211        111         0           0
-12214      3   0.0779  -2212       -211        211         0           0
-12214      3   0.0097  -2112       -211        111         0           0
-12214      3   0.0195  -2212       111         111         0           0
-12214      3   0.1752  -2212       -211        211         0           0
-12214      3   0.0294  -2112       -211        111         0           0
-12214      3   0.0147  -2212       -211        211         0           0
-12214      3   0.0018  -2112       -211        111         0           0
-12214      3   0.0037  -2212       111         111         0           0
-12214      3   0.0331  -2212       -211        211         0           0
-12214      3   0.0848  -2112       -211        111         0           0
-12214      3   0.1692  -2212       -211        211         0           0
-12214      2   0.0094  -211        -1214       0           0           0
-12214      2   0.0188  111         -2124       0           0           0
-12214      2   0.0031  -211        -22112      0           0           0
-12214      2   0.0063  111         -22212      0           0           0
-12214      2   0.047   221         -2214       0           0           0

-12224      Anti-Delta(1700)++    1.71000        0.300000        4              -1      0      0      0      1.5     -2      11
-12224      2   0.141   -2212       -211        0           0           0
-12224      3   0.0584  -2112       -211        -211        0           0
-12224      3   0.1168  -2212       -211        111         0           0
-12224      3   0.2628  -2212       -211        111         0           0
-12224      3   0.011   -2112       -211        -211        0           0
-12224      3   0.0221  -2212       -211        111         0           0
-12224      3   0.0496  -2212       -211        111         0           0
-12224      3   0.2538  -2212       -211        111         0           0
-12224      2   0.0282  -211        -2124       0           0           0
-12224      2   0.0094  -211        -22212      0           0           0
-12224      2   0.047   221         -2224       0           0           0

11114       Delta(1700)-          1.71000        0.300000        4               1      0      0      0      1.5     -1      11
11114       2   0.141   2112        -211        0           0           0
11114       3   0.2628  2112        -211        111         0           0
11114       3   0.1168  2112        -211        111         0           0
11114       3   0.0584  2212        -211        -211        0           0
11114       3   0.0496  2112        -211        111         0           0
11114       3   0.0221  2112        -211        111         0           0
11114       3   0.011   2212        -211        -211        0           0
11114       3   0.2538  2112        -211        111         0           0
11114       2   0.0282  -211        1214        0           0           0
11114       2   0.0094  -211        22112       0           0           0
11114       2   0.047   221         1114        0           0           0

12114       Delta(1700)0          1.71000        0.300000        4               1      0      0      0      1.5      0      19
12114       2   0.094   2112        111         0           0           0
12114       2   0.047   2212        -211        0           0           0
12114       3   0.1752  2112        211         -211        0           0
12114       3   0.0195  2112        111         111         0           0
12114       3   0.0097  2212        -211        111         0           0
12114       3   0.0779  2112        211         -211        0           0
12114       3   0.1557  2212        -211        111         0           0
12114       3   0.0331  2112        211         -211        0           0
12114       3   0.0037  2112        111         111         0           0
12114       3   0.0018  2212        -211        111         0           0
12114       3   0.0147  2112        211         -211        0           0
12114       3   0.0294  2212        -211        111         0           0
12114       3   0.1692  2112        211         -211        0           0
12114       3   0.0848  2212        -211        111         0           0
12114       2   0.0188  111         1214        0           0           0
12114       2   0.0094  -211        2124        0           0           0
12114       2   0.0063  111         22112       0           0           0
12114       2   0.0031  -211        22212       0           0           0
12114       2   0.047   221         2114        0           0           0

12214       Delta(1700)+          1.71000        0.300000        4               1      0      0      0      1.5      1      19
12214       2   0.047   2112        211         0           0           0
12214       2   0.094   2212        111         0           0           0
12214       3   0.1557  2112        211         111         0           0
12214       3   0.0779  2212        211         -211        0           0
12214       3   0.0097  2112        211         111         0           0
12214       3   0.0195  2212        111         111         0           0
12214       3   0.1752  2212        211         -211        0           0
12214       3   0.0294  2112        211         111         0           0
12214       3   0.0147  2212        211         -211        0           0
12214       3   0.0018  2112        211         111         0           0
12214       3   0.0037  2212        111         111         0           0
12214       3   0.0331  2212        211         -211        0           0
12214       3   0.0848  2112        211         111         0           0
12214       3   0.1692  2212        211         -211        0           0
12214       2   0.0094  211         1214        0           0           0
12214       2   0.0188  111         2124        0           0           0
12214       2   0.0031  211         22112       0           0           0
12214       2   0.0063  111         22212       0           0           0
12214       2   0.047   221         2214        0           0           0

12224       Delta(1700)++         1.71000        0.300000        4               1      0      0      0      1.5      2      11
12224       2   0.141   2212        211         0           0           0
12224       3   0.0584  2112        211         211         0           0
12224       3   0.1168  2212        211         111         0           0
12224       3   0.2628  2212        211         111         0           0
12224       3   0.011   2112        211         211         0           0
12224       3   0.0221  2212        211         111         0           0
12224       3   0.0496  2212        211         111         0           0
12224       3   0.2538  2212        211         111         0           0
12224       2   0.0282  211         2124        0           0           0
12224       2   0.0094  211         22212       0           0           0
12224       2   0.047   221         2224        0           0           0

-9863122    Anti-Lambda(1710)     1.71300        0.180000        2              -1      1      0      0      0.0      0      12
-9863122    2   0.22    -2112       311         0           0           0
-9863122    2   0.22    -2212       321         0           0           0
-9863122    2   0.07    -3112       -211        0           0           0
-9863122    2   0.07    -3212       111         0           0           0
-9863122    2   0.07    -3222       211         0           0           0
-9863122    2   0.0667  -211        -3114       0           0           0
-9863122    2   0.0667  111         -3214       0           0           0
-9863122    2   0.0667  211         -3224       0           0           0
-9863122    2   0.025   -2112       313         0           0           0
-9863122    2   0.025   -2212       323         0           0           0
-9863122    2   0.05    -2112       313         0           0           0
-9863122    2   0.05    -2212       323         0           0           0

9863122     Lambda(1710)          1.71300        0.180000        2               1     -1      0      0      0.0      0      12
9863122     2   0.22    2112        -311        0           0           0
9863122     2   0.22    2212        -321        0           0           0
9863122     2   0.07    3112        211         0           0           0
9863122     2   0.07    3212        111         0           0           0
9863122     2   0.07    3222        -211        0           0           0
9863122     2   0.0667  211         3114        0           0           0
9863122     2   0.0667  111         3214        0           0           0
9863122     2   0.0667  -211        3224        0           0           0
9863122     2   0.025   2112        -313        0           0           0
9863122     2   0.025   2212        -323        0           0           0
9863122     2   0.05    2112        -313        0           0           0
9863122     2   0.05    2212        -323        0           0           0

-9831112    Anti-Delta(1750)-     1.71600        0.356000        2              -1      0      0      0      1.5      1      4
-9831112    2   0.134   -1112       22          0           0           0
-9831112    2   0.035   -2112       211         0           0           0
-9831112    2   0.83    -12112      211         0           0           0
-9831112    2   0.001   -3112       -311        0           0           0

-9831212    Anti-Delta(1750)0     1.71600        0.356000        2              -1      0      0      0      1.5      0      7
-9831212    2   0.134   -1212       22          0           0           0
-9831212    2   0.0233  -2112       111         0           0           0
-9831212    2   0.0117  -2212       211         0           0           0
-9831212    2   0.5533  -12112      111         0           0           0
-9831212    2   0.2767  -12212      211         0           0           0
-9831212    2   0.0003  -3112       -321        0           0           0
-9831212    2   0.0007  -3212       -311        0           0           0

-9832122    Anti-Delta(1750)+     1.71600        0.356000        2              -1      0      0      0      1.5     -1      7
-9832122    2   0.134   -2122       22          0           0           0
-9832122    2   0.0117  -2112       -211        0           0           0
-9832122    2   0.0233  -2212       111         0           0           0
-9832122    2   0.2767  -12112      -211        0           0           0
-9832122    2   0.5533  -12212      111         0           0           0
-9832122    2   0.0007  -3212       -321        0           0           0
-9832122    2   0.0003  -3222       -311        0           0           0

-9832222    Anti-Delta(1750)++    1.71600        0.356000        2              -1      0      0      0      1.5     -2      4
-9832222    2   0.134   -2222       22          0           0           0
-9832222    2   0.035   -2212       -211        0           0           0
-9832222    2   0.83    -12212      -211        0           0           0
-9832222    2   0.001   -3222       -321        0           0           0

9831112     Delta(1750)-          1.71600        0.356000        2               1      0      0      0      1.5     -1      4
9831112     2   0.134   1112        22          0           0           0
9831112     2   0.035   2112        -211        0           0           0
9831112     2   0.83    12112       -211        0           0           0
9831112     2   0.001   3112        311         0           0           0

9831212     Delta(1750)0          1.71600        0.356000        2               1      0      0      0      1.5      0      7
9831212     2   0.134   1212        22          0           0           0
9831212     2   0.0233  2112        111         0           0           0
9831212     2   0.0117  2212        -211        0           0           0
9831212     2   0.5533  12112       111         0           0           0
9831212     2   0.2767  12212       -211        0           0           0
9831212     2   0.0003  3112        321         0           0           0
9831212     2   0.0007  3212        311         0           0           0

9832122     Delta(1750)+          1.71600        0.356000        2               1      0      0      0      1.5      1      7
9832122     2   0.134   2122        22          0           0           0
9832122     2   0.0117  2112        211         0           0           0
9832122     2   0.0233  2212        111         0           0           0
9832122     2   0.2767  12112       211         0           0           0
9832122     2   0.5533  12212       111         0           0           0
9832122     2   0.0007  3212        321         0           0           0
9832122     2   0.0003  3222        311         0           0           0

9832222     Delta(1750)++         1.71600        0.356000        2               1      0      0      0      1.5      2      4
9832222     2   0.134   2222        22          0           0           0
9832222     2   0.035   2212        211         0           0           0
9832222     2   0.83    12212       211         0           0           0
9832222     2   0.001   3222        321         0           0           0

-30313      Anti-K*(1680)0        1.71800        0.322000        3               0     -1      0      0      0.5      0      7
-30313      2   0.1272  -311        111         0           0           0
-30313      2   0.2544  -321        211         0           0           0
-30313      2   0.1032  -311        113         0           0           0
-30313      2   0.2064  -321        213         0           0           0
-30313      2   0.0983  111         -313        0           0           0
-30313      2   0.1966  211         -323        0           0           0
-30313      2   0.0138  -311        221         0           0           0

-30323      Anti-K*(1680)+        1.71800        0.322000        3               0     -1      0      0      0.5     -1      7
-30323      2   0.2544  -311        -211        0           0           0
-30323      2   0.1272  -321        111         0           0           0
-30323      2   0.2064  -311        -213        0           0           0
-30323      2   0.1032  -321        113         0           0           0
-30323      2   0.1966  -211        -313        0           0           0
-30323      2   0.0983  111         -323        0           0           0
-30323      2   0.0138  -321        221         0           0           0

30313       K*(1680)0             1.71800        0.322000        3               0      1      0      0      0.5      0      7
30313       2   0.1272  311         111         0           0           0
30313       2   0.2544  321         -211        0           0           0
30313       2   0.1032  311         113         0           0           0
30313       2   0.2064  321         -213        0           0           0
30313       2   0.0983  111         313         0           0           0
30313       2   0.1966  -211        323         0           0           0
30313       2   0.0138  311         221         0           0           0

30323       K*(1680)+             1.71800        0.322000        3               0      1      0      0      0.5      1      7
30323       2   0.2544  311         211         0           0           0
30323       2   0.1272  321         111         0           0           0
30323       2   0.2064  311         213         0           0           0
30323       2   0.1032  321         113         0           0           0
30323       2   0.1966  211         313         0           0           0
30323       2   0.0983  111         323         0           0           0
30323       2   0.0138  321         221         0           0           0

-30213      rho(1700)-            1.72000        0.250000        3               0      0      0      0      1.0     -1      2
-30213      4   0.86    -211        -211        211         111         0
-30213      2   0.14    111         -211        0           0           0

30113       rho(1700)0            1.72000        0.250000        3               0      0      0      0      1.0      0      3
30113       4   0.43    211         -211        111         111         0
30113       4   0.43    211         211         -211        -211        0
30113       2   0.14    211         -211        0           0           0

30213       rho(1700)+            1.72000        0.250000        3               0      0      0      0      1.0      1      2
30213       4   0.86    211         211         -211        111         0
30213       2   0.14    111         211         0           0           0

-21214      Anti-N(1700)0         1.72000        0.200000        4              -1      0      0      0      0.5      0      22
-21214      2   0.0314  -2112       111         0           0           0
-21214      2   0.0628  -2212       211         0           0           0
-21214      2   0.0105  -2112       221         0           0           0
-21214      2   0.22    -2112       223         0           0           0
-21214      2   0.013   -3122       -311        0           0           0
-21214      3   0.19    -2112       -211        211         0           0
-21214      3   0.0845  -2112       111         111         0           0
-21214      3   0.0422  -2212       211         111         0           0
-21214      3   0.0211  -2112       -211        211         0           0
-21214      3   0.0422  -2212       211         111         0           0
-21214      3   0.055   -2112       -211        211         0           0
-21214      3   0.0245  -2112       111         111         0           0
-21214      3   0.0122  -2212       211         111         0           0
-21214      3   0.0061  -2112       -211        211         0           0
-21214      3   0.0122  -2212       211         111         0           0
-21214      3   0.025   -2112       -211        211         0           0
-21214      3   0.05    -2212       211         111         0           0
-21214      2   0.0233  111         -12112      0           0           0
-21214      2   0.0467  211         -12212      0           0           0
-21214      2   0.009   111         -1214       0           0           0
-21214      2   0.0181  211         -2124       0           0           0
-21214      2   0.0002  -2112       22          0           0           0

-22124      Anti-N(1700)+         1.72000        0.200000        4              -1      0      0      0      0.5     -1      22
-22124      2   0.0628  -2112       -211        0           0           0
-22124      2   0.0314  -2212       111         0           0           0
-22124      2   0.0105  -2212       221         0           0           0
-22124      2   0.22    -2212       223         0           0           0
-22124      2   0.013   -3122       -321        0           0           0
-22124      3   0.0422  -2112       -211        111         0           0
-22124      3   0.0211  -2212       -211        211         0           0
-22124      3   0.0422  -2112       -211        111         0           0
-22124      3   0.0845  -2212       111         111         0           0
-22124      3   0.19    -2212       -211        211         0           0
-22124      3   0.0122  -2112       -211        111         0           0
-22124      3   0.0061  -2212       -211        211         0           0
-22124      3   0.0122  -2112       -211        111         0           0
-22124      3   0.0245  -2212       111         111         0           0
-22124      3   0.055   -2212       -211        211         0           0
-22124      3   0.05    -2112       -211        111         0           0
-22124      3   0.025   -2212       -211        211         0           0
-22124      2   0.0467  -211        -12112      0           0           0
-22124      2   0.0233  111         -12212      0           0           0
-22124      2   0.0181  -211        -1214       0           0           0
-22124      2   0.009   111         -2124       0           0           0
-22124      2   0.0002  -2212       22          0           0           0

21214       N(1700)0              1.72000        0.200000        4               1      0      0      0      0.5      0      22
21214       2   0.0314  2112        111         0           0           0
21214       2   0.0628  2212        -211        0           0           0
21214       2   0.0105  2112        221         0           0           0
21214       2   0.22    2112        223         0           0           0
21214       2   0.013   3122        311         0           0           0
21214       3   0.19    2112        211         -211        0           0
21214       3   0.0845  2112        111         111         0           0
21214       3   0.0422  2212        -211        111         0           0
21214       3   0.0211  2112        211         -211        0           0
21214       3   0.0422  2212        -211        111         0           0
21214       3   0.055   2112        211         -211        0           0
21214       3   0.0245  2112        111         111         0           0
21214       3   0.0122  2212        -211        111         0           0
21214       3   0.0061  2112        211         -211        0           0
21214       3   0.0122  2212        -211        111         0           0
21214       3   0.025   2112        211         -211        0           0
21214       3   0.05    2212        -211        111         0           0
21214       2   0.0233  111         12112       0           0           0
21214       2   0.0467  -211        12212       0           0           0
21214       2   0.009   111         1214        0           0           0
21214       2   0.0181  -211        2124        0           0           0
21214       2   0.0002  2112        22          0           0           0

22124       N(1700)+              1.72000        0.200000        4               1      0      0      0      0.5      1      22
22124       2   0.0628  2112        211         0           0           0
22124       2   0.0314  2212        111         0           0           0
22124       2   0.0105  2212        221         0           0           0
22124       2   0.22    2212        223         0           0           0
22124       2   0.013   3122        321         0           0           0
22124       3   0.0422  2112        211         111         0           0
22124       3   0.0211  2212        211         -211        0           0
22124       3   0.0422  2112        211         111         0           0
22124       3   0.0845  2212        111         111         0           0
22124       3   0.19    2212        211         -211        0           0
22124       3   0.0122  2112        211         111         0           0
22124       3   0.0061  2212        211         -211        0           0
22124       3   0.0122  2112        211         111         0           0
22124       3   0.0245  2212        111         111         0           0
22124       3   0.055   2212        211         -211        0           0
22124       3   0.05    2112        211         111         0           0
22124       3   0.025   2212        211         -211        0           0
22124       2   0.0467  211         12112       0           0           0
22124       2   0.0233  111         12212       0           0           0
22124       2   0.0181  211         1214        0           0           0
22124       2   0.009   111         2124        0           0           0
22124       2   0.0002  2212        22          0           0           0

-31214      Anti-N(1720)0         1.72000        0.250000        4              -1      0      0      0      0.5      0      21
-31214      2   0.0254  -2112       111         0           0           0
-31214      2   0.0507  -2212       211         0           0           0
-31214      2   0.0207  -2112       221         0           0           0
-31214      2   0.1799  -2112       223         0           0           0
-31214      2   0.0692  -3122       -311        0           0           0
-31214      3   0.2145  -2112       -211        211         0           0
-31214      3   0.0953  -2112       111         111         0           0
-31214      3   0.0477  -2212       211         111         0           0
-31214      3   0.0238  -2112       -211        211         0           0
-31214      3   0.0477  -2212       211         111         0           0
-31214      3   0.0208  -2112       -211        211         0           0
-31214      3   0.0092  -2112       111         111         0           0
-31214      3   0.0046  -2212       211         111         0           0
-31214      3   0.0023  -2112       -211        211         0           0
-31214      3   0.0046  -2212       211         111         0           0
-31214      3   0.0519  -2112       -211        211         0           0
-31214      3   0.1038  -2212       211         111         0           0
-31214      2   0.0023  111         -12112      0           0           0
-31214      2   0.0046  211         -12212      0           0           0
-31214      2   0.0069  111         -1214       0           0           0
-31214      2   0.0138  211         -2124       0           0           0

-32124      Anti-N(1720)+         1.72000        0.250000        4              -1      0      0      0      0.5     -1      21
-32124      2   0.0507  -2112       -211        0           0           0
-32124      2   0.0254  -2212       111         0           0           0
-32124      2   0.0207  -2212       221         0           0           0
-32124      2   0.1799  -2212       223         0           0           0
-32124      2   0.0692  -3122       -321        0           0           0
-32124      3   0.0477  -2112       -211        111         0           0
-32124      3   0.0238  -2212       -211        211         0           0
-32124      3   0.0477  -2112       -211        111         0           0
-32124      3   0.0953  -2212       111         111         0           0
-32124      3   0.2145  -2212       -211        211         0           0
-32124      3   0.0046  -2112       -211        111         0           0
-32124      3   0.0023  -2212       -211        211         0           0
-32124      3   0.0046  -2112       -211        111         0           0
-32124      3   0.0092  -2212       111         111         0           0
-32124      3   0.0208  -2212       -211        211         0           0
-32124      3   0.1038  -2112       -211        111         0           0
-32124      3   0.0519  -2212       -211        211         0           0
-32124      2   0.0023  -211        -12112      0           0           0
-32124      2   0.0046  111         -12212      0           0           0
-32124      2   0.0138  -211        -1214       0           0           0
-32124      2   0.0069  111         -2124       0           0           0

31214       N(1720)0              1.72000        0.250000        4               1      0      0      0      0.5      0      21
31214       2   0.0254  2112        111         0           0           0
31214       2   0.0507  2212        -211        0           0           0
31214       2   0.0207  2112        221         0           0           0
31214       2   0.1799  2112        223         0           0           0
31214       2   0.0692  3122        311         0           0           0
31214       3   0.2145  2112        211         -211        0           0
31214       3   0.0953  2112        111         111         0           0
31214       3   0.0477  2212        -211        111         0           0
31214       3   0.0238  2112        211         -211        0           0
31214       3   0.0477  2212        -211        111         0           0
31214       3   0.0208  2112        211         -211        0           0
31214       3   0.0092  2112        111         111         0           0
31214       3   0.0046  2212        -211        111         0           0
31214       3   0.0023  2112        211         -211        0           0
31214       3   0.0046  2212        -211        111         0           0
31214       3   0.0519  2112        211         -211        0           0
31214       3   0.1038  2212        -211        111         0           0
31214       2   0.0023  111         12112       0           0           0
31214       2   0.0046  -211        12212       0           0           0
31214       2   0.0069  111         1214        0           0           0
31214       2   0.0138  -211        2124        0           0           0

32124       N(1720)+              1.72000        0.250000        4               1      0      0      0      0.5      1      21
32124       2   0.0507  2112        211         0           0           0
32124       2   0.0254  2212        111         0           0           0
32124       2   0.0207  2212        221         0           0           0
32124       2   0.1799  2212        223         0           0           0
32124       2   0.0692  3122        321         0           0           0
32124       3   0.0477  2112        211         111         0           0
32124       3   0.0238  2212        211         -211        0           0
32124       3   0.0477  2112        211         111         0           0
32124       3   0.0953  2212        111         111         0           0
32124       3   0.2145  2212        211         -211        0           0
32124       3   0.0046  2112        211         111         0           0
32124       3   0.0023  2212        211         -211        0           0
32124       3   0.0046  2112        211         111         0           0
32124       3   0.0092  2212        111         111         0           0
32124       3   0.0208  2212        211         -211        0           0
32124       3   0.1038  2112        211         111         0           0
32124       3   0.0519  2212        211         -211        0           0
32124       2   0.0023  211         12112       0           0           0
32124       2   0.0046  111         12212       0           0           0
32124       2   0.0138  211         1214        0           0           0
32124       2   0.0069  111         2124        0           0           0

-23112      Anti-Sigma(1750)-     1.75000        0.150000        2              -1      1      0      0      1.0      1      9
-23112      2   0.2838  -2112       321         0           0           0
-23112      2   0.14    -3122       211         0           0           0
-23112      2   0.08    -3112       111         0           0           0
-23112      2   0.08    -3212       211         0           0           0
-23112      2   0.2362  -3112       221         0           0           0
-23112      2   0.06    -3114       111         0           0           0
-23112      2   0.06    -3214       211         0           0           0
-23112      2   0.02    -3124       211         0           0           0
-23112      2   0.04    -2112       323         0           0           0

-23212      Anti-Sigma(1750)0     1.75000        0.150000        2              -1      1      0      0      1.0      0      11
-23212      2   0.1419  -2112       311         0           0           0
-23212      2   0.1419  -2212       321         0           0           0
-23212      2   0.14    -3122       111         0           0           0
-23212      2   0.08    -3112       -211        0           0           0
-23212      2   0.08    -3222       211         0           0           0
-23212      2   0.2362  -3212       221         0           0           0
-23212      2   0.06    -3114       -211        0           0           0
-23212      2   0.06    -3224       211         0           0           0
-23212      2   0.02    -3124       111         0           0           0
-23212      2   0.02    -2112       313         0           0           0
-23212      2   0.02    -2212       323         0           0           0

-23222      Anti-Sigma(1750)+     1.75000        0.150000        2              -1      1      0      0      1.0     -1      9
-23222      2   0.2838  -2212       311         0           0           0
-23222      2   0.14    -3122       -211        0           0           0
-23222      2   0.08    -3212       -211        0           0           0
-23222      2   0.08    -3222       111         0           0           0
-23222      2   0.2362  -3222       221         0           0           0
-23222      2   0.06    -3214       -211        0           0           0
-23222      2   0.06    -3224       111         0           0           0
-23222      2   0.02    -3124       -211        0           0           0
-23222      2   0.04    -2212       313         0           0           0

23112       Sigma(1750)-          1.75000        0.150000        2               1     -1      0      0      1.0     -1      9
23112       2   0.2838  2112        -321        0           0           0
23112       2   0.14    3122        -211        0           0           0
23112       2   0.08    3112        111         0           0           0
23112       2   0.08    3212        -211        0           0           0
23112       2   0.2362  3112        221         0           0           0
23112       2   0.06    3114        111         0           0           0
23112       2   0.06    3214        -211        0           0           0
23112       2   0.02    3124        -211        0           0           0
23112       2   0.04    2112        -323        0           0           0

23212       Sigma(1750)0          1.75000        0.150000        2               1     -1      0      0      1.0      0      11
23212       2   0.1419  2112        -311        0           0           0
23212       2   0.1419  2212        -321        0           0           0
23212       2   0.14    3122        111         0           0           0
23212       2   0.08    3112        211         0           0           0
23212       2   0.08    3222        -211        0           0           0
23212       2   0.2362  3212        221         0           0           0
23212       2   0.06    3114        211         0           0           0
23212       2   0.06    3224        -211        0           0           0
23212       2   0.02    3124        111         0           0           0
23212       2   0.02    2112        -313        0           0           0
23212       2   0.02    2212        -323        0           0           0

23222       Sigma(1750)+          1.75000        0.150000        2               1     -1      0      0      1.0      1      9
23222       2   0.2838  2212        -311        0           0           0
23222       2   0.14    3122        211         0           0           0
23222       2   0.08    3212        211         0           0           0
23222       2   0.08    3222        111         0           0           0
23222       2   0.2362  3222        221         0           0           0
23222       2   0.06    3214        211         0           0           0
23222       2   0.06    3224        111         0           0           0
23222       2   0.02    3124        211         0           0           0
23222       2   0.04    2212        -313        0           0           0

9040221     eta(1760)             1.75100        0.240000        1               0      0      0      0      0.0      0      2
9040221     4   0.3333  211         211         -211        -211        0
9040221     4   0.6667  211         -211        111         111         0

-10315      Anti-K2(1770)0        1.77300        0.186000        5               0     -1      0      0      0.5      0      3
-10315      3   0.1111  -311        111         111         0           0
-10315      3   0.4444  -321        211         111         0           0
-10315      3   0.4444  -311        -211        211         0           0

-10325      Anti-K2(1770)+        1.77300        0.186000        5               0     -1      0      0      0.5     -1      3
-10325      3   0.1111  -321        111         111         0           0
-10325      3   0.4444  -311        -211        111         0           0
-10325      3   0.4444  -321        -211        211         0           0

10315       K2(1770)0             1.77300        0.186000        5               0      1      0      0      0.5      0      3
10315       3   0.1111  311         111         111         0           0
10315       3   0.4444  321         -211        111         0           0
10315       3   0.4444  311         211         -211        0           0

10325       K2(1770)+             1.77300        0.186000        5               0      1      0      0      0.5      1      3
10325       3   0.1111  321         111         111         0           0
10325       3   0.4444  311         211         111         0           0
10325       3   0.4444  321         211         -211        0           0

-3116       Anti-Sigma(1775)-     1.77500        0.120000        6              -1      1      0      0      1.0      1      7
-3116       2   0.3828  -2112       321         0           0           0
-3116       2   0.4689  -3122       211         0           0           0
-3116       2   0.0167  -3112       111         0           0           0
-3116       2   0.0167  -3212       211         0           0           0
-3116       2   0.0479  -3114       111         0           0           0
-3116       2   0.0479  -3214       211         0           0           0
-3116       2   0.0191  -3124       211         0           0           0

-3216       Anti-Sigma(1775)0     1.77500        0.120000        6              -1      1      0      0      1.0      0      8
-3216       2   0.1914  -2112       311         0           0           0
-3216       2   0.1914  -2212       321         0           0           0
-3216       2   0.4689  -3122       111         0           0           0
-3216       2   0.0167  -3112       -211        0           0           0
-3216       2   0.0167  -3222       211         0           0           0
-3216       2   0.0479  -3114       -211        0           0           0
-3216       2   0.0479  -3224       211         0           0           0
-3216       2   0.0191  -3124       111         0           0           0

-3226       Anti-Sigma(1775)+     1.77500        0.120000        6              -1      1      0      0      1.0     -1      7
-3226       2   0.3828  -2212       311         0           0           0
-3226       2   0.4689  -3122       -211        0           0           0
-3226       2   0.0167  -3212       -211        0           0           0
-3226       2   0.0167  -3222       111         0           0           0
-3226       2   0.0479  -3214       -211        0           0           0
-3226       2   0.0479  -3224       111         0           0           0
-3226       2   0.0191  -3124       -211        0           0           0

3116        Sigma(1775)-          1.77500        0.120000        6               1     -1      0      0      1.0     -1      7
3116        2   0.3828  2112        -321        0           0           0
3116        2   0.4689  3122        -211        0           0           0
3116        2   0.0167  3112        111         0           0           0
3116        2   0.0167  3212        -211        0           0           0
3116        2   0.0479  3114        111         0           0           0
3116        2   0.0479  3214        -211        0           0           0
3116        2   0.0191  3124        -211        0           0           0

3216        Sigma(1775)0          1.77500        0.120000        6               1     -1      0      0      1.0      0      8
3216        2   0.1914  2112        -311        0           0           0
3216        2   0.1914  2212        -321        0           0           0
3216        2   0.4689  3122        111         0           0           0
3216        2   0.0167  3112        211         0           0           0
3216        2   0.0167  3222        -211        0           0           0
3216        2   0.0479  3114        211         0           0           0
3216        2   0.0479  3224        -211        0           0           0
3216        2   0.0191  3124        111         0           0           0

3226        Sigma(1775)+          1.77500        0.120000        6               1     -1      0      0      1.0      1      7
3226        2   0.3828  2212        -311        0           0           0
3226        2   0.4689  3122        211         0           0           0
3226        2   0.0167  3212        211         0           0           0
3226        2   0.0167  3222        111         0           0           0
3226        2   0.0479  3214        211         0           0           0
3226        2   0.0479  3224        111         0           0           0
3226        2   0.0191  3124        211         0           0           0

-317        Anti-K3*(1780)0       1.77900        0.161000        7               0     -1      0      0      0.5      0      9
-317        2   0.0892  -311        113         0           0           0
-317        2   0.1785  -321        213         0           0           0
-317        2   0.0576  111         -313        0           0           0
-317        2   0.1151  211         -323        0           0           0
-317        2   0.0541  -311        111         0           0           0
-317        2   0.1082  -321        211         0           0           0
-317        2   0.2591  -311        221         0           0           0
-317        2   0.0461  111         -315        0           0           0
-317        2   0.0921  211         -325        0           0           0

-327        Anti-K3*(1780)+       1.77900        0.161000        7               0     -1      0      0      0.5     -1      9
-327        2   0.1785  -311        -213        0           0           0
-327        2   0.0892  -321        113         0           0           0
-327        2   0.1151  -211        -313        0           0           0
-327        2   0.0576  111         -323        0           0           0
-327        2   0.1082  -311        -211        0           0           0
-327        2   0.0541  -321        111         0           0           0
-327        2   0.2591  -321        221         0           0           0
-327        2   0.0921  -211        -315        0           0           0
-327        2   0.0461  111         -325        0           0           0

317         K3*(1780)0            1.77900        0.161000        7               0      1      0      0      0.5      0      9
317         2   0.0892  311         113         0           0           0
317         2   0.1785  321         -213        0           0           0
317         2   0.0576  111         313         0           0           0
317         2   0.1151  -211        323         0           0           0
317         2   0.0541  311         111         0           0           0
317         2   0.1082  321         -211        0           0           0
317         2   0.2591  311         221         0           0           0
317         2   0.0461  111         315         0           0           0
317         2   0.0921  -211        325         0           0           0

327         K3*(1780)+            1.77900        0.161000        7               0      1      0      0      0.5      1      9
327         2   0.1785  311         213         0           0           0
327         2   0.0892  321         113         0           0           0
327         2   0.1151  211         313         0           0           0
327         2   0.0576  111         323         0           0           0
327         2   0.1082  311         211         0           0           0
327         2   0.0541  321         111         0           0           0
327         2   0.2591  321         221         0           0           0
327         2   0.0921  211         315         0           0           0
327         2   0.0461  111         325         0           0           0

-9843114    Anti-Sigma(1780)-     1.78000        0.200000        4              -1      1      0      0      1.0      1      4
-9843114    2   0.0238  -2112       321         0           0           0
-9843114    2   0.8333  -3122       211         0           0           0
-9843114    2   0.0714  -3112       111         0           0           0
-9843114    2   0.0714  -3212       211         0           0           0

-9843214    Anti-Sigma(1780)0     1.78000        0.200000        4              -1      1      0      0      1.0      0      5
-9843214    2   0.0119  -2112       311         0           0           0
-9843214    2   0.0119  -2212       321         0           0           0
-9843214    2   0.8333  -3122       111         0           0           0
-9843214    2   0.0714  -3112       -211        0           0           0
-9843214    2   0.0714  -3222       211         0           0           0

-9843224    Anti-Sigma(1780)+     1.78000        0.200000        4              -1      1      0      0      1.0     -1      4
-9843224    2   0.0238  -2212       311         0           0           0
-9843224    2   0.8333  -3122       -211        0           0           0
-9843224    2   0.0714  -3212       -211        0           0           0
-9843224    2   0.0714  -3222       111         0           0           0

9843114     Sigma(1780)-          1.78000        0.200000        4               1     -1      0      0      1.0     -1      4
9843114     2   0.0238  2112        -321        0           0           0
9843114     2   0.8333  3122        -211        0           0           0
9843114     2   0.0714  3112        111         0           0           0
9843114     2   0.0714  3212        -211        0           0           0

9843214     Sigma(1780)0          1.78000        0.200000        4               1     -1      0      0      1.0      0      5
9843214     2   0.0119  2112        -311        0           0           0
9843214     2   0.0119  2212        -321        0           0           0
9843214     2   0.8333  3122        111         0           0           0
9843214     2   0.0714  3112        211         0           0           0
9843214     2   0.0714  3222        -211        0           0           0

9843224     Sigma(1780)+          1.78000        0.200000        4               1     -1      0      0      1.0      1      4
9843224     2   0.0238  2212        -311        0           0           0
9843224     2   0.8333  3122        211         0           0           0
9843224     2   0.0714  3212        211         0           0           0
9843224     2   0.0714  3222        111         0           0           0

-43122      Anti-Lambda(1800)     1.80000        0.200000        2              -1      1      0      0      0.0      0      13
-43122      2   0.1625  -2112       311         0           0           0
-43122      2   0.1625  -2212       321         0           0           0
-43122      2   0.09    -3112       -211        0           0           0
-43122      2   0.09    -3212       111         0           0           0
-43122      2   0.09    -3222       211         0           0           0
-43122      2   0.03    -211        -3114       0           0           0
-43122      2   0.03    111         -3214       0           0           0
-43122      2   0.03    211         -3224       0           0           0
-43122      2   0.035   -3122       221         0           0           0
-43122      2   0.07    -2112       313         0           0           0
-43122      2   0.07    -2212       323         0           0           0
-43122      2   0.07    -2112       313         0           0           0
-43122      2   0.07    -2212       323         0           0           0

43122       Lambda(1800)          1.80000        0.200000        2               1     -1      0      0      0.0      0      13
43122       2   0.1625  2112        -311        0           0           0
43122       2   0.1625  2212        -321        0           0           0
43122       2   0.09    3112        211         0           0           0
43122       2   0.09    3212        111         0           0           0
43122       2   0.09    3222        -211        0           0           0
43122       2   0.03    211         3114        0           0           0
43122       2   0.03    111         3214        0           0           0
43122       2   0.03    -211        3224        0           0           0
43122       2   0.035   3122        221         0           0           0
43122       2   0.07    2112        -313        0           0           0
43122       2   0.07    2212        -323        0           0           0
43122       2   0.07    2112        -313        0           0           0
43122       2   0.07    2212        -323        0           0           0

-9010211    pi(1800)-             1.81000        0.215000        1               0      0      0      0      1.0     -1      3
-9010211    3   0.3333  -211        111        111          0           0
-9010211    3   0.3333  -211        -211        211         0           0
-9010211    3   0.3333  221         221        -211         0           0

9010111     pi(1800)0             1.81000        0.215000        1               0      0      0      0      1.0      0      2
9010111     3   0.6667  211         -211        111         0           0
9010111     3   0.3333  221         221         111         0           0

9010211     pi(1800)+             1.81000        0.215000        1               0      0      0      0      1.0      1      3
9010211     3   0.3333  211         111         111         0           0
9010211     3   0.3333  211         211         -211        0           0
9010211     3   0.3333  221         221         211         0           0

-53122      Anti-Lambda(1810)     1.81300        0.110000        2              -1      1      0      0      0.0      0      14
-53122      2   0.0714  -33122      22          0           0           0
-53122      2   0.1019  -2112       311         0           0           0
-53122      2   0.1019  -2212       321         0           0           0
-53122      2   0.0533  -3112       -211        0           0           0
-53122      2   0.0533  -3212       111         0           0           0
-53122      2   0.0533  -3222       211         0           0           0
-53122      2   0.111   -3122       221         0           0           0
-53122      2   0.0255  -3312       -321        0           0           0
-53122      2   0.0255  -3322       -311        0           0           0
-53122      2   0.1333  -211        -3114       0           0           0
-53122      2   0.1333  111         -3214       0           0           0
-53122      2   0.1333  211         -3224       0           0           0
-53122      2   0.0015  -2112       313         0           0           0
-53122      2   0.0015  -2212       323         0           0           0

53122       Lambda(1810)          1.81300        0.110000        2               1     -1      0      0      0.0      0      14
53122       2   0.0714  33122       22          0           0           0
53122       2   0.1019  2112        -311        0           0           0
53122       2   0.1019  2212        -321        0           0           0
53122       2   0.0533  3112        211         0           0           0
53122       2   0.0533  3212        111         0           0           0
53122       2   0.0533  3222        -211        0           0           0
53122       2   0.111   3122        221         0           0           0
53122       2   0.0255  3312        321         0           0           0
53122       2   0.0255  3322        311         0           0           0
53122       2   0.1333  211         3114        0           0           0
53122       2   0.1333  111         3214        0           0           0
53122       2   0.1333  -211        3224        0           0           0
53122       2   0.0015  2112        -313        0           0           0
53122       2   0.0015  2212        -323        0           0           0

9030225     f2(1810)              1.81500        0.197000        5               0      0      0      0      0.0      0      6
9030225     2   0.661   10331       22          0           0           0
9030225     2   0.2167  211         -211        0           0           0
9030225     2   0.1083  111         111         0           0           0
9030225     2   0.008   221         221         0           0           0
9030225     2   0.003   321         -321        0           0           0
9030225     2   0.003   311         -311        0           0           0

-20315      Anti-K2(1820)0        1.81900        0.264000        5               0     -1      0      0      0.5      0      8
-20315      2   0.0855  111         -315        0           0           0
-20315      2   0.171   211         -325        0           0           0
-20315      3   0.0018  -311        111         111         0           0
-20315      3   0.0074  -321        211         111         0           0
-20315      3   0.0074  -311        -211        211         0           0
-20315      2   0.0599  -311        225         0           0           0
-20315      2   0.3333  -311        223         0           0           0
-20315      2   0.3333  -311        333         0           0           0

-20325      Anti-K2(1820)+        1.81900        0.264000        5               0     -1      0      0      0.5     -1      8
-20325      2   0.171   -211        -315        0           0           0
-20325      2   0.0855  111         -325        0           0           0
-20325      3   0.0018  -321        111         111         0           0
-20325      3   0.0074  -311        -211        111         0           0
-20325      3   0.0074  -321        -211        211         0           0
-20325      2   0.0599  -321        225         0           0           0
-20325      2   0.3333  -321        223         0           0           0
-20325      2   0.3333  -321        333         0           0           0

20315       K2(1820)0             1.81900        0.264000        5               0      1      0      0      0.5      0      8
20315       2   0.0855  111         315         0           0           0
20315       2   0.171   -211        325         0           0           0
20315       3   0.0018  311         111         111         0           0
20315       3   0.0074  321         -211        111         0           0
20315       3   0.0074  311         211         -211        0           0
20315       2   0.0599  311         225         0           0           0
20315       2   0.3333  311         223         0           0           0
20315       2   0.3333  311         333         0           0           0

20325       K2(1820)+             1.81900        0.264000        5               0      1      0      0      0.5      1      8
20325       2   0.171   211         315         0           0           0
20325       2   0.0855  111         325         0           0           0
20325       3   0.0018  321         111         111         0           0
20325       3   0.0074  311         211         111         0           0
20325       3   0.0074  321         211         -211        0           0
20325       2   0.0599  321         225         0           0           0
20325       2   0.3333  321         223         0           0           0
20325       2   0.3333  321         333         0           0           0

-3126       Anti-Lambda(1820)     1.82000        0.080000        6              -1      1      0      0      0.0      0      15
-3126       2   0.059   -3124       22          0           0           0
-3126       2   0.315   -2112       311         0           0           0
-3126       2   0.315   -2212       321         0           0           0
-3126       2   0.0767  -3112       -211        0           0           0
-3126       2   0.0767  -3212       111         0           0           0
-3126       2   0.0767  -3222       211         0           0           0
-3126       2   0.0033  -211        -3114       0           0           0
-3126       2   0.0033  111         -3214       0           0           0
-3126       2   0.0033  211         -3224       0           0           0
-3126       2   0.01    -211        -3114       0           0           0
-3126       2   0.01    111         -3214       0           0           0
-3126       2   0.01    211         -3224       0           0           0
-3126       2   0.001   -3122       221         0           0           0
-3126       2   0.02    -2112       313         0           0           0
-3126       2   0.02    -2212       323         0           0           0

3126        Lambda(1820)          1.82000        0.080000        6               1     -1      0      0      0.0      0      15
3126        2   0.059   3124        22          0           0           0
3126        2   0.315   2112        -311        0           0           0
3126        2   0.315   2212        -321        0           0           0
3126        2   0.0767  3112        211         0           0           0
3126        2   0.0767  3212        111         0           0           0
3126        2   0.0767  3222        -211        0           0           0
3126        2   0.0033  211         3114        0           0           0
3126        2   0.0033  111         3214        0           0           0
3126        2   0.0033  -211        3224        0           0           0
3126        2   0.01    211         3114        0           0           0
3126        2   0.01    111         3214        0           0           0
3126        2   0.01    -211        3224        0           0           0
3126        2   0.001   3122        221         0           0           0
3126        2   0.02    2112        -313        0           0           0
3126        2   0.02    2212        -323        0           0           0

-13314      Anti-Ksi(1820)-       1.82300        0.024000        4              -1      2      0      0      0.5      1      7
-13314      2   0.3     -3122       321         0           0           0
-13314      2   0.2     -3112       311         0           0           0
-13314      2   0.1     -3212       321         0           0           0
-13314      2   0.0333  -3312       111         0           0           0
-13314      2   0.0667  -3322       211         0           0           0
-13314      2   0.1     111         -3314       0           0           0
-13314      2   0.2     211         -3324       0           0           0

-13324      Anti-Ksi(1820)0       1.82300        0.024000        4              -1      2      0      0      0.5      0      7
-13324      2   0.3     -3122       311         0           0           0
-13324      2   0.1     -3212       311         0           0           0
-13324      2   0.2     -3222       321         0           0           0
-13324      2   0.0667  -3312       -211        0           0           0
-13324      2   0.0333  -3322       111         0           0           0
-13324      2   0.2     -211        -3314       0           0           0
-13324      2   0.1     111         -3324       0           0           0

13314       Ksi(1820)-            1.82300        0.024000        4               1     -2      0      0      0.5     -1      7
13314       2   0.3     3122        -321        0           0           0
13314       2   0.2     3112        -311        0           0           0
13314       2   0.1     3212        -321        0           0           0
13314       2   0.0333  3312        111         0           0           0
13314       2   0.0667  3322        -211        0           0           0
13314       2   0.1     111         3314        0           0           0
13314       2   0.2     -211        3324        0           0           0

13324       Ksi(1820)0            1.82300        0.024000        4               1     -2      0      0      0.5      0      7
13324       2   0.3     3122        -311        0           0           0
13324       2   0.1     3212        -311        0           0           0
13324       2   0.2     3222        -321        0           0           0
13324       2   0.0667  3312        211         0           0           0
13324       2   0.0333  3322        111         0           0           0
13324       2   0.2     211         3314        0           0           0
13324       2   0.1     111         3324        0           0           0

-13126      Anti-Lambda(1830)     1.82500        0.090000        6              -1      1      0      0      0.0      0      18
-13126      2   0.0216  -2112       311         0           0           0
-13126      2   0.0216  -2212       321         0           0           0
-13126      2   0.1238  -3112       -211        0           0           0
-13126      2   0.1238  -3212       111         0           0           0
-13126      2   0.1238  -3222       211         0           0           0
-13126      2   0.1061  -211        -3114       0           0           0
-13126      2   0.1061  111         -3214       0           0           0
-13126      2   0.1061  211         -3224       0           0           0
-13126      2   0.0059  -211        -3114       0           0           0
-13126      2   0.0059  111         -3214       0           0           0
-13126      2   0.0059  211         -3224       0           0           0
-13126      2   0.0212  -3122       221         0           0           0
-13126      2   0.0592  -2112       313         0           0           0
-13126      2   0.0592  -2212       323         0           0           0
-13126      2   0.0508  -2112       313         0           0           0
-13126      2   0.0508  -2212       323         0           0           0
-13126      2   0.0039  -2112       313         0           0           0
-13126      2   0.0039  -2212       323         0           0           0

13126       Lambda(1830)          1.82500        0.090000        6               1     -1      0      0      0.0      0      18
13126       2   0.0216  2112        -311        0           0           0
13126       2   0.0216  2212        -321        0           0           0
13126       2   0.1238  3112        211         0           0           0
13126       2   0.1238  3212        111         0           0           0
13126       2   0.1238  3222        -211        0           0           0
13126       2   0.1061  211         3114        0           0           0
13126       2   0.1061  111         3214        0           0           0
13126       2   0.1061  -211        3224        0           0           0
13126       2   0.0059  211         3114        0           0           0
13126       2   0.0059  111         3214        0           0           0
13126       2   0.0059  -211        3224        0           0           0
13126       2   0.0212  3122        221         0           0           0
13126       2   0.0592  2112        -313        0           0           0
13126       2   0.0592  2212        -323        0           0           0
13126       2   0.0508  2112        -313        0           0           0
13126       2   0.0508  2212        -323        0           0           0
13126       2   0.0039  2112        -313        0           0           0
13126       2   0.0039  2212        -323        0           0           0

10335       eta2(1870)            1.84200        0.225000        5               0      0      0      0      0.0      0      7
10335       2   0.3045  115         111         0           0           0
10335       2   0.3045  215         -211        0           0           0
10335       2   0.3045  -215        211         0           0           0
10335       2   0.0584  225         221         0           0           0
10335       2   0.0093  9000111     111         0           0           0
10335       2   0.0093  9000211     -211        0           0           0
10335       2   0.0093  -9000211    211         0           0           0

337         phi3(1850)            1.85400        0.087000        7               0      0      0      0      0.0      0      6
337         2   0.3226  -311        311         0           0           0
337         2   0.3226  -321        321         0           0           0
337         2   0.0887  311         -313        0           0           0
337         2   0.0887  321         -323        0           0           0
337         2   0.0887  -311        313         0           0           0
337         2   0.0887  -321        323         0           0           0

-11112      Anti-Delta(1900)-     1.86000        0.250000        2              -1      0      0      0      1.5      1      10
-11112      2   0.0607  -2112       211         0           0           0
-11112      2   0.0085  -3112       -311        0           0           0
-11112      3   0.2336  -2112       211         111         0           0
-11112      3   0.1038  -2112       211         111         0           0
-11112      3   0.0519  -2212       211         211         0           0
-11112      3   0.1523  -2112       211         111         0           0
-11112      3   0.1946  -2112       211         111         0           0
-11112      2   0.1354  211         -12112      0           0           0
-11112      2   0.0508  211         -1214       0           0           0
-11112      2   0.0085  221         -1114       0           0           0

-11212      Anti-Delta(1900)0     1.86000        0.250000        2              -1      0      0      0      1.5      0      18
-11212      2   0.0405  -2112       111         0           0           0
-11212      2   0.0202  -2212       211         0           0           0
-11212      2   0.0028  -3112       -321        0           0           0
-11212      2   0.0057  -3212       -311        0           0           0
-11212      3   0.1557  -2112       -211        211         0           0
-11212      3   0.0173  -2112       111         111         0           0
-11212      3   0.0086  -2212       211         111         0           0
-11212      3   0.0692  -2112       -211        211         0           0
-11212      3   0.1384  -2212       211         111         0           0
-11212      3   0.1297  -2112       -211        211         0           0
-11212      3   0.0649  -2212       211         111         0           0
-11212      3   0.1015  -2112       -211        211         0           0
-11212      3   0.0508  -2212       211         111         0           0
-11212      2   0.0903  111         -12112      0           0           0
-11212      2   0.0451  211         -12212      0           0           0
-11212      2   0.0339  111         -1214       0           0           0
-11212      2   0.0169  211         -2124       0           0           0
-11212      2   0.0085  221         -2114       0           0           0

-12122      Anti-Delta(1900)+     1.86000        0.250000        2              -1      0      0      0      1.5     -1      18
-12122      2   0.0202  -2112       -211        0           0           0
-12122      2   0.0405  -2212       111         0           0           0
-12122      2   0.0057  -3212       -321        0           0           0
-12122      2   0.0028  -3222       -311        0           0           0
-12122      3   0.1384  -2112       -211        111         0           0
-12122      3   0.0692  -2212       -211        211         0           0
-12122      3   0.0086  -2112       -211        111         0           0
-12122      3   0.0173  -2212       111         111         0           0
-12122      3   0.1557  -2212       -211        211         0           0
-12122      3   0.0649  -2112       -211        111         0           0
-12122      3   0.1297  -2212       -211        211         0           0
-12122      3   0.0508  -2112       -211        111         0           0
-12122      3   0.1015  -2212       -211        211         0           0
-12122      2   0.0451  -211        -12112      0           0           0
-12122      2   0.0903  111         -12212      0           0           0
-12122      2   0.0169  -211        -1214       0           0           0
-12122      2   0.0339  111         -2124       0           0           0
-12122      2   0.0085  221         -2214       0           0           0

-12222      Anti-Delta(1900)++    1.86000        0.250000        2              -1      0      0      0      1.5     -2      10
-12222      2   0.0607  -2212       -211        0           0           0
-12222      2   0.0085  -3222       -321        0           0           0
-12222      3   0.0519  -2112       -211        -211        0           0
-12222      3   0.1038  -2212       -211        111         0           0
-12222      3   0.2336  -2212       -211        111         0           0
-12222      3   0.1523  -2212       -211        111         0           0
-12222      3   0.1946  -2212       -211        111         0           0
-12222      2   0.1354  -211        -12212      0           0           0
-12222      2   0.0508  -211        -2124       0           0           0
-12222      2   0.0085  221         -2224       0           0           0

11112       Delta(1900)-          1.86000        0.250000        2               1      0      0      0      1.5     -1      10
11112       2   0.0607  2112        -211        0           0           0
11112       2   0.0085  3112        311         0           0           0
11112       3   0.2336  2112        -211        111         0           0
11112       3   0.1038  2112        -211        111         0           0
11112       3   0.0519  2212        -211        -211        0           0
11112       3   0.1523  2112        -211        111         0           0
11112       3   0.1946  2112        -211        111         0           0
11112       2   0.1354  -211        12112       0           0           0
11112       2   0.0508  -211        1214        0           0           0
11112       2   0.0085  221         1114        0           0           0

11212       Delta(1900)0          1.86000        0.250000        2               1      0      0      0      1.5      0      18
11212       2   0.0405  2112        111         0           0           0
11212       2   0.0202  2212        -211        0           0           0
11212       2   0.0028  3112        321         0           0           0
11212       2   0.0057  3212        311         0           0           0
11212       3   0.1557  2112        211         -211        0           0
11212       3   0.0173  2112        111         111         0           0
11212       3   0.0086  2212        -211        111         0           0
11212       3   0.0692  2112        211         -211        0           0
11212       3   0.1384  2212        -211        111         0           0
11212       3   0.1297  2112        211         -211        0           0
11212       3   0.0649  2212        -211        111         0           0
11212       3   0.1015  2112        211         -211        0           0
11212       3   0.0508  2212        -211        111         0           0
11212       2   0.0903  111         12112       0           0           0
11212       2   0.0451  -211        12212       0           0           0
11212       2   0.0339  111         1214        0           0           0
11212       2   0.0169  -211        2124        0           0           0
11212       2   0.0085  221         2114        0           0           0

12122       Delta(1900)+          1.86000        0.250000        2               1      0      0      0      1.5      1      18
12122       2   0.0202  2112        211         0           0           0
12122       2   0.0405  2212        111         0           0           0
12122       2   0.0057  3212        321         0           0           0
12122       2   0.0028  3222        311         0           0           0
12122       3   0.1384  2112        211         111         0           0
12122       3   0.0692  2212        211         -211        0           0
12122       3   0.0086  2112        211         111         0           0
12122       3   0.0173  2212        111         111         0           0
12122       3   0.1557  2212        211         -211        0           0
12122       3   0.0649  2112        211         111         0           0
12122       3   0.1297  2212        211         -211        0           0
12122       3   0.0508  2112        211         111         0           0
12122       3   0.1015  2212        211         -211        0           0
12122       2   0.0451  211         12112       0           0           0
12122       2   0.0903  111         12212       0           0           0
12122       2   0.0169  211         1214        0           0           0
12122       2   0.0339  111         2124        0           0           0
12122       2   0.0085  221         2214        0           0           0

12222       Delta(1900)++         1.86000        0.250000        2               1      0      0      0      1.5      2      10
12222       2   0.0607  2212        211         0           0           0
12222       2   0.0085  3222        321         0           0           0
12222       3   0.0519  2112        211         211         0           0
12222       3   0.1038  2212        211         111         0           0
12222       3   0.2336  2212        211         111         0           0
12222       3   0.1523  2212        211         111         0           0
12222       3   0.1946  2212        211         111         0           0
12222       2   0.1354  211         12212       0           0           0
12222       2   0.0508  211         2124        0           0           0
12222       2   0.0085  221         2224        0           0           0

-7110215    pi2(1880)-            1.87400        0.237000        5               0      0      0      0      1.0     -1      4
-7110215    2   0.39    -9000211    221         0           0           0
-7110215    2   0.479   -215        221         0           0           0
-7110215    2   0.1092  9030221     -211        0           0           0
-7110215    2   0.0211  20223       -211        0           0           0

7110115     pi2(1880)0            1.87400        0.237000        5               0      0      0      0      1.0      0      4
7110115     2   0.39    9000111     221         0           0           0
7110115     2   0.479   115         221         0           0           0
7110115     2   0.1092  9030221     111         0           0           0
7110115     2   0.0211  20223       111         0           0           0

7110215     pi2(1880)+            1.87400        0.237000        5               0      0      0      0      1.0      1      4
7110215     2   0.39    9000211     221         0           0           0
7110215     2   0.479   215         221         0           0           0
7110215     2   0.1092  9030221     211         0           0           0
7110215     2   0.0211  20223       211         0           0           0

-9010311    Anti-K(1830)0         1.87400        0.168000        1               0     -1      0      0      0.5      0      1
-9010311    2   1.0000  333         -311        0           0           0

-9010321    Anti-K(1830)+         1.87400        0.168000        1               0     -1      0      0      0.5     -1      1
-9010321    2   1.0000  333         -321        0           0           0

9010311     K(1830)0              1.87400        0.168000        1               0      1      0      0      0.5      0      1
9010311     2   1.0000  333         311         0           0           0

9010321     K(1830)+              1.87400        0.168000        1               0      1      0      0      0.5      1      1
9010321     2   1.0000  333         321         0           0           0

-9811214    Anti-N(1875)0         1.87500        0.200000        4              -1      0      0      0      0.5      0      23
-9811214    2   0.0233  -2112       111         0           0           0
-9811214    2   0.0467  -2212       211         0           0           0
-9811214    2   0.095   -2112       221         0           0           0
-9811214    2   0.165   -2112       223         0           0           0
-9811214    2   0.005   -3112       -321        0           0           0
-9811214    2   0.0025  -3212       -311        0           0           0
-9811214    2   0.015   -3122       -311        0           0           0
-9811214    3   0.0575  -2112       -211        211         0           0
-9811214    3   0.0255  -2112       111         111         0           0
-9811214    3   0.0128  -2212       211         111         0           0
-9811214    3   0.0064  -2112       -211        211         0           0
-9811214    3   0.0128  -2212       211         111         0           0
-9811214    3   0.0625  -2112       -211        211         0           0
-9811214    3   0.0278  -2112       111         111         0           0
-9811214    3   0.0139  -2212       211         111         0           0
-9811214    3   0.0069  -2112       -211        211         0           0
-9811214    3   0.0139  -2212       211         111         0           0
-9811214    3   0.1158  -2112       -211        211         0           0
-9811214    3   0.2317  -2212       211         111         0           0
-9811214    2   0.0167  111         -12112      0           0           0
-9811214    2   0.0333  211         -12212      0           0           0
-9811214    2   0.0033  111         -1214       0           0           0
-9811214    2   0.0067  211         -2124       0           0           0

-9812124    Anti-N(1875)+         1.87500        0.200000        4              -1      0      0      0      0.5     -1      23
-9812124    2   0.0467  -2112       -211        0           0           0
-9812124    2   0.0233  -2212       111         0           0           0
-9812124    2   0.095   -2212       221         0           0           0
-9812124    2   0.165   -2212       223         0           0           0
-9812124    2   0.0025  -3212       -321        0           0           0
-9812124    2   0.005   -3222       -311        0           0           0
-9812124    2   0.015   -3122       -321        0           0           0
-9812124    3   0.0128  -2112       -211        111         0           0
-9812124    3   0.0064  -2212       -211        211         0           0
-9812124    3   0.0128  -2112       -211        111         0           0
-9812124    3   0.0255  -2212       111         111         0           0
-9812124    3   0.0575  -2212       -211        211         0           0
-9812124    3   0.0139  -2112       -211        111         0           0
-9812124    3   0.0069  -2212       -211        211         0           0
-9812124    3   0.0139  -2112       -211        111         0           0
-9812124    3   0.0278  -2212       111         111         0           0
-9812124    3   0.0625  -2212       -211        211         0           0
-9812124    3   0.2317  -2112       -211        111         0           0
-9812124    3   0.1158  -2212       -211        211         0           0
-9812124    2   0.0333  -211        -12112      0           0           0
-9812124    2   0.0167  111         -12212      0           0           0
-9812124    2   0.0067  -211        -1214       0           0           0
-9812124    2   0.0033  111         -2124       0           0           0

9811214     N(1875)0              1.87500        0.200000        4               1      0      0      0      0.5      0      23
9811214     2   0.0233  2112        111         0           0           0
9811214     2   0.0467  2212        -211        0           0           0
9811214     2   0.095   2112        221         0           0           0
9811214     2   0.165   2112        223         0           0           0
9811214     2   0.005   3112        321         0           0           0
9811214     2   0.0025  3212        311         0           0           0
9811214     2   0.015   3122        311         0           0           0
9811214     3   0.0575  2112        211         -211        0           0
9811214     3   0.0255  2112        111         111         0           0
9811214     3   0.0128  2212        -211        111         0           0
9811214     3   0.0064  2112        211         -211        0           0
9811214     3   0.0128  2212        -211        111         0           0
9811214     3   0.0625  2112        211         -211        0           0
9811214     3   0.0278  2112        111         111         0           0
9811214     3   0.0139  2212        -211        111         0           0
9811214     3   0.0069  2112        211         -211        0           0
9811214     3   0.0139  2212        -211        111         0           0
9811214     3   0.1158  2112        211         -211        0           0
9811214     3   0.2317  2212        -211        111         0           0
9811214     2   0.0167  111         12112       0           0           0
9811214     2   0.0333  -211        12212       0           0           0
9811214     2   0.0033  111         1214        0           0           0
9811214     2   0.0067  -211        2124        0           0           0

9812124     N(1875)+              1.87500        0.200000        4               1      0      0      0      0.5      1      23
9812124     2   0.0467  2112        211         0           0           0
9812124     2   0.0233  2212        111         0           0           0
9812124     2   0.095   2212        221         0           0           0
9812124     2   0.165   2212        223         0           0           0
9812124     2   0.0025  3212        321         0           0           0
9812124     2   0.005   3222        311         0           0           0
9812124     2   0.015   3122        321         0           0           0
9812124     3   0.0128  2112        211         111         0           0
9812124     3   0.0064  2212        211         -211        0           0
9812124     3   0.0128  2112        211         111         0           0
9812124     3   0.0255  2212        111         111         0           0
9812124     3   0.0575  2212        211         -211        0           0
9812124     3   0.0139  2112        211         111         0           0
9812124     3   0.0069  2212        211         -211        0           0
9812124     3   0.0139  2112        211         111         0           0
9812124     3   0.0278  2212        111         111         0           0
9812124     3   0.0625  2212        211         -211        0           0
9812124     3   0.2317  2112        211         111         0           0
9812124     3   0.1158  2212        211         -211        0           0
9812124     2   0.0333  211         12112       0           0           0
9812124     2   0.0167  111         12212       0           0           0
9812124     2   0.0067  211         1214        0           0           0
9812124     2   0.0033  111         2124        0           0           0

7200221     X(1835)               1.87700        0.242000        1               0      0      0      0      0.0      0      2
7200221     2   0.2500  2212        -2212       0           0           0
7200221     3   0.7500  331         211         -211        0           0

-9843112    Anti-Sigma(1880)-     1.88000        0.200000        2              -1      1      0      0      1.0      1      9
-9843112    2   0.1564  -2112       321         0           0           0
-9843112    2   0.1138  -3122       211         0           0           0
-9843112    2   0.176   -3112       111         0           0           0
-9843112    2   0.176   -3212       211         0           0           0
-9843112    2   0.0156  -3124       211         0           0           0
-9843112    2   0.0098  -2112       323         0           0           0
-9843112    2   0.0473  -2112       323         0           0           0
-9843112    2   0.2287  -1114       311         0           0           0
-9843112    2   0.0763  -2114       321         0           0           0

-9843212    Anti-Sigma(1880)0     1.88000        0.200000        2              -1      1      0      0      1.0      0      12
-9843212    2   0.0782  -2112       311         0           0           0
-9843212    2   0.0782  -2212       321         0           0           0
-9843212    2   0.1138  -3122       111         0           0           0
-9843212    2   0.176   -3112       -211        0           0           0
-9843212    2   0.176   -3222       211         0           0           0
-9843212    2   0.0156  -3124       111         0           0           0
-9843212    2   0.0049  -2112       313         0           0           0
-9843212    2   0.0049  -2212       323         0           0           0
-9843212    2   0.0236  -2112       313         0           0           0
-9843212    2   0.0236  -2212       323         0           0           0
-9843212    2   0.1525  -2114       311         0           0           0
-9843212    2   0.1525  -2214       321         0           0           0

-9843222    Anti-Sigma(1880)+     1.88000        0.200000        2              -1      1      0      0      1.0     -1      9
-9843222    2   0.1564  -2212       311         0           0           0
-9843222    2   0.1138  -3122       -211        0           0           0
-9843222    2   0.176   -3212       -211        0           0           0
-9843222    2   0.176   -3222       111         0           0           0
-9843222    2   0.0156  -3124       -211        0           0           0
-9843222    2   0.0098  -2212       313         0           0           0
-9843222    2   0.0473  -2212       313         0           0           0
-9843222    2   0.0763  -2214       311         0           0           0
-9843222    2   0.2287  -2224       321         0           0           0

9843112     Sigma(1880)-          1.88000        0.200000        2               1     -1      0      0      1.0     -1      9
9843112     2   0.1564  2112        -321        0           0           0
9843112     2   0.1138  3122        -211        0           0           0
9843112     2   0.176   3112        111         0           0           0
9843112     2   0.176   3212        -211        0           0           0
9843112     2   0.0156  3124        -211        0           0           0
9843112     2   0.0098  2112        -323        0           0           0
9843112     2   0.0473  2112        -323        0           0           0
9843112     2   0.2287  1114        -311        0           0           0
9843112     2   0.0763  2114        -321        0           0           0

9843212     Sigma(1880)0          1.88000        0.200000        2               1     -1      0      0      1.0      0      12
9843212     2   0.0782  2112        -311        0           0           0
9843212     2   0.0782  2212        -321        0           0           0
9843212     2   0.1138  3122        111         0           0           0
9843212     2   0.176   3112        211         0           0           0
9843212     2   0.176   3222        -211        0           0           0
9843212     2   0.0156  3124        111         0           0           0
9843212     2   0.0049  2112        -313        0           0           0
9843212     2   0.0049  2212        -323        0           0           0
9843212     2   0.0236  2112        -313        0           0           0
9843212     2   0.0236  2212        -323        0           0           0
9843212     2   0.1525  2114        -311        0           0           0
9843212     2   0.1525  2214        -321        0           0           0

9843222     Sigma(1880)+          1.88000        0.200000        2               1     -1      0      0      1.0      1      9
9843222     2   0.1564  2212        -311        0           0           0
9843222     2   0.1138  3122        211         0           0           0
9843222     2   0.176   3212        211         0           0           0
9843222     2   0.176   3222        111         0           0           0
9843222     2   0.0156  3124        211         0           0           0
9843222     2   0.0098  2212        -313        0           0           0
9843222     2   0.0473  2212        -313        0           0           0
9843222     2   0.0763  2214        -311        0           0           0
9843222     2   0.2287  2224        -321        0           0           0

-9852112    Anti-N(1880)0         1.88000        0.300000        2              -1      0      0      0      0.5      0      19
-9852112    2   0.0386  -2112       111         0           0           0
-9852112    2   0.0772  -2212       211         0           0           0
-9852112    2   0.1121  -2112       221         0           0           0
-9852112    2   0.1494  -2112       223         0           0           0
-9852112    2   0.0149  -3122       -311        0           0           0
-9852112    2   0.0847  -3112       -321        0           0           0
-9852112    2   0.0423  -3212       -311        0           0           0
-9852112    3   0.0766  -2112       -211        211         0           0
-9852112    3   0.034   -2112       111         111         0           0
-9852112    3   0.017   -2212       211         111         0           0
-9852112    3   0.0085  -2112       -211        211         0           0
-9852112    3   0.017   -2212       211         111         0           0
-9852112    3   0.0797  -2112       -211        211         0           0
-9852112    3   0.1595  -2212       211         111         0           0
-9852112    2   0.0199  111         -22112      0           0           0
-9852112    2   0.0399  211         -22212      0           0           0
-9852112    2   0.0075  -2112       9000111     0           0           0
-9852112    2   0.0149  -2212       9000211     0           0           0
-9852112    2   0.0059  -3122       -313        0           0           0

-9852212    Anti-N(1880)+         1.88000        0.300000        2              -1      0      0      0      0.5     -1      19
-9852212    2   0.0772  -2112       -211        0           0           0
-9852212    2   0.0386  -2212       111         0           0           0
-9852212    2   0.1121  -2212       221         0           0           0
-9852212    2   0.1494  -2212       223         0           0           0
-9852212    2   0.0149  -3122       -321        0           0           0
-9852212    2   0.0423  -3212       -321        0           0           0
-9852212    2   0.0847  -3222       -311        0           0           0
-9852212    3   0.017   -2112       -211        111         0           0
-9852212    3   0.0085  -2212       -211        211         0           0
-9852212    3   0.017   -2112       -211        111         0           0
-9852212    3   0.034   -2212       111         111         0           0
-9852212    3   0.0766  -2212       -211        211         0           0
-9852212    3   0.1595  -2112       -211        111         0           0
-9852212    3   0.0797  -2212       -211        211         0           0
-9852212    2   0.0399  -211        -22112      0           0           0
-9852212    2   0.0199  111         -22212      0           0           0
-9852212    2   0.0149  -2112       -9000211    0           0           0
-9852212    2   0.0075  -2212       9000111     0           0           0
-9852212    2   0.0059  -3122       -323        0           0           0

9852112     N(1880)0              1.88000        0.300000        2               1      0      0      0      0.5      0      19
9852112     2   0.0386  2112        111         0           0           0
9852112     2   0.0772  2212        -211        0           0           0
9852112     2   0.1121  2112        221         0           0           0
9852112     2   0.1494  2112        223         0           0           0
9852112     2   0.0149  3122        311         0           0           0
9852112     2   0.0847  3112        321         0           0           0
9852112     2   0.0423  3212        311         0           0           0
9852112     3   0.0766  2112        211         -211        0           0
9852112     3   0.034   2112        111         111         0           0
9852112     3   0.017   2212        -211        111         0           0
9852112     3   0.0085  2112        211         -211        0           0
9852112     3   0.017   2212        -211        111         0           0
9852112     3   0.0797  2112        211         -211        0           0
9852112     3   0.1595  2212        -211        111         0           0
9852112     2   0.0199  111         22112       0           0           0
9852112     2   0.0399  -211        22212       0           0           0
9852112     2   0.0075  2112        9000111     0           0           0
9852112     2   0.0149  2212        -9000211    0           0           0
9852112     2   0.0059  3122        313         0           0           0

9852212     N(1880)+              1.88000        0.300000        2               1      0      0      0      0.5      1      19
9852212     2   0.0772  2112        211         0           0           0
9852212     2   0.0386  2212        111         0           0           0
9852212     2   0.1121  2212        221         0           0           0
9852212     2   0.1494  2212        223         0           0           0
9852212     2   0.0149  3122        321         0           0           0
9852212     2   0.0423  3212        321         0           0           0
9852212     2   0.0847  3222        311         0           0           0
9852212     3   0.017   2112        211         111         0           0
9852212     3   0.0085  2212        211         -211        0           0
9852212     3   0.017   2112        211         111         0           0
9852212     3   0.034   2212        111         111         0           0
9852212     3   0.0766  2212        211         -211        0           0
9852212     3   0.1595  2112        211         111         0           0
9852212     3   0.0797  2212        211         -211        0           0
9852212     2   0.0399  211         22112       0           0           0
9852212     2   0.0199  111         22212       0           0           0
9852212     2   0.0149  2112        9000211     0           0           0
9852212     2   0.0075  2212        9000111     0           0           0
9852212     2   0.0059  3122        323         0           0           0

-1116       Anti-Delta(1905)-     1.88000        0.330000        6              -1      0      0      0      1.5      1      11
-1116       2   0.1054  -2112       211         0           0           0
-1116       3   0.1004  -2112       211         111         0           0
-1116       3   0.0446  -2112       211         111         0           0
-1116       3   0.0223  -2212       211         211         0           0
-1116       3   0.2376  -2112       211         111         0           0
-1116       3   0.1056  -2112       211         111         0           0
-1116       3   0.0528  -2212       211         211         0           0
-1116       3   0.2101  -2112       211         111         0           0
-1116       2   0.008   211         -22112      0           0           0
-1116       2   0.0808  211         -12116      0           0           0
-1116       2   0.0323  221         -1114       0           0           0

-1216       Anti-Delta(1905)0     1.88000        0.330000        6              -1      0      0      0      1.5      0      19
-1216       2   0.0703  -2112       111         0           0           0
-1216       2   0.0351  -2212       211         0           0           0
-1216       3   0.0669  -2112       -211        211         0           0
-1216       3   0.0075  -2112       111         111         0           0
-1216       3   0.0037  -2212       211         111         0           0
-1216       3   0.0297  -2112       -211        211         0           0
-1216       3   0.0595  -2212       211         111         0           0
-1216       3   0.1584  -2112       -211        211         0           0
-1216       3   0.0176  -2112       111         111         0           0
-1216       3   0.0088  -2212       211         111         0           0
-1216       3   0.0704  -2112       -211        211         0           0
-1216       3   0.1408  -2212       211         111         0           0
-1216       3   0.1401  -2112       -211        211         0           0
-1216       3   0.07    -2212       211         111         0           0
-1216       2   0.0053  111         -22112      0           0           0
-1216       2   0.0027  211         -22212      0           0           0
-1216       2   0.0269  111         -12116      0           0           0
-1216       2   0.0539  211         -12216      0           0           0
-1216       2   0.0323  221         -2114       0           0           0

-2126       Anti-Delta(1905)+     1.88000        0.330000        6              -1      0      0      0      1.5     -1      19
-2126       2   0.0351  -2112       -211        0           0           0
-2126       2   0.0703  -2212       111         0           0           0
-2126       3   0.0595  -2112       -211        111         0           0
-2126       3   0.0297  -2212       -211        211         0           0
-2126       3   0.0037  -2112       -211        111         0           0
-2126       3   0.0075  -2212       111         111         0           0
-2126       3   0.0669  -2212       -211        211         0           0
-2126       3   0.1408  -2112       -211        111         0           0
-2126       3   0.0704  -2212       -211        211         0           0
-2126       3   0.0088  -2112       -211        111         0           0
-2126       3   0.0176  -2212       111         111         0           0
-2126       3   0.1584  -2212       -211        211         0           0
-2126       3   0.07    -2112       -211        111         0           0
-2126       3   0.1401  -2212       -211        211         0           0
-2126       2   0.0027  -211        -22112      0           0           0
-2126       2   0.0053  111         -22212      0           0           0
-2126       2   0.0269  -211        -12116      0           0           0
-2126       2   0.0539  111         -12216      0           0           0
-2126       2   0.0323  221         -2214       0           0           0

-2226       Anti-Delta(1905)++    1.88000        0.330000        6              -1      0      0      0      1.5     -2      11
-2226       2   0.1054  -2212       -211        0           0           0
-2226       3   0.0223  -2112       -211        -211        0           0
-2226       3   0.0446  -2212       -211        111         0           0
-2226       3   0.1004  -2212       -211        111         0           0
-2226       3   0.0528  -2112       -211        -211        0           0
-2226       3   0.1056  -2212       -211        111         0           0
-2226       3   0.2376  -2212       -211        111         0           0
-2226       3   0.2101  -2212       -211        111         0           0
-2226       2   0.008   -211        -22212      0           0           0
-2226       2   0.0808  -211        -12216      0           0           0
-2226       2   0.0323  221         -2224       0           0           0

1116        Delta(1905)-          1.88000        0.330000        6               1      0      0      0      1.5     -1      11
1116        2   0.1054  2112        -211        0           0           0
1116        3   0.1004  2112        -211        111         0           0
1116        3   0.0446  2112        -211        111         0           0
1116        3   0.0223  2212        -211        -211        0           0
1116        3   0.2376  2112        -211        111         0           0
1116        3   0.1056  2112        -211        111         0           0
1116        3   0.0528  2212        -211        -211        0           0
1116        3   0.2101  2112        -211        111         0           0
1116        2   0.008   -211        22112       0           0           0
1116        2   0.0808  -211        12116       0           0           0
1116        2   0.0323  221         1114        0           0           0

1216        Delta(1905)0          1.88000        0.330000        6               1      0      0      0      1.5      0      19
1216        2   0.0703  2112        111         0           0           0
1216        2   0.0351  2212        -211        0           0           0
1216        3   0.0669  2112        211         -211        0           0
1216        3   0.0075  2112        111         111         0           0
1216        3   0.0037  2212        -211        111         0           0
1216        3   0.0297  2112        211         -211        0           0
1216        3   0.0595  2212        -211        111         0           0
1216        3   0.1584  2112        211         -211        0           0
1216        3   0.0176  2112        111         111         0           0
1216        3   0.0088  2212        -211        111         0           0
1216        3   0.0704  2112        211         -211        0           0
1216        3   0.1408  2212        -211        111         0           0
1216        3   0.1401  2112        211         -211        0           0
1216        3   0.07    2212        -211        111         0           0
1216        2   0.0053  111         22112       0           0           0
1216        2   0.0027  -211        22212       0           0           0
1216        2   0.0269  111         12116       0           0           0
1216        2   0.0539  -211        12216       0           0           0
1216        2   0.0323  221         2114        0           0           0

2126        Delta(1905)+          1.88000        0.330000        6               1      0      0      0      1.5      1      19
2126        2   0.0351  2112        211         0           0           0
2126        2   0.0703  2212        111         0           0           0
2126        3   0.0595  2112        211         111         0           0
2126        3   0.0297  2212        211         -211        0           0
2126        3   0.0037  2112        211         111         0           0
2126        3   0.0075  2212        111         111         0           0
2126        3   0.0669  2212        211         -211        0           0
2126        3   0.1408  2112        211         111         0           0
2126        3   0.0704  2212        211         -211        0           0
2126        3   0.0088  2112        211         111         0           0
2126        3   0.0176  2212        111         111         0           0
2126        3   0.1584  2212        211         -211        0           0
2126        3   0.07    2112        211         111         0           0
2126        3   0.1401  2212        211         -211        0           0
2126        2   0.0027  211         22112       0           0           0
2126        2   0.0053  111         22212       0           0           0
2126        2   0.0269  211         12116       0           0           0
2126        2   0.0539  111         12216       0           0           0
2126        2   0.0323  221         2214        0           0           0

2226        Delta(1905)++         1.88000        0.330000        6               1      0      0      0      1.5      2      11
2226        2   0.1054  2212        211         0           0           0
2226        3   0.0223  2112        211         211         0           0
2226        3   0.0446  2212        211         111         0           0
2226        3   0.1004  2212        211         111         0           0
2226        3   0.0528  2112        211         211         0           0
2226        3   0.1056  2212        211         111         0           0
2226        3   0.2376  2212        211         111         0           0
2226        3   0.2101  2212        211         111         0           0
2226        2   0.008   211         22212       0           0           0
2226        2   0.0808  211         12216       0           0           0
2226        2   0.0323  221         2224        0           0           0

-9030213    rho(1900)-            1.88600        0.077000        3               0      0      0      0      1.0     -1      1
-9030213    2   1.0000  -9000215    22          0           0           0

9030113     rho(1900)0            1.88600        0.077000        3               0      0      0      0      1.0      0      1
9030113     2   1.0000  9000115     22          0           0           0

9030213     rho(1900)+            1.88600        0.077000        3               0      0      0      0      1.0      1      1
9030213     2   1.0000  9000215     22          0           0           0

-9822116    Anti-N(1860)0         1.89000        0.247000        6              -1      0      0      0      0.5      0      19
-9822116    2   0.0311  -2112       111         0           0           0
-9822116    2   0.0622  -2212       211         0           0           0
-9822116    2   0.11    -2112       221         0           0           0
-9822116    3   0.0481  -2112       -211        211         0           0
-9822116    3   0.0214  -2112       111         111         0           0
-9822116    3   0.0107  -2212       211         111         0           0
-9822116    3   0.0053  -2112       -211        211         0           0
-9822116    3   0.0107  -2212       211         111         0           0
-9822116    3   0.12    -2112       -211        211         0           0
-9822116    3   0.0533  -2112       111         111         0           0
-9822116    3   0.0267  -2212       211         111         0           0
-9822116    3   0.0133  -2112       -211        211         0           0
-9822116    3   0.0267  -2212       211         111         0           0
-9822116    3   0.0167  -2112       -211        211         0           0
-9822116    3   0.0333  -2212       211         111         0           0
-9822116    3   0.0002  -2112       -211        211         0           0
-9822116    3   0.0003  -2212       211         111         0           0
-9822116    3   0.1367  -2112       111         111         0           0
-9822116    3   0.2733  -2112       -211        211         0           0

-9822216    Anti-N(1860)+         1.89000        0.247000        6              -1      0      0      0      0.5     -1      19
-9822216    2   0.0622  -2112       -211        0           0           0
-9822216    2   0.0311  -2212       111         0           0           0
-9822216    2   0.11    -2212       221         0           0           0
-9822216    3   0.0107  -2112       -211        111         0           0
-9822216    3   0.0053  -2212       -211        211         0           0
-9822216    3   0.0107  -2112       -211        111         0           0
-9822216    3   0.0214  -2212       111         111         0           0
-9822216    3   0.0481  -2212       -211        211         0           0
-9822216    3   0.0267  -2112       -211        111         0           0
-9822216    3   0.0133  -2212       -211        211         0           0
-9822216    3   0.0267  -2112       -211        111         0           0
-9822216    3   0.0533  -2212       111         111         0           0
-9822216    3   0.12    -2212       -211        211         0           0
-9822216    3   0.0333  -2112       -211        111         0           0
-9822216    3   0.0167  -2212       -211        211         0           0
-9822216    3   0.0003  -2112       -211        111         0           0
-9822216    3   0.0002  -2212       -211        211         0           0
-9822216    3   0.1367  -2212       111         111         0           0
-9822216    3   0.2733  -2212       -211        211         0           0

9822116     N(1860)0              1.89000        0.247000        6               1      0      0      0      0.5      0      19
9822116     2   0.0311  2112        111         0           0           0
9822116     2   0.0622  2212        -211        0           0           0
9822116     2   0.11    2112        221         0           0           0
9822116     3   0.0481  2112        211         -211        0           0
9822116     3   0.0214  2112        111         111         0           0
9822116     3   0.0107  2212        -211        111         0           0
9822116     3   0.0053  2112        211         -211        0           0
9822116     3   0.0107  2212        -211        111         0           0
9822116     3   0.12    2112        211         -211        0           0
9822116     3   0.0533  2112        111         111         0           0
9822116     3   0.0267  2212        -211        111         0           0
9822116     3   0.0133  2112        211         -211        0           0
9822116     3   0.0267  2212        -211        111         0           0
9822116     3   0.0167  2112        211         -211        0           0
9822116     3   0.0333  2212        -211        111         0           0
9822116     3   0.0002  2112        211         -211        0           0
9822116     3   0.0003  2212        -211        111         0           0
9822116     3   0.1367  2112        111         111         0           0
9822116     3   0.2733  2112        211         -211        0           0

9822216     N(1860)+              1.89000        0.247000        6               1      0      0      0      0.5      1      19
9822216     2   0.0622  2112        211         0           0           0
9822216     2   0.0311  2212        111         0           0           0
9822216     2   0.11    2212        221         0           0           0
9822216     3   0.0107  2112        211         111         0           0
9822216     3   0.0053  2212        211         -211        0           0
9822216     3   0.0107  2112        211         111         0           0
9822216     3   0.0214  2212        111         111         0           0
9822216     3   0.0481  2212        211         -211        0           0
9822216     3   0.0267  2112        211         111         0           0
9822216     3   0.0133  2212        211         -211        0           0
9822216     3   0.0267  2112        211         111         0           0
9822216     3   0.0533  2212        111         111         0           0
9822216     3   0.12    2212        211         -211        0           0
9822216     3   0.0333  2112        211         111         0           0
9822216     3   0.0167  2212        211         -211        0           0
9822216     3   0.0003  2112        211         111         0           0
9822216     3   0.0002  2212        211         -211        0           0
9822216     3   0.1367  2212        111         111         0           0
9822216     3   0.2733  2212        211         -211        0           0

-23124      Anti-Lambda(1890)     1.89000        0.120000        4              -1      1      0      0      0.0      0      19
-23124      2   0.398   -3124       22          0           0           0
-23124      2   0.18    -2112       311         0           0           0
-23124      2   0.18    -2212       321         0           0           0
-23124      2   0.01    -3112       -211        0           0           0
-23124      2   0.01    -3212       111         0           0           0
-23124      2   0.01    -3222       211         0           0           0
-23124      2   0.012   -3122       221         0           0           0
-23124      2   0.005   -3312       -321        0           0           0
-23124      2   0.005   -3322       -311        0           0           0
-23124      2   0.03    -211        -3114       0           0           0
-23124      2   0.03    111         -3214       0           0           0
-23124      2   0.03    211         -3224       0           0           0
-23124      2   0.02    -211        -3114       0           0           0
-23124      2   0.02    111         -3214       0           0           0
-23124      2   0.02    211         -3224       0           0           0
-23124      2   0.01    -2112       313         0           0           0
-23124      2   0.01    -2212       323         0           0           0
-23124      2   0.01    -2112       313         0           0           0
-23124      2   0.01    -2212       323         0           0           0

23124       Lambda(1890)          1.89000        0.120000        4               1     -1      0      0      0.0      0      19
23124       2   0.398   3124        22          0           0           0
23124       2   0.18    2112        -311        0           0           0
23124       2   0.18    2212        -321        0           0           0
23124       2   0.01    3112        211         0           0           0
23124       2   0.01    3212        111         0           0           0
23124       2   0.01    3222        -211        0           0           0
23124       2   0.012   3122        221         0           0           0
23124       2   0.005   3312        321         0           0           0
23124       2   0.005   3322        311         0           0           0
23124       2   0.03    211         3114        0           0           0
23124       2   0.03    111         3214        0           0           0
23124       2   0.03    -211        3224        0           0           0
23124       2   0.02    211         3114        0           0           0
23124       2   0.02    111         3214        0           0           0
23124       2   0.02    -211        3224        0           0           0
23124       2   0.01    2112        -313        0           0           0
23124       2   0.01    2212        -323        0           0           0
23124       2   0.01    2112        -313        0           0           0
23124       2   0.01    2212        -323        0           0           0

-9862112    Anti-N(1895)0         1.89500        0.120000        2              -1      0      0      0      0.5      0      20
-9862112    2   0.0133  -2112       111         0           0           0
-9862112    2   0.0266  -2212       211         0           0           0
-9862112    2   0.1182  -2112       221         0           0           0
-9862112    2   0.1567  -2112       331         0           0           0
-9862112    2   0.1719  -2112       223         0           0           0
-9862112    2   0.0768  -3122       -311        0           0           0
-9862112    2   0.0491  -3112       -321        0           0           0
-9862112    2   0.0246  -3212       -311        0           0           0
-9862112    3   0.0215  -2112       -211        211         0           0
-9862112    3   0.0095  -2112       111         111         0           0
-9862112    3   0.0048  -2212       211         111         0           0
-9862112    3   0.0024  -2112       -211        211         0           0
-9862112    3   0.0048  -2212       211         111         0           0
-9862112    3   0.0348  -2112       -211        211         0           0
-9862112    3   0.0696  -2212       211         111         0           0
-9862112    3   0.0471  -2112       -211        211         0           0
-9862112    3   0.0943  -2212       211         111         0           0
-9862112    2   0.0097  111         -12112      0           0           0
-9862112    2   0.0195  211         -12212      0           0           0
-9862112    2   0.0387  -3122       -313        0           0           0

-9862212    Anti-N(1895)+         1.89500        0.120000        2              -1      0      0      0      0.5     -1      20
-9862212    2   0.0266  -2112       -211        0           0           0
-9862212    2   0.0133  -2212       111         0           0           0
-9862212    2   0.1182  -2212       221         0           0           0
-9862212    2   0.1567  -2212       331         0           0           0
-9862212    2   0.1719  -2212       223         0           0           0
-9862212    2   0.0768  -3122       -321        0           0           0
-9862212    2   0.0246  -3212       -321        0           0           0
-9862212    2   0.0491  -3222       -311        0           0           0
-9862212    3   0.0048  -2112       -211        111         0           0
-9862212    3   0.0024  -2212       -211        211         0           0
-9862212    3   0.0048  -2112       -211        111         0           0
-9862212    3   0.0095  -2212       111         111         0           0
-9862212    3   0.0215  -2212       -211        211         0           0
-9862212    3   0.0696  -2112       -211        111         0           0
-9862212    3   0.0348  -2212       -211        211         0           0
-9862212    3   0.0943  -2112       -211        111         0           0
-9862212    3   0.0471  -2212       -211        211         0           0
-9862212    2   0.0195  -211        -12112      0           0           0
-9862212    2   0.0097  111         -12212      0           0           0
-9862212    2   0.0387  -3122       -323        0           0           0

9862112     N(1895)0              1.89500        0.120000        2               1      0      0      0      0.5      0      20
9862112     2   0.0133  2112        111         0           0           0
9862112     2   0.0266  2212        -211        0           0           0
9862112     2   0.1182  2112        221         0           0           0
9862112     2   0.1567  2112        331         0           0           0
9862112     2   0.1719  2112        223         0           0           0
9862112     2   0.0768  3122        311         0           0           0
9862112     2   0.0491  3112        321         0           0           0
9862112     2   0.0246  3212        311         0           0           0
9862112     3   0.0215  2112        211         -211        0           0
9862112     3   0.0095  2112        111         111         0           0
9862112     3   0.0048  2212        -211        111         0           0
9862112     3   0.0024  2112        211         -211        0           0
9862112     3   0.0048  2212        -211        111         0           0
9862112     3   0.0348  2112        211         -211        0           0
9862112     3   0.0696  2212        -211        111         0           0
9862112     3   0.0471  2112        211         -211        0           0
9862112     3   0.0943  2212        -211        111         0           0
9862112     2   0.0097  111         12112       0           0           0
9862112     2   0.0195  -211        12212       0           0           0
9862112     2   0.0387  3122        313         0           0           0

9862212     N(1895)+              1.89500        0.120000        2               1      0      0      0      0.5      1      20
9862212     2   0.0266  2112        211         0           0           0
9862212     2   0.0133  2212        111         0           0           0
9862212     2   0.1182  2212        221         0           0           0
9862212     2   0.1567  2212        331         0           0           0
9862212     2   0.1719  2212        223         0           0           0
9862212     2   0.0768  3122        321         0           0           0
9862212     2   0.0246  3212        321         0           0           0
9862212     2   0.0491  3222        311         0           0           0
9862212     3   0.0048  2112        211         111         0           0
9862212     3   0.0024  2212        211         -211        0           0
9862212     3   0.0048  2112        211         111         0           0
9862212     3   0.0095  2212        111         111         0           0
9862212     3   0.0215  2212        211         -211        0           0
9862212     3   0.0696  2112        211         111         0           0
9862212     3   0.0348  2212        211         -211        0           0
9862212     3   0.0943  2112        211         111         0           0
9862212     3   0.0471  2212        211         -211        0           0
9862212     2   0.0195  211         12112       0           0           0
9862212     2   0.0097  111         12212       0           0           0
9862212     2   0.0387  3122        323         0           0           0

9040225     f2(1910)              1.90000        0.167000        5               0      0      0      0      0.0      0      1
9040225     2   1.0000  9010223     22          0           0           0

-21112      Anti-Delta(1910)-     1.90000        0.300000        2              -1      0      0      0      1.5      1      6
-21112      2   0.1586  -2112       211         0           0           0
-21112      2   0.0777  -3112       -311        0           0           0
-21112      2   0.2589  111         -1114       0           0           0
-21112      2   0.1726  211         -2114       0           0           0
-21112      2   0.2546  211         -12112      0           0           0
-21112      2   0.0777  221         -1114       0           0           0

-21212      Anti-Delta(1910)0     1.90000        0.300000        2              -1      0      0      0      1.5      0      10
-21212      2   0.1057  -2112       111         0           0           0
-21212      2   0.0529  -2212       211         0           0           0
-21212      2   0.0259  -3112       -321        0           0           0
-21212      2   0.0518  -3212       -311        0           0           0
-21212      2   0.1726  -211        -1114       0           0           0
-21212      2   0.0287  111         -2114       0           0           0
-21212      2   0.2301  211         -2214       0           0           0
-21212      2   0.1697  111         -12112      0           0           0
-21212      2   0.0847  211         -12212      0           0           0
-21212      2   0.0777  221         -2114       0           0           0

-22122      Anti-Delta(1910)+     1.90000        0.300000        2              -1      0      0      0      1.5     -1      10
-22122      2   0.0529  -2112       -211        0           0           0
-22122      2   0.1057  -2212       111         0           0           0
-22122      2   0.0518  -3212       -321        0           0           0
-22122      2   0.0259  -3222       -311        0           0           0
-22122      2   0.2301  -211        -2114       0           0           0
-22122      2   0.0287  111         -2214       0           0           0
-22122      2   0.1726  211         -2224       0           0           0
-22122      2   0.0847  -211        -12112      0           0           0
-22122      2   0.1697  111         -12212      0           0           0
-22122      2   0.0777  221         -2214       0           0           0

-22222      Anti-Delta(1910)++    1.90000        0.300000        2              -1      0      0      0      1.5     -2      6
-22222      2   0.1586  -2212       -211        0           0           0
-22222      2   0.0777  -3222       -321        0           0           0
-22222      2   0.1726  -211        -2214       0           0           0
-22222      2   0.2589  111         -2224       0           0           0
-22222      2   0.2546  -211        -12212      0           0           0
-22222      2   0.0777  221         -2224       0           0           0

21112       Delta(1910)-          1.90000        0.300000        2               1      0      0      0      1.5     -1      6
21112       2   0.1586  2112        -211        0           0           0
21112       2   0.0777  3112        311         0           0           0
21112       2   0.2589  111         1114        0           0           0
21112       2   0.1726  -211        2114        0           0           0
21112       2   0.2546  -211        12112       0           0           0
21112       2   0.0777  221         1114        0           0           0

21212       Delta(1910)0          1.90000        0.300000        2               1      0      0      0      1.5      0      10
21212       2   0.1057  2112        111         0           0           0
21212       2   0.0529  2212        -211        0           0           0
21212       2   0.0259  3112        321         0           0           0
21212       2   0.0518  3212        311         0           0           0
21212       2   0.1726  211         1114        0           0           0
21212       2   0.0287  111         2114        0           0           0
21212       2   0.2301  -211        2214        0           0           0
21212       2   0.1697  111         12112       0           0           0
21212       2   0.0847  -211        12212       0           0           0
21212       2   0.0777  221         2114        0           0           0

22122       Delta(1910)+          1.90000        0.300000        2               1      0      0      0      1.5      1      10
22122       2   0.0529  2112        211         0           0           0
22122       2   0.1057  2212        111         0           0           0
22122       2   0.0518  3212        321         0           0           0
22122       2   0.0259  3222        311         0           0           0
22122       2   0.2301  211         2114        0           0           0
22122       2   0.0287  111         2214        0           0           0
22122       2   0.1726  -211        2224        0           0           0
22122       2   0.0847  211         12112       0           0           0
22122       2   0.1697  111         12212       0           0           0
22122       2   0.0777  221         2214        0           0           0

22222       Delta(1910)++         1.90000        0.300000        2               1      0      0      0      1.5      2      6
22222       2   0.1586  2212        211         0           0           0
22222       2   0.0777  3222        321         0           0           0
22222       2   0.1726  211         2214        0           0           0
22222       2   0.2589  111         2224        0           0           0
22222       2   0.2546  211         12212       0           0           0
22222       2   0.0777  221         2224        0           0           0

-23114      Anti-Sigma(1910)-     1.91000        0.220000        4              -1      1      0      0      1.0      1      12
-23114      2   0.02    -2112       321         0           0           0
-23114      2   0.06    -3122       211         0           0           0
-23114      2   0.4191  -3112       111         0           0           0
-23114      2   0.4191  -3212       211         0           0           0
-23114      2   0.0109  -3114       111         0           0           0
-23114      2   0.0109  -3214       211         0           0           0
-23114      2   0.0127  -1114       311         0           0           0
-23114      2   0.0043  -2114       321         0           0           0
-23114      2   0.0097  -1114       311         0           0           0
-23114      2   0.0033  -2114       321         0           0           0
-23114      2   0.02    -2112       323         0           0           0
-23114      2   0.01    -2112       323         0           0           0

-23214      Anti-Sigma(1910)0     1.91000        0.220000        4              -1      1      0      0      1.0      0      15
-23214      2   0.01    -2112       311         0           0           0
-23214      2   0.01    -2212       321         0           0           0
-23214      2   0.06    -3122       111         0           0           0
-23214      2   0.4191  -3112       -211        0           0           0
-23214      2   0.4191  -3222       211         0           0           0
-23214      2   0.0109  -3114       -211        0           0           0
-23214      2   0.0109  -3224       211         0           0           0
-23214      2   0.0085  -2114       311         0           0           0
-23214      2   0.0085  -2214       321         0           0           0
-23214      2   0.0065  -2114       311         0           0           0
-23214      2   0.0065  -2214       321         0           0           0
-23214      2   0.01    -2112       313         0           0           0
-23214      2   0.01    -2212       323         0           0           0
-23214      2   0.005   -2112       313         0           0           0
-23214      2   0.005   -2212       323         0           0           0

-23224      Anti-Sigma(1910)+     1.91000        0.220000        4              -1      1      0      0      1.0     -1      12
-23224      2   0.02    -2212       311         0           0           0
-23224      2   0.06    -3122       -211        0           0           0
-23224      2   0.4191  -3212       -211        0           0           0
-23224      2   0.4191  -3222       111         0           0           0
-23224      2   0.0109  -211        -3214       0           0           0
-23224      2   0.0109  111         -3224       0           0           0
-23224      2   0.0043  311         -2214       0           0           0
-23224      2   0.0127  321         -2224       0           0           0
-23224      2   0.0033  311         -2214       0           0           0
-23224      2   0.0097  321         -2224       0           0           0
-23224      2   0.02    -2212       313         0           0           0
-23224      2   0.01    -2212       313         0           0           0

23114       Sigma(1910)-          1.91000        0.220000        4               1     -1      0      0      1.0     -1      12
23114       2   0.02    2112        -321        0           0           0
23114       2   0.06    3122        -211        0           0           0
23114       2   0.4191  3112        111         0           0           0
23114       2   0.4191  3212        -211        0           0           0
23114       2   0.0109  3114        111         0           0           0
23114       2   0.0109  3214        -211        0           0           0
23114       2   0.0127  1114        -311        0           0           0
23114       2   0.0043  2114        -321        0           0           0
23114       2   0.0097  1114        -311        0           0           0
23114       2   0.0033  2114        -321        0           0           0
23114       2   0.02    2112        -323        0           0           0
23114       2   0.01    2112        -323        0           0           0

23214       Sigma(1910)0          1.91000        0.220000        4               1     -1      0      0      1.0      0      15
23214       2   0.01    2112        -311        0           0           0
23214       2   0.01    2212        -321        0           0           0
23214       2   0.06    3122        111         0           0           0
23214       2   0.4191  3112        211         0           0           0
23214       2   0.4191  3222        -211        0           0           0
23214       2   0.0109  3114        211         0           0           0
23214       2   0.0109  3224        -211        0           0           0
23214       2   0.0085  2114        -311        0           0           0
23214       2   0.0085  2214        -321        0           0           0
23214       2   0.0065  2114        -311        0           0           0
23214       2   0.0065  2214        -321        0           0           0
23214       2   0.01    2112        -313        0           0           0
23214       2   0.01    2212        -323        0           0           0
23214       2   0.005   2112        -313        0           0           0
23214       2   0.005   2212        -323        0           0           0

23224       Sigma(1910)+          1.91000        0.220000        4               1     -1      0      0      1.0      1      12
23224       2   0.02    2212        -311        0           0           0
23224       2   0.06    3122        211         0           0           0
23224       2   0.4191  3212        211         0           0           0
23224       2   0.4191  3222        111         0           0           0
23224       2   0.0109  211         3214        0           0           0
23224       2   0.0109  111         3224        0           0           0
23224       2   0.0043  -311        2214        0           0           0
23224       2   0.0127  -321        2224        0           0           0
23224       2   0.0033  -311        2214        0           0           0
23224       2   0.0097  -321        2224        0           0           0
23224       2   0.02    2212        -313        0           0           0
23224       2   0.01    2212        -313        0           0           0

-13116      Anti-Sigma(1915)-     1.91500        0.120000        6              -1      1      0      0      1.0      1      17
-13116      2   0.113   -2112       321         0           0           0
-13116      2   0.08    -3122       211         0           0           0
-13116      2   0.06    -3112       111         0           0           0
-13116      2   0.06    -3212       211         0           0           0
-13116      2   0.005   -3312       -311        0           0           0
-13116      2   0.02    -3114       111         0           0           0
-13116      2   0.02    -3214       211         0           0           0
-13116      2   0.03    -3114       111         0           0           0
-13116      2   0.03    -3214       211         0           0           0
-13116      2   0.1     -3124       211         0           0           0
-13116      2   0.08    -2112       323         0           0           0
-13116      2   0.042   -2112       323         0           0           0
-13116      2   0.07    -2112       323         0           0           0
-13116      2   0.1575  -1114       311         0           0           0
-13116      2   0.0525  -2114       321         0           0           0
-13116      2   0.06    -1114       311         0           0           0
-13116      2   0.02    -2114       321         0           0           0

-13216      Anti-Sigma(1915)0     1.91500        0.120000        6              -1      1      0      0      1.0      0      22
-13216      2   0.0565  -2112       311         0           0           0
-13216      2   0.0565  -2212       321         0           0           0
-13216      2   0.08    -3122       111         0           0           0
-13216      2   0.06    -3112       -211        0           0           0
-13216      2   0.06    -3222       211         0           0           0
-13216      2   0.0025  -3312       -321        0           0           0
-13216      2   0.0025  -3322       -311        0           0           0
-13216      2   0.02    -3114       -211        0           0           0
-13216      2   0.02    -3224       211         0           0           0
-13216      2   0.03    -3114       -211        0           0           0
-13216      2   0.03    -3224       211         0           0           0
-13216      2   0.1     -3124       111         0           0           0
-13216      2   0.04    -2112       313         0           0           0
-13216      2   0.04    -2212       323         0           0           0
-13216      2   0.021   -2112       313         0           0           0
-13216      2   0.021   -2212       323         0           0           0
-13216      2   0.035   -2112       313         0           0           0
-13216      2   0.035   -2212       323         0           0           0
-13216      2   0.105   -2114       311         0           0           0
-13216      2   0.105   -2214       321         0           0           0
-13216      2   0.04    -2114       311         0           0           0
-13216      2   0.04    -2214       321         0           0           0

-13226      Anti-Sigma(1915)+     1.91500        0.120000        6              -1      1      0      0      1.0     -1      17
-13226      2   0.113   -2212       311         0           0           0
-13226      2   0.08    -3122       -211        0           0           0
-13226      2   0.06    -3212       -211        0           0           0
-13226      2   0.06    -3222       111         0           0           0
-13226      2   0.005   -3322       -321        0           0           0
-13226      2   0.02    -3214       -211        0           0           0
-13226      2   0.02    -3224       111         0           0           0
-13226      2   0.03    -3214       -211        0           0           0
-13226      2   0.03    -3224       111         0           0           0
-13226      2   0.1     -3124       -211        0           0           0
-13226      2   0.08    -2212       313         0           0           0
-13226      2   0.042   -2212       313         0           0           0
-13226      2   0.07    -2212       313         0           0           0
-13226      2   0.0525  -2214       311         0           0           0
-13226      2   0.1575  -2224       321         0           0           0
-13226      2   0.02    -2214       311         0           0           0
-13226      2   0.06    -2224       321         0           0           0

13116       Sigma(1915)-          1.91500        0.120000        6               1     -1      0      0      1.0     -1      17
13116       2   0.113   2112        -321        0           0           0
13116       2   0.08    3122        -211        0           0           0
13116       2   0.06    3112        111         0           0           0
13116       2   0.06    3212        -211        0           0           0
13116       2   0.005   3312        311         0           0           0
13116       2   0.02    3114        111         0           0           0
13116       2   0.02    3214        -211        0           0           0
13116       2   0.03    3114        111         0           0           0
13116       2   0.03    3214        -211        0           0           0
13116       2   0.1     3124        -211        0           0           0
13116       2   0.08    2112        -323        0           0           0
13116       2   0.042   2112        -323        0           0           0
13116       2   0.07    2112        -323        0           0           0
13116       2   0.1575  1114        -311        0           0           0
13116       2   0.0525  2114        -321        0           0           0
13116       2   0.06    1114        -311        0           0           0
13116       2   0.02    2114        -321        0           0           0

13216       Sigma(1915)0          1.91500        0.120000        6               1     -1      0      0      1.0      0      22
13216       2   0.0565  2112        -311        0           0           0
13216       2   0.0565  2212        -321        0           0           0
13216       2   0.08    3122        111         0           0           0
13216       2   0.06    3112        211         0           0           0
13216       2   0.06    3222        -211        0           0           0
13216       2   0.0025  3312        321         0           0           0
13216       2   0.0025  3322        311         0           0           0
13216       2   0.02    3114        211         0           0           0
13216       2   0.02    3224        -211        0           0           0
13216       2   0.03    3114        211         0           0           0
13216       2   0.03    3224        -211        0           0           0
13216       2   0.1     3124        111         0           0           0
13216       2   0.04    2112        -313        0           0           0
13216       2   0.04    2212        -323        0           0           0
13216       2   0.021   2112        -313        0           0           0
13216       2   0.021   2212        -323        0           0           0
13216       2   0.035   2112        -313        0           0           0
13216       2   0.035   2212        -323        0           0           0
13216       2   0.105   2114        -311        0           0           0
13216       2   0.105   2214        -321        0           0           0
13216       2   0.04    2114        -311        0           0           0
13216       2   0.04    2214        -321        0           0           0

13226       Sigma(1915)+          1.91500        0.120000        6               1     -1      0      0      1.0      1      17
13226       2   0.113   2212        -311        0           0           0
13226       2   0.08    3122        211         0           0           0
13226       2   0.06    3212        211         0           0           0
13226       2   0.06    3222        111         0           0           0
13226       2   0.005   3322        321         0           0           0
13226       2   0.02    3214        211         0           0           0
13226       2   0.02    3224        111         0           0           0
13226       2   0.03    3214        211         0           0           0
13226       2   0.03    3224        111         0           0           0
13226       2   0.1     3124        211         0           0           0
13226       2   0.08    2212        -313        0           0           0
13226       2   0.042   2212        -313        0           0           0
13226       2   0.07    2212        -313        0           0           0
13226       2   0.0525  2214        -311        0           0           0
13226       2   0.1575  2224        -321        0           0           0
13226       2   0.02    2214        -311        0           0           0
13226       2   0.06    2224        -321        0           0           0

-9841214    Anti-N(1900)0         1.92000        0.200000        4              -1      0      0      0      0.5      0      25
-9841214    2   0.0206  -2112       111         0           0           0
-9841214    2   0.0413  -2212       211         0           0           0
-9841214    2   0.0233  -2112       221         0           0           0
-9841214    2   0.0372  -2112       331         0           0           0
-9841214    2   0.134   -2112       223         0           0           0
-9841214    2   0.0667  -3122       -311        0           0           0
-9841214    2   0.0206  -3112       -321        0           0           0
-9841214    2   0.0103  -3212       -311        0           0           0
-9841214    3   0.0527  -2112       -211        211         0           0
-9841214    3   0.0234  -2112       111         111         0           0
-9841214    3   0.0117  -2212       211         111         0           0
-9841214    3   0.0059  -2112       -211        211         0           0
-9841214    3   0.0117  -2212       211         111         0           0
-9841214    3   0.1023  -2112       -211        211         0           0
-9841214    3   0.0455  -2112       111         111         0           0
-9841214    3   0.0227  -2212       211         111         0           0
-9841214    3   0.0114  -2112       -211        211         0           0
-9841214    3   0.0227  -2212       211         111         0           0
-9841214    3   0.0662  -2112       -211        211         0           0
-9841214    3   0.1323  -2212       211         111         0           0
-9841214    2   0.031   111         -1214       0           0           0
-9841214    2   0.062   211         -2124       0           0           0
-9841214    2   0.0145  111         -22112      0           0           0
-9841214    2   0.0289  211         -22212      0           0           0
-9841214    2   0.0006  -3122       -313        0           0           0

-9842124    Anti-N(1900)+         1.92000        0.200000        4              -1      0      0      0      0.5     -1      25
-9842124    2   0.0413  -2112       -211        0           0           0
-9842124    2   0.0206  -2212       111         0           0           0
-9842124    2   0.0233  -2212       221         0           0           0
-9842124    2   0.0372  -2212       331         0           0           0
-9842124    2   0.134   -2212       223         0           0           0
-9842124    2   0.0667  -3122       -321        0           0           0
-9842124    2   0.0103  -3212       -321        0           0           0
-9842124    2   0.0206  -3222       -311        0           0           0
-9842124    3   0.0117  -2112       -211        111         0           0
-9842124    3   0.0059  -2212       -211        211         0           0
-9842124    3   0.0117  -2112       -211        111         0           0
-9842124    3   0.0234  -2212       111         111         0           0
-9842124    3   0.0527  -2212       -211        211         0           0
-9842124    3   0.0227  -2112       -211        111         0           0
-9842124    3   0.0114  -2212       -211        211         0           0
-9842124    3   0.0227  -2112       -211        111         0           0
-9842124    3   0.0455  -2212       111         111         0           0
-9842124    3   0.1023  -2212       -211        211         0           0
-9842124    3   0.1323  -2112       -211        111         0           0
-9842124    3   0.0662  -2212       -211        211         0           0
-9842124    2   0.062   -211        -1214       0           0           0
-9842124    2   0.031   111         -2124       0           0           0
-9842124    2   0.0289  -211        -22112      0           0           0
-9842124    2   0.0145  111         -22212      0           0           0
-9842124    2   0.0006  -3122       -323        0           0           0

9841214     N(1900)0              1.92000        0.200000        4               1      0      0      0      0.5      0      25
9841214     2   0.0206  2112        111         0           0           0
9841214     2   0.0413  2212        -211        0           0           0
9841214     2   0.0233  2112        221         0           0           0
9841214     2   0.0372  2112        331         0           0           0
9841214     2   0.134   2112        223         0           0           0
9841214     2   0.0667  3122        311         0           0           0
9841214     2   0.0206  3112        321         0           0           0
9841214     2   0.0103  3212        311         0           0           0
9841214     3   0.0527  2112        211         -211        0           0
9841214     3   0.0234  2112        111         111         0           0
9841214     3   0.0117  2212        -211        111         0           0
9841214     3   0.0059  2112        211         -211        0           0
9841214     3   0.0117  2212        -211        111         0           0
9841214     3   0.1023  2112        211         -211        0           0
9841214     3   0.0455  2112        111         111         0           0
9841214     3   0.0227  2212        -211        111         0           0
9841214     3   0.0114  2112        211         -211        0           0
9841214     3   0.0227  2212        -211        111         0           0
9841214     3   0.0662  2112        211         -211        0           0
9841214     3   0.1323  2212        -211        111         0           0
9841214     2   0.031   111         1214        0           0           0
9841214     2   0.062   -211        2124        0           0           0
9841214     2   0.0145  111         22112       0           0           0
9841214     2   0.0289  -211        22212       0           0           0
9841214     2   0.0006  3122        313         0           0           0

9842124     N(1900)+              1.92000        0.200000        4               1      0      0      0      0.5      1      25
9842124     2   0.0413  2112        211         0           0           0
9842124     2   0.0206  2212        111         0           0           0
9842124     2   0.0233  2212        221         0           0           0
9842124     2   0.0372  2212        331         0           0           0
9842124     2   0.134   2212        223         0           0           0
9842124     2   0.0667  3122        321         0           0           0
9842124     2   0.0103  3212        321         0           0           0
9842124     2   0.0206  3222        311         0           0           0
9842124     3   0.0117  2112        211         111         0           0
9842124     3   0.0059  2212        211         -211        0           0
9842124     3   0.0117  2112        211         111         0           0
9842124     3   0.0234  2212        111         111         0           0
9842124     3   0.0527  2212        211         -211        0           0
9842124     3   0.0227  2112        211         111         0           0
9842124     3   0.0114  2212        211         -211        0           0
9842124     3   0.0227  2112        211         111         0           0
9842124     3   0.0455  2212        111         111         0           0
9842124     3   0.1023  2212        211         -211        0           0
9842124     3   0.1323  2112        211         111         0           0
9842124     3   0.0662  2212        211         -211        0           0
9842124     2   0.062   211         1214        0           0           0
9842124     2   0.031   111         2124        0           0           0
9842124     2   0.0289  211         22112       0           0           0
9842124     2   0.0145  111         22212       0           0           0
9842124     2   0.0006  3122        323         0           0           0

-21114      Anti-Delta(1920)-     1.92000        0.300000        4              -1      0      0      0      1.5      1      13
-21114      2   0.065   -2112       211         0           0           0
-21114      2   0.02    -3112       -311        0           0           0
-21114      3   0.03    -2112       211         111         0           0
-21114      3   0.0133  -2112       211         111         0           0
-21114      3   0.0067  -2212       211         211         0           0
-21114      3   0.264   -2112       211         111         0           0
-21114      3   0.1173  -2112       211         111         0           0
-21114      3   0.0587  -2212       211         211         0           0
-21114      2   0.305   211         -12112      0           0           0
-21114      2   0.04    211         -1214       0           0           0
-21114      2   0.01    211         -22112      0           0           0
-21114      2   0.02    -2112       9000211     0           0           0
-21114      2   0.05    221         -1114       0           0           0

-22114      Anti-Delta(1920)0     1.92000        0.300000        4              -1      0      0      0      1.5      0      23
-22114      2   0.0433  -2112       111         0           0           0
-22114      2   0.0217  -2212       211         0           0           0
-22114      2   0.0067  -3112       -321        0           0           0
-22114      2   0.0133  -3212       -311        0           0           0
-22114      3   0.02    -2112       -211        211         0           0
-22114      3   0.0022  -2112       111         111         0           0
-22114      3   0.0011  -2212       211         111         0           0
-22114      3   0.0089  -2112       -211        211         0           0
-22114      3   0.0178  -2212       211         111         0           0
-22114      3   0.176   -2112       -211        211         0           0
-22114      3   0.0195  -2112       111         111         0           0
-22114      3   0.0098  -2212       211         111         0           0
-22114      3   0.0782  -2112       -211        211         0           0
-22114      3   0.1565  -2212       211         111         0           0
-22114      2   0.2033  111         -12112      0           0           0
-22114      2   0.1017  211         -12212      0           0           0
-22114      2   0.0267  111         -1214       0           0           0
-22114      2   0.0133  211         -2124       0           0           0
-22114      2   0.0067  111         -22112      0           0           0
-22114      2   0.0033  211         -22212      0           0           0
-22114      2   0.0133  -2112       9000111     0           0           0
-22114      2   0.0067  -2212       9000211     0           0           0
-22114      2   0.05    221         -2114       0           0           0

-22214      Anti-Delta(1920)+     1.92000        0.300000        4              -1      0      0      0      1.5     -1      23
-22214      2   0.0217  -2112       -211        0           0           0
-22214      2   0.0433  -2212       111         0           0           0
-22214      2   0.0133  -3212       -321        0           0           0
-22214      2   0.0067  -3222       -311        0           0           0
-22214      3   0.0178  -2112       -211        111         0           0
-22214      3   0.0089  -2212       -211        211         0           0
-22214      3   0.0011  -2112       -211        111         0           0
-22214      3   0.0022  -2212       111         111         0           0
-22214      3   0.02    -2212       -211        211         0           0
-22214      3   0.1565  -2112       -211        111         0           0
-22214      3   0.0782  -2212       -211        211         0           0
-22214      3   0.0098  -2112       -211        111         0           0
-22214      3   0.0195  -2212       111         111         0           0
-22214      3   0.176   -2212       -211        211         0           0
-22214      2   0.1017  -211        -12112      0           0           0
-22214      2   0.2033  111         -12212      0           0           0
-22214      2   0.0133  -211        -1214       0           0           0
-22214      2   0.0267  111         -2124       0           0           0
-22214      2   0.0033  -211        -22112      0           0           0
-22214      2   0.0067  111         -22212      0           0           0
-22214      2   0.0067  -2112       -9000211    0           0           0
-22214      2   0.0133  -2212       9000111     0           0           0
-22214      2   0.05    221         -2214       0           0           0

-22224      Anti-Delta(1920)++    1.92000        0.300000        4              -1      0      0      0      1.5     -2      13
-22224      2   0.065   -2212       -211        0           0           0
-22224      2   0.02    -3222       -321        0           0           0
-22224      3   0.0067  -2112       -211        -211        0           0
-22224      3   0.0133  -2212       -211        111         0           0
-22224      3   0.03    -2212       -211        111         0           0
-22224      3   0.0587  -2112       -211        -211        0           0
-22224      3   0.1173  -2212       -211        111         0           0
-22224      3   0.264   -2212       -211        111         0           0
-22224      2   0.305   -211        -12212      0           0           0
-22224      2   0.04    -211        -2124       0           0           0
-22224      2   0.01    -211        -22212      0           0           0
-22224      2   0.02    -2212       -9000211    0           0           0
-22224      2   0.05    221         -2224       0           0           0

21114       Delta(1920)-          1.92000        0.300000        4               1      0      0      0      1.5     -1      13
21114       2   0.065   2112        -211        0           0           0
21114       2   0.02    3112        311         0           0           0
21114       3   0.03    2112        -211        111         0           0
21114       3   0.0133  2112        -211        111         0           0
21114       3   0.0067  2212        -211        -211        0           0
21114       3   0.264   2112        -211        111         0           0
21114       3   0.1173  2112        -211        111         0           0
21114       3   0.0587  2212        -211        -211        0           0
21114       2   0.305   -211        12112       0           0           0
21114       2   0.04    -211        1214        0           0           0
21114       2   0.01    -211        22112       0           0           0
21114       2   0.02    2112        -9000211    0           0           0
21114       2   0.05    221         1114        0           0           0

22114       Delta(1920)0          1.92000        0.300000        4               1      0      0      0      1.5      0      23
22114       2   0.0433  2112        111         0           0           0
22114       2   0.0217  2212        -211        0           0           0
22114       2   0.0067  3112        321         0           0           0
22114       2   0.0133  3212        311         0           0           0
22114       3   0.02    2112        211         -211        0           0
22114       3   0.0022  2112        111         111         0           0
22114       3   0.0011  2212        -211        111         0           0
22114       3   0.0089  2112        211         -211        0           0
22114       3   0.0178  2212        -211        111         0           0
22114       3   0.176   2112        211         -211        0           0
22114       3   0.0195  2112        111         111         0           0
22114       3   0.0098  2212        -211        111         0           0
22114       3   0.0782  2112        211         -211        0           0
22114       3   0.1565  2212        -211        111         0           0
22114       2   0.2033  111         12112       0           0           0
22114       2   0.1017  -211        12212       0           0           0
22114       2   0.0267  111         1214        0           0           0
22114       2   0.0133  -211        2124        0           0           0
22114       2   0.0067  111         22112       0           0           0
22114       2   0.0033  -211        22212       0           0           0
22114       2   0.0133  2112        9000111     0           0           0
22114       2   0.0067  2212        -9000211    0           0           0
22114       2   0.05    221         2114        0           0           0

22214       Delta(1920)+          1.92000        0.300000        4               1      0      0      0      1.5      1      23
22214       2   0.0217  2112        211         0           0           0
22214       2   0.0433  2212        111         0           0           0
22214       2   0.0133  3212        321         0           0           0
22214       2   0.0067  3222        311         0           0           0
22214       3   0.0178  2112        211         111         0           0
22214       3   0.0089  2212        211         -211        0           0
22214       3   0.0011  2112        211         111         0           0
22214       3   0.0022  2212        111         111         0           0
22214       3   0.02    2212        211         -211        0           0
22214       3   0.1565  2112        211         111         0           0
22214       3   0.0782  2212        211         -211        0           0
22214       3   0.0098  2112        211         111         0           0
22214       3   0.0195  2212        111         111         0           0
22214       3   0.176   2212        211         -211        0           0
22214       2   0.1017  211         12112       0           0           0
22214       2   0.2033  111         12212       0           0           0
22214       2   0.0133  211         1214        0           0           0
22214       2   0.0267  111         2124        0           0           0
22214       2   0.0033  211         22112       0           0           0
22214       2   0.0067  111         22212       0           0           0
22214       2   0.0067  2112        9000211     0           0           0
22214       2   0.0133  2212        9000111     0           0           0
22214       2   0.05    221         2214        0           0           0

22224       Delta(1920)++         1.92000        0.300000        4               1      0      0      0      1.5      2      13
22224       2   0.065   2212        211         0           0           0
22224       2   0.02    3222        321         0           0           0
22224       3   0.0067  2112        211         211         0           0
22224       3   0.0133  2212        211         111         0           0
22224       3   0.03    2212        211         111         0           0
22224       3   0.0587  2112        211         211         0           0
22224       3   0.1173  2212        211         111         0           0
22224       3   0.264   2212        211         111         0           0
22224       2   0.305   211         12212       0           0           0
22224       2   0.04    211         2124        0           0           0
22224       2   0.01    211         22212       0           0           0
22224       2   0.02    2212        9000211     0           0           0
22224       2   0.05    221         2224        0           0           0

-9853112    Anti-Sigma(1900)-     1.92500        0.165000        2              -1      1      0      0      1.0      1      13
-9853112    2   0.5333  -2112       321         0           0           0
-9853112    2   0.1024  -3112       111         0           0           0
-9853112    2   0.1024  -3212       211         0           0           0
-9853112    2   0.0095  -3112       221         0           0           0
-9853112    2   0.0571  -3122       211         0           0           0
-9853112    2   0.0286  -3312       -311        0           0           0
-9853112    2   0.0333  -3114       111         0           0           0
-9853112    2   0.0333  -3214       211         0           0           0
-9853112    2   0.0048  -3124       211         0           0           0
-9853112    2   0.0179  -1114       311         0           0           0
-9853112    2   0.0059  -2114       321         0           0           0
-9853112    2   0.0667  -2112       323         0           0           0
-9853112    2   0.0048  -2112       323         0           0           0

-9853212    Anti-Sigma(1900)0     1.92500        0.165000        2              -1      1      0      0      1.0      0      17
-9853212    2   0.2667  -2112       311         0           0           0
-9853212    2   0.2667  -2212       321         0           0           0
-9853212    2   0.1024  -3112       -211        0           0           0
-9853212    2   0.1024  -3222       211         0           0           0
-9853212    2   0.0095  -3212       221         0           0           0
-9853212    2   0.0571  -3122       111         0           0           0
-9853212    2   0.0143  -3312       -321        0           0           0
-9853212    2   0.0143  -3322       -311        0           0           0
-9853212    2   0.0333  -3114       -211        0           0           0
-9853212    2   0.0333  -3224       211         0           0           0
-9853212    2   0.0048  -3124       111         0           0           0
-9853212    2   0.0119  -2114       311         0           0           0
-9853212    2   0.0119  -2214       321         0           0           0
-9853212    2   0.0333  -2112       313         0           0           0
-9853212    2   0.0333  -2212       323         0           0           0
-9853212    2   0.0024  -2112       313         0           0           0
-9853212    2   0.0024  -2212       323         0           0           0

-9853222    Anti-Sigma(1900)+     1.92500        0.165000        2              -1      1      0      0      1.0     -1      13
-9853222    2   0.5333  -2212       311         0           0           0
-9853222    2   0.1024  -3212       -211        0           0           0
-9853222    2   0.1024  -3222       111         0           0           0
-9853222    2   0.0095  -3222       221         0           0           0
-9853222    2   0.0571  -3122       -211        0           0           0
-9853222    2   0.0286  -3322       -321        0           0           0
-9853222    2   0.0333  -3214       -211        0           0           0
-9853222    2   0.0333  -3224       111         0           0           0
-9853222    2   0.0048  -3124       -211        0           0           0
-9853222    2   0.0059  -2214       311         0           0           0
-9853222    2   0.0179  -2224       321         0           0           0
-9853222    2   0.0667  -2212       313         0           0           0
-9853222    2   0.0048  -2212       313         0           0           0

9853112     Sigma(1900)-          1.92500        0.165000        2               1     -1      0      0      1.0     -1      13
9853112     2   0.5333  2112        -321        0           0           0
9853112     2   0.1024  3112        111         0           0           0
9853112     2   0.1024  3212        -211        0           0           0
9853112     2   0.0095  3112        221         0           0           0
9853112     2   0.0571  3122        -211        0           0           0
9853112     2   0.0286  3312        311         0           0           0
9853112     2   0.0333  3114        111         0           0           0
9853112     2   0.0333  3214        -211        0           0           0
9853112     2   0.0048  3124        -211        0           0           0
9853112     2   0.0179  1114        -311        0           0           0
9853112     2   0.0059  2114        -321        0           0           0
9853112     2   0.0667  2112        -323        0           0           0
9853112     2   0.0048  2112        -323        0           0           0

9853212     Sigma(1900)0          1.92500        0.165000        2               1     -1      0      0      1.0      0      17
9853212     2   0.2667  2112        -311        0           0           0
9853212     2   0.2667  2212        -321        0           0           0
9853212     2   0.1024  3112        211         0           0           0
9853212     2   0.1024  3222        -211        0           0           0
9853212     2   0.0095  3212        221         0           0           0
9853212     2   0.0571  3122        111         0           0           0
9853212     2   0.0143  3312        321         0           0           0
9853212     2   0.0143  3322        311         0           0           0
9853212     2   0.0333  3114        211         0           0           0
9853212     2   0.0333  3224        -211        0           0           0
9853212     2   0.0048  3124        111         0           0           0
9853212     2   0.0119  2114        -311        0           0           0
9853212     2   0.0119  2214        -321        0           0           0
9853212     2   0.0333  2112        -313        0           0           0
9853212     2   0.0333  2212        -323        0           0           0
9853212     2   0.0024  2112        -313        0           0           0
9853212     2   0.0024  2212        -323        0           0           0

9853222     Sigma(1900)+          1.92500        0.165000        2               1     -1      0      0      1.0      1      13
9853222     2   0.5333  2212        -311        0           0           0
9853222     2   0.1024  3212        211         0           0           0
9853222     2   0.1024  3222        111         0           0           0
9853222     2   0.0095  3222        221         0           0           0
9853222     2   0.0571  3122        211         0           0           0
9853222     2   0.0286  3322        321         0           0           0
9853222     2   0.0333  3214        211         0           0           0
9853222     2   0.0333  3224        111         0           0           0
9853222     2   0.0048  3124        211         0           0           0
9853222     2   0.0059  2214        -311        0           0           0
9853222     2   0.0179  2224        -321        0           0           0
9853222     2   0.0667  2212        -313        0           0           0
9853222     2   0.0048  2212        -313        0           0           0

-1118       Anti-Delta(1950)-     1.93000        0.285000        8              -1      0      0      0      1.5      1      7
-1118       2   0.4162  -2112       211         0           0           0
-1118       2   0.006   -3112       -311        0           0           0
-1118       3   0.4495  -2112       211         111         0           0
-1118       3   0.0563  -2112       211         111         0           0
-1118       3   0.0087  -2212       211         211         0           0
-1118       2   0.06    -12116      211         0           0           0
-1118       2   0.003   -1114       221         0           0           0

-2118       Anti-Delta(1950)0     1.93000        0.285000        8              -1      0      0      0      1.5      0      14
-2118       2   0.2775  -2112       111         0           0           0
-2118       2   0.1387  -2212       211         0           0           0
-2118       2   0.002   -3112       -321        0           0           0
-2118       2   0.004   -3212       -311        0           0           0
-2118       3   0.2997  -2112       -211        211         0           0
-2118       3   0.1498  -2212       211         111         0           0
-2118       3   0.026   -2112       -211        211         0           0
-2118       3   0.0029  -2112       111         111         0           0
-2118       3   0.0014  -2212       211         111         0           0
-2118       3   0.0116  -2112       -211        211         0           0
-2118       3   0.0231  -2212       211         111         0           0
-2118       2   0.04    -12116      111         0           0           0
-2118       2   0.02    -12216      211         0           0           0
-2118       2   0.003   -2114       221         0           0           0

-2218       Anti-Delta(1950)+     1.93000        0.285000        8              -1      0      0      0      1.5     -1      14
-2218       2   0.1387  -2112       -211        0           0           0
-2218       2   0.2775  -2212       111         0           0           0
-2218       2   0.004   -3212       -321        0           0           0
-2218       2   0.002   -3222       -311        0           0           0
-2218       3   0.1498  -2112       -211        111         0           0
-2218       3   0.2997  -2212       -211        211         0           0
-2218       3   0.0231  -2112       -211        111         0           0
-2218       3   0.0116  -2212       -211        211         0           0
-2218       3   0.0014  -2112       -211        111         0           0
-2218       3   0.0029  -2212       111         111         0           0
-2218       3   0.026   -2212       -211        211         0           0
-2218       2   0.02    -12116      -211        0           0           0
-2218       2   0.04    -12216      111         0           0           0
-2218       2   0.003   -2214       221         0           0           0

-2228       Anti-Delta(1950)++    1.93000        0.285000        8              -1      0      0      0      1.5     -2      7
-2228       2   0.4162  -2212       -211        0           0           0
-2228       2   0.006   -3222       -321        0           0           0
-2228       3   0.4495  -2212       -211        111         0           0
-2228       3   0.0087  -2112       -211        -211        0           0
-2228       3   0.0563  -2212       -211        111         0           0
-2228       2   0.06    -12216      -211        0           0           0
-2228       2   0.003   -2224       221         0           0           0

1118        Delta(1950)-          1.93000        0.285000        8               1      0      0      0      1.5     -1      7
1118        2   0.4162  2112        -211        0           0           0
1118        2   0.006   3112        311         0           0           0
1118        3   0.4495  2112        -211        111         0           0
1118        3   0.0563  2112        -211        111         0           0
1118        3   0.0087  2212        -211        -211        0           0
1118        2   0.06    12116       -211        0           0           0
1118        2   0.003   1114        221         0           0           0

2118        Delta(1950)0          1.93000        0.285000        8               1      0      0      0      1.5      0      14
2118        2   0.2775  2112        111         0           0           0
2118        2   0.1387  2212        -211        0           0           0
2118        2   0.002   3112        321         0           0           0
2118        2   0.004   3212        311         0           0           0
2118        3   0.2997  2112        211         -211        0           0
2118        3   0.1498  2212        -211        111         0           0
2118        3   0.026   2112        211         -211        0           0
2118        3   0.0029  2112        111         111         0           0
2118        3   0.0014  2212        -211        111         0           0
2118        3   0.0116  2112        211         -211        0           0
2118        3   0.0231  2212        -211        111         0           0
2118        2   0.04    12116       111         0           0           0
2118        2   0.02    12216       -211        0           0           0
2118        2   0.003   2114        221         0           0           0

2218        Delta(1950)+          1.93000        0.285000        8               1      0      0      0      1.5      1      14
2218        2   0.1387  2112        211         0           0           0
2218        2   0.2775  2212        111         0           0           0
2218        2   0.004   3212        321         0           0           0
2218        2   0.002   3222        311         0           0           0
2218        3   0.1498  2112        211         111         0           0
2218        3   0.2997  2212        211         -211        0           0
2218        3   0.0231  2112        211         111         0           0
2218        3   0.0116  2212        211         -211        0           0
2218        3   0.0014  2112        211         111         0           0
2218        3   0.0029  2212        111         111         0           0
2218        3   0.026   2212        211         -211        0           0
2218        2   0.02    12116       211         0           0           0
2218        2   0.04    12216       111         0           0           0
2218        2   0.003   2214        221         0           0           0

2228        Delta(1950)++         1.93000        0.285000        8               1      0      0      0      1.5      2      7
2228        2   0.4162  2212        211         0           0           0
2228        2   0.006   3222        321         0           0           0
2228        3   0.4495  2212        211         111         0           0
2228        3   0.0087  2112        211         211         0           0
2228        3   0.0563  2212        211         111         0           0
2228        2   0.06    12216       211         0           0           0
2228        2   0.003   2224        221         0           0           0

-7110211    a0(1950)-             1.93100        0.271000        1               0      0      0      0      1.0     -1      1
-7110211    2   1.0000  -321        311         0           0           0

7110111     a0(1950)0             1.93100        0.271000        1               0      0      0      0      1.0      0      2
7110111     2   0.5000  321         -321        0           0           0
7110111     2   0.5000  311         -311        0           0           0

7110211     a0(1950)+             1.93100        0.271000        1               0      0      0      0      1.0      1      1
7110211     2   1.0000  321         -311        0           0           0

9050225     f2(1950)              1.93600        0.464000        5               0      0      0      0      0.0      0      9
9050225     2   0.1     313         -313        0           0           0
9050225     2   0.1     323         -323        0           0           0
9050225     2   0.0667  111         111         0           0           0
9050225     2   0.1333  211         -211        0           0           0
9050225     4   0.0667  211         211         -211        -211        0
9050225     4   0.1333  211         -211        111         111         0
9050225     2   0.2     221         221         0           0           0
9050225     2   0.1     311         -311        0           0           0
9050225     2   0.1     321         -321        0           0           0

-9853114    Anti-Sigma(1940)-     1.94000        0.250000        4              -1      1      0      0      1.0      1      7
-9853114    2   0.43    -3116       22          0           0           0
-9853114    2   0.15    -2112       321         0           0           0
-9853114    2   0.03    -3112       111         0           0           0
-9853114    2   0.03    -3212       211         0           0           0
-9853114    2   0.145   -3114       111         0           0           0
-9853114    2   0.145   -3214       211         0           0           0
-9853114    2   0.07    -3124       211         0           0           0

-9853214    Anti-Sigma(1940)0     1.94000        0.250000        4              -1      1      0      0      1.0      0      8
-9853214    2   0.43    -3216       22          0           0           0
-9853214    2   0.075   -2112       311         0           0           0
-9853214    2   0.075   -2212       321         0           0           0
-9853214    2   0.03    -3112       -211        0           0           0
-9853214    2   0.03    -3222       211         0           0           0
-9853214    2   0.145   -3114       -211        0           0           0
-9853214    2   0.145   -3224       211         0           0           0
-9853214    2   0.07    -3124       111         0           0           0

-9853224    Anti-Sigma(1940)+     1.94000        0.250000        4              -1      1      0      0      1.0     -1      7
-9853224    2   0.43    -3226       22          0           0           0
-9853224    2   0.15    -2212       311         0           0           0
-9853224    2   0.03    -3212       -211        0           0           0
-9853224    2   0.03    -3222       111         0           0           0
-9853224    2   0.145   -3214       -211        0           0           0
-9853224    2   0.145   -3224       111         0           0           0
-9853224    2   0.07    -3124       -211        0           0           0

9853114     Sigma(1940)-          1.94000        0.250000        4               1     -1      0      0      1.0     -1      7
9853114     2   0.43    3116        22          0           0           0
9853114     2   0.15    2112        -321        0           0           0
9853114     2   0.03    3112        111         0           0           0
9853114     2   0.03    3212        -211        0           0           0
9853114     2   0.145   3114        111         0           0           0
9853114     2   0.145   3214        -211        0           0           0
9853114     2   0.07    3124        -211        0           0           0

9853214     Sigma(1940)0          1.94000        0.250000        4               1     -1      0      0      1.0      0      8
9853214     2   0.43    3216        22          0           0           0
9853214     2   0.075   2112        -311        0           0           0
9853214     2   0.075   2212        -321        0           0           0
9853214     2   0.03    3112        211         0           0           0
9853214     2   0.03    3222        -211        0           0           0
9853214     2   0.145   3114        211         0           0           0
9853214     2   0.145   3224        -211        0           0           0
9853214     2   0.07    3124        111         0           0           0

9853224     Sigma(1940)+          1.94000        0.250000        4               1     -1      0      0      1.0      1      7
9853224     2   0.43    3226        22          0           0           0
9853224     2   0.15    2212        -311        0           0           0
9853224     2   0.03    3212        211         0           0           0
9853224     2   0.03    3222        111         0           0           0
9853224     2   0.145   3214        211         0           0           0
9853224     2   0.145   3224        111         0           0           0
9853224     2   0.07    3124        211         0           0           0

-9020311    Anti-K0*(1950)0       1.94500        0.201000        1               0     -1      0      0      0.5      0      2
-9020311    2   0.3333  -311        111         0           0           0
-9020311    2   0.6667  -321        211         0           0           0

-9020321    Anti-K0*(1950)+       1.94500        0.201000        1               0     -1      0      0      0.5     -1      2
-9020321    2   0.6667  -311        -211        0           0           0
-9020321    2   0.3333  -321        111         0           0           0

9020311     K0*(1950)0            1.94500        0.201000        1               0      1      0      0      0.5      0      2
9020311     2   0.3333  311         111         0           0           0
9020311     2   0.6667  321         -211        0           0           0

9020321     K0*(1950)+            1.94500        0.201000        1               0      1      0      0      0.5      1      2
9020321     2   0.6667  311         211         0           0           0
9020321     2   0.3333  321         111         0           0           0

-103316     Anti-Ksi(1950)-       1.95000        0.060000        6              -1      2      0      0      0.5      1      5
-103316     2   0.3333  -3122       321         0           0           0
-103316     2   0.2222  -3112       311         0           0           0
-103316     2   0.1111  -3212       321         0           0           0
-103316     2   0.1111  -3312       111         0           0           0
-103316     2   0.2222  -3322       211         0           0           0

-103326     Anti-Ksi(1950)0       1.95000        0.060000        6              -1      2      0      0      0.5      0      5
-103326     2   0.3333  -3122       311         0           0           0
-103326     2   0.1111  -3212       311         0           0           0
-103326     2   0.2222  -3222       321         0           0           0
-103326     2   0.2222  -3312       -211        0           0           0
-103326     2   0.1111  -3322       111         0           0           0

103316      Ksi(1950)-            1.95000        0.060000        6               1     -2      0      0      0.5     -1      5
103316      2   0.3333  3122        -321        0           0           0
103316      2   0.2222  3112        -311        0           0           0
103316      2   0.1111  3212        -321        0           0           0
103316      2   0.1111  3312        111         0           0           0
103316      2   0.2222  3322        -211        0           0           0

103326      Ksi(1950)0            1.95000        0.060000        6               1     -2      0      0      0.5      0      5
103326      2   0.3333  3122        -311        0           0           0
103326      2   0.1111  3212        -311        0           0           0
103326      2   0.2222  3222        -321        0           0           0
103326      2   0.2222  3312        211         0           0           0
103326      2   0.1111  3322        111         0           0           0

-11116      Anti-Delta(1930)-     1.95000        0.300000        6              -1      0      0      0      1.5      1      2
-11116      2   0.9     -1116       22          0           0           0
-11116      2   0.1     -2112       211         0           0           0

-11216      Anti-Delta(1930)0     1.95000        0.300000        6              -1      0      0      0      1.5      0      3
-11216      2   0.9     -1216       22          0           0           0
-11216      2   0.0667  -2112       111         0           0           0
-11216      2   0.0333  -2212       211         0           0           0

-12126      Anti-Delta(1930)+     1.95000        0.300000        6              -1      0      0      0      1.5     -1      3
-12126      2   0.9     -2126       22          0           0           0
-12126      2   0.0333  -2112       -211        0           0           0
-12126      2   0.0667  -2212       111         0           0           0

-12226      Anti-Delta(1930)++    1.95000        0.300000        6              -1      0      0      0      1.5     -2      2
-12226      2   0.9     -2226       22          0           0           0
-12226      2   0.1     -2212       -211        0           0           0

11116       Delta(1930)-          1.95000        0.300000        6               1      0      0      0      1.5     -1      2
11116       2   0.9     1116        22          0           0           0
11116       2   0.1     2112        -211        0           0           0

11216       Delta(1930)0          1.95000        0.300000        6               1      0      0      0      1.5      0      3
11216       2   0.9     1216        22          0           0           0
11216       2   0.0667  2112        111         0           0           0
11216       2   0.0333  2212        -211        0           0           0

12126       Delta(1930)+          1.95000        0.300000        6               1      0      0      0      1.5      1      3
12126       2   0.9     2126        22          0           0           0
12126       2   0.0333  2112        211         0           0           0
12126       2   0.0667  2212        111         0           0           0

12226       Delta(1930)++         1.95000        0.300000        6               1      0      0      0      1.5      2      2
12226       2   0.9     2226        22          0           0           0
12226       2   0.1     2212        211         0           0           0

-7210215    pi2(2005)-            1.96300        0.370000        5               0      0      0      0      1.0     -1      3
-7210215    3   0.2500  -211        111         111         0           0
-7210215    3   0.2500  -211        -211        211         0           0
-7210215    3   0.5000  223         -211        111         0           0

7210115     pi2(2005)0            1.96300        0.370000        5               0      0      0      0      1.0      0      2
7210115     3   0.5000  211         -211        111         0           0
7210115     3   0.5000  223         211         -211        0           0

7210215     pi2(2005)+            1.96300        0.370000        5               0      0      0      0      1.0      1      3
7210215     3   0.2500  211         111         111         0           0
7210215     3   0.2500  211         211         -211        0           0
7210215     3   0.5000  223         211         111         0           0

-219        a4(1970)-             1.96700        0.324000        9               0      0      0      0      1.0     -1      5
-219        2   0.2500  311         -321        0           0           0
-219        3   0.1250  -211        111         111         0           0
-219        3   0.1250  -211        -211        211         0           0
-219        3   0.2500  223         -211        111         0           0
-219        2   0.2500  -211        221         0           0           0

119         a4(1970)0             1.96700        0.324000        9               0      0      0      0      1.0      0      5
119         2   0.1250  -311        311         0           0           0
119         2   0.1250  -321        321         0           0           0
119         3   0.2500  211         -211        111         0           0
119         3   0.2500  223         211         -211        0           0
119         2   0.2500  111         221         0           0           0

219         a4(1970)+             1.96700        0.324000        9               0      0      0      0      1.0      1      5
219         2   0.2500  -311        321         0           0           0
219         3   0.1250  211         111         111         0           0
219         3   0.1250  211         211         -211        0           0
219         3   0.2500  223         211         111         0           0
219         2   0.2500  211         221         0           0           0

-9000217    rho3(1990)-           1.98200        0.188000        7               0      0      0      0      1.0     -1      1
-9000217    2   1.0000  -7110211    22          0           0           0

9000117     rho3(1990)0           1.98200        0.188000        7               0      0      0      0      1.0      0      1
9000117     2   1.0000  7110111     22          0           0           0

9000217     rho3(1990)+           1.98200        0.188000        7               0      0      0      0      1.0      1      1
9000217     2   1.0000  7110211     22          0           0           0

9050221     f0(2020)              1.99200        0.442000        1               0      0      0      0      0.0      0      7
9050221     3   0.1111  213         -211        111         0           0
9050221     3   0.1111  -213        211         111         0           0
9050221     3   0.1111  113         211         -211        0           0
9050221     2   0.2222  211         -211        0           0           0
9050221     2   0.1111  111         111         0           0           0
9050221     2   0.2222  213         -213        0           0           0
9050221     2   0.1111  113         113         0           0           0

-9010315    Anti-K2*(1980)0       1.99500        0.349000        5               0     -1      0      0      0.5      0      7
-9010315    2   0.0667  -313        111         0           0           0
-9010315    2   0.1333  -323        211         0           0           0
-9010315    2   0.0667  -311        113         0           0           0
-9010315    2   0.1333  -321        213         0           0           0
-9010315    2   0.2     -311        225         0           0           0
-9010315    2   0.2     -311        333         0           0           0
-9010315    2   0.2     -311        221         0           0           0

-9010325    Anti-K2*(1980)+       1.99500        0.349000        5               0     -1      0      0      0.5     -1      7
-9010325    2   0.1333  -313        -211        0           0           0
-9010325    2   0.0667  -323        111         0           0           0
-9010325    2   0.1333  -311        -213        0           0           0
-9010325    2   0.0667  -321        113         0           0           0
-9010325    2   0.2     -321        225         0           0           0
-9010325    2   0.2     -321        333         0           0           0
-9010325    2   0.2     -321        221         0           0           0

9010315     K2*(1980)0            1.99500        0.349000        5               0      1      0      0      0.5      0      7
9010315     2   0.0667  313         111         0           0           0
9010315     2   0.1333  323         -211        0           0           0
9010315     2   0.0667  311         113         0           0           0
9010315     2   0.1333  321         -213        0           0           0
9010315     2   0.2     311         225         0           0           0
9010315     2   0.2     311         333         0           0           0
9010315     2   0.2     311         221         0           0           0

9010325     K2*(1980)+            1.99500        0.349000        5               0      1      0      0      0.5      1      7
9010325     2   0.1333  313         211         0           0           0
9010325     2   0.0667  323         111         0           0           0
9010325     2   0.1333  311         213         0           0           0
9010325     2   0.0667  321         113         0           0           0
9010325     2   0.2     321         225         0           0           0
9010325     2   0.2     321         333         0           0           0
9010325     2   0.2     321         221         0           0           0

-9832116    Anti-N(2000)0         2.00000        0.294000        6              -1      0      0      0      0.5      0      19
-9832116    2   0.0259  -2112       111         0           0           0
-9832116    2   0.0519  -2212       211         0           0           0
-9832116    2   0.0173  -2112       221         0           0           0
-9832116    2   0.0821  -2112       223         0           0           0
-9832116    3   0.095   -2112       -211        211         0           0
-9832116    3   0.0422  -2112       111         111         0           0
-9832116    3   0.0211  -2212       211         111         0           0
-9832116    3   0.0106  -2112       -211        211         0           0
-9832116    3   0.0211  -2212       211         111         0           0
-9832116    3   0.1469  -2112       -211        211         0           0
-9832116    3   0.0653  -2112       111         111         0           0
-9832116    3   0.0327  -2212       211         111         0           0
-9832116    3   0.0163  -2112       -211        211         0           0
-9832116    3   0.0327  -2212       211         111         0           0
-9832116    2   0.0605  111         -1214       0           0           0
-9832116    2   0.121   211         -2124       0           0           0
-9832116    2   0.0461  111         -12116      0           0           0
-9832116    2   0.0922  211         -12216      0           0           0
-9832116    2   0.019   -3122       -313        0           0           0

-9832216    Anti-N(2000)+         2.00000        0.294000        6              -1      0      0      0      0.5     -1      19
-9832216    2   0.0519  -2112       -211        0           0           0
-9832216    2   0.0259  -2212       111         0           0           0
-9832216    2   0.0173  -2212       221         0           0           0
-9832216    2   0.0821  -2212       223         0           0           0
-9832216    3   0.0211  -2112       -211        111         0           0
-9832216    3   0.0106  -2212       -211        211         0           0
-9832216    3   0.0211  -2112       -211        111         0           0
-9832216    3   0.0422  -2212       111         111         0           0
-9832216    3   0.095   -2212       -211        211         0           0
-9832216    3   0.0327  -2112       -211        111         0           0
-9832216    3   0.0163  -2212       -211        211         0           0
-9832216    3   0.0327  -2112       -211        111         0           0
-9832216    3   0.0653  -2212       111         111         0           0
-9832216    3   0.1469  -2212       -211        211         0           0
-9832216    2   0.121   -211        -1214       0           0           0
-9832216    2   0.0605  111         -2124       0           0           0
-9832216    2   0.0922  -211        -12116      0           0           0
-9832216    2   0.0461  111         -12216      0           0           0
-9832216    2   0.019   -3122       -323        0           0           0

9832116     N(2000)0              2.00000        0.294000        6               1      0      0      0      0.5      0      19
9832116     2   0.0259  2112        111         0           0           0
9832116     2   0.0519  2212        -211        0           0           0
9832116     2   0.0173  2112        221         0           0           0
9832116     2   0.0821  2112        223         0           0           0
9832116     3   0.095   2112        211         -211        0           0
9832116     3   0.0422  2112        111         111         0           0
9832116     3   0.0211  2212        -211        111         0           0
9832116     3   0.0106  2112        211         -211        0           0
9832116     3   0.0211  2212        -211        111         0           0
9832116     3   0.1469  2112        211         -211        0           0
9832116     3   0.0653  2112        111         111         0           0
9832116     3   0.0327  2212        -211        111         0           0
9832116     3   0.0163  2112        211         -211        0           0
9832116     3   0.0327  2212        -211        111         0           0
9832116     2   0.0605  111         1214        0           0           0
9832116     2   0.121   -211        2124        0           0           0
9832116     2   0.0461  111         12116       0           0           0
9832116     2   0.0922  -211        12216       0           0           0
9832116     2   0.019   3122        313         0           0           0

9832216     N(2000)+              2.00000        0.294000        6               1      0      0      0      0.5      1      19
9832216     2   0.0519  2112        211         0           0           0
9832216     2   0.0259  2212        111         0           0           0
9832216     2   0.0173  2212        221         0           0           0
9832216     2   0.0821  2212        223         0           0           0
9832216     3   0.0211  2112        211         111         0           0
9832216     3   0.0106  2212        211         -211        0           0
9832216     3   0.0211  2112        211         111         0           0
9832216     3   0.0422  2212        111         111         0           0
9832216     3   0.095   2212        211         -211        0           0
9832216     3   0.0327  2112        211         111         0           0
9832216     3   0.0163  2212        211         -211        0           0
9832216     3   0.0327  2112        211         111         0           0
9832216     3   0.0653  2212        111         111         0           0
9832216     3   0.1469  2212        211         -211        0           0
9832216     2   0.121   211         1214        0           0           0
9832216     2   0.0605  111         2124        0           0           0
9832216     2   0.0922  211         12116       0           0           0
9832216     2   0.0461  111         12216       0           0           0
9832216     2   0.019   3122        323         0           0           0

-9873122    Anti-Lambda(2000)     2.00000        0.190000        2              -1      1      0      0      0.0      0      11
-9873122    2   0.1443  -23124      22          0           0           0
-9873122    2   0.165   -2112       311         0           0           0
-9873122    2   0.165   -2212       321         0           0           0
-9873122    2   0.0101  -3112       -211        0           0           0
-9873122    2   0.0101  -3212       111         0           0           0
-9873122    2   0.0101  -3222       211         0           0           0
-9873122    2   0.23    -3122       221         0           0           0
-9873122    2   0.0341  -2112       313         0           0           0
-9873122    2   0.0341  -2212       323         0           0           0
-9873122    2   0.0986  -2112       313         0           0           0
-9873122    2   0.0986  -2212       323         0           0           0

9873122     Lambda(2000)          2.00000        0.190000        2               1     -1      0      0      0.0      0      11
9873122     2   0.1443  23124       22          0           0           0
9873122     2   0.165   2112        -311        0           0           0
9873122     2   0.165   2212        -321        0           0           0
9873122     2   0.0101  3112        211         0           0           0
9873122     2   0.0101  3212        111         0           0           0
9873122     2   0.0101  3222        -211        0           0           0
9873122     2   0.23    3122        221         0           0           0
9873122     2   0.0341  2112        -313        0           0           0
9873122     2   0.0341  2212        -323        0           0           0
9873122     2   0.0986  2112        -313        0           0           0
9873122     2   0.0986  2212        -323        0           0           0

-9841114    Anti-Delta(1940)-     2.00000        0.400000        4              -1      0      0      0      1.5      1      9
-9841114    2   0.0813  -2112       211         0           0           0
-9841114    3   0.2156  -2112       211         111         0           0
-9841114    3   0.0332  -2212       211         211         0           0
-9841114    3   0.0842  -2112       211         111         0           0
-9841114    3   0.0129  -2212       211         211         0           0
-9841114    3   0.4243  -2112       211         111         0           0
-9841114    2   0.0849  -22112      211         0           0           0
-9841114    2   0.0212  -2112       9000211     0           0           0
-9841114    2   0.0424  -1114       221         0           0           0

-9842114    Anti-Delta(1940)0     2.00000        0.400000        4              -1      0      0      0      1.5      0      19
-9842114    2   0.0542  -2112       111         0           0           0
-9842114    2   0.0271  -2212       211         0           0           0
-9842114    3   0.0995  -2112       -211        211         0           0
-9842114    3   0.0111  -2112       111         111         0           0
-9842114    3   0.0055  -2212       211         111         0           0
-9842114    3   0.0442  -2112       -211        211         0           0
-9842114    3   0.0885  -2212       211         111         0           0
-9842114    3   0.0388  -2112       -211        211         0           0
-9842114    3   0.0043  -2112       111         111         0           0
-9842114    3   0.0022  -2212       211         111         0           0
-9842114    3   0.0173  -2112       -211        211         0           0
-9842114    3   0.0345  -2212       211         111         0           0
-9842114    3   0.2829  -2112       -211        211         0           0
-9842114    3   0.1414  -2212       211         111         0           0
-9842114    2   0.0566  -22112      111         0           0           0
-9842114    2   0.0283  -22212      211         0           0           0
-9842114    2   0.0141  -2112       9000111     0           0           0
-9842114    2   0.0071  -2212       9000211     0           0           0
-9842114    2   0.0424  -2114       221         0           0           0

-9842214    Anti-Delta(1940)+     2.00000        0.400000        4              -1      0      0      0      1.5     -1      19
-9842214    2   0.0271  -2112       -211        0           0           0
-9842214    2   0.0542  -2212       111         0           0           0
-9842214    3   0.0885  -2112       -211        111         0           0
-9842214    3   0.0442  -2212       -211        211         0           0
-9842214    3   0.0055  -2112       -211        111         0           0
-9842214    3   0.0111  -2212       111         111         0           0
-9842214    3   0.0995  -2212       -211        211         0           0
-9842214    3   0.0345  -2112       -211        111         0           0
-9842214    3   0.0173  -2212       -211        211         0           0
-9842214    3   0.0022  -2112       -211        111         0           0
-9842214    3   0.0043  -2212       111         111         0           0
-9842214    3   0.0388  -2212       -211        211         0           0
-9842214    3   0.1414  -2112       -211        111         0           0
-9842214    3   0.2829  -2212       -211        211         0           0
-9842214    2   0.0283  -22112      -211        0           0           0
-9842214    2   0.0566  -22212      111         0           0           0
-9842214    2   0.0071  -2112       -9000211    0           0           0
-9842214    2   0.0141  -2212       9000111     0           0           0
-9842214    2   0.0424  -2214       221         0           0           0

-9842224    Anti-Delta(1940)++    2.00000        0.400000        4              -1      0      0      0      1.5     -2      9
-9842224    2   0.0813  -2212       -211        0           0           0
-9842224    3   0.0332  -2112       -211        -211        0           0
-9842224    3   0.2156  -2212       -211        111         0           0
-9842224    3   0.0129  -2112       -211        -211        0           0
-9842224    3   0.0842  -2212       -211        111         0           0
-9842224    3   0.4243  -2212       -211        111         0           0
-9842224    2   0.0849  -22212      -211        0           0           0
-9842224    2   0.0212  -2212       -9000211    0           0           0
-9842224    2   0.0424  -2224       221         0           0           0

9841114     Delta(1940)-          2.00000        0.400000        4               1      0      0      0      1.5     -1      9
9841114     2   0.0813  2112        -211        0           0           0
9841114     3   0.2156  2112        -211        111         0           0
9841114     3   0.0332  2212        -211        -211        0           0
9841114     3   0.0842  2112        -211        111         0           0
9841114     3   0.0129  2212        -211        -211        0           0
9841114     3   0.4243  2112        -211        111         0           0
9841114     2   0.0849  22112       -211        0           0           0
9841114     2   0.0212  2112        -9000211    0           0           0
9841114     2   0.0424  1114        221         0           0           0

9842114     Delta(1940)0          2.00000        0.400000        4               1      0      0      0      1.5      0      19
9842114     2   0.0542  2112        111         0           0           0
9842114     2   0.0271  2212        -211        0           0           0
9842114     3   0.0995  2112        211         -211        0           0
9842114     3   0.0111  2112        111         111         0           0
9842114     3   0.0055  2212        -211        111         0           0
9842114     3   0.0442  2112        211         -211        0           0
9842114     3   0.0885  2212        -211        111         0           0
9842114     3   0.0388  2112        211         -211        0           0
9842114     3   0.0043  2112        111         111         0           0
9842114     3   0.0022  2212        -211        111         0           0
9842114     3   0.0173  2112        211         -211        0           0
9842114     3   0.0345  2212        -211        111         0           0
9842114     3   0.2829  2112        211         -211        0           0
9842114     3   0.1414  2212        -211        111         0           0
9842114     2   0.0566  22112       111         0           0           0
9842114     2   0.0283  22212       -211        0           0           0
9842114     2   0.0141  2112        9000111     0           0           0
9842114     2   0.0071  2212        -9000211    0           0           0
9842114     2   0.0424  2114        221         0           0           0

9842214     Delta(1940)+          2.00000        0.400000        4               1      0      0      0      1.5      1      19
9842214     2   0.0271  2112        211         0           0           0
9842214     2   0.0542  2212        111         0           0           0
9842214     3   0.0885  2112        211         111         0           0
9842214     3   0.0442  2212        211         -211        0           0
9842214     3   0.0055  2112        211         111         0           0
9842214     3   0.0111  2212        111         111         0           0
9842214     3   0.0995  2212        211         -211        0           0
9842214     3   0.0345  2112        211         111         0           0
9842214     3   0.0173  2212        211         -211        0           0
9842214     3   0.0022  2112        211         111         0           0
9842214     3   0.0043  2212        111         111         0           0
9842214     3   0.0388  2212        211         -211        0           0
9842214     3   0.1414  2112        211         111         0           0
9842214     3   0.2829  2212        211         -211        0           0
9842214     2   0.0283  22112       211         0           0           0
9842214     2   0.0566  22212       111         0           0           0
9842214     2   0.0071  2112        9000211     0           0           0
9842214     2   0.0141  2212        9000111     0           0           0
9842214     2   0.0424  2214        221         0           0           0

9842224     Delta(1940)++         2.00000        0.400000        4               1      0      0      0      1.5      2      9
9842224     2   0.0813  2212        211         0           0           0
9842224     3   0.0332  2112        211         211         0           0
9842224     3   0.2156  2212        211         111         0           0
9842224     3   0.0129  2112        211         211         0           0
9842224     3   0.0842  2212        211         111         0           0
9842224     3   0.4243  2212        211         111         0           0
9842224     2   0.0849  22212       211         0           0           0
9842224     2   0.0212  2212        9000211     0           0           0
9842224     2   0.0424  2224        221         0           0           0

-9863114    Anti-Sigma(2010)-     2.00500        0.178000        4              -1      1      0      0      1.0      1      18
-9863114    2   0.0686  -2112       321         0           0           0
-9863114    2   0.049   -3122       211         0           0           0
-9863114    2   0.0147  -3112       111         0           0           0
-9863114    2   0.0147  -3212       211         0           0           0
-9863114    2   0.0294  -3312       -311        0           0           0
-9863114    2   0.0147  -3114       111         0           0           0
-9863114    2   0.0147  -3214       211         0           0           0
-9863114    2   0.0098  -3114       111         0           0           0
-9863114    2   0.0098  -3214       211         0           0           0
-9863114    2   0.0196  -3124       211         0           0           0
-9863114    2   0.1176  -3124       211         0           0           0
-9863114    2   0.0809  -1114       311         0           0           0
-9863114    2   0.0269  -2114       321         0           0           0
-9863114    2   0.0074  -1114       311         0           0           0
-9863114    2   0.0024  -2114       321         0           0           0
-9863114    2   0.2647  -2112       323         0           0           0
-9863114    2   0.1275  -2112       323         0           0           0
-9863114    2   0.1275  -2112       323         0           0           0

-9863214    Anti-Sigma(2010)0     2.00500        0.178000        4              -1      1      0      0      1.0      0      23
-9863214    2   0.0343  -2112       311         0           0           0
-9863214    2   0.0343  -2212       321         0           0           0
-9863214    2   0.049   -3122       111         0           0           0
-9863214    2   0.0147  -3112       -211        0           0           0
-9863214    2   0.0147  -3222       211         0           0           0
-9863214    2   0.0147  -3312       -321        0           0           0
-9863214    2   0.0147  -3322       -311        0           0           0
-9863214    2   0.0147  -3114       -211        0           0           0
-9863214    2   0.0147  -3224       211         0           0           0
-9863214    2   0.0098  -3114       -211        0           0           0
-9863214    2   0.0098  -3224       211         0           0           0
-9863214    2   0.0196  -3124       111         0           0           0
-9863214    2   0.1176  -3124       111         0           0           0
-9863214    2   0.0539  -2114       311         0           0           0
-9863214    2   0.0539  -2214       321         0           0           0
-9863214    2   0.0049  -2114       311         0           0           0
-9863214    2   0.0049  -2214       321         0           0           0
-9863214    2   0.1324  -2112       313         0           0           0
-9863214    2   0.1324  -2212       323         0           0           0
-9863214    2   0.0637  -2112       313         0           0           0
-9863214    2   0.0637  -2212       323         0           0           0
-9863214    2   0.0637  -2112       313         0           0           0
-9863214    2   0.0637  -2212       323         0           0           0

-9863224    Anti-Sigma(2010)+     2.00500        0.178000        4              -1      1      0      0      1.0     -1      18
-9863224    2   0.0686  -2212       311         0           0           0
-9863224    2   0.049   -3122       -211        0           0           0
-9863224    2   0.0147  -3212       -211        0           0           0
-9863224    2   0.0147  -3222       111         0           0           0
-9863224    2   0.0294  -3322       -321        0           0           0
-9863224    2   0.0147  -3214       -211        0           0           0
-9863224    2   0.0147  -3224       111         0           0           0
-9863224    2   0.0098  -3214       -211        0           0           0
-9863224    2   0.0098  -3224       111         0           0           0
-9863224    2   0.0196  -3124       -211        0           0           0
-9863224    2   0.1176  -3124       -211        0           0           0
-9863224    2   0.0269  -2214       311         0           0           0
-9863224    2   0.0809  -2224       321         0           0           0
-9863224    2   0.0024  -2214       311         0           0           0
-9863224    2   0.0074  -2224       321         0           0           0
-9863224    2   0.2647  -2212       313         0           0           0
-9863224    2   0.1275  -2212       313         0           0           0
-9863224    2   0.1275  -2212       313         0           0           0

9863114     Sigma(2010)-          2.00500        0.178000        4               1     -1      0      0      1.0     -1      18
9863114     2   0.0686  2112        -321        0           0           0
9863114     2   0.049   3122        -211        0           0           0
9863114     2   0.0147  3112        111         0           0           0
9863114     2   0.0147  3212        -211        0           0           0
9863114     2   0.0294  3312        311         0           0           0
9863114     2   0.0147  3114        111         0           0           0
9863114     2   0.0147  3214        -211        0           0           0
9863114     2   0.0098  3114        111         0           0           0
9863114     2   0.0098  3214        -211        0           0           0
9863114     2   0.0196  3124        -211        0           0           0
9863114     2   0.1176  3124        -211        0           0           0
9863114     2   0.0809  1114        -311        0           0           0
9863114     2   0.0269  2114        -321        0           0           0
9863114     2   0.0074  1114        -311        0           0           0
9863114     2   0.0024  2114        -321        0           0           0
9863114     2   0.2647  2112        -323        0           0           0
9863114     2   0.1275  2112        -323        0           0           0
9863114     2   0.1275  2112        -323        0           0           0

9863214     Sigma(2010)0          2.00500        0.178000        4               1     -1      0      0      1.0      0      23
9863214     2   0.0343  2112        -311        0           0           0
9863214     2   0.0343  2212        -321        0           0           0
9863214     2   0.049   3122        111         0           0           0
9863214     2   0.0147  3112        211         0           0           0
9863214     2   0.0147  3222        -211        0           0           0
9863214     2   0.0147  3312        321         0           0           0
9863214     2   0.0147  3322        311         0           0           0
9863214     2   0.0147  3114        211         0           0           0
9863214     2   0.0147  3224        -211        0           0           0
9863214     2   0.0098  3114        211         0           0           0
9863214     2   0.0098  3224        -211        0           0           0
9863214     2   0.0196  3124        111         0           0           0
9863214     2   0.1176  3124        111         0           0           0
9863214     2   0.0539  2114        -311        0           0           0
9863214     2   0.0539  2214        -321        0           0           0
9863214     2   0.0049  2114        -311        0           0           0
9863214     2   0.0049  2214        -321        0           0           0
9863214     2   0.1324  2112        -313        0           0           0
9863214     2   0.1324  2212        -323        0           0           0
9863214     2   0.0637  2112        -313        0           0           0
9863214     2   0.0637  2212        -323        0           0           0
9863214     2   0.0637  2112        -313        0           0           0
9863214     2   0.0637  2212        -323        0           0           0

9863224     Sigma(2010)+          2.00500        0.178000        4               1     -1      0      0      1.0      1      18
9863224     2   0.0686  2212        -311        0           0           0
9863224     2   0.049   3122        211         0           0           0
9863224     2   0.0147  3212        211         0           0           0
9863224     2   0.0147  3222        111         0           0           0
9863224     2   0.0294  3322        321         0           0           0
9863224     2   0.0147  3214        211         0           0           0
9863224     2   0.0147  3224        111         0           0           0
9863224     2   0.0098  3214        211         0           0           0
9863224     2   0.0098  3224        111         0           0           0
9863224     2   0.0196  3124        211         0           0           0
9863224     2   0.1176  3124        211         0           0           0
9863224     2   0.0269  2214        -311        0           0           0
9863224     2   0.0809  2224        -321        0           0           0
9863224     2   0.0024  2214        -311        0           0           0
9863224     2   0.0074  2224        -321        0           0           0
9863224     2   0.2647  2212        -313        0           0           0
9863224     2   0.1275  2212        -313        0           0           0
9863224     2   0.1275  2212        -313        0           0           0

9060225     f2(2010)              2.01100        0.202000        5               0      0      0      0      0.0      0      3
9060225     2   0.5000  333         333         0           0           0
9060225     2   0.2500  311         -311        0           0           0
9060225     2   0.2500  321         -321        0           0           0

-9813334    Anti-Omega(2012)      2.01240        0.006400        4              -1      3      0      0      0.0      1      2
-9813334    2   0.545   -3322       321         0           0           0
-9813334    2   0.455   -3312       311         0           0           0

9813334     Omega(2012)           2.01240        0.006400        4               1     -3      0      0      0.0     -1      2
9813334     2   0.545   3322        -321        0           0           0
9813334     2   0.455   3312        -311        0           0           0

229         f4(2050)              2.01800        0.237000        9               0      0      0      0      0.0      0      9
229         2   0.255   223         223         0           0           0
229         2   0.0566  111         111         0           0           0
229         2   0.1133  211         -211        0           0           0
229         2   0.0034  -311        311         0           0           0
229         2   0.0034  -321        321         0           0           0
229         2   0.0021  221         221         0           0           0
229         2   0.1887  111         115         0           0           0
229         2   0.1887  211         -215        0           0           0
229         2   0.1887  -211        215         0           0           0

-9811218    Anti-N(1990)0         2.02000        0.300000        8              -1      0      0      0      0.5      0      5
-9811218    2   0.8865  -9841214    22          0           0           0
-9811218    2   0.0133  -2112       111         0           0           0
-9811218    2   0.0267  -2212       211         0           0           0
-9811218    2   0.0135  -2112       221         0           0           0
-9811218    2   0.06    -3122       -311        0           0           0

-9812128    Anti-N(1990)+         2.02000        0.300000        8              -1      0      0      0      0.5     -1      5
-9812128    2   0.8865  -9842124    22          0           0           0
-9812128    2   0.0267  -2112       -211        0           0           0
-9812128    2   0.0133  -2212       111         0           0           0
-9812128    2   0.0135  -2212       221         0           0           0
-9812128    2   0.06    -3122       -321        0           0           0

9811218     N(1990)0              2.02000        0.300000        8               1      0      0      0      0.5      0      5
9811218     2   0.8865  9841214     22          0           0           0
9811218     2   0.0133  2112        111         0           0           0
9811218     2   0.0267  2212        -211        0           0           0
9811218     2   0.0135  2112        221         0           0           0
9811218     2   0.06    3122        311         0           0           0

9812128     N(1990)+              2.02000        0.300000        8               1      0      0      0      0.5      1      5
9812128     2   0.8865  9842124     22          0           0           0
9812128     2   0.0267  2112        211         0           0           0
9812128     2   0.0133  2212        111         0           0           0
9812128     2   0.0135  2212        221         0           0           0
9812128     2   0.06    3122        321         0           0           0

-203316     Anti-Ksi(2030)-       2.02500        0.020000        6              -1      2      0      0      0.5      1      3
-203316     2   0.2     -3122       321         0           0           0
-203316     2   0.5333  -3112       311         0           0           0
-203316     2   0.2667  -3212       321         0           0           0

-203326     Anti-Ksi(2030)0       2.02500        0.020000        6              -1      2      0      0      0.5      0      3
-203326     2   0.2     -3122       311         0           0           0
-203326     2   0.2667  -3212       311         0           0           0
-203326     2   0.5333  -3222       321         0           0           0

203316      Ksi(2030)-            2.02500        0.020000        6               1     -2      0      0      0.5     -1      3
203316      2   0.2     3122        -321        0           0           0
203316      2   0.5333  3112        -311        0           0           0
203316      2   0.2667  3212        -321        0           0           0

203326      Ksi(2030)0            2.02500        0.020000        6               1     -2      0      0      0.5      0      3
203326      2   0.2     3122        -311        0           0           0
203326      2   0.2667  3212        -311        0           0           0
203326      2   0.5333  3222        -321        0           0           0

-3118       Anti-Sigma(2030)-     2.03000        0.180000        8              -1      1      0      0      1.0      1      18
-3118       2   0.21    -2112       321         0           0           0
-3118       2   0.19    -3122       211         0           0           0
-3118       2   0.0125  -3112       111         0           0           0
-3118       2   0.0125  -3212       211         0           0           0
-3118       2   0.005   -3312       -311        0           0           0
-3118       2   0.005   -3114       111         0           0           0
-3118       2   0.005   -3214       211         0           0           0
-3118       2   0.0015  -3114       111         0           0           0
-3118       2   0.0015  -3214       211         0           0           0
-3118       2   0.01    -3124       211         0           0           0
-3118       2   0.005   -3124       211         0           0           0
-3118       2   0.1425  -1114       311         0           0           0
-3118       2   0.0475  -2114       321         0           0           0
-3118       2   0.0075  -1114       311         0           0           0
-3118       2   0.0025  -2114       321         0           0           0
-3118       2   0.005   -2112       323         0           0           0
-3118       2   0.207   -2112       323         0           0           0
-3118       2   0.13    -3126       211         0           0           0

-3218       Anti-Sigma(2030)0     2.03000        0.180000        8              -1      1      0      0      1.0      0      22
-3218       2   0.105   -2112       311         0           0           0
-3218       2   0.105   -2212       321         0           0           0
-3218       2   0.19    -3122       111         0           0           0
-3218       2   0.0125  -3112       -211        0           0           0
-3218       2   0.0125  -3222       211         0           0           0
-3218       2   0.0025  -3312       -321        0           0           0
-3218       2   0.0025  -3322       -311        0           0           0
-3218       2   0.005   -3114       -211        0           0           0
-3218       2   0.005   -3224       211         0           0           0
-3218       2   0.0015  -3114       -211        0           0           0
-3218       2   0.0015  -3224       211         0           0           0
-3218       2   0.01    -3124       111         0           0           0
-3218       2   0.005   -3124       111         0           0           0
-3218       2   0.095   -2114       311         0           0           0
-3218       2   0.095   -2214       321         0           0           0
-3218       2   0.005   -2114       311         0           0           0
-3218       2   0.005   -2214       321         0           0           0
-3218       2   0.0025  -2112       313         0           0           0
-3218       2   0.0025  -2212       323         0           0           0
-3218       2   0.1035  -2112       313         0           0           0
-3218       2   0.1035  -2212       323         0           0           0
-3218       2   0.13    -3126       111         0           0           0

-3228       Anti-Sigma(2030)+     2.03000        0.180000        8              -1      1      0      0      1.0     -1      18
-3228       2   0.21    -2212       311         0           0           0
-3228       2   0.19    -3122       -211        0           0           0
-3228       2   0.0125  -3212       -211        0           0           0
-3228       2   0.0125  -3222       111         0           0           0
-3228       2   0.005   -3322       -321        0           0           0
-3228       2   0.005   -3214       -211        0           0           0
-3228       2   0.005   -3224       111         0           0           0
-3228       2   0.0015  -3214       -211        0           0           0
-3228       2   0.0015  -3224       111         0           0           0
-3228       2   0.01    -3124       -211        0           0           0
-3228       2   0.005   -3124       -211        0           0           0
-3228       2   0.0475  -2214       311         0           0           0
-3228       2   0.1425  -2224       321         0           0           0
-3228       2   0.0025  -2214       311         0           0           0
-3228       2   0.0075  -2224       321         0           0           0
-3228       2   0.005   -2212       313         0           0           0
-3228       2   0.207   -2212       313         0           0           0
-3228       2   0.13    -3126       -211        0           0           0

3118        Sigma(2030)-          2.03000        0.180000        8               1     -1      0      0      1.0     -1      18
3118        2   0.21    2112        -321        0           0           0
3118        2   0.19    3122        -211        0           0           0
3118        2   0.0125  3112        111         0           0           0
3118        2   0.0125  3212        -211        0           0           0
3118        2   0.005   3312        311         0           0           0
3118        2   0.005   3114        111         0           0           0
3118        2   0.005   3214        -211        0           0           0
3118        2   0.0015  3114        111         0           0           0
3118        2   0.0015  3214        -211        0           0           0
3118        2   0.01    3124        -211        0           0           0
3118        2   0.005   3124        -211        0           0           0
3118        2   0.1425  1114        -311        0           0           0
3118        2   0.0475  2114        -321        0           0           0
3118        2   0.0075  1114        -311        0           0           0
3118        2   0.0025  2114        -321        0           0           0
3118        2   0.005   2112        -323        0           0           0
3118        2   0.207   2112        -323        0           0           0
3118        2   0.13    3126        -211        0           0           0

3218        Sigma(2030)0          2.03000        0.180000        8               1     -1      0      0      1.0      0      22
3218        2   0.105   2112        -311        0           0           0
3218        2   0.105   2212        -321        0           0           0
3218        2   0.19    3122        111         0           0           0
3218        2   0.0125  3112        211         0           0           0
3218        2   0.0125  3222        -211        0           0           0
3218        2   0.0025  3312        321         0           0           0
3218        2   0.0025  3322        311         0           0           0
3218        2   0.005   3114        211         0           0           0
3218        2   0.005   3224        -211        0           0           0
3218        2   0.0015  3114        211         0           0           0
3218        2   0.0015  3224        -211        0           0           0
3218        2   0.01    3124        111         0           0           0
3218        2   0.005   3124        111         0           0           0
3218        2   0.095   2114        -311        0           0           0
3218        2   0.095   2214        -321        0           0           0
3218        2   0.005   2114        -311        0           0           0
3218        2   0.005   2214        -321        0           0           0
3218        2   0.0025  2112        -313        0           0           0
3218        2   0.0025  2212        -323        0           0           0
3218        2   0.1035  2112        -313        0           0           0
3218        2   0.1035  2212        -323        0           0           0
3218        2   0.13    3126        111         0           0           0

3228        Sigma(2030)+          2.03000        0.180000        8               1     -1      0      0      1.0      1      18
3228        2   0.21    2212        -311        0           0           0
3228        2   0.19    3122        211         0           0           0
3228        2   0.0125  3212        211         0           0           0
3228        2   0.0125  3222        111         0           0           0
3228        2   0.005   3322        321         0           0           0
3228        2   0.005   3214        211         0           0           0
3228        2   0.005   3224        111         0           0           0
3228        2   0.0015  3214        211         0           0           0
3228        2   0.0015  3224        111         0           0           0
3228        2   0.01    3124        211         0           0           0
3228        2   0.005   3124        211         0           0           0
3228        2   0.0475  2214        -311        0           0           0
3228        2   0.1425  2224        -321        0           0           0
3228        2   0.0025  2214        -311        0           0           0
3228        2   0.0075  2224        -321        0           0           0
3228        2   0.005   2212        -313        0           0           0
3228        2   0.207   2212        -313        0           0           0
3228        2   0.13    3126        211         0           0           0

-9851214    Anti-N(2040)0         2.05400        0.197000        4              -1      0      0      0      0.5      0      1
-9851214    2   1.0000  -9841214    22          0           0           0

-9852124    Anti-N(2040)+         2.05400        0.197000        4              -1      0      0      0      0.5     -1      1
-9852124    2   1.0000  -9842124    22          0           0           0

9851214     N(2040)0              2.05400        0.197000        4               1      0      0      0      0.5      0      1
9851214     2   1.0000  9841214     22          0           0           0

9852124     N(2040)+              2.05400        0.197000        4               1      0      0      0      0.5      1      1
9852124     2   1.0000  9842124     22          0           0           0

-9833124    Anti-Lambda(2050)     2.05600        0.493000        4              -1      1      0      0      0.0      0      14
-9833124    2   0.17    -23124      22          0           0           0
-9833124    2   0.115    -2112      311         0           0           0
-9833124    2   0.115    -2212      321         0           0           0
-9833124    2   0.03    -3112       -211        0           0           0
-9833124    2   0.03    -3212       111         0           0           0
-9833124    2   0.03    -3222       211         0           0           0
-9833124    2   0.0467  -211        -3114       0           0           0
-9833124    2   0.0467  111         -3214       0           0           0
-9833124    2   0.0467  211         -3224       0           0           0
-9833124    2   0.0233  -211        -3114       0           0           0
-9833124    2   0.0233  111         -3214       0           0           0
-9833124    2   0.0233  211         -3224       0           0           0
-9833124    2   0.15    -2112       313         0           0           0
-9833124    2   0.15    -2212       323         0           0           0

9833124     Lambda(2050)          2.05600        0.493000        4               1     -1      0      0      0.0      0      14
9833124     2   0.17    23124       22          0           0           0
9833124     2   0.115   2112        -311        0           0           0
9833124     2   0.115   2212        -321        0           0           0
9833124     2   0.03    3112        211         0           0           0
9833124     2   0.03    3212        111         0           0           0
9833124     2   0.03    3222        -211        0           0           0
9833124     2   0.0467  211         3114        0           0           0
9833124     2   0.0467  111         3214        0           0           0
9833124     2   0.0467  -211        3224        0           0           0
9833124     2   0.0233  211         3114        0           0           0
9833124     2   0.0233  111         3214        0           0           0
9833124     2   0.0233  -211        3224        0           0           0
9833124     2   0.15    2112        -313        0           0           0
9833124     2   0.15    2212        -323        0           0           0

-9823116    Anti-Sigma(2070)-     2.06000        0.200000        6              -1      1      0      0      1.0      1      4
-9823116    2   0.74    -9863114    22          0           0           0
-9823116    2   0.08    -2112       321         0           0           0
-9823116    2   0.09    -3112       111         0           0           0
-9823116    2   0.09    -3212       211         0           0           0

-9823216    Anti-Sigma(2070)0     2.06000        0.200000        6              -1      1      0      0      1.0      0      5
-9823216    2   0.74    -9863214    22          0           0           0
-9823216    2   0.04    -2112       311         0           0           0
-9823216    2   0.04    -2212       321         0           0           0
-9823216    2   0.09    -3112       -211        0           0           0
-9823216    2   0.09    -3222       211         0           0           0

-9823226    Anti-Sigma(2070)+     2.06000        0.200000        6              -1      1      0      0      1.0     -1      4
-9823226    2   0.74    -9863224    22          0           0           0
-9823226    2   0.08    -2212       311         0           0           0
-9823226    2   0.09    -3212       -211        0           0           0
-9823226    2   0.09    -3222       111         0           0           0

9823116     Sigma(2070)-          2.06000        0.200000        6               1     -1      0      0      1.0     -1      4
9823116     2   0.74    9863114     22          0           0           0
9823116     2   0.08    2112        -321        0           0           0
9823116     2   0.09    3112        111         0           0           0
9823116     2   0.09    3212        -211        0           0           0

9823216     Sigma(2070)0          2.06000        0.200000        6               1     -1      0      0      1.0      0      5
9823216     2   0.74    9863214     22          0           0           0
9823216     2   0.04    2112        -311        0           0           0
9823216     2   0.04    2212        -321        0           0           0
9823216     2   0.09    3112        211         0           0           0
9823216     2   0.09    3222        -211        0           0           0

9823226     Sigma(2070)+          2.06000        0.200000        6               1     -1      0      0      1.0      1      4
9823226     2   0.74    9863224     22          0           0           0
9823226     2   0.08    2212        -311        0           0           0
9823226     2   0.09    3212        211         0           0           0
9823226     2   0.09    3222        111         0           0           0

-9843124    Anti-Lambda(2070)     2.07000        0.370000        4              -1      1      0      0      0.0      0      22
-9843124    2   0.0521  -2112       311         0           0           0
-9843124    2   0.0521  -2212       321         0           0           0
-9843124    2   0.0203  -3112       -211        0           0           0
-9843124    2   0.0203  -3212       111         0           0           0
-9843124    2   0.0203  -3222       211         0           0           0
-9843124    2   0.0306  -3312       -321        0           0           0
-9843124    2   0.0306  -3322       -311        0           0           0
-9843124    2   0.0609  -3122       223         0           0           0
-9843124    2   0.0261  -3122       223         0           0           0
-9843124    2   0.0087  -3122       223         0           0           0
-9843124    2   0.029   -211        -3114       0           0           0
-9843124    2   0.029   111         -3214       0           0           0
-9843124    2   0.029   211         -3224       0           0           0
-9843124    2   0.0058  -211        -3114       0           0           0
-9843124    2   0.0058  111         -3214       0           0           0
-9843124    2   0.0058  211         -3224       0           0           0
-9843124    2   0.1826  -2112       313         0           0           0
-9843124    2   0.1826  -2212       323         0           0           0
-9843124    2   0.0608  -2112       313         0           0           0
-9843124    2   0.0608  -2212       323         0           0           0
-9843124    2   0.0435  -2112       313         0           0           0
-9843124    2   0.0435  -2212       323         0           0           0

9843124     Lambda(2070)          2.07000        0.370000        4               1     -1      0      0      0.0      0      22
9843124     2   0.0521  2112        -311        0           0           0
9843124     2   0.0521  2212        -321        0           0           0
9843124     2   0.0203  3112        211         0           0           0
9843124     2   0.0203  3212        111         0           0           0
9843124     2   0.0203  3222        -211        0           0           0
9843124     2   0.0306  3312        321         0           0           0
9843124     2   0.0306  3322        311         0           0           0
9843124     2   0.0609  3122        223         0           0           0
9843124     2   0.0261  3122        223         0           0           0
9843124     2   0.0087  3122        223         0           0           0
9843124     2   0.029   211         3114        0           0           0
9843124     2   0.029   111         3214        0           0           0
9843124     2   0.029   -211        3224        0           0           0
9843124     2   0.0058  211         3114        0           0           0
9843124     2   0.0058  111         3214        0           0           0
9843124     2   0.0058  -211        3224        0           0           0
9843124     2   0.1826  2112        -313        0           0           0
9843124     2   0.1826  2212        -323        0           0           0
9843124     2   0.0608  2112        -313        0           0           0
9843124     2   0.0608  2212        -323        0           0           0
9843124     2   0.0435  2112        -313        0           0           0
9843124     2   0.0435  2212        -323        0           0           0

-9833126    Anti-Lambda(2080)     2.08200        0.181000        6              -1      1      0      0      0.0      0      19
-9833126    2   0.0598  -2112       311         0           0           0
-9833126    2   0.0598  -2212       321         0           0           0
-9833126    2   0.0181  -3112       -211        0           0           0
-9833126    2   0.0181  -3212       111         0           0           0
-9833126    2   0.0181  -3222       211         0           0           0
-9833126    2   0.0217  -3312       -321        0           0           0
-9833126    2   0.0217  -3322       -311        0           0           0
-9833126    2   0.0435  -3122       223         0           0           0
-9833126    2   0.087   -3122       223         0           0           0
-9833126    2   0.0543  -211        -3114       0           0           0
-9833126    2   0.0543  111         -3214       0           0           0
-9833126    2   0.0543  211         -3224       0           0           0
-9833126    2   0.0109  -211        -3114       0           0           0
-9833126    2   0.0109  111         -3214       0           0           0
-9833126    2   0.0109  211         -3224       0           0           0
-9833126    2   0.0924  -2112       313         0           0           0
-9833126    2   0.0924  -2212       323         0           0           0
-9833126    2   0.1358  -2112       313         0           0           0
-9833126    2   0.1358  -2212       323         0           0           0

9833126     Lambda(2080)          2.08200        0.181000        6               1     -1      0      0      0.0      0      19
9833126     2   0.0598  2112        -311        0           0           0
9833126     2   0.0598  2212        -321        0           0           0
9833126     2   0.0181  3112        211         0           0           0
9833126     2   0.0181  3212        111         0           0           0
9833126     2   0.0181  3222        -211        0           0           0
9833126     2   0.0217  3312        321         0           0           0
9833126     2   0.0217  3322        311         0           0           0
9833126     2   0.0435  3122        223         0           0           0
9833126     2   0.087   3122        223         0           0           0
9833126     2   0.0543  211         3114        0           0           0
9833126     2   0.0543  111         3214        0           0           0
9833126     2   0.0543  -211        3224        0           0           0
9833126     2   0.0109  211         3114        0           0           0
9833126     2   0.0109  111         3214        0           0           0
9833126     2   0.0109  -211        3224        0           0           0
9833126     2   0.0924  2112        -313        0           0           0
9833126     2   0.0924  2212        -323        0           0           0
9833126     2   0.1358  2112        -313        0           0           0
9833126     2   0.1358  2212        -323        0           0           0

-9813128    Anti-Lambda(2085)     2.08400        0.155000        8              -1      1      0      0      0.0      0      11
-9813128    2   0.0213  -2112       311         0           0           0
-9813128    2   0.0213  -2212       321         0           0           0
-9813128    2   0.1834  -3112       -211        0           0           0
-9813128    2   0.1834  -3212       111         0           0           0
-9813128    2   0.1834  -3222       211         0           0           0
-9813128    2   0.002   -3122       221         0           0           0
-9813128    2   0.035   -211        -3114       0           0           0
-9813128    2   0.035   111         -3214       0           0           0
-9813128    2   0.035   211         -3224       0           0           0
-9813128    2   0.15    -2112       313         0           0           0
-9813128    2   0.15    -2212       323         0           0           0

9813128     Lambda(2085)          2.08400        0.155000        8               1     -1      0      0      0.0      0      11
9813128     2   0.0213  2112        -311        0           0           0
9813128     2   0.0213  2212        -321        0           0           0
9813128     2   0.1834  3112        211         0           0           0
9813128     2   0.1834  3212        111         0           0           0
9813128     2   0.1834  3222        -211        0           0           0
9813128     2   0.002   3122        221         0           0           0
9813128     2   0.035   211         3114        0           0           0
9813128     2   0.035   111         3214        0           0           0
9813128     2   0.035   -211        3224        0           0           0
9813128     2   0.15    2112        -313        0           0           0
9813128     2   0.15    2212        -323        0           0           0

9060221     f0(2100)              2.08600        0.284000        1               0      0      0      0      0.0      0      1
9060221     2   1.0000  100333      22          0           0           0

-9873114    Anti-Sigma(2080)-     2.09000        0.170000        4              -1      1      0      0      1.0      1      3
-9873114    2   0.7588  -9863114    22          0           0           0
-9873114    2   0.1     -2112       321         0           0           0
-9873114    2   0.1412  -3122       211         0           0           0

-9873214    Anti-Sigma(2080)0     2.09000        0.170000        4              -1      1      0      0      1.0      0      4
-9873214    2   0.7588  -9863214    22          0           0           0
-9873214    2   0.05    -2112       311         0           0           0
-9873214    2   0.05    -2212       321         0           0           0
-9873214    2   0.1412  -3122       111         0           0           0

-9873224    Anti-Sigma(2080)+     2.09000        0.170000        4              -1      1      0      0      1.0     -1      3
-9873224    2   0.7588  -9863224    22          0           0           0
-9873224    2   0.1     -2212       311         0           0           0
-9873224    2   0.1412  -3122       -211        0           0           0

9873114     Sigma(2080)-          2.09000        0.170000        4               1     -1      0      0      1.0     -1      3
9873114     2   0.7588  9863114     22          0           0           0
9873114     2   0.1     2112        -321        0           0           0
9873114     2   0.1412  3122        -211        0           0           0

9873214     Sigma(2080)0          2.09000        0.170000        4               1     -1      0      0      1.0      0      4
9873214     2   0.7588  9863214     22          0           0           0
9873214     2   0.05    2112        -311        0           0           0
9873214     2   0.05    2212        -321        0           0           0
9873214     2   0.1412  3122        111         0           0           0

9873224     Sigma(2080)+          2.09000        0.170000        4               1     -1      0      0      1.0      1      3
9873224     2   0.7588    9863224        22          0           0           0
9873224     2   0.1     2212        -311        0           0           0
9873224     2   0.1412  3122        211         0           0           0

-23126      Anti-Lambda(2110)     2.09000        0.250000        6              -1      1      0      0      0.0      0      13
-23126      2   0.0315  -2112       311         0           0           0
-23126      2   0.0315  -2212       321         0           0           0
-23126      2   0.1669  -3112       -211        0           0           0
-23126      2   0.1669  -3212       111         0           0           0
-23126      2   0.1669  -3222       211         0           0           0
-23126      2   0.0284  -3122       223         0           0           0
-23126      2   0.0057  -211        -3114       0           0           0
-23126      2   0.0057  111         -3214       0           0           0
-23126      2   0.0057  211         -3224       0           0           0
-23126      2   0.0475  -2112       313         0           0           0
-23126      2   0.0475  -2212       323         0           0           0
-23126      2   0.1479  -2112       313         0           0           0
-23126      2   0.1479  -2212       323         0           0           0

23126       Lambda(2110)          2.09000        0.250000        6               1     -1      0      0      0.0      0      13
23126       2   0.0315  2112        -311        0           0           0
23126       2   0.0315  2212        -321        0           0           0
23126       2   0.1669  3112        211         0           0           0
23126       2   0.1669  3212        111         0           0           0
23126       2   0.1669  3222        -211        0           0           0
23126       2   0.0284  3122        223         0           0           0
23126       2   0.0057  211         3114        0           0           0
23126       2   0.0057  111         3214        0           0           0
23126       2   0.0057  -211        3224        0           0           0
23126       2   0.0475  2112        -313        0           0           0
23126       2   0.0475  2212        -323        0           0           0
23126       2   0.1479  2112        -313        0           0           0
23126       2   0.1479  2212        -323        0           0           0

-9010215    pi2(2100)-            2.09000        0.625000        5               0      0      0      0      1.0     -1      5
-9010215    3   0.3225  -211        111         111         0           0
-9010215    3   0.3225  -211        -211        211         0           0
-9010215    2   0.0613  -213        111         0           0           0
-9010215    2   0.0613  113         -211        0           0           0
-9010215    2   0.2323  225         -211        0           0           0

9010115     pi2(2100)0            2.09000        0.625000        5               0      0      0      0      1.0      0      4
9010115     3   0.645   211         -211        111         0           0
9010115     2   0.0613  213         -211        0           0           0
9010115     2   0.0613  -213        211         0           0           0
9010115     2   0.2323  225         111         0           0           0

9010215     pi2(2100)+            2.09000        0.625000        5               0      0      0      0      1.0      1      5
9010215     3   0.3225  211         111         111         0           0
9010215     3   0.3225  211         211         -211        0           0
9010215     2   0.0613  213         111         0           0           0
9010215     2   0.0613  113         211         0           0           0
9010215     2   0.2323  225         211         0           0           0

-9813118    Anti-Sigma(2100)-     2.10000        0.232000        8              -1      1      0      0      1.0      1      14
-9813118    2   0.524   -9823116    22          0           0           0
-9813118    2   0.1     -2112       321         0           0           0
-9813118    2   0.016   -3122       211         0           0           0
-9813118    2   0.015   -3112       111         0           0           0
-9813118    2   0.015   -3212       211         0           0           0
-9813118    2   0.01    -3312       -311        0           0           0
-9813118    2   0.09    -3114       111         0           0           0
-9813118    2   0.09    -3214       211         0           0           0
-9813118    2   0.005   -3114       111         0           0           0
-9813118    2   0.005   -3214       211         0           0           0
-9813118    2   0.02    -3124       211         0           0           0
-9813118    2   0.09    -2112       323         0           0           0
-9813118    2   0.015   -1114       311         0           0           0
-9813118    2   0.005   -2114       321         0           0           0

-9813218    Anti-Sigma(2100)0     2.10000        0.232000        8              -1      1      0      0      1.0      0      17
-9813218    2   0.524   -9823216    22          0           0           0
-9813218    2   0.05    -2112       311         0           0           0
-9813218    2   0.05    -2212       321         0           0           0
-9813218    2   0.016   -3122       111         0           0           0
-9813218    2   0.015   -3112       -211        0           0           0
-9813218    2   0.015   -3222       211         0           0           0
-9813218    2   0.005   -3312       -321        0           0           0
-9813218    2   0.005   -3322       -311        0           0           0
-9813218    2   0.09    -3114       -211        0           0           0
-9813218    2   0.09    -3224       211         0           0           0
-9813218    2   0.005   -3114       -211        0           0           0
-9813218    2   0.005   -3224       211         0           0           0
-9813218    2   0.02    -3124       111         0           0           0
-9813218    2   0.045   -2112       313         0           0           0
-9813218    2   0.045   -2212       323         0           0           0
-9813218    2   0.01    -2114       311         0           0           0
-9813218    2   0.01    -2214       321         0           0           0

-9813228    Anti-Sigma(2100)+     2.10000        0.232000        8              -1      1      0      0      1.0     -1      14
-9813228    2   0.524   -9823226    22          0           0           0
-9813228    2   0.1     -2212       311         0           0           0
-9813228    2   0.016   -3122       -211        0           0           0
-9813228    2   0.015   -3212       -211        0           0           0
-9813228    2   0.015   -3222       111         0           0           0
-9813228    2   0.01    -3322       -321        0           0           0
-9813228    2   0.09    -3214       -211        0           0           0
-9813228    2   0.09    -3224       111         0           0           0
-9813228    2   0.005   -3214       -211        0           0           0
-9813228    2   0.005   -3224       111         0           0           0
-9813228    2   0.02    -3124       -211        0           0           0
-9813228    2   0.09    -2212       313         0           0           0
-9813228    2   0.005   -2214       311         0           0           0
-9813228    2   0.015   -2224       321         0           0           0

9813118     Sigma(2100)-          2.10000        0.232000        8               1     -1      0      0      1.0     -1      14
9813118     2   0.524   9823116     22          0           0           0
9813118     2   0.1     2112        -321        0           0           0
9813118     2   0.016   3122        -211        0           0           0
9813118     2   0.015   3112        111         0           0           0
9813118     2   0.015   3212        -211        0           0           0
9813118     2   0.01    3312        311         0           0           0
9813118     2   0.09    3114        111         0           0           0
9813118     2   0.09    3214        -211        0           0           0
9813118     2   0.005   3114        111         0           0           0
9813118     2   0.005   3214        -211        0           0           0
9813118     2   0.02    3124        -211        0           0           0
9813118     2   0.09    2112        -323        0           0           0
9813118     2   0.015   1114        -311        0           0           0
9813118     2   0.005   2114        -321        0           0           0

9813218     Sigma(2100)0          2.10000        0.232000        8               1     -1      0      0      1.0      0      17
9813218     2   0.524   9823216     22          0           0           0
9813218     2   0.05    2112        -311        0           0           0
9813218     2   0.05    2212        -321        0           0           0
9813218     2   0.016   3122        111         0           0           0
9813218     2   0.015   3112        211         0           0           0
9813218     2   0.015   3222        -211        0           0           0
9813218     2   0.005   3312        321         0           0           0
9813218     2   0.005   3322        311         0           0           0
9813218     2   0.09    3114        211         0           0           0
9813218     2   0.09    3224        -211        0           0           0
9813218     2   0.005   3114        211         0           0           0
9813218     2   0.005   3224        -211        0           0           0
9813218     2   0.02    3124        111         0           0           0
9813218     2   0.045   2112        -313        0           0           0
9813218     2   0.045   2212        -323        0           0           0
9813218     2   0.01    2114        -311        0           0           0
9813218     2   0.01    2214        -321        0           0           0

9813228     Sigma(2100)+          2.10000        0.232000        8               1     -1      0      0      1.0      1      14
9813228     2   0.524   9823226     22          0           0           0
9813228     2   0.1     2212        -311        0           0           0
9813228     2   0.016   3122        211         0           0           0
9813228     2   0.015   3212        211         0           0           0
9813228     2   0.015   3222        111         0           0           0
9813228     2   0.01    3322        321         0           0           0
9813228     2   0.09    3214        211         0           0           0
9813228     2   0.09    3224        111         0           0           0
9813228     2   0.005   3214        211         0           0           0
9813228     2   0.005   3224        111         0           0           0
9813228     2   0.02    3124        211         0           0           0
9813228     2   0.09    2212        -313        0           0           0
9813228     2   0.005   2214        -311        0           0           0
9813228     2   0.015   2224        -321        0           0           0

-9842116    Anti-N(2060)0         2.10000        0.400000        6              -1      0      0      0      0.5      0      23
-9842116    2   0.0289  -2112       111         0           0           0
-9842116    2   0.0579  -2212       211         0           0           0
-9842116    2   0.1155  -2112       221         0           0           0
-9842116    2   0.0347  -2112       223         0           0           0
-9842116    2   0.1303  -3122       -311        0           0           0
-9842116    2   0.0173  -3112       -321        0           0           0
-9842116    2   0.0087  -3212       -311        0           0           0
-9842116    3   0.0478  -2112       -211        211         0           0
-9842116    3   0.0213  -2112       111         111         0           0
-9842116    3   0.0106  -2212       211         111         0           0
-9842116    3   0.0053  -2112       -211        211         0           0
-9842116    3   0.0106  -2212       211         111         0           0
-9842116    3   0.0147  -2112       -211        211         0           0
-9842116    3   0.0289  -2212       211         111         0           0
-9842116    3   0.0405  -2112       -211        211         0           0
-9842116    3   0.0811  -2212       211         111         0           0
-9842116    2   0.0261  111         -12112      0           0           0
-9842116    2   0.0521  211         -12212      0           0           0
-9842116    2   0.0434  111         -1214       0           0           0
-9842116    2   0.0869  211         -2124       0           0           0
-9842116    2   0.0434  111         -12116      0           0           0
-9842116    2   0.0869  211         -12216      0           0           0
-9842116    2   0.0069  -3122       -313        0           0           0

-9842216    Anti-N(2060)+         2.10000        0.400000        6              -1      0      0      0      0.5     -1      23
-9842216    2   0.0579  -2112       -211        0           0           0
-9842216    2   0.0289  -2212       111         0           0           0
-9842216    2   0.1155  -2212       221         0           0           0
-9842216    2   0.0347  -2212       223         0           0           0
-9842216    2   0.1303  -3122       -321        0           0           0
-9842216    2   0.0087  -3212       -321        0           0           0
-9842216    2   0.0173  -3222       -311        0           0           0
-9842216    3   0.0106  -2112       -211        111         0           0
-9842216    3   0.0053  -2212       -211        211         0           0
-9842216    3   0.0106  -2112       -211        111         0           0
-9842216    3   0.0213  -2212       111         111         0           0
-9842216    3   0.0478  -2212       -211        211         0           0
-9842216    3   0.0289  -2112       -211        111         0           0
-9842216    3   0.0147  -2212       -211        211         0           0
-9842216    3   0.0811  -2112       -211        111         0           0
-9842216    3   0.0405  -2212       -211        211         0           0
-9842216    2   0.0521  -211        -12112      0           0           0
-9842216    2   0.0261  111         -12212      0           0           0
-9842216    2   0.0869  -211        -1214       0           0           0
-9842216    2   0.0434  111         -2124       0           0           0
-9842216    2   0.0869  -211        -12116      0           0           0
-9842216    2   0.0434  111         -12216      0           0           0
-9842216    2   0.0069  -3122       -323        0           0           0

9842116     N(2060)0              2.10000        0.400000        6               1      0      0      0      0.5      0      23
9842116     2   0.0289  2112        111         0           0           0
9842116     2   0.0579  2212        -211        0           0           0
9842116     2   0.1155  2112        221         0           0           0
9842116     2   0.0347  2112        223         0           0           0
9842116     2   0.1303  3122        311         0           0           0
9842116     2   0.0173  3112        321         0           0           0
9842116     2   0.0087  3212        311         0           0           0
9842116     3   0.0478  2112        211         -211        0           0
9842116     3   0.0213  2112        111         111         0           0
9842116     3   0.0106  2212        -211        111         0           0
9842116     3   0.0053  2112        211         -211        0           0
9842116     3   0.0106  2212        -211        111         0           0
9842116     3   0.0147  2112        211         -211        0           0
9842116     3   0.0289  2212        -211        111         0           0
9842116     3   0.0405  2112        211         -211        0           0
9842116     3   0.0811  2212        -211        111         0           0
9842116     2   0.0261  111         12112       0           0           0
9842116     2   0.0521  -211        12212       0           0           0
9842116     2   0.0434  111         1214        0           0           0
9842116     2   0.0869  -211        2124        0           0           0
9842116     2   0.0434  111         12116       0           0           0
9842116     2   0.0869  -211        12216       0           0           0
9842116     2   0.0069  3122        313         0           0           0

9842216     N(2060)+              2.10000        0.400000        6               1      0      0      0      0.5      1      23
9842216     2   0.0579  2112        211         0           0           0
9842216     2   0.0289  2212        111         0           0           0
9842216     2   0.1155  2212        221         0           0           0
9842216     2   0.0347  2212        223         0           0           0
9842216     2   0.1303  3122        321         0           0           0
9842216     2   0.0087  3212        321         0           0           0
9842216     2   0.0173  3222        311         0           0           0
9842216     3   0.0106  2112        211         111         0           0
9842216     3   0.0053  2212        211         -211        0           0
9842216     3   0.0106  2112        211         111         0           0
9842216     3   0.0213  2212        111         111         0           0
9842216     3   0.0478  2212        211         -211        0           0
9842216     3   0.0289  2112        211         111         0           0
9842216     3   0.0147  2212        211         -211        0           0
9842216     3   0.0811  2112        211         111         0           0
9842216     3   0.0405  2212        211         -211        0           0
9842216     2   0.0521  211         12112       0           0           0
9842216     2   0.0261  111         12212       0           0           0
9842216     2   0.0869  211         1214        0           0           0
9842216     2   0.0434  111         2124        0           0           0
9842216     2   0.0869  211         12116       0           0           0
9842216     2   0.0434  111         12216       0           0           0
9842216     2   0.0069  3122        323         0           0           0

-9872112    Anti-N(2100)0         2.10000        0.260000        2              -1      0      0      0      0.5      0      16
-9872112    2   0.032   -2112       111         0           0           0
-9872112    2   0.0639  -2212       211         0           0           0
-9872112    2   0.1138  -2112       221         0           0           0
-9872112    2   0.052   -2112       331         0           0           0
-9872112    2   0.0975  -2112       223         0           0           0
-9872112    2   0.0065  -3122       -311        0           0           0
-9872112    3   0.0276  -2112       -211        211         0           0
-9872112    3   0.0123  -2112       111         111         0           0
-9872112    3   0.0061  -2212       211         111         0           0
-9872112    3   0.0031  -2112       -211        211         0           0
-9872112    3   0.0061  -2212       211         111         0           0
-9872112    3   0.1127  -2112       -211        211         0           0
-9872112    3   0.2255  -2212       211         111         0           0
-9872112    2   0.065   111         -1214       0           0           0
-9872112    2   0.13    211         -2124       0           0           0
-9872112    2   0.0455  -3122       -313        0           0           0

-9872212    Anti-N(2100)+         2.10000        0.260000        2              -1      0      0      0      0.5     -1      16
-9872212    2   0.0639  -2112       -211        0           0           0
-9872212    2   0.032   -2212       111         0           0           0
-9872212    2   0.1138  -2212       221         0           0           0
-9872212    2   0.052   -2212       331         0           0           0
-9872212    2   0.0975  -2212       223         0           0           0
-9872212    2   0.0065  -3122       -321        0           0           0
-9872212    3   0.0061  -2112       -211        111         0           0
-9872212    3   0.0031  -2212       -211        211         0           0
-9872212    3   0.0061  -2112       -211        111         0           0
-9872212    3   0.0123  -2212       111         111         0           0
-9872212    3   0.0276  -2212       -211        211         0           0
-9872212    3   0.2255  -2112       -211        111         0           0
-9872212    3   0.1127  -2212       -211        211         0           0
-9872212    2   0.13    -211        -1214       0           0           0
-9872212    2   0.065   111         -2124       0           0           0
-9872212    2   0.0455  -3122       -323        0           0           0

9872112     N(2100)0              2.10000        0.260000        2               1      0      0      0      0.5      0      16
9872112     2   0.032   2112        111         0           0           0
9872112     2   0.0639  2212        -211        0           0           0
9872112     2   0.1138  2112        221         0           0           0
9872112     2   0.052   2112        331         0           0           0
9872112     2   0.0975  2112        223         0           0           0
9872112     2   0.0065  3122        311         0           0           0
9872112     3   0.0276  2112        211         -211        0           0
9872112     3   0.0123  2112        111         111         0           0
9872112     3   0.0061  2212        -211        111         0           0
9872112     3   0.0031  2112        211         -211        0           0
9872112     3   0.0061  2212        -211        111         0           0
9872112     3   0.1127  2112        211         -211        0           0
9872112     3   0.2255  2212        -211        111         0           0
9872112     2   0.065   111         1214        0           0           0
9872112     2   0.13    -211        2124        0           0           0
9872112     2   0.0455  3122        313         0           0           0

9872212     N(2100)+              2.10000        0.260000        2               1      0      0      0      0.5      1      16
9872212     2   0.0639  2112        211         0           0           0
9872212     2   0.032   2212        111         0           0           0
9872212     2   0.1138  2212        221         0           0           0
9872212     2   0.052   2212        331         0           0           0
9872212     2   0.0975  2212        223         0           0           0
9872212     2   0.0065  3122        321         0           0           0
9872212     3   0.0061  2112        211         111         0           0
9872212     3   0.0031  2212        211         -211        0           0
9872212     3   0.0061  2112        211         111         0           0
9872212     3   0.0123  2212        111         111         0           0
9872212     3   0.0276  2212        211         -211        0           0
9872212     3   0.2255  2112        211         111         0           0
9872212     3   0.1127  2212        211         -211        0           0
9872212     2   0.13    211         1214        0           0           0
9872212     2   0.065   111         2124        0           0           0
9872212     2   0.0455  3122        323         0           0           0

-3128       Anti-Lambda(2100)     2.10000        0.200000        8              -1      1      0      0      0.0      0      15
-3128       2   0.4973  -9813128    22          0           0           0
-3128       2   0.175   -2112       311         0           0           0
-3128       2   0.175   -2212       321         0           0           0
-3128       2   0.015   -3112       -211        0           0           0
-3128       2   0.015   -3212       111         0           0           0
-3128       2   0.015   -3222       211         0           0           0
-3128       2   0.007   -3122       221         0           0           0
-3128       2   0.0017  -3312       -321        0           0           0
-3128       2   0.0017  -3322       -311        0           0           0
-3128       2   0.0172  -3122       223         0           0           0
-3128       2   0.0067  -211        -3114       0           0           0
-3128       2   0.0067  111         -3214       0           0           0
-3128       2   0.0067  211         -3224       0           0           0
-3128       2   0.03    -2112       313         0           0           0
-3128       2   0.03    -2212       323         0           0           0

3128        Lambda(2100)          2.10000        0.200000        8               1     -1      0      0      0.0      0      15
3128        2   0.4973  9813128     22          0           0           0
3128        2   0.175   2112        -311        0           0           0
3128        2   0.175   2212        -321        0           0           0
3128        2   0.015   3112        211         0           0           0
3128        2   0.015   3212        111         0           0           0
3128        2   0.015   3222        -211        0           0           0
3128        2   0.007   3122        221         0           0           0
3128        2   0.0017  3312        321         0           0           0
3128        2   0.0017  3322        311         0           0           0
3128        2   0.0172  3122        223         0           0           0
3128        2   0.0067  211         3114        0           0           0
3128        2   0.0067  111         3214        0           0           0
3128        2   0.0067  -211        3224        0           0           0
3128        2   0.03    2112        -313        0           0           0
3128        2   0.03    2212        -323        0           0           0

-9821116    Anti-Delta(2000)-     2.10000        0.450000        6              -1      0      0      0      1.5      1      4
-9821116    2   0.07    -2112       211         0           0           0
-9821116    3   0.026   -2112       211         111         0           0
-9821116    3   0.004   -2212       211         211         0           0
-9821116    3   0.9     -2112       211         111         0           0

-9821216    Anti-Delta(2000)0     2.10000        0.450000        6              -1      0      0      0      1.5      0      9
-9821216    2   0.0467  -2112       111         0           0           0
-9821216    2   0.0233  -2212       211         0           0           0
-9821216    3   0.016   -2112       -211        211         0           0
-9821216    3   0.0013  -2112       111         111         0           0
-9821216    3   0.0007  -2212       211         111         0           0
-9821216    3   0.004   -2112       -211        211         0           0
-9821216    3   0.008   -2212       211         111         0           0
-9821216    3   0.6     -2112       -211        211         0           0
-9821216    3   0.3     -2212       211         111         0           0

-9822126    Anti-Delta(2000)+     2.10000        0.450000        6              -1      0      0      0      1.5     -1      9
-9822126    2   0.0233  -2112       -211        0           0           0
-9822126    2   0.0467  -2212       111         0           0           0
-9822126    3   0.0107  -2112       -211        111         0           0
-9822126    3   0.0053  -2212       -211        211         0           0
-9822126    3   0.0007  -2112       -211        111         0           0
-9822126    3   0.0013  -2212       111         111         0           0
-9822126    3   0.012   -2212       -211        211         0           0
-9822126    3   0.3     -2112       -211        111         0           0
-9822126    3   0.6     -2212       -211        211         0           0

-9822226    Anti-Delta(2000)++    2.10000        0.450000        6              -1      0      0      0      1.5     -2      4
-9822226    2   0.07    -2212       -211        0           0           0
-9822226    3   0.004   -2112       -211        -211        0           0
-9822226    3   0.026   -2212       -211        111         0           0
-9822226    3   0.9     -2212       -211        111         0           0

9821116     Delta(2000)-          2.10000        0.450000        6               1      0      0      0      1.5     -1      4
9821116     2   0.07    2112        -211        0           0           0
9821116     3   0.026   2112        -211        111         0           0
9821116     3   0.004   2212        -211        -211        0           0
9821116     3   0.9     2112        -211        111         0           0

9821216     Delta(2000)0          2.10000        0.450000        6               1      0      0      0      1.5      0      9
9821216     2   0.0467  2112        111         0           0           0
9821216     2   0.0233  2212        -211        0           0           0
9821216     3   0.016   2112        211         -211        0           0
9821216     3   0.0013  2112        111         111         0           0
9821216     3   0.0007  2212        -211        111         0           0
9821216     3   0.004   2112        211         -211        0           0
9821216     3   0.008   2212        -211        111         0           0
9821216     3   0.6     2112        211         -211        0           0
9821216     3   0.3     2212        -211        111         0           0

9822126     Delta(2000)+          2.10000        0.450000        6               1      0      0      0      1.5      1      9
9822126     2   0.0233  2112        211         0           0           0
9822126     2   0.0467  2212        111         0           0           0
9822126     3   0.0107  2112        211         111         0           0
9822126     3   0.0053  2212        211         -211        0           0
9822126     3   0.0007  2112        211         111         0           0
9822126     3   0.0013  2212        111         111         0           0
9822126     3   0.012   2212        211         -211        0           0
9822126     3   0.3     2112        211         111         0           0
9822126     3   0.6     2212        211         -211        0           0

9822226     Delta(2000)++         2.10000        0.450000        6               1      0      0      0      1.5      2      4
9822226     2   0.07    2212        211         0           0           0
9822226     3   0.004   2112        211         211         0           0
9822226     3   0.026   2212        211         111         0           0
9822226     3   0.9     2212        211         111         0           0

-9863112    Anti-Sigma(2110)-     2.10500        0.313000        2              -1      1      0      0      1.0      1      6
-9863112    2    0.3085 -2112       321         0           0           0
-9863112    2    0.0373 -3112       111         0           0           0
-9863112    2    0.0373 -3212       211         0           0           0
-9863112    2    0.5745 -3122       211         0           0           0
-9863112    2    0.0319 -2112       323         0           0           0
-9863112    2    0.0106 -2112       323         0           0           0

-9863212    Anti-Sigma(2110)0     2.10500        0.313000        2              -1      1      0      0      1.0      0      9
-9863212    2    0.1543 -2112       311         0           0           0
-9863212    2    0.1543 -2212       321         0           0           0
-9863212    2    0.0373 -3112       -211        0           0           0
-9863212    2    0.0373 -3222       211         0           0           0
-9863212    2    0.5745 -3122       111         0           0           0
-9863212    2    0.0159 -2112       313         0           0           0
-9863212    2    0.0159 -2212       323         0           0           0
-9863212    2    0.0053 -2112       313         0           0           0
-9863212    2    0.0053 -2212       323         0           0           0

-9863222    Anti-Sigma(2110)+     2.10500        0.313000        2              -1      1      0      0      1.0     -1      6
-9863222    2    0.3085 -2212       311         0           0           0
-9863222    2    0.0373 -3212       -211        0           0           0
-9863222    2    0.0373 -3222       111         0           0           0
-9863222    2    0.5745 -3122       -211        0           0           0
-9863222    2    0.0319 -2212       313         0           0           0
-9863222    2    0.0106 -2212       313         0           0           0

9863112     Sigma(2110)-          2.10500        0.313000        2               1     -1      0      0      1.0     -1      6
9863112     2   0.3085  2112        -321        0           0           0
9863112     2   0.0373  3112        111         0           0           0
9863112     2   0.0373  3212        -211        0           0           0
9863112     2   0.5745  3122        -211        0           0           0
9863112     2   0.0319  2112        -323        0           0           0
9863112     2   0.0106  2112        -323        0           0           0

9863212     Sigma(2110)0          2.10500        0.313000        2               1     -1      0      0      1.0      0      9
9863212     2   0.1543  2112        -311        0           0           0
9863212     2   0.1543  2212        -321        0           0           0
9863212     2   0.0373  3112        211         0           0           0
9863212     2   0.0373  3222        -211        0           0           0
9863212     2   0.5745  3122        111         0           0           0
9863212     2   0.0159  2112        -313        0           0           0
9863212     2   0.0159  2212        -323        0           0           0
9863212     2   0.0053  2112        -313        0           0           0
9863212     2   0.0053  2212        -323        0           0           0

9863222     Sigma(2110)+          2.10500        0.313000        2               1     -1      0      0      1.0      1      6
9863222     2   0.3085  2212        -311        0           0           0
9863222     2   0.0373  3212        211         0           0           0
9863222     2   0.0373  3222        111         0           0           0
9863222     2   0.5745  3122        211         0           0           0
9863222     2   0.0319  2212        -313        0           0           0
9863222     2   0.0106  2212        -313        0           0           0

-9861214    Anti-N(2120)0         2.12000        0.300000        4              -1      0      0      0      0.5      0      21
-9861214    2   0.0305  -2112       111         0           0           0
-9861214    2   0.061   -2212       211         0           0           0
-9861214    2   0.0333  -2112       221         0           0           0
-9861214    2   0.0166  -2112       331         0           0           0
-9861214    2   0.0998  -2112       223         0           0           0
-9861214    2   0.0707  -3122       -311        0           0           0
-9861214    3   0.1559  -2112       -211        211         0           0
-9861214    3   0.0693  -2112       111         111         0           0
-9861214    3   0.0347  -2212       211         111         0           0
-9861214    3   0.0173  -2112       -211        211         0           0
-9861214    3   0.0347  -2212       211         111         0           0
-9861214    3   0.1123  -2112       -211        211         0           0
-9861214    3   0.0499  -2112       111         111         0           0
-9861214    3   0.025   -2212       211         111         0           0
-9861214    3   0.0125  -2112       -211        211         0           0
-9861214    3   0.0249  -2212       211         111         0           0
-9861214    3   0.0083  -2112       -211        211         0           0
-9861214    3   0.0166  -2212       211         111         0           0
-9861214    2   0.0416  111         -22112      0           0           0
-9861214    2   0.0832  211         -22212      0           0           0
-9861214    2   0.0017  -3122       -313        0           0           0

-9862124    Anti-N(2120)+         2.12000        0.300000        4              -1      0      0      0      0.5     -1      21
-9862124    2   0.061   -2112       -211        0           0           0
-9862124    2   0.0305  -2212       111         0           0           0
-9862124    2   0.0333  -2212       221         0           0           0
-9862124    2   0.0166  -2212       331         0           0           0
-9862124    2   0.0998  -2212       223         0           0           0
-9862124    2   0.0707  -3122       -321        0           0           0
-9862124    3   0.0347  -2112       -211        111         0           0
-9862124    3   0.0173  -2212       -211        211         0           0
-9862124    3   0.0347  -2112       -211        111         0           0
-9862124    3   0.0693  -2212       111         111         0           0
-9862124    3   0.1559  -2212       -211        211         0           0
-9862124    3   0.0249  -2112       -211        111         0           0
-9862124    3   0.0125  -2212       -211        211         0           0
-9862124    3   0.025   -2112       -211        111         0           0
-9862124    3   0.0499  -2212       111         111         0           0
-9862124    3   0.1123  -2212       -211        211         0           0
-9862124    3   0.0166  -2112       -211        111         0           0
-9862124    3   0.0083  -2212       -211        211         0           0
-9862124    2   0.0832  -211        -22112      0           0           0
-9862124    2   0.0416  111         -22212      0           0           0
-9862124    2   0.0017  -3122       -323        0           0           0

9861214     N(2120)0              2.12000        0.300000        4               1      0      0      0      0.5      0      21
9861214     2   0.0305  2112        111         0           0           0
9861214     2   0.061   2212        -211        0           0           0
9861214     2   0.0333  2112        221         0           0           0
9861214     2   0.0166  2112        331         0           0           0
9861214     2   0.0998  2112        223         0           0           0
9861214     2   0.0707  3122        311         0           0           0
9861214     3   0.1559  2112        211         -211        0           0
9861214     3   0.0693  2112        111         111         0           0
9861214     3   0.0347  2212        -211        111         0           0
9861214     3   0.0173  2112        211         -211        0           0
9861214     3   0.0347  2212        -211        111         0           0
9861214     3   0.1123  2112        211         -211        0           0
9861214     3   0.0499  2112        111         111         0           0
9861214     3   0.025   2212        -211        111         0           0
9861214     3   0.0125  2112        211         -211        0           0
9861214     3   0.0249  2212        -211        111         0           0
9861214     3   0.0083  2112        211         -211        0           0
9861214     3   0.0166  2212        -211        111         0           0
9861214     2   0.0416  111         22112       0           0           0
9861214     2   0.0832  -211        22212       0           0           0
9861214     2   0.0017  3122        313         0           0           0

9862124     N(2120)+              2.12000        0.300000        4               1      0      0      0      0.5      1      21
9862124     2   0.061   2112        211         0           0           0
9862124     2   0.0305  2212        111         0           0           0
9862124     2   0.0333  2212        221         0           0           0
9862124     2   0.0166  2212        331         0           0           0
9862124     2   0.0998  2212        223         0           0           0
9862124     2   0.0707  3122        321         0           0           0
9862124     3   0.0347  2112        211         111         0           0
9862124     3   0.0173  2212        211         -211        0           0
9862124     3   0.0347  2112        211         111         0           0
9862124     3   0.0693  2212        111         111         0           0
9862124     3   0.1559  2212        211         -211        0           0
9862124     3   0.0249  2112        211         111         0           0
9862124     3   0.0125  2212        211         -211        0           0
9862124     3   0.025   2112        211         111         0           0
9862124     3   0.0499  2212        111         111         0           0
9862124     3   0.1123  2212        211         -211        0           0
9862124     3   0.0166  2112        211         111         0           0
9862124     3   0.0083  2212        211         -211        0           0
9862124     2   0.0832  211         22112       0           0           0
9862124     2   0.0416  111         22212       0           0           0
9862124     2   0.0017  3122        323         0           0           0

-9803318    Anti-Ksi(2120)-       2.12000        0.020000        8              -1      2      0      0      0.5      1      1
-9803318    2   1.0000  -3122       321         0           0           0

-9803328    Anti-Ksi(2120)0       2.12000        0.020000        8              -1      2      0      0      0.5      0      1
-9803328    2   1.0000  -3122       311         0           0           0

9803318     Ksi(2120)-            2.12000        0.020000        8               1     -2      0      0      0.5     -1      1
9803318     2   1.0000  3122        -321        0           0           0

9803328     Ksi(2120)0            2.12000        0.020000        8               1     -2      0      0      0.5      0      1
9803328     2   1.0000  3122        -311        0           0           0

-9040213    rho(2150)-            2.15000        0.254000        3               0      0      0      0      1.0     -1      5
-9040213    2   0.2     -211        111         0           0           0
-9040213    2   0.2     -321        311         0           0           0
-9040213    3   0.2     331         -211        111         0           0
-9040213    3   0.2     20223       -211        111         0           0
-9040213    2   0.2     223         -211        0           0           0

9040113     rho(2150)0            2.15000        0.254000        3               0      0      0      0      1.0      0      6
9040113     2   0.2     211         -211        0           0           0
9040113     2   0.1     321         -321        0           0           0
9040113     2   0.1     311         -311        0           0           0
9040113     3   0.2     331         211        -211         0           0
9040113     3   0.2     20223       211        -211         0           0
9040113     2   0.2     223         111         0           0           0

9040213     rho(2150)+            2.15000        0.254000        3               0      0      0      0      1.0      1      5
9040213     2   0.2     211         111         0           0           0
9040213     2   0.2     321         -311        0           0           0
9040213     3   0.2     331         211         111         0           0
9040213     3   0.2     20223       211         111         0           0
9040213     2   0.2     223         211         0           0           0

-9841112    Anti-Delta(2150)-     2.15000        0.200000        2              -1      0      0      0      1.5      1      2
-9841112    2   0.92    -21112      22          0           0           0
-9841112    2   0.08    -2112       211         0           0           0

-9841212    Anti-Delta(2150)0     2.15000        0.200000        2              -1      0      0      0      1.5      0      3
-9841212    2   0.92    -21212      22          0           0           0
-9841212    2   0.0533  -2112       111         0           0           0
-9841212    2   0.0267  -2212       211         0           0           0

-9842122    Anti-Delta(2150)+     2.15000        0.200000        2              -1      0      0      0      1.5     -1      3
-9842122    2   0.92    -22122      22          0           0           0
-9842122    2   0.0267  -2112       -211        0           0           0
-9842122    2   0.0533  -2212       111         0           0           0

-9842222    Anti-Delta(2150)++    2.15000        0.200000        2              -1      0      0      0      1.5     -2      2
-9842222    2   0.92    -22222      22          0           0           0
-9842222    2   0.08    -2212       -211        0           0           0

9841112     Delta(2150)-          2.15000        0.200000        2               1      0      0      0      1.5     -1      2
9841112     2   0.92    21112       22          0           0           0
9841112     2   0.08    2112        -211        0           0           0

9841212     Delta(2150)0          2.15000        0.200000        2               1      0      0      0      1.5      0      3
9841212     2   0.92    21212       22          0           0           0
9841212     2   0.0533  2112        111         0           0           0
9841212     2   0.0267  2212        -211        0           0           0

9842122     Delta(2150)+          2.15000        0.200000        2               1      0      0      0      1.5      1      3
9842122     2   0.92    22122       22          0           0           0
9842122     2   0.0267  2112        211         0           0           0
9842122     2   0.0533  2212        111         0           0           0

9842222     Delta(2150)++         2.15000        0.200000        2               1      0      0      0      1.5      2      2
9842222     2   0.92    22222       22          0           0           0
9842222     2   0.08    2212        211         0           0           0

9070225     f2(2150)              2.15700        0.152000        5               0      0      0      0      0.0      0      10
9070225     2   0.1111  211         -211        0           0           0
9070225     2   0.0555  111         111         0           0           0
9070225     2   0.1667  221         221         0           0           0
9070225     2   0.0833  321         -321        0           0           0
9070225     2   0.0833  311         -311        0           0           0
9070225     2   0.1667  225         221         0           0           0
9070225     2   0.0555  215         -211        0           0           0
9070225     2   0.0555  115         111         0           0           0
9070225     2   0.0555  -215        211         0           0           0
9070225     2   0.1667  2212        -2212       0           0           0

7200333     phi(2170)             2.15900        0.137000        3               0      0      0      0      0.0      0      14
7200333     2   0.0069  333         221         0           0           0
7200333     2   0.0123  223         221         0           0           0
7200333     2   0.2036  333         331         0           0           0
7200333     2   0.0659  333         9010221     0           0           0
7200333     2   0.0258  321         -321        0           0           0
7200333     2   0.0258  311         -311        0           0           0
7200333     2   0.0401  323         -323        0           0           0
7200333     2   0.0401  313         -313        0           0           0
7200333     2   0.043   100321      -321        0           0           0
7200333     2   0.043   -100321     321         0           0           0
7200333     2   0.1792  10323       -321        0           0           0
7200333     2   0.1792  -10323      321         0           0           0
7200333     2   0.0674  20323       -321        0           0           0
7200333     2   0.0674  -20323      321         0           0           0

-1218       Anti-N(2190)0         2.18000        0.400000        8              -1      0      0      0      0.5      0      13
-1218       2   0.0767  -2112       111         0           0           0
-1218       2   0.1533  -2212       211         0           0           0
-1218       2   0.06    -2112       221         0           0           0
-1218       2   0.2     -2112       223         0           0           0
-1218       2   0.008   -3122       -311        0           0           0
-1218       3   0.155   -2112       -211        211         0           0
-1218       3   0.0689  -2112       111         111         0           0
-1218       3   0.0344  -2212       211         111         0           0
-1218       3   0.0172  -2112       -211        211         0           0
-1218       3   0.0345  -2212       211         111         0           0
-1218       3   0.0613  -2112       -211        211         0           0
-1218       3   0.1227  -2212       211         111         0           0
-1218       2   0.008   -3122       -313        0           0           0

-2128       Anti-N(2190)+         2.18000        0.400000        8              -1      0      0      0      0.5     -1      13
-2128       2   0.1533  -2112       -211        0           0           0
-2128       2   0.0767  -2212       111         0           0           0
-2128       2   0.06    -2212       221         0           0           0
-2128       2   0.2     -2212       223         0           0           0
-2128       2   0.008   -3122       -321        0           0           0
-2128       3   0.0345  -2112       -211        111         0           0
-2128       3   0.0172  -2212       -211        211         0           0
-2128       3   0.0344  -2112       -211        111         0           0
-2128       3   0.0689  -2212       111         111         0           0
-2128       3   0.155   -2212       -211        211         0           0
-2128       3   0.0613  -2112       -211        111         0           0
-2128       3   0.1227  -2212       -211        211         0           0
-2128       2   0.008   -3122       -323        0           0           0

1218        N(2190)0              2.18000        0.400000        8               1      0      0      0      0.5      0      13
1218        2   0.0767  2112        111         0           0           0
1218        2   0.1533  2212        -211        0           0           0
1218        2   0.06    2112        221         0           0           0
1218        2   0.2     2112        223         0           0           0
1218        2   0.008   3122        311         0           0           0
1218        3   0.155   2112        211         -211        0           0
1218        3   0.0689  2112        111         111         0           0
1218        3   0.0344  2212        -211        111         0           0
1218        3   0.0172  2112        211         -211        0           0
1218        3   0.0345  2212        -211        111         0           0
1218        3   0.0613  2112        211         -211        0           0
1218        3   0.1227  2212        -211        111         0           0
1218        2   0.008   3122        313         0           0           0

2128        N(2190)+              2.18000        0.400000        8               1      0      0      0      0.5      1      13
2128        2   0.1533  2112        211         0           0           0
2128        2   0.0767  2212        111         0           0           0
2128        2   0.06    2212        221         0           0           0
2128        2   0.2     2212        223         0           0           0
2128        2   0.008   3122        321         0           0           0
2128        3   0.0345  2112        211         111         0           0
2128        3   0.0172  2212        211         -211        0           0
2128        3   0.0344  2112        211         111         0           0
2128        3   0.0689  2212        111         111         0           0
2128        3   0.155   2212        211         -211        0           0
2128        3   0.0613  2112        211         111         0           0
2128        3   0.1227  2212        211         -211        0           0
2128        2   0.008   3122        323         0           0           0

9070221     f0(2200)              2.18700        0.207000        1               0      0      0      0      0.0      0      1
9070221     2   1.0000  100333      22          0           0           0

-9010217    rho3(2250)-           2.20000        0.158000        7               0      0      0      0      1.0     -1      1
-9010217    2   1.0000  -9040213    22          0           0           0

9010117     rho3(2250)0           2.20000        0.158000        7               0      0      0      0      1.0      0      1
9010117     2   1.0000  9040113     22          0           0           0

9010217     rho3(2250)+           2.20000        0.158000        7               0      0      0      0      1.0      1      1
9010217     2   1.0000  9040213     22          0           0           0

-9811118    Anti-Delta(2200)-     2.20000        0.350000        8              -1      0      0      0      1.5      1      7
-9811118    2   0.0483  -2112       211         0           0           0
-9811118    2   0.04    -3112       -311        0           0           0
-9811118    3   0.6515  -2112       211         111         0           0
-9811118    3   0.1002  -2212       211         211         0           0
-9811118    3   0.13    -2112       211         111         0           0
-9811118    3   0.02    -2212       211         211         0           0
-9811118    2   0.01    -1114       221         0           0           0

-9812118    Anti-Delta(2200)0     2.20000        0.350000        8              -1      0      0      0      1.5      0      15
-9812118    2   0.0322  -2112       111         0           0           0
-9812118    2   0.0161  -2212       211         0           0           0
-9812118    2   0.0133  -3112       -321        0           0           0
-9812118    2   0.0267  -3212       -311        0           0           0
-9812118    3   0.4009  -2112       -211        211         0           0
-9812118    3   0.0334  -2112       111         111         0           0
-9812118    3   0.0167  -2212       211         111         0           0
-9812118    3   0.1002  -2112       -211        211         0           0
-9812118    3   0.2005  -2212       211         111         0           0
-9812118    3   0.08    -2112       -211        211         0           0
-9812118    3   0.0067  -2112       111         111         0           0
-9812118    3   0.0033  -2212       211         111         0           0
-9812118    3   0.02    -2112       -211        211         0           0
-9812118    3   0.04    -2212       211         111         0           0
-9812118    2   0.01    -2114       221         0           0           0

-9812218    Anti-Delta(2200)+     2.20000        0.350000        8              -1      0      0      0      1.5     -1      15
-9812218    2   0.0161  -2112       -211        0           0           0
-9812218    2   0.0322  -2212       111         0           0           0
-9812218    2   0.0267  -3212       -321        0           0           0
-9812218    2   0.0133  -3222       -311        0           0           0
-9812218    3   0.2673  -2112       -211        111         0           0
-9812218    3   0.1336  -2212       -211        211         0           0
-9812218    3   0.0167  -2112       -211        111         0           0
-9812218    3   0.0334  -2212       111         111         0           0
-9812218    3   0.3007  -2212       -211        211         0           0
-9812218    3   0.0533  -2112       -211        111         0           0
-9812218    3   0.0267  -2212       -211        211         0           0
-9812218    3   0.0033  -2112       -211        111         0           0
-9812218    3   0.0067  -2212       111         111         0           0
-9812218    3   0.06    -2212       -211        211         0           0
-9812218    2   0.01    -2214       221         0           0           0

-9812228    Anti-Delta(2200)++    2.20000        0.350000        8              -1      0      0      0      1.5     -2      7
-9812228    2   0.0483  -2212       -211        0           0           0
-9812228    2   0.04    -3222       -321        0           0           0
-9812228    3   0.1002  -2112       -211        -211        0           0
-9812228    3   0.6515  -2212       -211        111         0           0
-9812228    3   0.02    -2112       -211        -211        0           0
-9812228    3   0.13    -2212       -211        111         0           0
-9812228    2   0.01    -2224       221         0           0           0

9811118     Delta(2200)-          2.20000        0.350000        8               1      0      0      0      1.5     -1      7
9811118     2   0.0483  2112        -211        0           0           0
9811118     2   0.04    3112        311         0           0           0
9811118     3   0.6515  2112        -211        111         0           0
9811118     3   0.1002  2212        -211        -211        0           0
9811118     3   0.13    2112        -211        111         0           0
9811118     3   0.02    2212        -211        -211        0           0
9811118     2   0.01    1114        221         0           0           0

9812118     Delta(2200)0          2.20000        0.350000        8               1      0      0      0      1.5      0      15
9812118     2   0.0322  2112        111         0           0           0
9812118     2   0.0161  2212        -211        0           0           0
9812118     2   0.0133  3112        321         0           0           0
9812118     2   0.0267  3212        311         0           0           0
9812118     3   0.4009  2112        211         -211        0           0
9812118     3   0.0334  2112        111         111         0           0
9812118     3   0.0167  2212        -211        111         0           0
9812118     3   0.1002  2112        211         -211        0           0
9812118     3   0.2005  2212        -211        111         0           0
9812118     3   0.08    2112        211         -211        0           0
9812118     3   0.0067  2112        111         111         0           0
9812118     3   0.0033  2212        -211        111         0           0
9812118     3   0.02    2112        211         -211        0           0
9812118     3   0.04    2212        -211        111         0           0
9812118     2   0.01    2114        221         0           0           0

9812218     Delta(2200)+          2.20000        0.350000        8               1      0      0      0      1.5      1      15
9812218     2   0.0161  2112        211         0           0           0
9812218     2   0.0322  2212        111         0           0           0
9812218     2   0.0267  3212        321         0           0           0
9812218     2   0.0133  3222        311         0           0           0
9812218     3   0.2673  2112        211         111         0           0
9812218     3   0.1336  2212        211         -211        0           0
9812218     3   0.0167  2112        211         111         0           0
9812218     3   0.0334  2212        111         111         0           0
9812218     3   0.3007  2212        211         -211        0           0
9812218     3   0.0533  2112        211         111         0           0
9812218     3   0.0267  2212        211         -211        0           0
9812218     3   0.0033  2112        211         111         0           0
9812218     3   0.0067  2212        111         111         0           0
9812218     3   0.06    2212        211         -211        0           0
9812218     2   0.01    2214        221         0           0           0

9812228     Delta(2200)++         2.20000        0.350000        8               1      0      0      0      1.5      2      7
9812228     2   0.0483  2212        211         0           0           0
9812228     2   0.04    3222        321         0           0           0
9812228     3   0.1002  2112        211         211         0           0
9812228     3   0.6515  2212        211         111         0           0
9812228     3   0.02    2112        211         211         0           0
9812228     3   0.13    2212        211         111         0           0
9812228     2   0.01    2224        221         0           0           0

9080221     eta(2250)             2.22100        0.185000        1               0      0      0      0      0.0      0      1
9080221     2   1.0000  9010223     22          0           0           0

9000229     fJ(2220)              2.23110        0.023000        5               0      0      0      0      0.0      0      1
9000229     2   1.0000  221         331         0           0           0

-9883114    Anti-Sigma(2230)-     2.24000        0.345000        4              -1      1      0      0      1.0      1      16
-9883114    2   0.06    -2112       321         0           0           0
-9883114    2   0.01    -3112       111         0           0           0
-9883114    2   0.01    -3212       211         0           0           0
-9883114    2   0.12    -3122       211         0           0           0
-9883114    2   0.02    -3312       -311        0           0           0
-9883114    2   0.14    -3124       211         0           0           0
-9883114    2   0.02    -3114       111         0           0           0
-9883114    2   0.02    -3214       211         0           0           0
-9883114    2   0.015   -3114       111         0           0           0
-9883114    2   0.015   -3214       211         0           0           0
-9883114    2   0.105   -1114       311         0           0           0
-9883114    2   0.035   -2114       321         0           0           0
-9883114    2   0.06    -1114       311         0           0           0
-9883114    2   0.02    -2114       321         0           0           0
-9883114    2   0.08    -2112       323         0           0           0
-9883114    2   0.27    -2112       323         0           0           0

-9883214    Anti-Sigma(2230)0     2.24000        0.345000        4              -1      1      0      0      1.0      0      20
-9883214    2   0.03    -2112       311         0           0           0
-9883214    2   0.03    -2212       321         0           0           0
-9883214    2   0.01    -3112       -211        0           0           0
-9883214    2   0.01    -3222       211         0           0           0
-9883214    2   0.12    -3122       111         0           0           0
-9883214    2   0.01    -3312       -321        0           0           0
-9883214    2   0.01    -3322       -311        0           0           0
-9883214    2   0.14    -3124       111         0           0           0
-9883214    2   0.02    -3114       -211        0           0           0
-9883214    2   0.02    -3224       211         0           0           0
-9883214    2   0.015   -3114       -211        0           0           0
-9883214    2   0.015   -3224       211         0           0           0
-9883214    2   0.07    -2114       311         0           0           0
-9883214    2   0.07    -2214       321         0           0           0
-9883214    2   0.04    -2114       311         0           0           0
-9883214    2   0.04    -2214       321         0           0           0
-9883214    2   0.04    -2112       313         0           0           0
-9883214    2   0.04    -2212       323         0           0           0
-9883214    2   0.135   -2112       313         0           0           0
-9883214    2   0.135   -2212       323         0           0           0

-9883224    Anti-Sigma(2230)+     2.24000        0.345000        4              -1      1      0      0      1.0     -1      16
-9883224    2   0.06    -2212       311         0           0           0
-9883224    2   0.01    -3212       -211        0           0           0
-9883224    2   0.01    -3222       111         0           0           0
-9883224    2   0.12    -3122       -211        0           0           0
-9883224    2   0.02    -3322       -321        0           0           0
-9883224    2   0.14    -3124       -211        0           0           0
-9883224    2   0.02    -3214       -211        0           0           0
-9883224    2   0.02    -3224       111         0           0           0
-9883224    2   0.015   -3214       -211        0           0           0
-9883224    2   0.015   -3224       111         0           0           0
-9883224    2   0.035   -2214       311         0           0           0
-9883224    2   0.105   -2224       321         0           0           0
-9883224    2   0.02    -2214       311         0           0           0
-9883224    2   0.06    -2224       321         0           0           0
-9883224    2   0.08    -2212       313         0           0           0
-9883224    2   0.27    -2212       313         0           0           0

9883114     Sigma(2230)-          2.24000        0.345000        4               1     -1      0      0      1.0     -1      16
9883114     2   0.06    2112        -321        0           0           0
9883114     2   0.01    3112        111         0           0           0
9883114     2   0.01    3212        -211        0           0           0
9883114     2   0.12    3122        -211        0           0           0
9883114     2   0.02    3312        311         0           0           0
9883114     2   0.14    3124        -211        0           0           0
9883114     2   0.02    3114        111         0           0           0
9883114     2   0.02    3214        -211        0           0           0
9883114     2   0.015   3114        111         0           0           0
9883114     2   0.015   3214        -211        0           0           0
9883114     2   0.105   1114        -311        0           0           0
9883114     2   0.035   2114        -321        0           0           0
9883114     2   0.06    1114        -311        0           0           0
9883114     2   0.02    2114        -321        0           0           0
9883114     2   0.08    2112        -323        0           0           0
9883114     2   0.27    2112        -323        0           0           0

9883214     Sigma(2230)0          2.24000        0.345000        4               1     -1      0      0      1.0      0      20
9883214     2   0.03    2112        -311        0           0           0
9883214     2   0.03    2212        -321        0           0           0
9883214     2   0.01    3112        211         0           0           0
9883214     2   0.01    3222        -211        0           0           0
9883214     2   0.12    3122        111         0           0           0
9883214     2   0.01    3312        321         0           0           0
9883214     2   0.01    3322        311         0           0           0
9883214     2   0.14    3124        111         0           0           0
9883214     2   0.02    3114        211         0           0           0
9883214     2   0.02    3224        -211        0           0           0
9883214     2   0.015   3114        211         0           0           0
9883214     2   0.015   3224        -211        0           0           0
9883214     2   0.07    2114        -311        0           0           0
9883214     2   0.07    2214        -321        0           0           0
9883214     2   0.04    2114        -311        0           0           0
9883214     2   0.04    2214        -321        0           0           0
9883214     2   0.04    2112        -313        0           0           0
9883214     2   0.04    2212        -323        0           0           0
9883214     2   0.135   2112        -313        0           0           0
9883214     2   0.135   2212        -323        0           0           0

9883224     Sigma(2230)+          2.24000        0.345000        4               1     -1      0      0      1.0      1      16
9883224     2   0.06    2212        -311        0           0           0
9883224     2   0.01    3212        211         0           0           0
9883224     2   0.01    3222        111         0           0           0
9883224     2   0.12    3122        211         0           0           0
9883224     2   0.02    3322        321         0           0           0
9883224     2   0.14    3124        211         0           0           0
9883224     2   0.02    3214        211         0           0           0
9883224     2   0.02    3224        111         0           0           0
9883224     2   0.015   3214        211         0           0           0
9883224     2   0.015   3224        111         0           0           0
9883224     2   0.035   2214        -311        0           0           0
9883224     2   0.105   2224        -321        0           0           0
9883224     2   0.02    2214        -311        0           0           0
9883224     2   0.06    2224        -321        0           0           0
9883224     2   0.08    2212        -313        0           0           0
9883224     2   0.27    2212        -313        0           0           0

-9020315    Anti-K2(2250)0        2.24700        0.180000        5               0     -1      0      0      0.5      0      5
-9020315    3   0.0833  -311        -211        211         0           0
-9020315    3   0.1667  -321        211         111         0           0
-9020315    2   0.2500  -311        225         0           0           0
-9020315    2   0.2500  -313        9010221     0           0           0
-9020315    2   0.2500  -2112       3122        0           0           0

-9020325    Anti-K2(2250)+        2.24700        0.180000        5               0     -1      0      0      0.5     -1      5
-9020325    3   0.1667  -311        -211        111         0           0
-9020325    3   0.0833  -321        -211        211         0           0
-9020325    2   0.2500  -321        225         0           0           0
-9020325    2   0.2500  -323        9010221     0           0           0
-9020325    2   0.2500  -2212       3122        0           0           0

9020315     K2(2250)0             2.24700        0.180000        5               0      1      0      0      0.5      0      5
9020315     3   0.0833  311         211         -211        0           0
9020315     3   0.1667  321         -211        111         0           0
9020315     2   0.2500  311         225         0           0           0
9020315     2   0.2500  313         9010221     0           0           0
9020315     2   0.2500  2112        -3122       0           0           0

9020325     K2(2250)+             2.24700        0.180000        5               0      1      0      0      0.5      1      5
9020325     3   0.1667  311         211         111         0           0
9020325     3   0.0833  321         211         -211        0           0
9020325     2   0.2500  321         225         0           0           0
9020325     2   0.2500  323         9010221     0           0           0
9020325     2   0.2500  2212        -3122       0           0           0

-9833116    Anti-Sigma(2250)-     2.25000        0.100000        6              -1      1      0      0      1.0      1      5
-9833116    2   0.05    -2112       321         0           0           0
-9833116    2   0.4374  -3122       211         0           0           0
-9833116    2   0.0313  -3112       111         0           0           0
-9833116    2   0.0313  -3212       211         0           0           0
-9833116    2   0.45    -3314       -311        0           0           0

-9833216    Anti-Sigma(2250)0     2.25000        0.100000        6              -1      1      0      0      1.0      0      7
-9833216    2   0.025   -2112       311         0           0           0
-9833216    2   0.025   -2212       321         0           0           0
-9833216    2   0.4374  -3122       111         0           0           0
-9833216    2   0.0313  -3112       -211        0           0           0
-9833216    2   0.0313  -3222       211         0           0           0
-9833216    2   0.225   -3314       -321        0           0           0
-9833216    2   0.225   -3324       -311        0           0           0

-9833226    Anti-Sigma(2250)+     2.25000        0.100000        6              -1      1      0      0      1.0     -1      5
-9833226    2   0.05    -2212       311         0           0           0
-9833226    2   0.4374  -3122       -211        0           0           0
-9833226    2   0.0313  -3212       -211        0           0           0
-9833226    2   0.0313  -3222       111         0           0           0
-9833226    2   0.45    -3324       -321        0           0           0

9833116     Sigma(2250)-          2.25000        0.100000        6               1     -1      0      0      1.0     -1      5
9833116     2   0.05    2112        -321        0           0           0
9833116     2   0.4374  3122        -211        0           0           0
9833116     2   0.0313  3112        111         0           0           0
9833116     2   0.0313  3212        -211        0           0           0
9833116     2   0.45    3314        311         0           0           0

9833216     Sigma(2250)0          2.25000        0.100000        6               1     -1      0      0      1.0      0      7
9833216     2   0.025   2112        -311        0           0           0
9833216     2   0.025   2212        -321        0           0           0
9833216     2   0.4374  3122        111         0           0           0
9833216     2   0.0313  3112        211         0           0           0
9833216     2   0.0313  3222        -211        0           0           0
9833216     2   0.225   3314        321         0           0           0
9833216     2   0.225   3324        311         0           0           0

9833226     Sigma(2250)+          2.25000        0.100000        6               1     -1      0      0      1.0      1      5
9833226     2   0.05    2212        -311        0           0           0
9833226     2   0.4374  3122        211         0           0           0
9833226     2   0.0313  3212        211         0           0           0
9833226     2   0.0313  3222        111         0           0           0
9833226     2   0.45    3324        321         0           0           0

-9902118    Anti-N(2220)0         2.25000        0.400000        10             -1      0      0      0      0.5      0      3
-9902118    2   0.7500  -1218       22          0           0           0
-9902118    2   0.0833  -2112       111         0           0           0
-9902118    2   0.1667  -2212       211         0           0           0

-9902218    Anti-N(2220)+         2.25000        0.400000        10             -1      0      0      0      0.5     -1      3
-9902218    2   0.7500  -2128       22          0           0           0
-9902218    2   0.1667  -2112       -211        0           0           0
-9902218    2   0.0833  -2212       111         0           0           0

9902118     N(2220)0              2.25000        0.400000        10              1      0      0      0      0.5      0      3
9902118     2   0.7500  1218        22          0           0           0
9902118     2   0.0833  2112        111         0           0           0
9902118     2   0.1667  2212        -211        0           0           0

9902218     N(2220)+              2.25000        0.400000        10              1      0      0      0      0.5      1      3
9902218     2   0.7500  2128        22          0           0           0
9902218     2   0.1667  2112        211         0           0           0
9902218     2   0.0833  2212        111         0           0           0

-9903318    Anti-Ksi(2250)-       2.25000        0.088000        10             -1      2      0      0      0.5      1      5
-9903318    2   0.1111  -3314       111         0           0           0
-9903318    2   0.2222  -3324       211         0           0           0
-9903318    2   0.3333  -3122       323         0           0           0
-9903318    2   0.2222  -3112       313         0           0           0
-9903318    2   0.1111  -3212       323         0           0           0

-9903328    Anti-Ksi(2250)0       2.25000        0.088000        10             -1      2      0      0      0.5      0      5
-9903328    2   0.2222  -3314       -211        0           0           0
-9903328    2   0.1111  -3324       111         0           0           0
-9903328    2   0.3333  -3122       313         0           0           0
-9903328    2   0.1111  -3212       313         0           0           0
-9903328    2   0.2222  -3222       323         0           0           0

9903318     Ksi(2250)-            2.25000        0.088000        10              1     -2      0      0      0.5     -1      5
9903318     2   0.1111  3314        111         0           0           0
9903318     2   0.2222  3324        -211        0           0           0
9903318     2   0.3333  3122        -323        0           0           0
9903318     2   0.2222  3112        -313        0           0           0
9903318     2   0.1111  3212        -323        0           0           0

9903328     Ksi(2250)0            2.25000        0.088000        10              1     -2      0      0      0.5      0      5
9903328     2   0.2222  3314        211         0           0           0
9903328     2   0.1111  3324        111         0           0           0
9903328     2   0.3333  3122        -313        0           0           0
9903328     2   0.1111  3212        -313        0           0           0
9903328     2   0.2222  3222        -323        0           0           0

-319        Anti-K4*(2045)0       2.25000        0.199000        9               0     -1      0      0      0.5      0      15
-319        2   0.3969  -317        22          0           0           0
-319        2   0.0370  -311        111         0           0           0
-319        2   0.0740  -321        211         0           0           0
-319        3   0.0467  -313        -211        211         0           0
-319        3   0.0933  -323        211         111         0           0
-319        4   0.1200  -313        -211        211         111         0
-319        3   0.0099  113         -311        111         0           0
-319        3   0.0198  113         -321        211         0           0
-319        3   0.0198  213         -321        111         0           0
-319        3   0.0396  213         -311        -211        0           0
-319        3   0.0267  223         -311        111         0           0
-319        3   0.0533  223         -321        211         0           0
-319        3   0.0140  333         -311        111         0           0
-319        3   0.0280  333         -321        211         0           0
-319        2   0.0210  333         -313        0           0           0

-329        Anti-K4*(2045)+       2.25000        0.199000        9               0     -1      0      0      0.5     -1      15
-329        2   0.3969  -327        22          0           0           0
-329        2   0.0740  -311        -211        0           0           0
-329        2   0.0370  -321        111         0           0           0
-329        3   0.0933  -313        -211        111         0           0
-329        3   0.0467  -323        -211        211         0           0
-329        4   0.1200  -323        -211        211         111         0
-329        3   0.0198  -213        -311        111         0           0
-329        3   0.0396  -213        -321        211         0           0
-329        3   0.0099  113         -321        111         0           0
-329        3   0.0198  113         -311        -211        0           0
-329        3   0.0267  223         -321        111         0           0
-329        3   0.0533  223         -311        -211        0           0
-329        3   0.0140  333         -321        111         0           0
-329        3   0.0280  333         -311        -211        0           0
-329        2   0.0210  333         -323        0           0           0

319         K4*(2045)0            2.25000        0.199000        9               0      1      0      0      0.5      0      15
319         2   0.3969  317         22          0           0           0
319         2   0.0370  311         111         0           0           0
319         2   0.0740  321         -211        0           0           0
319         3   0.0467  313         211         -211        0           0
319         3   0.0933  323         -211        111         0           0
319         4   0.1200  313         211         -211        111         0
319         3   0.0099  113         311         111         0           0
319         3   0.0198  113         321         -211        0           0
319         3   0.0198  -213        321         111         0           0
319         3   0.0396  -213        311         211         0           0
319         3   0.0267  223         311         111         0           0
319         3   0.0533  223         321         -211        0           0
319         3   0.0140  333         311         111         0           0
319         3   0.0280  333         321         -211        0           0
319         2   0.0210  333         313         0           0           0

329         K4*(2045)+            2.25000        0.199000        9               0      1      0      0      0.5      1      15
329         2   0.3969  327         22          0           0           0
329         2   0.0740  311         211         0           0           0
329         2   0.0370  321         111         0           0           0
329         3   0.0933  313         211         111         0           0
329         3   0.0467  323         211         -211        0           0
329         4   0.1200  323         211         -211        111         0
329         3   0.0198  213         311         111         0           0
329         3   0.0396  213         321         -211        0           0
329         3   0.0099  113         321         111         0           0
329         3   0.0198  113         311         211         0           0
329         3   0.0267  223         321         111         0           0
329         3   0.0533  223         311         211         0           0
329         3   0.0140  333         321         111         0           0
329         3   0.0280  333         311         211         0           0
329         2   0.0210  333         323         0           0           0

-203338     Anti-Omega(2250)      2.25200        0.055000        8              -1      3      0      0      0.0      1      4
-203338     3   0.1667  -3312       311         111         0           0
-203338     3   0.3333  -3312       321         -211        0           0
-203338     3   0.1667  -3322       321         111         0           0
-203338     3   0.3333  -3322       311         211         0           0

203338      Omega(2250)           2.25200        0.055000        8               1     -3      0      0      0.0     -1      4
203338      3   0.1667  3312        -311        111         0           0
203338      3   0.3333  3312        -321        211         0           0
203338      3   0.1667  3322        -321        111         0           0
203338      3   0.3333  3322        -311        -211        0           0

-9912118    Anti-N(2250)0         2.28000        0.500000        10             -1      0      0      0      0.5      0      5
-9912118    2   0.8480  -9902118    22          0           0           0
-9912118    2   0.0333  -2112       111         0           0           0
-9912118    2   0.0667  -2212       211         0           0           0
-9912118    2   0.0500  -2112       221         0           0           0
-9912118    2   0.0020  -3122       -311        0           0           0

-9912218    Anti-N(2250)+         2.28000        0.500000        10             -1      0      0      0      0.5     -1      5
-9912218    2   0.8480  -9902218    22          0           0           0
-9912218    2   0.0667  -2112       -211        0           0           0
-9912218    2   0.0333  -2212       111         0           0           0
-9912218    2   0.0500  -2212       221         0           0           0
-9912218    2   0.0020  -3122       -321        0           0           0

9912118     N(2250)0              2.28000        0.500000        10              1      0      0      0      0.5      0      5
9912118     2   0.8480  9902118     22          0           0           0
9912118     2   0.0333  2112        111         0           0           0
9912118     2   0.0667  2212        -211        0           0           0
9912118     2   0.0500  2112        221         0           0           0
9912118     2   0.0020  3122        311         0           0           0

9912218     N(2250)+              2.28000        0.500000        10              1      0      0      0      0.5      1      5
9912218     2   0.8480  9902218     22          0           0           0
9912218     2   0.0667  2112        211         0           0           0
9912218     2   0.0333  2212        111         0           0           0
9912218     2   0.0500  2212        221         0           0           0
9912218     2   0.0020  3122        321         0           0           0

9080225     f2(2300)              2.29700        0.149000        5               0      0      0      0      0.0      0      3
9080225     2   0.5000  333         333         0           0           0
9080225     2   0.2500  311         -311        0           0           0
9080225     2   0.2500  321         -321        0           0           0

-9882112    Anti-N(2300)0         2.30000        0.340000        2              -1      0      0      0      0.5      0      1
-9882112    2   1.0000  -9861214    22          0           0           0

-9882212    Anti-N(2300)+         2.30000        0.340000        2              -1      0      0      0      0.5     -1      1
-9882212    2   1.0000  -9862124    22          0           0           0

9882112     N(2300)0              2.30000        0.340000        2               1      0      0      0      0.5      0      1
9882112     2   1.0000  9861214     22          0           0           0

9882212     N(2300)+              2.30000        0.340000        2               1      0      0      0      0.5      1      1
9882212     2   1.0000  9862124     22          0           0           0

-9901118    Anti-Delta(2300)-     2.30800        0.360000        10             -1      0      0      0      1.5      1      2
-9901118    2   0.9550  -9811118    22          0           0           0
-9901118    2   0.0450  -2112       211         0           0           0

-9901218    Anti-Delta(2300)0     2.30800        0.360000        10             -1      0      0      0      1.5      0      3
-9901218    2   0.9550  -9812118    22          0           0           0
-9901218    2   0.0300  -2112       111         0           0           0
-9901218    2   0.0150  -2212       211         0           0           0

-9902128    Anti-Delta(2300)+     2.30800        0.360000        10             -1      0      0      0      1.5     -1      3
-9902128    2   0.9550  -9812218    22          0           0           0
-9902128    2   0.0150  -2112       -211        0           0           0
-9902128    2   0.0300  -2212       111         0           0           0

-9902228    Anti-Delta(2300)++    2.30800        0.360000        10             -1      0      0      0      1.5     -2      2
-9902228    2   0.9550  -9812228    22          0           0           0
-9902228    2   0.0450  -2212       -211        0           0           0

9901118     Delta(2300)-          2.30800        0.360000        10              1      0      0      0      1.5     -1      2
9901118     2   0.9550  9811118     22          0           0           0
9901118     2   0.0450  2112        -211        0           0           0

9901218     Delta(2300)0          2.30800        0.360000        10              1      0      0      0      1.5      0      3
9901218     2   0.9550  9812118     22          0           0           0
9901218     2   0.0300  2112        111         0           0           0
9901218     2   0.0150  2212        -211        0           0           0

9902128     Delta(2300)+          2.30800        0.360000        10              1      0      0      0      1.5      1      3
9902128     2   0.9550  9812218     22          0           0           0
9902128     2   0.0150  2112        211         0           0           0
9902128     2   0.0300  2212        111         0           0           0

9902228     Delta(2300)++         2.30800        0.360000        10              1      0      0      0      1.5      2      2
9902228     2   0.9550  9812228     22          0           0           0
9902228     2   0.0450  2212        211         0           0           0

9010229     f4(2300)              2.32000        0.250000        9               0      0      0      0      0.0      0      11
9010229     2   0.1111  213         -213        0           0           0
9010229     2   0.0555  113         113         0           0           0
9010229     2   0.1667  223         223         0           0           0
9010229     3   0.0556  221         111         111         0           0
9010229     3   0.1111  221         211         -211        0           0
9010229     2   0.1111  211         -211        0           0           0
9010229     2   0.0555  111         111         0           0           0
9010229     2   0.0833  321         -321        0           0           0
9010229     2   0.0833  311         -311        0           0           0
9010229     2   0.0833  2212        -2212       0           0           0
9010229     2   0.0833  2112        -2112       0           0           0

-9010317    Anti-K3(2320)0        2.32400        0.150000        7               0     -1      0      0      0.5      0      1
-9010317    2   1.0000  -2112       3122        0           0           0

-9010327    Anti-K3(2320)+        2.32400        0.150000        7               0     -1      0      0      0.5     -1      1
-9010327    2   1.0000  -2212       3122        0           0           0

9010317     K3(2320)0             2.32400        0.150000        7               0      1      0      0      0.5      0      1
9010317     2   1.0000  2112        -3122       0           0           0

9010327     K3(2320)+             2.32400        0.150000        7               0      1      0      0      0.5      1      1
9010327     2   1.0000  2212        -3122       0           0           0

7030331     f0(2330)              2.32400        0.194000        1               0      0      0      0      0.0      0      1
7030331     2   1.0000  7200333     22          0           0           0

-9853124    Anti-Lambda(2325)     2.32500        0.168000        4              -1      1      0      0      0.0      0      4
-9853124    2   0.7881  -9843124    22          0           0           0
-9853124    2   0.0950  -2112       311         0           0           0
-9853124    2   0.0950  -2212       321         0           0           0
-9853124    2   0.0219  -3122       223         0           0           0

9853124     Lambda(2325)          2.32500        0.168000        4               1     -1      0      0      0.0      0      4
9853124     2   0.7881  9843124     22          0           0           0
9853124     2   0.0950  2112        -311        0           0           0
9853124     2   0.0950  2212        -321        0           0           0
9853124     2   0.0219  3122        223         0           0           0

-8000217    rho5(2350)-           2.33000        0.400000        11              0      0      0      0      1.0     -1      1
-8000217    2   1.0000  -219        22          0           0           0

8000117     rho5(2350)0           2.33000        0.400000        11              0      0      0      0      1.0      0      1
8000117     2   1.0000  119         22          0           0           0

8000217     rho5(2350)+           2.33000        0.400000        11              0      0      0      0      1.0      1      1
8000217     2   1.0000  219         22          0           0           0

7300221     X(2370)               2.34160        0.117000        1               0      0      0      0      0.0      0      2
7300221     2   0.5000  333         331         0           0           0
7300221     2   0.5000  113         331         0           0           0

9090225     f2(2340)              2.34500        0.322000        5               0      0      0      0      0.0      0      2
9090225     2   0.5000  333         333         0           0           0
9090225     2   0.5000  221         221         0           0           0

-9903128    Anti-Lambda(2350)     2.35000        0.150000        10             -1      1      0      0      0.0      0      7
-9903128    2   0.7584  -3128       22          0           0           0
-9903128    2   0.0600  -2112       311         0           0           0
-9903128    2   0.0600  -2212       321         0           0           0
-9903128    2   0.0336  -3112       -211        0           0           0
-9903128    2   0.0336  -3212       111         0           0           0
-9903128    2   0.0336  -3222       211         0           0           0
-9903128    2   0.0208  -3122       223         0           0           0

9903128     Lambda(2350)          2.35000        0.150000        10              1     -1      0      0      0.0      0      7
9903128     2   0.7584  3128        22          0           0           0
9903128     2   0.0600  2112        -311        0           0           0
9903128     2   0.0600  2212        -321        0           0           0
9903128     2   0.0336  3112        211         0           0           0
9903128     2   0.0336  3212        111         0           0           0
9903128     2   0.0336  3222        -211        0           0           0
9903128     2   0.0208  3122        223         0           0           0

-9831116    Anti-Delta(2350)-     2.35000        0.350000        6              -1      0      0      0      1.5      1      2
-9831116    2   0.8800  -9821116    22          0           0           0
-9831116    2   0.1200  -2112       211         0           0           0

-9831216    Anti-Delta(2350)0     2.35000        0.350000        6              -1      0      0      0      1.5      0      3
-9831216    2   0.8800  -9821216    22          0           0           0
-9831216    2   0.0800  -2112       111         0           0           0
-9831216    2   0.0400  -2212       211         0           0           0

-9832126    Anti-Delta(2350)+     2.35000        0.350000        6              -1      0      0      0      1.5     -1      3
-9832126    2   0.8800  -9822126    22          0           0           0
-9832126    2   0.0400  -2112       -211        0           0           0
-9832126    2   0.0800  -2212       111         0           0           0

-9832226    Anti-Delta(2350)++    2.35000        0.350000        6              -1      0      0      0      1.5     -2      2
-9832226    2   0.8800  -9822226    22          0           0           0
-9832226    2   0.1200  -2212       -211        0           0           0

9831116     Delta(2350)-          2.35000        0.350000        6               1      0      0      0      1.5     -1      2
9831116     2   0.8800  9821116     22          0           0           0
9831116     2   0.1200  2112        -211        0           0           0

9831216     Delta(2350)0          2.35000        0.350000        6               1      0      0      0      1.5      0      3
9831216     2   0.8800  9821216     22          0           0           0
9831216     2   0.0800  2112        111         0           0           0
9831216     2   0.0400  2212        -211        0           0           0

9832126     Delta(2350)+          2.35000        0.350000        6               1      0      0      0      1.5      1      3
9832126     2   0.8800  9822126     22          0           0           0
9832126     2   0.0400  2112        211         0           0           0
9832126     2   0.0800  2212        111         0           0           0

9832226     Delta(2350)++         2.35000        0.350000        6               1      0      0      0      1.5      2      2
9832226     2   0.8800  9822226     22          0           0           0
9832226     2   0.1200  2212        211         0           0           0

-9913318    Anti-Ksi(2370)-       2.37000        0.080000        10             -1      2      0      0      0.5      1      12
-9913318    3   0.0950  -3122       321         111         0           0
-9913318    3   0.1900  -3122       311         211         0           0
-9913318    3   0.0633  -3112       311         111         0           0
-9913318    3   0.1267  -3112       321         -211        0           0
-9913318    3   0.0317  -3212       321         111         0           0
-9913318    3   0.0633  -3212       311         211         0           0
-9913318    2   0.0900  -3334       -311        0           0           0
-9913318    2   0.1100  -3122       323         0           0           0
-9913318    2   0.0733  -3112       313         0           0           0
-9913318    2   0.0367  -3212       323         0           0           0
-9913318    2   0.0800  -3114       311         0           0           0
-9913318    2   0.0400  -3214       321         0           0           0

-9913328    Anti-Ksi(2370)0       2.37000        0.080000        10             -1      2      0      0      0.5      0      12
-9913328    3   0.0950  -3122       311         111         0           0
-9913328    3   0.1900  -3122       321         -211        0           0
-9913328    3   0.0317  -3212       311         111         0           0
-9913328    3   0.0633  -3212       321         -211        0           0
-9913328    3   0.0633  -3222       321         111         0           0
-9913328    3   0.1267  -3222       311         211         0           0
-9913328    2   0.0900 -3334       -321        0           0           0
-9913328    2   0.1100 -3122       313         0           0           0
-9913328    2   0.0367  -3212       313         0           0           0
-9913328    2   0.0733  -3222       323         0           0           0
-9913328    2   0.0400  -3214       311         0           0           0
-9913328    2   0.0800  -3224       321         0           0           0

9913318     Ksi(2370)-            2.37000        0.080000        10              1     -2      0      0      0.5     -1      12
9913318     3   0.0950  3122        -321        111         0           0
9913318     3   0.1900  3122        -311        -211        0           0
9913318     3   0.0633  3112        -311        111         0           0
9913318     3   0.1267  3112        -321        211         0           0
9913318     3   0.0317  3212        -321        111         0           0
9913318     3   0.0633  3212        -311        -211        0           0
9913318     2   0.0900  3334        311         0           0           0
9913318     2   0.1100  3122        -323        0           0           0
9913318     2   0.0733  3112        -313        0           0           0
9913318     2   0.0367  3212        -323        0           0           0
9913318     2   0.0800  3114        -311        0           0           0
9913318     2   0.0400  3214        -321        0           0           0

9913328     Ksi(2370)0            2.37000        0.080000        10              1     -2      0      0      0.5      0      12
9913328     3   0.0950  3122        -311        111         0           0
9913328     3   0.1900  3122        -321        211         0           0
9913328     3   0.0317  3212        -311        111         0           0
9913328     3   0.0633  3212        -321        211         0           0
9913328     3   0.0633  3222        -321        111         0           0
9913328     3   0.1267  3222        -311        -211        0           0
9913328     2   0.0900  3334        321         0           0           0
9913328     2   0.1100  3122        -313        0           0           0
9913328     2   0.0367  3212        -313        0           0           0
9913328     2   0.0733  3222        -323        0           0           0
9913328     2   0.0400  3214        -311        0           0           0
9913328     2   0.0800  3224        -321        0           0           0

-8200317    Anti-K5*(2380)0       2.38200        0.178000        11              0     -1      0      0      0.5      0      3
-8200317    2   0.9270  -319        22          0           0           0
-8200317    2   0.0365  -311        111         0           0           0
-8200317    2   0.0365  -321        211         0           0           0

-8200327    Anti-K5*(2380)+       2.38200        0.178000        11              0     -1      0      0      0.5     -1      3
-8200327    2   0.9270  -329        22          0           0           0
-8200327    2   0.0365  -311        -211        0           0           0
-8200327    2   0.0365  -321        111         0           0           0

8200317     K5*(2380)0            2.38200        0.178000        11              0      1      0      0      0.5      0      3
8200317     2   0.9270  319         22          0           0           0
8200317     2   0.0365  311         111         0           0           0
8200317     2   0.0365  321         -211        0           0           0

8200327     K5*(2380)+            2.38200        0.178000        11              0      1      0      0      0.5      1      3
8200327     2   0.9270  329         22          0           0           0
8200327     2   0.0365  311         211         0           0           0
8200327     2   0.0365  321         111         0           0           0

-9803336    Anti-Omega(2380)      2.38400        0.026000        6              -1      3      0      0      0.0      1      4
-9803336    3   0.1667  -3312       311         111         0           0
-9803336    3   0.3333  -3312       321         -211        0           0
-9803336    3   0.1667  -3322       321         111         0           0
-9803336    3   0.3333  -3322       311         211         0           0

9803336     Omega(2380)           2.38400        0.026000        6               1     -3      0      0      0.0     -1      4
9803336     3   0.1667  3312        -311        111         0           0
9803336     3   0.3333  3312        -321        211         0           0
9803336     3   0.1667  3322        -321        111         0           0
9803336     3   0.3333  3322        -311        -211        0           0

-9821118    Anti-Delta(2390)-     2.39000        0.300000        8              -1      0      0      0      1.5      1      2
-9821118    2   0.9250  -9831116    22          0           0           0
-9821118    2   0.0750  -2112       211         0           0           0

-9822118    Anti-Delta(2390)0     2.39000        0.300000        8              -1      0      0      0      1.5      0      3
-9822118    2   0.9250  -9831216    22          0           0           0
-9822118    2   0.0500  -2112       111         0           0           0
-9822118    2   0.0250  -2212       211         0           0           0

-9822218    Anti-Delta(2390)+     2.39000        0.300000        8              -1      0      0      0      1.5     -1      3
-9822218    2   0.9250  -9832126    22          0           0           0
-9822218    2   0.0250  -2112       -211        0           0           0
-9822218    2   0.0500  -2212       111         0           0           0

-9822228    Anti-Delta(2390)++    2.39000        0.300000        8              -1      0      0      0      1.5     -2      2
-9822228    2   0.9250  -9832226    22          0           0           0
-9822228    2   0.0750  -2212       -211        0           0           0

9821118     Delta(2390)-          2.39000        0.300000        8               1      0      0      0      1.5     -1      2
9821118     2   0.9250  9831116     22          0           0           0
9821118     2   0.0750  2112        -211        0           0           0

9822118     Delta(2390)0          2.39000        0.300000        8               1      0      0      0      1.5      0      3
9822118     2   0.9250  9831216     22          0           0           0
9822118     2   0.0500  2112        111         0           0           0
9822118     2   0.0250  2212        -211        0           0           0

9822218     Delta(2390)+          2.39000        0.300000        8               1      0      0      0      1.5      1      3
9822218     2   0.9250  9832126     22          0           0           0
9822218     2   0.0250  2112        211         0           0           0
9822218     2   0.0500  2212        111         0           0           0

9822228     Delta(2390)++         2.39000        0.300000        8               1      0      0      0      1.5      2      2
9822228     2   0.9250  9832226     22          0           0           0
9822228     2   0.0750  2212        211         0           0           0

-9911118    Anti-Delta(2420)-     2.45000        0.500000        12             -1      0      0      0      1.5      1      2
-9911118    2   0.9183  -9901118    22          0           0           0
-9911118    2   0.0817  -2112       211         0           0           0

-9911218    Anti-Delta(2420)0     2.45000        0.500000        12             -1      0      0      0      1.5      0      3
-9911218    2   0.9183  -9901218    22          0           0           0
-9911218    2   0.0544  -2112       111         0           0           0
-9911218    2   0.0272  -2212       211         0           0           0

-9912128    Anti-Delta(2420)+     2.45000        0.500000        12             -1      0      0      0      1.5     -1      3
-9912128    2   0.9183  -9902128    22          0           0           0
-9912128    2   0.0272  -2112       -211        0           0           0
-9912128    2   0.0544  -2212       111         0           0           0

-9912228    Anti-Delta(2420)++    2.45000        0.500000        12             -1      0      0      0      1.5     -2      2
-9912228    2   0.9183  -9902228    22          0           0           0
-9912228    2   0.0817  -2212       -211        0           0           0

9911118     Delta(2420)-          2.45000        0.500000        12              1      0      0      0      1.5     -1      2
9911118     2   0.9183  9901118     22          0           0           0
9911118     2   0.0817  2112        -211        0           0           0

9911218     Delta(2420)0          2.45000        0.500000        12              1      0      0      0      1.5      0      3
9911218     2   0.9183  9901218     22          0           0           0
9911218     2   0.0544  2112        111         0           0           0
9911218     2   0.0272  2212        -211        0           0           0

9912128     Delta(2420)+          2.45000        0.500000        12              1      0      0      0      1.5      1      3
9912128     2   0.9183  9902128     22          0           0           0
9912128     2   0.0272  2112        211         0           0           0
9912128     2   0.0544  2212        111         0           0           0

9912228     Delta(2420)++         2.45000        0.500000        12              1      0      0      0      1.5      2      2
9912228     2   0.9183  9902228     22          0           0           0
9912228     2   0.0817  2212        211         0           0           0

-9893114    Anti-Sigma(2455)-     2.45500        0.120000        4              -1      1      0      0      1.0      1      2
-9893114    2   0.9000  -9873114    22          0           0           0
-9893114    2   0.1000  -2112       321         0           0           0

-9893214    Anti-Sigma(2455)0     2.45500        0.120000        4              -1      1      0      0      1.0      0      3
-9893214    2   0.9000  -9873214    22          0           0           0
-9893214    2   0.0500  -2112       311         0           0           0
-9893214    2   0.0500  -2212       321         0           0           0

-9893224    Anti-Sigma(2455)+     2.45500        0.120000        4              -1      1      0      0      1.0     -1      2
-9893224    2   0.9000  -9873224    22          0           0           0
-9893224    2   0.1000  -2212       311         0           0           0

9893114     Sigma(2455)-          2.45500        0.120000        4               1     -1      0      0      1.0     -1      2
9893114     2   0.9000  9873114     22          0           0           0
9893114     2   0.1000  2112        -321        0           0           0

9893214     Sigma(2455)0          2.45500        0.120000        4               1     -1      0      0      1.0      0      3
9893214     2   0.9000  9873214     22          0           0           0
9893214     2   0.0500  2112        -311        0           0           0
9893214     2   0.0500  2212        -321        0           0           0

9893224     Sigma(2455)+          2.45500        0.120000        4               1     -1      0      0      1.0      1      2
9893224     2   0.9000  9873224     22          0           0           0
9893224     2   0.1000  2212        -311        0           0           0

8000229     f6(2510)              2.46500        0.255000        13              0      0      0      0      0.0      0      3
8000229     2   0.9400  8000117     22          0           0           0
8000229     2   0.0400  211         -211        0           0           0
8000229     2   0.0200  111         111         0           0           0

-9901116    Anti-Delta(2400)-     2.47000        0.570000        10             -1      0      0      0      1.5      1      2
-9901116    2   0.9420  -9821118    22          0           0           0
-9901116    2   0.0580  -2112       211         0           0           0

-9901216    Anti-Delta(2400)0     2.47000        0.570000        10             -1      0      0      0      1.5      0      3
-9901216    2   0.9420  -9822118    22          0           0           0
-9901216    2   0.0387  -2112       111         0           0           0
-9901216    2   0.0193  -2212       211         0           0           0

-9902126    Anti-Delta(2400)+     2.47000        0.570000        10             -1      0      0      0      1.5     -1      3
-9902126    2   0.9420  -9822218    22          0           0           0
-9902126    2   0.0193  -2112       -211        0           0           0
-9902126    2   0.0387  -2212       111         0           0           0

-9902226    Anti-Delta(2400)++    2.47000        0.570000        10             -1      0      0      0      1.5     -2      2
-9902226    2   0.9420  -9822228    22          0           0           0
-9902226    2   0.0580  -2212       -211        0           0           0

9901116     Delta(2400)-          2.47000        0.570000        10              1      0      0      0      1.5     -1      2
9901116     2   0.9420  9821118     22          0           0           0
9901116     2   0.0580  2112        -211        0           0           0

9901216     Delta(2400)0          2.47000        0.570000        10              1      0      0      0      1.5      0      3
9901216     2   0.9420  9822118     22          0           0           0
9901216     2   0.0387  2112        111         0           0           0
9901216     2   0.0193  2212        -211        0           0           0

9902126     Delta(2400)+          2.47000        0.570000        10              1      0      0      0      1.5      1      3
9902126     2   0.9420  9822218     22          0           0           0
9902126     2   0.0193  2112        211         0           0           0
9902126     2   0.0387  2212        111         0           0           0

9902226     Delta(2400)++         2.47000        0.570000        10              1      0      0      0      1.5      2      2
9902226     2   0.9420  9822228     22          0           0           0
9902226     2   0.0580  2212        211         0           0           0

-9903338    Anti-Omega(2470)      2.47400        0.072000        12             -1      3      0      0      0.0      1      1
-9903338    3   1.0000  -3334       -211        211         0           0

9903338     Omega(2470)           2.47400        0.072000        12              1     -3      0      0      0.0     -1      1
9903338     3   1.0000  3334        211         -211        0           0

-9000319    Anti-K4(2500)0        2.49000        0.250000        9               0     -1      0      0      0.5      0      1
-9000319    2   1.0000  -2112       3122        0           0           0

-9000329    Anti-K4(2500)+        2.49000        0.250000        9               0     -1      0      0      0.5     -1      1
-9000329    2   1.0000  -2212       3122        0           0           0

9000319     K4(2500)0             2.49000        0.250000        9               0      1      0      0      0.5      0      1
9000319     2   1.0000  2112        -3122       0           0           0

9000329     K4(2500)+             2.49000        0.250000        9               0      1      0      0      0.5      1      1
9000329     2   1.0000  2212        -3122       0           0           0

-9923318    Anti-Ksi(2500)-       2.50000        0.100000        12             -1      2      0      0      0.5      1      15
-9923318    2   0.0111  -3312       111         0           0           0
-9923318    2   0.0222  -3322       211         0           0           0
-9923318    2   0.1333  -3122       321         0           0           0
-9923318    2   0.0889  -3112       311         0           0           0
-9923318    2   0.0444  -3212       321         0           0           0
-9923318    3   0.037   -3312       111         111         0           0
-9923318    3   0.1481  -3322       211         111         0           0
-9923318    3   0.1481  -3312       -211        211         0           0
-9923318    2   0.0111  -3314       111         0           0           0
-9923318    2   0.0222  -3324       211         0           0           0
-9923318    3   0.1111  -3122       311         211         0           0
-9923318    3   0.0556  -3122       321         111         0           0
-9923318    3   0.0556  -3112       321         -211        0           0
-9923318    3   0.0556  -3212       321         111         0           0
-9923318    3   0.0556  -3222       321         211         0           0

-9923328    Anti-Ksi(2500)0       2.50000        0.100000        12             -1      2      0      0      0.5      0      15
-9923328    2   0.0222  -3312       -211        0           0           0
-9923328    2   0.0111  -3322       111         0           0           0
-9923328    2   0.1333  -3122       311         0           0           0
-9923328    2   0.0444  -3212       311         0           0           0
-9923328    2   0.0889  -3222       321         0           0           0
-9923328    3   0.1481  -3312       -211        111         0           0
-9923328    3   0.1481  -3322       -211        211         0           0
-9923328    3   0.037   -3322       111         111         0           0
-9923328    2   0.0222  -3314       -211        0           0           0
-9923328    2   0.0111  -3324       111         0           0           0
-9923328    3   0.0556  -3122       311         111         0           0
-9923328    3   0.1111  -3122       321         -211        0           0
-9923328    3   0.0556  -3112       311         -211        0           0
-9923328    3   0.0556  -3212       311         111         0           0
-9923328    3   0.0556  -3222       311         211         0           0

9923318     Ksi(2500)-            2.50000        0.100000        12              1     -2      0      0      0.5     -1      15
9923318     2   0.0111  3312        111         0           0           0
9923318     2   0.0222  3322        -211        0           0           0
9923318     2   0.1333  3122        -321        0           0           0
9923318     2   0.0889  3112        -311        0           0           0
9923318     2   0.0444  3212        -321        0           0           0
9923318     3   0.037   3312        111         111         0           0
9923318     3   0.1481  3322        -211        111         0           0
9923318     3   0.1481  3312        211         -211        0           0
9923318     2   0.0111  3314        111         0           0           0
9923318     2   0.0222  3324        -211        0           0           0
9923318     3   0.1111  3122        -311        -211        0           0
9923318     3   0.0556  3122        -321        111         0           0
9923318     3   0.0556  3112        -321        211         0           0
9923318     3   0.0556  3212        -321        111         0           0
9923318     3   0.0556  3222        -321        -211        0           0

9923328     Ksi(2500)0            2.50000        0.100000        12              1     -2      0      0      0.5      0      15
9923328     2   0.0222  3312        211         0           0           0
9923328     2   0.0111  3322        111         0           0           0
9923328     2   0.1333  3122        -311        0           0           0
9923328     2   0.0444  3212        -311        0           0           0
9923328     2   0.0889  3222        -321        0           0           0
9923328     3   0.1481  3312        211         111         0           0
9923328     3   0.1481  3322        211         -211        0           0
9923328     3   0.037   3322        111         111         0           0
9923328     2   0.0222  3314        211         0           0           0
9923328     2   0.0111  3324        111         0           0           0
9923328     3   0.0556  3122        -311        111         0           0
9923328     3   0.1111  3122        -321        211         0           0
9923328     3   0.0556  3112        -311        211         0           0
9923328     3   0.0556  3212        -311        111         0           0
9923328     3   0.0556  3222        -311        -211        0           0

-9852116    Anti-N(2570)0         2.57000        0.250000        6              -1      0      0      0      0.5      0      1
-9852116    2   1.0000  -9882112    22          0           0           0

-9852216    Anti-N(2570)+         2.57000        0.250000        6              -1      0      0      0      0.5     -1      1
-9852216    2   1.0000  -9882212    22          0           0           0

9852116     N(2570)0              2.57000        0.250000        6               1      0      0      0      0.5      0      1
9852116     2   1.0000  9882112     22          0           0           0

9852216     N(2570)+              2.57000        0.250000        6               1      0      0      0      0.5      1      1
9852216     2   1.0000  9882212     22          0           0           0

-9902112    Anti-N(2600)0         2.60000        0.650000        12             -1      0      0      0      0.5      0      3
-9902112    2   0.95    -9912118    22          0           0           0
-9902112    2   0.025   -2112       111         0           0           0
-9902112    2   0.025   -2212       211         0           0           0

-9902212    Anti-N(2600)+         2.60000        0.650000        12             -1      0      0      0      0.5     -1      3
-9902212    2   0.95    -9912218    22          0           0           0
-9902212    2   0.025   -2112       -211        0           0           0
-9902212    2   0.025   -2212       111         0           0           0

9902112     N(2600)0              2.60000        0.650000        12              1      0      0      0      0.5      0      3
9902112     2   0.95    9912118     22          0           0           0
9902112     2   0.025   2112        111         0           0           0
9902112     2   0.025   2212        -211        0           0           0

9902212     N(2600)+              2.60000        0.650000        12              1      0      0      0      0.5      1      3
9902212     2   0.95    9912218     22          0           0           0
9902212     2   0.025   2112        211         0           0           0
9902212     2   0.025   2212        111         0           0           0

-9902114    Anti-N(2700)0         2.61200        0.350000        14             -1      0      0      0      0.5      0      3
-9902114    2   0.96    -9902112    22          0           0           0
-9902114    2   0.02    -2112       111         0           0           0
-9902114    2   0.02    -2212       211         0           0           0

-9902214    Anti-N(2700)+         2.61200        0.350000        14             -1      0      0      0      0.5     -1      3
-9902214    2   0.96    -9902212    22          0           0           0
-9902214    2   0.02    -2112       -211        0           0           0
-9902214    2   0.02    -2212       111         0           0           0

9902114     N(2700)0              2.61200        0.350000        14              1      0      0      0      0.5      0      3
9902114     2   0.96    9902112     22          0           0           0
9902114     2   0.02    2112        111         0           0           0
9902114     2   0.02    2212        -211        0           0           0

9902214     N(2700)+              2.61200        0.350000        14              1      0      0      0      0.5      1      3
9902214     2   0.96    9902212     22          0           0           0
9902214     2   0.02    2112        211         0           0           0
9902214     2   0.02    2212        111         0           0           0

-9843116    Anti-Sigma(2620)-     2.62000        0.200000        6              -1      1      0      0      1.0      1      2
-9843116    2   0.9     -9833116    22          0           0           0
-9843116    2   0.1     -2112       321         0           0           0

-9843216    Anti-Sigma(2620)0     2.62000        0.200000        6              -1      1      0      0      1.0      0      3
-9843216    2   0.9     -9833216    22          0           0           0
-9843216    2   0.05    -2112       311         0           0           0
-9843216    2   0.05    -2212       321         0           0           0

-9843226    Anti-Sigma(2620)+     2.62000        0.200000        6              -1      1      0      0      1.0     -1      2
-9843226    2   0.9     -9833226    22          0           0           0
-9843226    2   0.1     -2212       311         0           0           0

9843116     Sigma(2620)-          2.62000        0.200000        6               1     -1      0      0      1.0     -1      2
9843116     2   0.9     9833116     22          0           0           0
9843116     2   0.1     2112        -321        0           0           0

9843216     Sigma(2620)0          2.62000        0.200000        6               1     -1      0      0      1.0      0      3
9843216     2   0.9     9833216     22          0           0           0
9843216     2   0.05    2112        -311        0           0           0
9843216     2   0.05    2212        -321        0           0           0

9843226     Sigma(2620)+          2.62000        0.200000        6               1     -1      0      0      1.0      1      2
9843226     2   0.9     9833226     22          0           0           0
9843226     2   0.1     2212        -311        0           0           0

-9911116    Anti-Delta(2750)-     2.79400        0.350000        14             -1      0      0      0      1.5      1      2
-9911116    2   0.96    -9911118    22          0           0           0
-9911116    2   0.04    -2112       211         0           0           0

-9911216    Anti-Delta(2750)0     2.79400        0.350000        14             -1      0      0      0      1.5      0      3
-9911216    2   0.96    -9911218    22          0           0           0
-9911216    2   0.0267  -2112       111         0           0           0
-9911216    2   0.0133  -2212       211         0           0           0

-9912126    Anti-Delta(2750)+     2.79400        0.350000        14             -1      0      0      0      1.5     -1      3
-9912126    2   0.96    -9912128    22          0           0           0
-9912126    2   0.0133  -2112       -211        0           0           0
-9912126    2   0.0267  -2212       111         0           0           0

-9912226    Anti-Delta(2750)++    2.79400        0.350000        14             -1      0      0      0      1.5     -2      2
-9912226    2   0.96    -9912228    22          0           0           0
-9912226    2   0.04    -2212       -211        0           0           0

9911116     Delta(2750)-          2.79400        0.350000        14              1      0      0      0      1.5     -1      2
9911116     2   0.96    9911118     22          0           0           0
9911116     2   0.04    2112        -211        0           0           0

9911216     Delta(2750)0          2.79400        0.350000        14              1      0      0      0      1.5      0      3
9911216     2   0.96    9911218     22          0           0           0
9911216     2   0.0267  2112        111         0           0           0
9911216     2   0.0133  2212        -211        0           0           0

9912126     Delta(2750)+          2.79400        0.350000        14              1      0      0      0      1.5      1      3
9912126     2   0.96    9912128     22          0           0           0
9912126     2   0.0133  2112        211         0           0           0
9912126     2   0.0267  2212        111         0           0           0

9912226     Delta(2750)++         2.79400        0.350000        14              1      0      0      0      1.5      2      2
9912226     2   0.96    9912228     22          0           0           0
9912226     2   0.04    2212        211         0           0           0

-9921118    Anti-Delta(2950)-     2.99000        0.330000        16             -1      0      0      0      1.5      1      2
-9921118    2   0.96    -9911116    22          0           0           0
-9921118    2   0.04    -2112       211         0           0           0

-9921218    Anti-Delta(2950)0     2.99000        0.330000        16             -1      0      0      0      1.5      0      3
-9921218    2   0.96    -9911216    22          0           0           0
-9921218    2   0.0267  -2112       111         0           0           0
-9921218    2   0.0133  -2212       211         0           0           0

-9922128    Anti-Delta(2950)+     2.99000        0.330000        16             -1      0      0      0      1.5     -1      3
-9922128    2   0.96    -9912126    22          0           0           0
-9922128    2   0.0133  -2112       -211        0           0           0
-9922128    2   0.0267  -2212       111         0           0           0

-9922228    Anti-Delta(2950)++    2.99000        0.330000        16             -1      0      0      0      1.5     -2      2
-9922228    2   0.96    -9912226    22          0           0           0
-9922228    2   0.04    -2212       -211        0           0           0

9921118     Delta(2950)-          2.99000        0.330000        16              1      0      0      0      1.5     -1      2
9921118     2   0.96    9911116     22          0           0           0
9921118     2   0.04    2112        -211        0           0           0

9921218     Delta(2950)0          2.99000        0.330000        16              1      0      0      0      1.5      0      3
9921218     2   0.96    9911216     22          0           0           0
9921218     2   0.0267  2112        111         0           0           0
9921218     2   0.0133  2212        -211        0           0           0

9922128     Delta(2950)+          2.99000        0.330000        16              1      0      0      0      1.5      1      3
9922128     2   0.96    9912126     22          0           0           0
9922128     2   0.0133  2112        211         0           0           0
9922128     2   0.0267  2212        111         0           0           0

9922228     Delta(2950)++         2.99000        0.330000        16              1      0      0      0      1.5      2      2
9922228     2   0.96    9912226     22          0           0           0
9922228     2   0.04    2212        211         0           0           0

-9823118    Anti-Sigma(3170)-     3.17000        0.015000        8              -1      1      0      0      1.0      1      1
-9823118    2   1.0000  -9813118    22          0           0           0

-9823218    Anti-Sigma(3170)0     3.17000        0.015000        8              -1      1      0      0      1.0      0      1
-9823218    2   1.0000  -9813218    22          0           0           0

-9823228    Anti-Sigma(3170)+     3.17000        0.015000        8              -1      1      0      0      1.0     -1      1
-9823228    2   1.0000  -9813228    22          0           0           0

9823118     Sigma(3170)-          3.17000        0.015000        8               1     -1      0      0      1.0     -1      1
9823118     2   1.0000  9813118     22          0           0           0

9823218     Sigma(3170)0          3.17000        0.015000        8               1     -1      0      0      1.0      0      1
9823218     2   1.0000  9813218     22          0           0           0

9823228     Sigma(3170)+          3.17000        0.015000        8               1     -1      0      0      1.0      1      1
9823228     2   1.0000  9813228     22          0           0           0