      1      1   2775    3.8609      169 156  12 157   4 152      0.0000
  2212    0.000    0.000     -9.7549  0.940    -4.58    -4.38    -0.20     0.20
  2112    0.000    0.000     -9.7549  0.940    -5.15     3.88    -0.20     0.20
  2112    0.000    0.000      9.7549  0.940     5.06     5.81     0.20     0.20
  2112    0.000    0.000     -9.7549  0.940    -8.59     0.33    -0.20     0.20
  2212    0.000    0.000     -9.7549  0.940    -6.01     0.63    -0.20     0.20
  2212    0.000    0.000      9.7549  0.940     4.54    -2.43     0.20     0.20
  2212    0.000    0.000     -9.7549  0.940    -7.52     3.60    -0.20     0.20
  2212    0.000    0.000      9.7549  0.940     6.63     0.12     0.20     0.20
  2112    0.000    0.000     -9.7549  0.940    -4.78    -2.67    -0.20     0.20
  2112    0.000    0.000     -9.7549  0.940    -6.93     1.48    -0.20     0.20
  2212    0.000    0.000     -9.7549  0.940    -7.62    -2.66    -0.20     0.20
  2112    0.000    0.000     -9.7549  0.940    -7.49     1.08    -0.20     0.20
  2212    0.000    0.000      9.7549  0.940     2.23    -5.76     0.20     0.20
  2112    0.000    0.000      9.7549  0.940    -1.61    -4.19     0.20     0.20
  2112    0.000    0.000     -9.7549  0.940    -5.69    -3.59    -0.20     0.20
  2112    0.000    0.000      9.7549  0.940     3.89     4.37     0.20     0.20
  2112    0.000    0.000     -9.7549  0.940    -2.09     8.51    -0.20     0.20
  2212    0.000    0.000      9.7549  0.940     6.19    -4.68     0.20     0.20
  2212    0.000    0.000     -9.7549  0.940    -5.15     3.89    -0.20     0.20
  2212    0.000    0.000     -9.7549  0.940    -6.52    -1.93    -0.20     0.20
  2112    0.000    0.000      9.7549  0.940     5.94     0.40     0.20     0.20
  2212    0.000    0.000     -9.7549  0.940    -4.00    -0.40    -0.20     0.20
  2112    0.000    0.000      9.7549  0.940     5.43     5.21     0.20     0.20
  2212    0.000    0.000     -9.7549  0.940    -5.58    -1.45    -0.20     0.20
  2112    0.000    0.000      9.7549  0.940     4.78     5.91     0.20     0.20
  2212    0.000    0.000      9.7549  0.940     4.00     5.96     0.20     0.20
  2112    0.000    0.000     -9.7549  0.940    -5.01     4.76    -0.20     0.20
  2212    0.000    0.000      9.7549  0.940     6.86    -0.95     0.20     0.20
  2112    0.000    0.000     -9.7549  0.940    -4.34     3.99    -0.20     0.20
  2112    0.000    0.000     -9.7549  0.940    -4.92     5.94    -0.20     0.20
  2112    0.000    0.000      9.7549  0.940     6.79    -0.13     0.20     0.20
  2212    0.000    0.000     -9.7549  0.940    -3.15     3.53    -0.20     0.20
  2112    0.000    0.000      9.7549  0.940     5.86    -5.27     0.20     0.20
  2112    0.000    0.000     -9.7549  0.940    -4.50    -0.55    -0.20     0.20
  2112    0.000    0.000     -9.7549  0.940   -10.11     0.31    -0.20     0.20
  2112    0.000    0.000     -9.7549  0.940    -8.35    -0.16    -0.20     0.20
  2112    0.000    0.000     -9.7549  0.940    -9.09    -0.38    -0.20     0.20
   211    0.103   -0.100      0.3855  0.140 0.76E+05 -.20E+06 0.67E+06 0.77E+06
  2212    0.000    0.000      9.7549  0.940     5.23    -2.50     0.20     0.20
  2112    0.000    0.000     -9.7549  0.940    -5.15     0.13    -0.20     0.20
  2112    0.000    0.000      9.7549  0.940     7.51     3.86     0.20     0.20
  2112    0.000    0.000      9.7549  0.940     7.70     0.16     0.20     0.20
  2212    0.000    0.000      9.7549  0.940     5.93     4.32     0.20     0.20
  2212    0.000    0.000     -9.7549  0.940    -3.87     4.72    -0.20     0.20
  2212    0.000    0.000      9.7549  0.940     6.01    -1.22     0.20     0.20
  2212    0.000    0.000     -9.7549  0.940    -4.77    -3.85    -0.20     0.20
  2112    0.000    0.000     -9.7549  0.940    -7.35     0.14    -0.20     0.20
  2112    0.000    0.000      9.7549  0.940     9.43    -1.83     0.20     0.20
  2112    0.000    0.000     -9.7549  0.940    -3.67    -6.12    -0.20     0.20
  2112    0.000    0.000     -9.7549  0.940    -5.93    -3.94    -0.20     0.20
  2112    0.000    0.000     -9.7549  0.940    -4.68     4.42    -0.20     0.20
  2112    0.000    0.000     -9.7549  0.940    -5.38    -0.38    -0.20     0.20
  2112    0.000    0.000     -9.7549  0.940    -5.90    -3.28    -0.20     0.20
  2112    0.000    0.000     -9.7549  0.940    -7.23     1.86    -0.20     0.20
  2112    0.000    0.000     -9.7549  0.940    -5.91    -1.61    -0.20     0.20
  2212    0.000    0.000     -9.7549  0.940    -4.27     4.32    -0.20     0.20
  2112    0.000    0.000     -9.7549  0.940    -7.08    -4.86    -0.20     0.20
  2212    0.000    0.000      9.7549  0.940     6.91     4.34     0.20     0.20
  2112    0.000    0.000      9.7549  0.940     5.34    -2.68     0.20     0.20
  2112    0.000    0.000     -9.7549  0.940    -6.19     1.76    -0.20     0.20
  2212    0.000    0.000      9.7549  0.940     7.71    -0.33     0.20     0.20
  2112    0.000    0.000      9.7549  0.940     3.10    -2.76     0.20     0.20
  2212    0.000    0.000     -9.7549  0.940    -0.38     7.27    -0.20     0.20
  2212    0.000    0.000     -9.7549  0.940    -2.66    -2.83    -0.20     0.20
  2112    0.000    0.000     -9.7549  0.940    -4.94    -2.50    -0.20     0.20
  2112    0.000    0.000      9.7549  0.940     4.42     5.95     0.20     0.20
  2112    0.000    0.000      9.7549  0.940     7.04     3.52     0.20     0.20
  2112    0.000    0.000      9.7549  0.940     3.77     4.74     0.20     0.20
  -211    0.023   -0.032      0.0880  0.140     3.82    19.68     6.82    27.80
    22    0.026   -0.113     -0.0068  0.000     1.66    -0.58    -0.05     0.80
    22   -0.035    0.048      0.0043  0.000     0.89    -0.56     0.06     0.80
    22    0.038    0.033     -0.0044  0.000     5.63    -0.52    -0.07     0.80
    22    0.069   -0.190      0.0197  0.000     4.07     1.23     0.08     0.80
    22    0.213    0.219      0.0316  0.000    -2.24    -2.47     0.08     0.80
    22   -0.207   -0.187      0.0352  0.000     3.14     2.08     0.10     0.80
    22    0.115    0.109     -0.0534  0.000     0.24     0.86    -0.26     0.80
    22   -0.047   -0.171      0.0662  0.000    -6.07    -1.46     0.28     0.80
    22   -0.107   -0.080     -0.0735  0.000    -3.99     0.93    -0.39     0.80
    22   -0.201   -0.723      0.4763  0.000    -3.02    -3.85     0.54     1.00
    22    0.192    0.146     -0.1595  0.000     3.71     2.73    -0.55     1.00
    22   -0.106   -0.095     -0.0950  0.000     0.83     3.44    -0.55     1.00
    22   -0.035    0.197     -0.1368  0.000    -6.09    -3.41    -0.56     1.00
    22    0.007    0.076     -0.0530  0.000    -2.38     3.91    -0.57     1.00
    22    0.033    0.010     -0.0279  0.000    -2.68    -0.16    -0.62     1.00
    22    0.522   -0.023      0.4845  0.000    -2.37     1.22     0.68     1.00
   111    0.184   -0.306     -0.3124  0.135     5.37    -7.47    -0.48     5.00
   111   -0.334    0.163      0.2846  0.135    -7.28     4.16    -0.01     1.60
   111    0.267   -0.551     -0.2152  0.135     4.68    -7.09    -0.96     2.60
    22   -0.076    0.059     -0.1121  0.000    -1.48     1.76    -0.91     1.20
    22   -0.093    0.022      0.1112  0.000    -3.25     2.36     0.91     1.20
   211    0.246    0.048      0.1600  0.140     3.18     9.04     4.69     9.00
   211   -0.086   -0.007     -0.1431  0.140    -0.87    -8.41    -2.86    13.20
   111   -0.019    0.020      0.3632  0.135 0.76E+05 -.20E+06 0.67E+06 0.77E+06
  -211    0.136   -0.125      0.1944  0.140    10.09    -0.33     0.45    12.20
   211    0.432    0.341     -0.0244  0.140     3.01     8.91    -0.22     5.60
   111   -0.121    0.341      0.3961  0.135    -0.62     7.35     6.81     9.20
   111    0.049   -0.133     -0.0130  0.135     2.57    -1.51    -4.80     7.00
    22    0.092   -0.151      0.2448  0.000     1.26    -4.19     0.97     1.20
   211    0.226    0.348     -0.1500  0.140     2.39     8.32    -0.30     4.20
  -211   -0.214    0.232      0.0678  0.140     1.50     5.16    -2.81    13.60
   211   -0.287   -0.209     -0.0173  0.140    -5.53     0.64    -0.25     1.60
   111   -0.378   -0.312      0.9474  0.135    -8.36    -4.31     5.68     8.00
   211   -0.069   -0.024      0.2587  0.140     0.62    -2.62     6.85     7.60
  -211   -0.127   -0.086     -0.1106  0.140     1.84    -7.92    -3.45     6.40
   111    0.063   -0.517      0.2001  0.135    -2.29    -3.92    -0.60     8.20
  -211    0.196    0.489     -0.4520  0.140    -1.41     6.43    -3.43     6.60
   111    0.557   -0.246      0.2651  0.135     0.00    -1.94     3.53     9.40
   111    0.463    0.030     -0.9192  0.135     4.63     0.23    -6.33     9.40
   111    0.381   -0.423     -5.8120  0.135     1.53    -3.71   -41.54    42.20
    22   -0.112    0.138     -0.3027  0.000    -3.55     1.80    -1.21     1.40
   111    0.092    0.214     -0.2762  0.135    -0.50    -7.18   -10.61    15.60
    22   -0.078   -0.474     -0.3827  0.000 -.29E+05 -.33E+05 -.36E+05 0.69E+05
  -211    0.383    0.318     -0.3718  0.140    -7.02     4.20    -0.24     1.60
  -211   -0.310    0.211     -0.1819  0.140    -3.23     5.29     0.15     1.60
   111    0.720   -0.075      0.6105  0.135     6.81     2.23    19.14    24.60
   111   -0.033   -0.175     -0.7106  0.135    -5.40    -4.70    -8.84    11.80
   111    0.305    0.163     -0.0926  0.135     7.75    -5.31    -7.97    10.80
  -211   -0.045   -0.238      0.1403  0.140    -4.52    -4.58     0.63     3.40
  -211    0.195   -0.210     -0.8831  0.140     7.20     1.33    -3.14     4.20
   111    0.007    0.162      0.2450  0.135     7.02     3.56     2.46     8.40
   111   -0.017    0.387     -0.0226  0.135    -1.48     4.69     2.82     6.40
   211    0.281    0.384     -0.3030  0.140     2.91     7.45    -3.31     7.00
   111    0.147    0.196     -0.0610  0.135     5.05     4.70    -0.23     1.60
   211    0.302   -0.381      0.4477  0.140     3.77    -6.33     4.46     5.40
   111    0.287    0.150      0.0542  0.135     7.63    -4.98     0.08     9.60
  -211   -0.073   -0.221      0.0169  0.140 -.14E+06 -.18E+06 0.21E+05 0.46E+06
  -211    0.465   -0.320      0.2373  0.140    17.94    -0.59     1.70    18.20
   111   -0.114   -0.301      0.1498  0.135     4.83    -7.72    -0.74     2.40
    22    0.024   -0.004     -0.0485  0.000     0.31    -5.70    -1.43     1.60
   211   -0.106   -0.166     -0.2911  0.140    -9.98    -2.91   -10.74    27.20
   211   -0.355    0.017      0.1785  0.140    -7.11    -3.16     0.42     1.60
  -211   -0.057   -0.052      0.2523  0.140     2.49    -4.53    10.84    23.00
  -211   -0.125   -0.101      0.3004  0.140    -7.79    -1.73     3.29    10.80
   111   -0.044    0.051      0.0800  0.135 -.14E+06 -.18E+06 0.21E+05 0.46E+06
   111   -0.101   -0.069      0.4322  0.135     5.07     6.24     5.49     7.40
  -211    0.060    0.090      0.7394  0.140     5.70    -1.25     4.24     4.80
    22    0.209    0.187     -0.6062  0.000     2.35    -1.37    -1.63     1.80
   111    0.322    0.331      0.1254  0.135     5.31     4.15     0.10     2.60
   211    0.075   -0.154      0.0821  0.140    -8.77    -9.37    -1.95    17.80
   111   -0.040    0.275      0.4429  0.135    -3.71     6.33     2.92     3.80
   211   -0.088    0.018     -0.1914  0.140   -10.43     3.68    -1.88    12.00
  -211   -0.085    0.057     -0.1221  0.140    -7.21     3.23   -22.99    27.40
   111    0.375    0.174      0.2140  0.135     7.37     3.98     3.07     8.60
  2112   -0.623    0.723      0.6657  0.940    -3.17     4.19     1.53     3.20
   111   -0.023    0.222     -1.7340  0.135    -5.44     1.68    -4.37     4.80
    22    0.041   -0.112     -0.2761  0.000    -4.09    -1.05    -1.65     1.80
   211   -0.276    0.339     -0.0973  0.140    -2.70     5.53    -0.23     1.80
   111   -0.254   -0.113     -0.0290  0.135    -4.66    -2.86     2.92     5.80
    22   -0.012   -0.003     -0.4892  0.000 0.28E+05 -.79E+04 -.54E+05 0.91E+05
  -211    0.073    0.416     -0.1732  0.140     5.13     4.55    -0.28     2.00
  -211   -0.039    0.195      0.0335  0.140    -1.85     7.67     0.34     2.00
   211    0.098    0.409     -0.1696  0.140     5.12     9.70    -2.79     8.60
   211   -0.060    0.084      0.0690  0.140     4.06    10.94    -0.04    10.40
   211   -0.091    0.208      0.0085  0.140     0.16     7.07    -1.41     2.20
   111    0.100    0.547      0.0828  0.135     3.19     5.87     0.50     3.00
  -211    0.265    0.361      0.1280  0.140     3.18     6.58     0.69     2.00
    22    0.090    0.153      0.4407  0.000    -2.98     0.74     1.86     2.00
  -211    0.057    0.199     -0.0574  0.140    -0.14     9.46    -9.02    14.80
   211    0.362   -0.286     -0.4945  0.140     4.99    -7.64    -0.96     2.40
   211   -0.278   -0.250      0.1228  0.140    -7.16    -3.72     3.17     7.80
   111    0.154   -0.413     -0.2467  0.135     3.76    -4.18    -3.19     4.60
   111   -0.145    0.109     -0.4707  0.135    -2.74     4.21    -4.72    11.20
   211    0.331   -0.310      0.1966  0.140     9.93   -12.77     9.98    24.00
  -211    0.259    0.287      0.3433  0.140     2.99     5.88     1.00     2.00
    22   -0.162    0.292      0.4918  0.000 0.13E+05 0.29E+06 0.23E+06 0.42E+06
   111   -0.297    0.057     -0.1207  0.135    -6.53     1.16     1.44     5.80
  -211   -0.552    0.061      1.2554  0.140    -3.73    -1.81     6.60     7.00
   211    0.129   -0.055     -1.5339  0.140     5.38     3.32    -3.44     3.80
   111   -0.293    0.293     -0.0476  0.135    -8.60     2.79     0.65     5.80
  -211    0.109    0.112      0.0384  0.140    -1.47     4.43    -1.22     9.80
  -211   -0.086    0.137     -1.1838  0.140    -2.81     0.96   -12.42    13.60
   111   -0.095    0.040     -0.0477  0.135    -4.32     2.48     6.46    11.80
   111    0.154    0.146      0.0004  0.135     8.64     2.00    -3.16     4.00
   111    0.208    0.228     -0.0766  0.135     3.85     5.10     1.74     4.60
   111   -0.194    0.073     -0.3439  0.135 -.21E+06 0.13E+06 -.89E+06 0.97E+06
   111   -0.102    0.181      0.1258  0.135    -7.10    -3.47     3.20     7.80
   111    0.010    0.107     -0.5436  0.135 -.21E+06 0.13E+06 -.89E+06 0.97E+06
   111   -0.029    0.142      4.1579  0.135     1.51     6.61    17.40    17.80
   111    0.202   -0.054      0.3362  0.135     2.83    -2.10     0.61    10.60
   111    0.096    0.165      0.0489  0.135     1.83     7.53     0.45     2.20
   111    0.045   -0.031     -0.2390  0.135 0.52E+03 -.79E+04 -.84E+04 0.18E+05
   111   -0.017   -0.287     -0.2813  0.135     0.58    -6.87    -1.69     3.40
  -211   -0.025   -0.105      0.0576  0.140     0.56   -11.31   -10.46    22.80
  -211    0.189   -0.118     -0.0681  0.140     8.07     0.68    -0.28     2.20
  -211   -0.226   -0.456     -0.6681  0.140    -0.17    -6.92    -1.50     2.20
   111    0.022   -0.054      0.0004  0.135 0.52E+03 -.79E+04 -.84E+04 0.18E+05
   111    0.216    0.481      0.2235  0.135    -1.89    12.84     5.05    11.60
   111   -0.113   -0.119     -0.2247  0.135    -2.73    -4.53    -1.41     4.80
   111    0.316    0.017      0.0358  0.135     3.74     2.85    -3.30     7.20
   211    0.003   -0.142     -0.2061  0.140     6.06    -3.89    -5.80    12.60
   211    0.153    0.564      0.2140  0.140     6.84     5.36     2.91     4.60
   111   -0.236   -0.037     -0.0721  0.135    -5.52    -1.97    -0.61     2.40
   111   -0.122    0.198     -1.4048  0.135    -2.08     3.03    -6.16     7.20
  3122    0.294   -0.228     -0.5416  1.116     5.12    -0.43    -0.91     2.40
  -211    0.145   -0.225      0.1747  0.140     7.65     3.06     3.85    10.40
  -211    0.035    0.112     -0.0088  0.140     6.94    -3.99    -5.30    10.00
   321    0.324    0.520     -0.0517  0.494     5.00     5.20     0.12     2.40
   111    0.243    0.185     -0.5067  0.135    10.96     0.20   -14.27    18.80
   111   -0.042   -0.031      0.0326  0.135 0.71E+04 -.27E+04 0.13E+05 0.24E+05
  2212    0.384   -0.304     -0.2092  0.938     8.28     0.75    -0.40     2.60
   211    0.176   -0.056     -0.1174  0.140     5.15     2.47    -1.08     2.40
  -211   -0.067    0.263     -0.0036  0.140    -3.72     1.26    -3.33    12.60
   111   -0.140   -0.127      0.3021  0.135     1.40     3.91    13.41    15.00
   111    0.971    0.467      0.2499  0.135     5.15    -3.09     0.73     2.80
  -211   -0.120    0.362      0.0810  0.140    -6.08    12.35     5.36    12.80
   111    0.240    0.010      0.2714  0.135 0.71E+04 -.27E+04 0.13E+05 0.24E+05
   211    0.305    0.030      0.0625  0.140     6.85    -3.34     0.44     2.40
   111   -0.054   -0.665      0.1382  0.135    -1.14    -5.44     1.18     5.00
  -211    0.021   -0.095     -0.0978  0.140    -1.44     2.72     1.03    12.40
   111    0.008   -0.023     -0.0249  0.135     2.41     0.19    -3.59     9.60
   211    0.066    0.096      0.3422  0.140     4.30     2.36    -0.01    10.60
   211    0.561    0.056      0.4828  0.140    16.78    -2.22    17.17    24.40
   111    0.283    0.141      0.8401  0.135     1.69     7.39    17.19    17.80
   111    0.231   -0.057      1.5307  0.135     5.70    -3.36     6.09     6.60
   111   -0.211    0.198      0.1879  0.135    -1.68     4.43    -1.15     9.80
  -211   -0.054   -0.030     -0.0603  0.140     0.52    -1.11   -15.09    16.60
   111   -0.362   -0.385     -0.5634  0.135    -3.24    -4.52    -7.90     9.00
  -211    0.361    0.229     -0.5676  0.140     7.91     3.15    -1.49     2.40
   211   -0.026   -0.254     -0.1455  0.140     7.98    -1.30    -1.07     2.40
  -211    0.063   -0.292      0.0622  0.140     4.70    -4.11     3.68     7.80
   111   -0.306   -0.214      1.3013  0.135    -6.53    -0.89    10.86    12.20
   111    0.085   -0.175     -0.1037  0.135    -6.80    -1.01    -2.24     9.00
  -211   -0.060   -0.026     -0.0810  0.140    -6.11    -9.15   -21.05    23.80
   211   -0.201    0.234      0.0213  0.140    -6.13     7.66     7.20    11.60
   111   -0.785   -0.426      2.0025  0.135    -6.11    -3.85    15.22    17.00
   111   -0.023    0.002      0.2705  0.135 -.50E+04 -.34E+05 0.13E+06 0.22E+06
   211    0.113    0.058      0.1870  0.140    -2.32     1.95     4.41    15.80
   211   -0.185    0.141     -0.1753  0.140    -0.44     3.22    -8.59    10.60
   111   -0.106   -0.086      0.0689  0.135 -.50E+04 -.34E+05 0.13E+06 0.22E+06
  -211   -0.076   -0.032     -0.1014  0.140   -10.49     7.79    -6.23    25.20
   111    0.154    0.320      0.0216  0.135     2.54     6.02     0.21     3.60
   211    0.427    0.431     -0.0201  0.140     7.45    15.95    -0.08    18.60
  -211    0.363   -0.423     -0.2873  0.140     5.19    -3.23    -4.56     9.20
   211    0.147    0.289     -0.4956  0.140     2.19     7.14    -9.90    13.80
   211    0.189   -0.049      0.3951  0.140     9.17     2.27     7.91    13.20
  -211   -0.084   -0.160      0.4347  0.140    -0.18    -7.02     9.83    10.80
  -211    0.041   -0.039     -0.4767  0.140    -3.08     5.66   -33.88    34.05
   111    0.160   -0.408      0.9699  0.135     1.97    -6.85     6.12     6.60
   111   -0.013    0.025      0.3649  0.135     5.33    -8.15    40.04    40.53
   111   -0.050   -0.044     -0.3115  0.135     1.18   -11.61    -8.51    14.80
   111    0.237   -0.112      0.1328  0.135     3.47    -4.43     2.56     6.20
  -321   -0.186   -0.044      0.0042  0.494     0.21     6.45     1.04     2.80
   111    0.163    0.069     -0.1531  0.135    -9.90     3.76    -7.66    16.00
   111    0.048    0.057      0.1665  0.135    -5.97     7.57     7.33    11.60
   111    0.149   -0.178      0.3731  0.135    -1.86    -5.68     2.85     5.00
  -211   -0.012    0.365     -0.2059  0.140     5.71     9.61    -0.26    14.60
   111    0.220    0.100     -0.3299  0.135     1.05     0.76    -2.74     9.20
    22   -0.062    0.017      0.1061  0.000 -.27E+04 0.91E+04 0.14E+05 0.27E+05
   211    0.332    0.318     -0.1265  0.140    10.37     2.27    -2.65    15.00
  -211    0.050   -0.338      0.2271  0.140     3.41    -3.97     0.78     2.80
   111    0.117   -0.096      0.0413  0.135     4.12    -4.94     2.44    11.40
   111    0.266   -0.581      0.8028  0.135     3.35    -5.22    11.18    13.20
   211    0.297    0.309      0.2275  0.140     7.06     2.61     3.39     5.20
   111    0.070    0.479     -0.6284  0.135    -3.87     6.11   -12.37    16.40
   211    0.393    0.382     -0.3342  0.140     6.90     5.73    -1.33     2.80
  -211    0.062   -0.020      0.1595  0.140    -0.13    -5.25    -1.19     8.60
  -211    0.234    0.528      0.8338  0.140     3.88     8.04    18.70    20.80
   211    0.061    0.289      0.2928  0.140     2.40     5.69     1.80     2.80
   211   -0.303   -0.227     -0.2395  0.140    -4.66     0.66    -6.16    12.00
   111   -0.030    0.282      0.5991  0.135    -5.63     2.28    10.09    14.80
   211    0.134    0.034     -0.1818  0.140    -3.69    -0.88   -13.28    24.20
   211    0.047    0.161     -0.0000  0.140 -.69E+04 0.18E+05 -.15E+05 0.31E+06
   111   -0.644   -0.210     -1.0453  0.135    -3.31    -0.68    -4.07     5.60
   321   -0.286   -0.099      0.6294  0.494    -6.94    -4.51     2.15     2.80
   111   -0.087   -0.082     -0.0150  0.135 -.69E+04 0.18E+05 -.15E+05 0.31E+06
  -211    0.203   -0.007      0.4091  0.140     4.14    -3.04    19.30    20.40
   111   -0.039    0.656     -1.5811  0.135    -0.34     7.14    -5.67     6.80
  -211   -0.098   -0.180      0.6006  0.140    -9.25    -2.03     7.75    11.20
  -211   -0.285    0.130     -0.1232  0.140    -4.84    -0.24    -0.64     2.80
   211   -0.002    0.222     -0.0362  0.140   -11.16     2.24     2.49    14.20
   111    0.097   -0.116     -0.0418  0.135     2.28    -4.70    -4.90     8.40
   211    0.086    0.407      0.8835  0.140    -2.08     6.85     2.38     3.00
   211   -0.226   -0.387     -0.1333  0.140    -0.50    -4.97     0.53     3.00
   111    0.125   -0.124      0.6101  0.135    16.67    -2.27    17.23    24.40
  -211    0.043   -0.151      0.2012  0.140 0.13E+06 -.34E+06 0.92E+05 0.48E+06
  -211   -0.071   -0.300      0.1314  0.140    -2.47    -2.90     1.43     3.00
  -211    0.292   -0.172     -0.4401  0.140     2.20    -8.31    -4.10     7.40
  3222   -0.305   -0.329     -0.6073  1.189    -2.62    -4.90    -1.13     3.00
   211    0.332    0.201     -0.1244  0.140    14.33    18.82   -10.71    28.60
   211    0.830   -0.383      0.6914  0.140     9.97    -7.34    13.49    17.20
  -211    0.032    0.093      0.1113  0.140     4.22     7.67    -2.29    11.20
  -211   -0.057    0.134     -0.4678  0.140     1.12     6.49    -4.59     6.80
   111    0.098   -0.107     -0.0430  0.135     7.11     0.29     3.34     5.40
  -211    0.757   -0.075     -0.6838  0.140     5.70     2.17    -1.85     3.00
   111    0.088   -0.215     -0.0554  0.135 0.13E+06 -.34E+06 0.92E+05 0.48E+06
  -211    0.342   -0.540      2.5004  0.140     2.00    -7.50     8.64     9.00
  -211    0.134    0.123      0.0655  0.140     7.09    42.07    12.00    70.45
   111    0.070   -0.086      0.1319  0.135     7.04    41.89    12.07    70.45
  -211   -0.305    0.061     -0.2142  0.140    -1.49     0.07   -13.01    18.60
   321   -0.277    0.529     -0.0121  0.498    -1.04     6.87    -0.15     3.00
   211    0.204    0.153     -0.2649  0.140     9.48     7.83   -11.31    18.80
   111    0.041   -0.017     -0.3609  0.135     4.23    -6.76    -3.66    25.40
    22    0.034    0.067      0.0881  0.000 -.95E+05 -.14E+06 0.18E+06 0.27E+06
   111    0.420    0.078     -0.2766  0.135     2.85     6.48    -1.53     3.00
    22    0.058   -0.007      0.2403  0.000    -1.56     2.97     2.91     3.00
   111    0.002    0.183     -0.0663  0.135    -1.33    -2.22    -3.02     9.20
  -211   -0.100   -0.022     -0.4386  0.140 -.41E+06 0.35E+06 -.12E+07 0.16E+07
  -321    0.452   -0.272     -0.8046  0.494     5.00    -4.19    -2.93     5.40
   111    0.408   -0.058     -0.4962  0.135    -0.89     1.85    -5.98     7.60
   111    0.330   -0.112      0.1947  0.135    15.84    -3.32    14.39    27.20
   111   -0.051    0.065     -0.2222  0.135 -.41E+06 0.35E+06 -.12E+07 0.16E+07
  2212   -0.351   -0.341     -0.7665  0.938    -5.80    -2.49    -1.87     3.00
  -211    0.334   -0.005     -0.2959  0.140    16.74    -1.78   -26.08    35.24
   211    0.254    0.131      0.0852  0.140     7.35    -0.48    -1.37     8.20
   211   -0.150   -0.001      0.1671  0.140     3.09     2.58     6.82    15.60
   211   -0.067    0.026      0.6705  0.140    -0.71    -3.73    16.36    19.00
  2112   -0.852    0.162      1.7307  0.940    -3.78     6.24     2.91     3.80
  -211   -0.059    0.053     -0.0852  0.140     3.86     1.09     2.82    10.20
   111   -0.273    0.087      0.0779  0.135 -.13E+06 -.14E+05 0.10E+05 0.14E+06
   111    0.090   -0.018     -0.0353  0.135    15.72     8.46    18.71    24.80
   111    0.223    0.102      0.0313  0.135     5.75     1.17     1.04     4.60
   111   -0.009    0.028      0.0219  0.135     2.29    -0.36    -5.79     8.60
   111   -0.352   -0.017      0.0490  0.135 -.13E+06 -.14E+05 0.10E+05 0.14E+06
   111   -0.002   -0.100     -2.6138  0.135    -2.79    -0.53   -10.96    11.60
   111    0.249    0.485      0.5835  0.135     4.50     6.13     4.53     5.60
  -211    0.367    0.313     -1.8317  0.140     4.07    -0.44   -20.54    22.00
   211   -0.479   -0.204      0.2721  0.140    -5.57    -0.11     1.02     3.20
   211   -0.068    0.016      0.3741  0.140    11.07    -0.85    11.57    13.40
   111    0.246   -0.386      0.7115  0.135     3.97    -6.53    17.98    19.80
   111    0.030   -0.327      0.1556  0.135     1.73    -5.24     1.22     6.60
   211   -0.572    0.174     -1.5837  0.140    -7.04     0.88   -10.47    12.00
  -211    0.141   -0.094     -0.4119  0.140     9.79     4.77   -19.74    25.00
  -211   -0.005   -0.200      0.2830  0.140     4.20    -8.07     2.42     3.20
  -211   -0.091   -0.256     -0.1066  0.140    -2.16    -5.77     1.85     5.00
   211    0.136    0.391      0.7123  0.140     3.45     5.72     1.84     5.20
  -211    0.120    0.053      0.0443  0.140    -4.36    -3.27    -1.11    18.40
    22   -0.021    0.006     -0.2748  0.000 -.39E+04 0.93E+04 -.77E+05 0.91E+05
  -211   -0.177    0.096      0.3195  0.140    -0.30    13.58    26.55    32.18
   111    0.005   -0.032     -0.2729  0.135    -4.45    -3.88   -20.36    20.60
   111   -0.017    0.107     -0.2028  0.135     1.90     6.97    -2.43     3.20
   111   -0.102   -0.131     -0.0606  0.135    -3.87    -0.80    -1.72     3.20
   111   -0.005    0.267      0.4032  0.135     8.10     4.52    15.25    17.20
    22    0.163    1.174     -0.5316  0.000 0.16E+06 0.10E+07 -.43E+06 0.12E+07
   111    0.325    0.022     -2.8361  0.135     1.69     3.72    -9.55    10.20
   111   -0.219   -0.074      0.3220  0.135     3.20   -11.96    15.68    20.00
   211    0.151    0.540     -0.5680  0.140     3.77     6.03    -4.46     9.60
   111    0.034   -0.179      0.8957  0.135    -2.74    -6.11    12.62    13.20
   211   -0.614   -0.308     -0.3367  0.140    -6.66     1.66    -6.18    12.40
   111    0.048   -0.336      0.6593  0.135    -0.92    -3.39    22.53    23.60
   211    0.012    0.066     -0.0703  0.140    -6.62     3.20     4.10     7.60
   211   -0.175    0.159      0.3152  0.140    -7.22     0.48     2.41     3.20
   211   -0.160    0.006      0.8224  0.140    -8.15     3.25    14.60    16.00
  -211   -0.040   -0.000      0.1380  0.140    -7.37     2.07     4.83     7.80
  -211   -0.293   -0.245     -0.4005  0.140    -2.83    -3.27    -1.41     3.40
  -211    0.077    0.551      0.4265  0.140     6.58     6.78     6.98     8.60
   111   -0.033    0.088      0.0475  0.135    -2.80     7.58     3.41     5.60
  -211   -0.067   -0.000      0.1327  0.140     0.99   -15.50     7.27    16.40
   211   -0.030    0.145     -0.2380  0.140    -4.63     2.26    -2.71     3.40
  -211    0.025   -0.049      0.3145  0.140    -3.62     3.43     3.02     5.20
   111   -0.210    0.075     -0.6426  0.135    -6.46     0.67   -13.30    13.60
   111    0.103   -0.135      0.4848  0.135    11.15    -0.91    11.57    13.40
  2112    0.510    0.653     -0.6013  0.940     4.44     6.40    -1.71     5.20
  3222    0.236   -0.753      2.1469  1.189     0.10    -5.81     3.00     3.40
   211   -0.088   -0.494     -0.6248  0.140    -4.08    -6.76    -8.09     9.20
   111    0.077    0.230     -0.1397  0.135     3.26     2.73     6.60    15.60
   111   -0.064    0.255      0.6386  0.135    -0.87     6.08     4.69     6.80
   211   -0.075    0.202     -1.8494  0.140    -0.13     8.14   -20.66    21.40
   211   -0.255   -0.306     -0.1099  0.140   -27.96   -11.61   -10.76    33.61
   111   -0.190   -0.160     -0.1745  0.135    -4.41    -4.26    -4.58     9.40
  -211   -0.014   -0.063      0.1772  0.140     3.87    -5.03     2.54    11.60
   111   -0.035   -0.076      0.0366  0.135   -27.89   -11.56   -10.67    33.61
  -211    0.198    0.261     -0.2243  0.140     8.34     4.60    -1.73    13.80
  -211   -0.067   -0.058      0.8125  0.140     5.11     5.58    24.28    24.60
  -321   -0.515    0.517      1.1709  0.498    -0.27     7.10     2.66     3.40
   211   -0.129   -0.167      0.5042  0.140 -.22E+06 -.17E+06 0.42E+06 0.57E+06
   111    0.075    0.097     -0.0573  0.135     4.34    -4.12    -5.95     8.20
   111    0.122    0.090      0.1714  0.135    -0.92     7.26     3.75     6.00
   111   -0.207   -0.115      0.2811  0.135 -.22E+06 -.17E+06 0.42E+06 0.57E+06
   321    0.079   -0.379     -0.1591  0.498     6.19    -3.10     0.02     6.20
  -211   -0.197    0.032      0.0448  0.140 -1650.30   842.19  -571.12  6079.38
   111   -0.068   -0.260      0.1049  0.135    -6.11    -3.09     2.01     4.60
   111   -0.059    0.485     -0.9099  0.135    -2.54     8.34    -9.96    11.20
   111    0.025   -0.001      0.4313  0.135     0.74     5.58     5.49     6.40
   111   -0.415   -0.132     -0.6903  0.135    -7.07     0.83   -10.45    12.00
   211   -0.039    0.126     -0.0188  0.140 -1650.18   842.29  -571.18  6079.38
   211   -0.119   -0.102      0.0486  0.140   -24.57   -12.03    17.61    40.58
  -211   -0.190    0.035      0.2109  0.140    -4.30     5.90     5.07     7.40
   211   -0.141   -0.222     -0.6270  0.140   -21.18   -44.61   -52.63    87.72
  2212    1.196   -0.373      0.1841  0.938     8.19    -0.49     0.53     3.60
   111   -0.195   -0.086     -0.1263  0.135   -21.27   -44.60   -52.54    87.72
   111    0.061   -0.325     -1.5174  0.135    -5.31    -5.05    -8.60     8.80
   211    0.159   -0.103     -0.1632  0.140     4.16    -6.06    -8.88    12.60
   211   -0.105    0.060      0.4646  0.140    -5.54    -3.81    21.15    24.80
   211   -0.044    0.377      0.2104  0.140     1.81     7.18     1.90     3.60
   111   -0.233    0.264     -1.0184  0.135 -.50E+06 0.76E+06 -.26E+07 0.28E+07
   111    0.267    0.458      0.5398  0.135     5.03     8.80    14.44    19.00
  -211   -0.158   -0.310      0.1540  0.140     2.36    -3.70     0.98     3.60
   211   -0.094   -0.041      0.3538  0.140    -7.28     1.75     8.98    13.20
  -211   -0.252   -0.282     -0.1705  0.140    -0.91    -6.47    -1.36     3.60
   111   -0.168    0.143     -0.3958  0.135 -.50E+06 0.76E+06 -.26E+07 0.28E+07
  -211    0.501   -0.218      0.1748  0.140     6.78    -3.15    -0.02     4.20
   111    0.596    0.113     -0.3427  0.135     9.81    -2.50    -1.23     7.60
  -211   -0.230   -0.066      0.3281  0.140    -0.04     1.21     4.74     9.80
  -211   -0.184    0.074      0.0071  0.140     3.05     5.54     0.30    20.00
   111    0.288    0.052     -0.2128  0.135     8.71     5.50    -5.93    10.60
   111    0.537    0.507     -1.3711  0.135     6.71     1.33   -13.99    14.80
  -211   -0.027    0.076      0.1145  0.140    -2.73     5.34     6.71     9.20
   211    0.213   -0.131      0.1200  0.140    44.58   -28.34   107.82   128.17
   211    0.081    0.499      0.1354  0.140     0.47     9.97     5.18    12.60
   111   -0.309    0.179      0.6855  0.135    -3.76     9.55    26.62    27.60
  -211    0.234   -0.188      1.3770  0.135    -3.69    -3.27    18.74    20.80
  -211   -0.659   -0.395      0.8494  0.140    -6.27    -3.85     8.39    11.20
  -211    0.625   -0.505      0.5910  0.140     5.12    -7.20     0.94     6.40
  -211    0.162   -0.005     -0.3736  0.140     7.20     5.19   -17.42    22.00
   111   -0.004   -0.101      0.4104  0.135    44.44   -28.30   107.93   128.17
   111   -0.531   -0.099      0.7203  0.135    -8.23     3.22    14.57    16.00
   111    0.245   -0.141      0.4903  0.135     5.64     0.75     2.65     3.60
   211   -0.130    0.037     -0.3421  0.140     4.35    -2.14    -8.86    15.20
   321   -0.281    0.243      0.1973  0.498     5.50     1.46     1.09     5.20
   111   -0.475   -0.409     -0.2244  0.135    -6.68    -1.74    -0.79     7.20
   211    0.051    0.153      0.1250  0.140    -1.10     7.36     3.77     6.60
   111    0.422   -0.056      0.1738  0.135     5.09    -5.88     1.77     4.40
   211    0.104   -0.215     -0.0382  0.140     9.58    -2.61    -1.50     7.60
  -211    0.217   -0.016      0.1497  0.140     4.66    -6.52     8.22    10.80
  -211    0.084   -0.131     -0.6431  0.140 -.82E+03 -.50E+05 -.15E+06 0.17E+06
  -211    0.022    0.521     -1.6084  0.140     8.52     1.95    -3.35     4.00
  -211    0.165   -0.000     -0.2636  0.140     6.21     3.69    -1.60     4.00
  -211   -0.109   -0.029      0.0994  0.140    -0.74   -10.41     2.05    18.20
   111    0.265    0.067      0.3565  0.135     3.88     7.51     6.92     9.00
   111   -0.210    0.223     -0.4005  0.135    -5.13     5.24    -2.91     3.80
   211    0.197    0.249      0.2036  0.140     7.23     3.24     1.68     3.80
   111   -0.093   -0.119     -0.3559  0.135 -.82E+03 -.50E+05 -.15E+06 0.17E+06
  -211    0.035    0.248      0.8672  0.140     9.70     0.93    20.30    25.80
   111    0.519    0.161      0.1077  0.135     7.84    -0.79     5.93    11.00
   211   -0.045   -0.116      0.1700  0.140     0.74    -3.79     6.68    14.80
  -211    0.017   -0.012      0.1910  0.140     2.98    10.15    11.61    17.80
   211    0.236    0.163     -0.0563  0.140     5.08     0.20     0.83     6.60
    22    0.252   -0.133     -0.3001  0.000 0.56E+05 0.18E+04 -.19E+05 0.10E+06
  -211    0.882   -0.618      0.4416  0.140     2.64    -7.07     1.49     3.80
  -211    0.286    0.011     -1.0644  0.140     1.64     1.90   -15.63    16.00
   211   -0.045   -0.031      0.1030  0.140    16.47   -35.75    50.66    83.61
   211    0.476    0.369      0.4228  0.140     7.60     0.76     2.03     3.80
   211   -0.104    0.046     -0.2189  0.140    -4.27     0.09    -3.67     5.80
   111    0.071   -0.054      0.4886  0.135    16.54   -35.74    50.74    83.61
  -211    0.158    0.223     -0.2144  0.140    -9.40     4.08    -8.96    14.20
   111   -0.470   -0.092      1.2633  0.135    -4.49    -1.18    13.05    13.40
   211   -0.154    0.067      0.0131  0.140 -.62E+06 0.46E+06 -.16E+06 0.85E+06
   211   -0.123    0.137     -1.7093  0.140    -0.38    -3.14   -23.42    24.00
   111   -0.242   -0.147      0.3800  0.135    -3.84    -2.66     2.87     3.80
  -321    0.055   -0.561     -0.3926  0.494     2.38    -7.94    -2.72     6.40
  -211    0.221    0.330     -0.2526  0.140     5.21     2.93    -1.32     4.00
  -211    0.262    0.009      0.2360  0.140    10.92    -1.30    11.76    17.00
  -211   -0.059   -0.121      2.6812  0.140     1.07     4.07    15.54    15.80
  -211    0.449   -0.368     -0.2064  0.140     5.52    -4.48    -2.89     4.80
   211    0.240   -0.163     -0.4582  0.140     5.29    -2.32    -2.77     4.00
   111   -0.040    0.038      0.0682  0.135     0.85     2.51     4.89     7.60
  -211   -0.226   -0.127      0.2462  0.140     3.08    -5.54    12.40    14.80
   111   -0.235    0.236     -0.1494  0.135 -.62E+06 0.46E+06 -.16E+06 0.85E+06
   211   -0.006    0.125      0.1555  0.140     1.40     7.93     2.38     6.20
  -211    0.261   -0.081      0.6764  0.140     3.75    -6.24     4.51     5.40
   321   -0.078    0.026      0.5204  0.494    -1.49     2.76     2.24     4.00
   211    0.101    0.135      0.2205  0.140     7.08    -2.98     7.99    13.40
  -211    0.028   -0.275     -0.0571  0.140     8.86    -0.86    -4.58    46.32
  -211   -0.255   -0.111     -0.1946  0.140    -3.49    -2.37    -9.97    12.20
   111   -0.012    0.116     -0.1428  0.135     8.83    -0.58    -4.67    46.32
   211    0.176   -0.064      0.0040  0.140 0.18E+06 -.78E+05 -.67E+05 0.32E+06
  -211    0.078   -0.082      0.1356  0.140     8.69     3.02     0.62     6.40
  -211    0.274    0.456      0.0982  0.140     0.12    12.02     3.29    15.20
  -211    0.298   -0.010     -0.1775  0.140 0.18E+06 -.78E+05 -.67E+05 0.32E+06
   211    0.038    0.285     -1.8595  0.140    -5.45     6.29    -9.98    11.40
  -211   -0.094   -0.335     -0.9648  0.140    -3.47    -7.51   -11.26    13.40
  -211    0.510   -0.404     -0.2424  0.140    11.05    -1.71    -1.37     4.00
   111   -0.173   -0.321      0.2456  0.135     0.98   -15.64     7.25    16.40
   211   -0.176    0.754      0.3134  0.140    -5.77    12.79     9.19    15.40
  -211   -0.026   -0.077     -0.2140  0.140 -.13E+04 -.12E+06 -.95E+05 0.17E+06
   111   -0.017   -0.165     -0.1452  0.135 -.13E+04 -.12E+06 -.95E+05 0.17E+06
   211    0.173   -0.244     -0.3449  0.140     5.04    -9.05    -5.28    11.20
  -211    0.024   -0.335      0.4617  0.140    -0.12     1.25     6.33    13.80
   111    0.118   -0.152      0.0844  0.135     5.40    -0.72     8.37    12.20
   111   -0.094   -0.367     -0.2613  0.135     2.64    -9.74    -3.78     9.80
  -211   -0.513    0.035     -0.4352  0.140    -8.59    -1.25    -7.09     9.20
   211    0.013    0.007     -0.3987  0.140  -451.72  -242.54 -2506.38  2870.39
  -211   -0.272   -0.149      0.2156  0.140    -7.77     2.33     4.33     7.80
  2112   -0.246    0.634     -0.5555  0.940    -2.28     3.33    -2.24     4.00
   211    0.086   -0.070      0.3907  0.140    -3.11     5.61     9.65    12.40
   111   -0.103    0.051     -0.1775  0.135    -7.65     5.47     1.94    17.60
  3122   -0.371   -0.733      1.1309  1.116    -1.15    -5.95     2.28     4.00
   111   -0.219   -0.127     -0.4720  0.135  -451.80  -242.59 -2506.36  2870.39
   211    0.106    0.052     -0.3692  0.140    -5.53     2.31   -22.30    24.00
   211   -0.004   -0.078     -0.1663  0.140    -6.82    -6.04    -9.72    22.60
  -211    0.145    0.545      0.5060  0.140     1.22    11.42     5.64     9.80
   111   -0.245    0.294      0.2455  0.135    -6.71     3.33     4.04     7.20
   111    0.455    0.441     -3.0268  0.135     3.25     5.68   -13.56    14.40
   111    0.779    0.602      2.4475  0.135     5.11     6.42     9.71    10.40
   111   -0.244   -0.117     -0.1991  0.135    -6.62     2.73    -6.32    13.80
   211    0.708    0.092      0.9656  0.140    41.85     3.83    43.37    60.26
  -211    0.021    0.202      0.1287  0.140    -2.98    14.52     0.56    27.00
   211    0.680   -0.321      0.4201  0.140     5.81    -5.41     1.49     4.20
  -211   -0.269   -0.285      0.1795  0.140   -10.87    -3.23     1.20    12.80
  -211   -0.078   -0.221      0.0116  0.140    -5.85    -5.48     9.65    17.20
   111    0.501    0.005      0.3961  0.135    41.89     3.82    43.33    60.26
  -321   -0.355    0.169     -0.4176  0.498    -5.48     2.23    -2.69     4.20
   211    0.188   -0.536     -0.3349  0.140     2.35    -8.59    -4.13     7.00
 -3122    1.188    0.657     -0.7460  1.116     8.32     0.32    -2.46     4.20
  -211   -0.126   -0.016      0.1293  0.140    -2.80     4.15    -4.43    11.20
   211    0.403    0.102      0.7285  0.140     3.83     4.99     1.96     4.60
   111   -0.134    0.194     -0.2260  0.135 -.98E+03 0.72E+05 -.44E+05 0.13E+06
   211    0.073   -0.339     -0.1659  0.140     5.40   -15.91    -1.09    17.60
   111   -0.007    0.015     -0.0171  0.135     1.13    -9.01    -5.59    13.40
   211    0.033   -0.416      0.1192  0.140    -2.32   -10.36     5.06    20.60
   111    0.042    0.116      0.0085  0.135 -.98E+03 0.72E+05 -.44E+05 0.13E+06
  -211   -0.303   -0.350     -0.2534  0.140    -4.69    -2.08    -1.99     4.20
   211    0.058    0.079     -0.2847  0.140    13.81    -6.37   -17.82    36.23
  -211    0.043    0.095      0.1841  0.140    -1.94     5.16     6.91     9.00
  2112    0.062   -1.225      1.8136  0.940     0.15    -6.82     3.77     4.80
   111   -0.366    0.032     -0.1565  0.135    -0.59    -0.65     0.25     5.80
  2112   -0.233   -0.802      4.6320  0.940     0.66    -2.64     6.87     7.60
   321   -0.262   -0.084      1.5170  0.498     1.90    -6.78     6.12     6.60
  3122    0.229   -0.240      0.1611  1.116     2.90    -5.10     1.94     4.20
   211   -0.108   -0.210     -0.3635  0.140    -3.28     2.00    -9.14    11.00
  -211   -0.890    0.305     -0.0296  0.140    -7.09     1.36    -0.35     4.20
   211   -0.164   -0.370     -0.0222  0.140     0.88    -5.90    -3.10     5.40
   111   -0.037    0.040      0.0583  0.135    13.73    -6.36   -17.58    36.23
   111   -0.486   -0.099     -0.9635  0.135    -6.09    -1.04    -9.43    10.00
  -211    0.173    0.304     -0.9085  0.140    -0.45     2.95   -23.35    24.80
   211   -0.100   -0.070      0.7318  0.140     0.38    -8.36    18.01    20.20
   211    0.074   -0.341     -0.0063  0.140    -3.16    -6.92    -2.56    10.80
   211    0.197   -0.431     -1.2978  0.140     1.30   -10.25   -13.06    14.80
  -211   -0.308    0.080      0.0791  0.140    -0.43     3.84     1.82     6.60
  -211   -0.172   -0.110      0.0608  0.140    -7.26    -5.31     3.78     9.80
   211    0.410    0.195      0.0764  0.140     6.86     4.58    -0.46     8.20
   111   -0.032    0.180     -0.1458  0.135 -.22E+05 0.55E+05 -.20E+05 0.91E+05
   111   -0.063    0.094     -0.1278  0.135 -.22E+05 0.55E+05 -.20E+05 0.91E+05
  -211   -0.019    0.021     -0.0796  0.140    35.09     2.84   -16.73    52.81
   211    0.084   -0.213     -0.1109  0.140     3.56    -2.84    -0.88     4.40
  3222   -0.248    0.552      1.1200  1.189    -3.19     6.71     3.32     4.40
   321   -0.640    0.044      1.2084  0.494    -2.93    -2.71     3.40     4.40
   111    0.728    0.103     -0.3269  0.135    35.29     2.84   -16.72    52.81
  -211   -0.113   -0.161     -0.4182  0.140    -4.02    -7.63    -7.25     9.60
   211    0.128    0.148      0.2851  0.140    11.27    -0.94    32.32    36.07
  -211   -0.059    0.140      0.7295  0.140     5.02     2.03     3.66     4.40
  -211   -0.259    0.131     -0.4144  0.140    -7.00     9.94   -10.06    19.80
  3122    0.402   -0.390      5.1120  1.116     2.47    -5.88     4.25     4.40
  -211    0.086   -0.090      0.4179  0.140     5.51     0.64     6.06    16.20
   111   -0.091   -0.062      0.1142  0.135    -1.63    -1.10     3.60     4.40
   211    0.064    0.141      1.5684  0.140    -0.98     0.22    26.33    27.60
  -211   -0.127    0.510      0.1080  0.140    -7.79     3.63    -4.24    10.60
  -211    0.189   -0.111      0.2344  0.140     3.77    -1.44    12.67    15.80
   111    0.008   -0.081     -0.0439  0.135     4.04    -0.97    -1.41     4.60
   111    0.246   -0.265      0.7930  0.135     0.34    -7.79    14.01    15.60
  -211   -0.134   -0.206      0.0117  0.140    -2.62     4.20     2.09     5.60
  -211    0.130   -0.005      0.6430  0.140     0.80     3.77    42.51    45.66
  -211   -0.034    0.168     -0.6838  0.140     1.56     0.13   -17.87    19.00
   111    0.101    0.275     -0.4342  0.135    -3.04     1.63    -3.22    10.40
   211   -0.107   -0.003      0.3486  0.140    -5.27     1.60    14.17    26.00
  -211    0.064    0.185     -0.4555  0.140     6.63     5.44   -15.59    16.40
   211    0.648    0.114      0.6785  0.140    10.15     3.20    11.33    19.20
   111    0.031   -0.055     -0.0250  0.135     5.52     0.61     5.84    16.20
   111   -0.250   -0.183      1.3429  0.135    -3.75    -2.66    10.39    15.40
   111    0.045    0.235      0.5326  0.135     0.77     3.85    42.49    45.66
   211    0.063    0.012     -0.0105  0.140   -11.79   -12.98   -14.80    25.00
   111   -0.520   -0.044      0.5739  0.135    -5.50     5.64     3.14     4.60
   111   -0.280   -0.280     -0.1418  0.135    -7.10    -6.14    -9.66    22.60
   321   -0.758    0.389      0.1729  0.494    -7.47     7.31     0.83     4.60
  -211   -0.131   -0.112      0.2504  0.140    -2.70    -3.89     7.81    12.00
   211    0.079   -0.127     -0.2112  0.140    -3.07    -3.46   -26.37    29.00
  -211   -0.610    0.812      0.6566  0.140    -6.46     1.27     1.61     5.80
  -211   -0.201   -0.123      0.0307  0.140    -3.40    -3.17     0.14     4.60
  2212    0.582    0.152      0.2491  0.938     7.12     3.48     2.35     8.40
  3122   -0.333   -0.461     -0.5593  1.116    -0.98    -2.34    -1.90     4.60
  -211   -0.019   -0.088      0.1579  0.140     2.22    -3.07     3.68     9.00
   211   -0.105    0.140     -0.6716  0.140     3.84     4.02   -13.58    14.20
   211    0.263    0.168     -0.2574  0.140     1.81    -5.91    -6.30     8.40
    22   -0.074    0.155     -0.0367  0.000 0.98E+04 -.12E+05 -.15E+04 0.35E+05
  -321   -0.134    0.195     -0.6139  0.498    -1.46    -1.49    -2.42     4.60
   111   -0.276   -0.185      0.9259  0.135    -2.88    -3.56     7.56     9.20
 -2212   -0.281   -0.555      0.1689  0.938    -5.40    -5.18     0.97     5.80
   111    0.272   -0.027     -0.5366  0.135     6.99    -4.52   -25.35    31.03
  -211   -0.057   -0.391     -0.6146  0.140    -4.36    -6.29    -3.80     4.60
   111    0.033   -0.028     -0.5346  0.135 -.12E+06 0.50E+04 -.12E+07 0.13E+07
   111   -0.190    0.109     -0.9441  0.135 -.12E+06 0.50E+04 -.12E+07 0.13E+07
  -211    0.595    0.606      0.6682  0.140     5.22     6.38     5.43     7.40
   211    0.116   -0.043      0.0694  0.140 0.34E+04 0.25E+04 0.48E+04 0.13E+05
   321   -0.247    0.189     -0.5869  0.494    -3.24     1.64    -3.19     4.60
  -211    0.128    0.008      0.2189  0.140    -1.26     3.93     4.75     8.40
  -211   -0.190    0.414      0.1605  0.140    -0.84     8.58     1.64     4.60
   111   -0.131   -0.086     -0.0285  0.135    -2.46   -10.26     4.98    20.60
  -211    0.032    0.098      0.0268  0.140     3.53     3.43    -1.20     4.60
  -211    0.635   -0.099     -0.5524  0.135     3.05     2.00    -2.29     4.80
   111   -0.082    0.132      0.0851  0.135 0.34E+04 0.25E+04 0.48E+04 0.13E+05
   211    0.181    0.211      0.0902  0.140     4.11    -3.66     1.78     4.80
   211   -0.159    0.078     -0.3383  0.140   -11.39     3.84    -9.90    15.60
   211   -0.443    0.579      0.4611  0.140    -8.79     6.39     1.43     6.00
   111    0.272   -0.320      0.4839  0.135     7.04    -4.45    19.68    22.60
  -211   -0.076    0.041     -0.0447  0.140    20.57    20.63     5.74    53.38
   111    0.238    0.099     -0.1389  0.135    20.81    20.64     5.70    53.38
  -211    0.062    0.007     -0.2368  0.140 0.10E+06 0.36E+05 -.11E+06 0.21E+06
   111    0.674   -0.101     -0.5271  0.135     9.47     7.19    -4.06    12.40
  -211   -0.474   -0.210      0.2226  0.140    -5.70    -1.90     1.29     4.80
  -211   -0.032    0.071     -0.2130  0.140    -0.08     6.53    -3.08    28.80
  -211   -0.151    0.152      0.2318  0.140     0.24     9.50     5.19    12.60
  -211    0.191   -0.059     -0.1488  0.140     5.35     0.41    -3.31    17.20
 -3222    0.433    0.428      0.2598  1.189     6.66     4.75     2.04     4.80
  3122   -0.018   -0.145      0.3830  1.116     0.15    -4.37     2.40     4.80
  -211    0.140    0.064      1.7110  0.140     0.11     4.58    20.96    21.40
   211    0.015   -0.360      0.1200  0.140    -8.29    -4.43     5.57     8.00
  2212    0.047    0.516      0.6797  0.938     3.03     9.09     4.70     9.00
  -211    0.129   -0.020     -0.2133  0.140     5.11    -9.45   -17.97    29.20
   211   -0.077   -0.043     -0.0415  0.140    -5.87     6.47     8.23    11.40
  -211   -0.128    0.287     -0.0535  0.140    -8.62     2.29     2.47    12.00
   321    0.139    0.097      1.1583  0.494     0.06     5.26     4.32     5.00
   111   -0.054    0.060     -2.1798  0.135     1.58     1.91   -15.63    16.00
   211    0.158   -0.025      0.0613  0.140     4.05     1.47    14.90    16.00
   111   -0.098    0.057      0.1467  0.135    -8.04    -7.99     5.94     9.80
   111    0.170    0.135     -0.0147  0.135 0.10E+06 0.36E+05 -.11E+06 0.21E+06
   111    0.016    0.117      0.2950  0.135    -3.81     7.63     9.23    12.00
  -211    0.292   -0.510      0.0642  0.140     0.68    -7.70     1.72     8.80
   211   -0.858   -0.193      2.1642  0.140    -4.88    -0.31     4.39     4.80
  -211    0.045   -0.058     -0.0192  0.140   -35.36    20.17     3.58    60.07
   111   -0.374    0.015      0.1404  0.135   -35.60    20.25     3.67    60.07
   111    0.050   -0.403      0.3045  0.135 -.90E+04 -.16E+06 0.16E+06 0.27E+06
  -211    0.098    0.070     -0.2493  0.140     4.65    -0.03    -2.44    10.40
   111   -0.076   -0.188      0.2227  0.135 -.90E+04 -.16E+06 0.16E+06 0.27E+06
  -211   -0.014   -0.144     -0.1489  0.140    -2.54    -5.29    -9.27    14.80
  3112   -0.739   -0.832      1.0818  1.197    -4.82    -2.22     3.02     4.80
  -211    0.039    0.117     -0.2014  0.140     1.99     5.86    -4.67    14.80
   211   -0.017    0.432      0.1592  0.140     2.47     7.49     6.57    13.20
  -211    0.018    0.069     -0.0562  0.140     1.02     5.66     2.29     6.60
  -211   -0.041   -0.009      0.2485  0.140    -3.22   -11.32    13.95    18.20
   111   -0.175    0.352      0.5782  0.135     1.27     9.13    14.98    17.40
  -211    0.469    0.563      1.9970  0.140     5.74     4.55     4.44     4.80
  -211    0.036   -0.058      0.0103  0.140 -.12E+06 0.11E+04 -.18E+06 0.31E+06
   111   -0.335    0.703      2.3461  0.135    -6.64     6.73    14.91    16.40
   211    0.271   -0.494     -0.3373  0.140    -0.23    -6.23    -3.67     5.00
   211   -0.076   -0.369     -0.5883  0.140    -2.76    -5.43    -2.60     5.00
  -321    0.235    0.201     -0.7432  0.498    -0.05     2.66    -2.85     5.00
   111    0.104   -0.149     -0.1166  0.135    -0.08    -3.70     3.47     7.60
   211    0.255   -0.574      1.1227  0.140     4.38    -5.88     4.33     5.00
   211   -0.182    0.083     -0.0104  0.140    -4.67     4.70     3.51     8.20
   211   -0.210    0.009     -0.2032  0.140 -.12E+06 0.11E+04 -.18E+06 0.31E+06
   111   -0.130    0.023      0.0496  0.135     1.75     6.85     5.17    15.80
   211   -0.060    0.075     -0.2774  0.140     3.49    -5.67    -9.55    12.60
   211   -0.246    0.175      0.4387  0.140    -5.28     3.82     8.58    15.40
   111   -0.066   -0.067      0.2357  0.135   -12.84     3.76    20.58    27.20
   211   -0.585    0.354     -0.1325  0.140   -40.03    22.92     0.25    60.38
   111    0.310    0.160      0.6858  0.135     4.47    -0.74    12.06    14.00
  -321    0.123    0.365     -0.4548  0.498     0.58     4.20    -3.24     5.00
  -211   -0.262   -0.005      0.0956  0.140    -3.93    -0.21     6.42    10.40
  -211   -0.043    0.249      0.1786  0.140     7.61     5.54     4.02     6.00
   111   -0.131    0.050      0.0267  0.135    -3.26     0.95     5.40    12.40
   111    0.163   -0.019     -1.3994  0.135     3.38    -3.23   -16.13    17.00
   111   -0.051    0.112      0.0823  0.135   -39.92    22.93     0.37    60.38
  2112    0.200   -0.227     -0.2362  0.940     7.51    -5.10     0.00     9.60
   111    0.220   -0.034      0.4682  0.135     6.46    -2.74     4.98     6.20
   111   -0.334   -0.316      0.0525  0.135    -2.84    -0.68     5.03    10.40
  -211    0.049   -0.438     -0.1190  0.140    -1.12    -5.79     0.14     6.80
   211   -0.114   -0.180     -0.0099  0.140    -2.24    -4.01     3.49     8.40
   211    0.651    0.419      0.1825  0.140    10.93     4.64     1.32     5.00
   211    0.064    0.099     -0.3267  0.140     2.67     6.28    -4.39     5.00
  2112    0.682   -0.253     -0.0069  0.940     4.63    -2.36    -0.48     5.00
  -211    0.128    0.111      2.5441  0.140     0.57     5.42    27.46    28.40
   111   -0.019    0.170      0.4280  0.135    -5.76    -3.29     4.55    18.20
  -211    0.143    0.116      0.0408  0.140     8.97     2.68     5.74    10.40
   211    0.239    0.016      0.5359  0.140    10.81    -1.22    11.88    17.00
  -211   -0.049    0.213      0.1409  0.140    -1.92     1.98    19.09    20.20
   130   -0.283   -0.093      1.2093  0.498  -103.95   -15.84   314.99   361.48
   111   -0.163   -0.821     -0.8361  0.135    -1.45    -6.18   -12.69    16.20
  -211   -0.140    0.232     -0.2131  0.140    -3.54     2.02    -2.26     5.20
  2112   -0.652    0.016     -0.2348  0.940    -7.03    -1.10    -1.41     5.20
   111    0.469   -0.387      1.0213  0.135     2.06    -2.01    20.90    22.00
  2212   -0.639    0.333      0.0510  0.938    -2.82     7.78     0.34     5.20
  -321   -0.420    0.392     -0.1111  0.494    -4.90     6.06    -0.51     5.20
  -211    0.118    0.081     -0.2178  0.140     1.45    -3.11    -8.82    12.80
   111   -0.206   -0.027      0.0513  0.135    -3.21     6.81     5.02    10.00
   111   -0.023   -0.066     -0.1782  0.135    -2.30     0.64   -21.30    23.40
   111   -0.029    0.474     -0.3017  0.135    -3.14     6.23    -2.93     5.20
   111   -0.139   -0.005     -0.0540  0.135    -9.07     6.98    -1.63    10.40
  -211    0.484   -0.111      0.1883  0.140     9.73     4.15    -1.21     6.00
  2112   -0.243    0.558      0.1939  0.940    -0.99     7.97     1.44     5.20
  -211    0.129    0.243     -0.2237  0.140    -0.45     4.64    -2.70     5.20
   111   -0.021   -0.101     -0.0454  0.135     0.76     5.48     6.36     8.80
   111    0.119    0.378     -0.2741  0.135     0.35     5.26     8.11    21.60
  -211   -0.406    0.582     -0.3894  0.140    -5.83     3.66    -1.89     5.20
   211    0.209    0.104     -0.1897  0.140     3.34     3.88    -1.54     5.20
   211   -0.183   -0.112     -0.0679  0.140    -4.64    -0.40    -3.52     5.80
   111    0.026    0.145      0.8179  0.135     3.91     2.56    13.75    14.20
  -211    0.347   -0.209      0.0993  0.140     5.93    -6.55     2.19     7.60
   211    0.094   -0.123     -0.0750  0.140     7.53     1.43    -0.37     5.20
  -211   -0.036   -0.016     -0.0055  0.140   -14.29    -2.57    14.16    21.20
  -211   -0.133    0.118     -0.1210  0.140    -1.42     4.16    -4.23    13.40
   211   -0.122    0.351      0.5923  0.140    -4.06     6.55     8.99    11.20
  -211    0.221   -0.063     -0.0597  0.140     8.10    -5.38     0.11    20.20
   211   -0.193    0.340     -0.0507  0.140     6.15    30.05     0.14    35.05
   111    0.731    0.245     -2.4722  0.135    10.70    -1.93   -20.80    24.40
   111   -0.105   -0.096     -0.4792  0.135     0.68     2.81   -17.53    19.20
   111    0.064   -0.312      1.1262  0.135     4.07    -3.09    19.32    20.40
   111   -0.109    0.370     -0.1609  0.135   -10.46     7.99    -6.20    25.20
   211    0.074   -0.030     -0.2194  0.140     1.60     2.83     2.57     7.60
   111    0.289    0.351      0.1330  0.135     6.36    30.03     0.22    35.05
   211   -0.583   -0.204      0.3641  0.140    -7.49     0.01     2.18     5.40
   111    0.902    0.256     -0.3442  0.135     5.41    -0.59    -0.19     7.20
  -211    0.259    0.000     -0.4106  0.140    -0.87    -0.21   -10.12    13.60
  -211    0.013   -0.007      0.0818  0.140    -0.18     8.18    -0.68    14.00
   111   -0.043   -0.031     -0.0086  0.135    -6.20     0.82     7.38    21.40
  -211    0.491    0.016      0.8742  0.140     4.16     0.09     3.70     5.40
   211    0.322    0.069     -0.3433  0.140     9.81     4.59    -6.21    15.00
  -321    0.527   -0.279      1.0386  0.494     4.20    -3.26     4.36     5.40
   111    0.253   -0.023     -3.1862  0.135    -1.50     4.55   -11.30    11.40
   211   -0.287    0.208     -1.6419  0.140    -5.72     1.54    -5.10     5.60
  -211   -0.124   -0.109     -0.2510  0.140    -6.51    -1.40    -0.99     7.20
  -211   -0.041   -0.146      0.0061  0.140    13.56   -19.21    15.50    33.59
  -211    0.324    0.026      0.2696  0.140     4.13     6.24     1.32     6.20
   111   -0.266    0.247     -1.7932  0.135    -1.47    -2.86   -27.97    29.00
  -211   -0.070    0.305      0.1141  0.140     1.91     7.22    -3.02     7.80
  -211    0.470    0.463      1.1212  0.140     6.55     6.62     7.07     8.60
   111    0.154    0.094     -0.4045  0.135    -2.76    -0.94   -12.79    13.80
   111    0.084   -0.019      0.2308  0.135     6.65     0.02     4.44    14.20
   111    0.156    0.042      0.2830  0.135    13.69   -19.04    15.66    33.59
  -211    1.265    0.406     -0.5775  0.140     8.07    -0.06    -1.56     5.40
   111   -0.332   -0.305      0.7794  0.135     4.21    -3.65    15.18    18.00
  -211   -0.106    0.233     -0.0127  0.140    -4.46    10.61     5.93    11.20
  -211   -0.003   -0.226      0.2242  0.140     6.75    -8.84    11.87    16.00
   211   -0.190    0.106      0.2291  0.140    -8.54    -2.52    11.22    19.80
  2112   -0.383    0.833      2.3341  0.940    -3.08     5.45     6.43     7.40
   211    0.039   -0.031     -0.3917  0.140     4.54    -3.68   -10.42    15.00
   211   -0.003    0.161      0.3687  0.140    -1.14     7.44     3.76     5.60
   111   -0.334    0.144     -0.1244  0.135    -7.15     5.54    -1.81     5.40
  -211   -0.216    0.280      0.6224  0.140     1.67     8.62    14.08    15.20
  3112   -0.034    0.347     -0.3803  1.197    -2.02     0.70    -2.85     5.40
   111    0.194   -0.243     -0.1657  0.135     5.58    -9.71   -17.36    29.20
   211   -0.425    0.200     -0.3365  0.140    -6.62     1.52    -4.81     5.60
    22   -0.139   -0.076     -0.2073  0.000 -.11E+05 0.26E+05 -.36E+05 0.51E+05
   111   -0.127   -0.027     -0.3628  0.135    -4.20    -1.28    -9.30    11.00
   211   -0.259   -0.097     -0.4204  0.140    -0.99     2.12    -4.11     5.60
   211   -0.154   -0.335      0.2115  0.140    -3.40    -5.75    -2.12     5.60
   211   -0.359    0.023      0.1636  0.140    -0.94     3.22    -0.48     8.80
   111   -0.304   -0.003      0.2736  0.135 -.73E+06 0.38E+06 0.73E+06 0.12E+07
   111   -0.162    0.100      0.2407  0.135 -.73E+06 0.38E+06 0.73E+06 0.12E+07
   211   -0.050   -0.024      0.2374  0.140   -17.67   -15.98    31.68    56.51
   111   -0.146    0.062      0.3460  0.135   -17.71   -15.93    31.68    56.51
   111   -0.001   -0.028      0.4966  0.135     0.33    -4.43     4.93     5.60
  -211   -0.191    0.148      0.0835  0.140    -3.31     0.22     5.50    13.80
   111    0.095   -0.358     -1.2583  0.135    -4.25    -6.10    -8.34     8.80
   211   -0.004    0.025     -0.0775  0.140    -3.61    -6.91   -11.20    13.80
  -211    0.313   -0.064      0.9291  0.140     7.44     2.93     6.06     7.20
  -211   -0.078    0.045      0.4818  0.140    -0.82     2.06     5.25     5.60
   211    0.202   -0.095     -0.6449  0.140     9.79    -0.19    -5.19     5.60
   111   -0.183   -0.032      0.2039  0.135    -4.65     4.57     3.56     8.20
   211    0.002    0.305     -0.0140  0.140     0.96     8.02     5.58    14.80
  -211   -0.105   -0.099     -0.1307  0.140 -.23E+06 -.31E+06 -.13E+06 0.46E+06
   211   -0.509   -0.667     -0.1513  0.140 -.23E+06 -.31E+06 -.13E+06 0.46E+06
  -211   -0.069   -0.103     -0.0040  0.140    -9.64    -5.15   -10.40    14.80
  -211    0.148    0.765      0.6632  0.140    -0.53    10.52     3.60     5.60
   211    0.630    0.014     -0.9640  0.135     6.24    -1.44    -5.37     6.40
   211    0.177    0.079      0.4467  0.140     6.06     3.43     3.84     5.60
  -211   -0.111   -0.250     -0.1472  0.140     2.67    -2.22     0.36    10.60
  -321   -0.146   -0.175      0.3530  0.494    -0.70    -3.46     3.31     5.60
  2212   -0.517    0.441     -0.3024  0.938    -1.10     4.98    -1.84     5.60
  -211   -0.240   -0.346      0.2062  0.140    -9.38    -0.12     1.57     9.00
  3112   -0.886    0.332     -2.3289  1.197    -5.41     0.54    -4.82     5.60
   211    0.058    0.103      0.5052  0.140     2.06     8.19     4.96     6.00
  -211   -0.002    0.068      0.1456  0.140 -.16E+06 -.31E+05 0.35E+06 0.45E+06
   111   -0.021    0.057      2.4165  0.135     4.97     2.71    21.73    22.00
   111   -0.068    0.061      0.2297  0.135     1.32     2.41    11.63    17.20
   111    0.165    0.111     -0.1615  0.135    -1.22     0.12   -13.01    18.60
   111    0.065    0.066      0.1508  0.135     3.67     0.74     7.44     9.60
   211   -0.176   -0.137      0.5545  0.140 -.16E+06 -.31E+05 0.35E+06 0.45E+06
  3122    0.583   -0.213      0.0450  1.116     3.03    -3.29     1.84     5.60
  -211   -0.397   -0.057      0.1653  0.140    -6.82    -0.68    13.98    19.20
   211    0.027    0.015      0.1106  0.140     4.41     3.89     2.14     6.00
  2112   -0.159    0.558      8.8962  0.940     6.55     2.93     5.63     5.80
   211    0.196   -0.205      0.0657  0.140     7.83   -14.12    -1.67    22.20
   211   -0.033    0.232     -0.3470  0.140    -3.23     1.33    -2.61     5.80
   111    0.032    0.406      0.0849  0.135     1.87     8.10     2.55     6.20
    22    0.007    0.152     -0.0360  0.000  1035.59 -1788.48 -2150.27  4352.52
  -211    0.071   -0.116      0.3111  0.140    -7.18    -4.64    10.20    67.86
   111    0.161    0.120     -0.0263  0.135     9.71     6.93    -4.43     8.20
   211    0.232   -0.103      0.2631  0.140     3.68    -4.21     9.17    18.40
   211    0.032    0.191      0.0340  0.140     1.78     2.34     1.34     5.80
   211    0.551    0.546     -0.0915  0.140     7.20     8.71    -2.35     9.20
   211   -0.041    0.058     -0.3054  0.140    -3.09     3.01    -4.64     5.80
   111    0.106    0.356      0.0536  0.135     0.84     7.60     1.68     5.80
  -211   -0.169   -0.070     -0.1222  0.140    -7.14    -3.68    -3.33     5.80
  -211    0.117    0.100     -0.1658  0.140     0.78     7.82    -2.05     5.80
  -211   -0.177   -0.007      0.1408  0.140   -15.59     9.90    13.96    23.20
   111    0.284    0.081      0.1264  0.135     3.36     5.52     0.37    20.00
    22   -0.153    0.016      1.2303  0.000    -2.17    -0.64     5.75     5.80
   111    0.446    0.253      0.0182  0.135    10.17     6.83    -3.10    12.40
   321   -0.150   -0.222      1.6322  0.494     0.16    -5.22     5.36     5.80
   211   -0.098    0.438     -0.3647  0.140     1.35     0.67    -2.90     5.80
   111   -0.358   -0.398     -1.5254  0.138    -6.85    -1.74    -6.49     7.80
   211   -0.056   -0.027      0.0180  0.140    -6.28     2.40     2.13     9.40
  3222   -0.243    0.469      0.6883  1.189    -1.97     3.84     3.53     5.80
   111   -0.102    0.016     -0.2226  0.135    -7.29    -4.57     9.88    67.86
   111   -0.209   -0.375     -0.6480  0.135   -11.92   -13.09   -14.95    25.00
   111    0.266    0.335     -0.5080  0.135     7.72     3.81   -14.60    18.80
  2212    0.239    0.716      4.0042  0.938     8.22     1.63     5.49     5.80
   111    0.487   -0.290      0.0026  0.135     7.88   -14.09    -1.71    22.20
   211   -0.533    0.423      0.1119  0.140    -7.73     5.08     0.70     5.80
   111   -0.138    0.152     -0.1197  0.135 -.79E+04 0.98E+05 -.30E+05 0.17E+06
   211    0.550    0.055     -1.2401  0.140     6.20    -0.43   -19.22    20.40
  -211    0.231   -0.016     -0.1090  0.140     7.44     4.91    -2.80     5.80
  -211    0.028   -0.082     -0.5377  0.140     1.67    -6.36    -5.19     7.80
   211    0.388    0.347      0.1776  0.140     4.97     2.45     3.61     5.80
   211    0.066    0.193      1.0194  0.140     3.28     4.78     7.11     7.60
   111    0.028   -0.109     -0.3054  0.135     0.75    -7.40   -11.68    13.80
   111   -0.115   -0.053     -0.3137  0.135    -7.15    -5.42    -9.96    22.60
  -211   -0.035   -0.104     -0.0861  0.140     4.88     0.85    -3.82    10.40
  2112    0.756   -0.446     -1.0098  0.940     7.42    -3.84    -4.80     9.00
   111    0.112    0.204     -0.0244  0.135 -.79E+04 0.98E+05 -.30E+05 0.17E+06
   211    0.171    0.004     -0.0956  0.140    -0.67    59.06   -80.61   132.57
  -211    0.168   -0.406     -0.0352  0.140     0.38    -7.21    -1.99     6.80
   111   -0.046    0.076     -0.0528  0.135     5.83     4.58     1.84     7.20
  -211    0.055    0.187      0.3279  0.140     2.71    11.08     4.93    11.80
   211    0.124    0.232     -0.1060  0.140     3.23     5.64    -3.98     6.20
   111    0.047   -0.071     -0.1365  0.135     4.17    -3.78   -10.33    15.00
  -211    0.006   -0.013      0.0725  0.140     3.80    -0.10     1.89    10.00
  2112   -0.730   -0.404      1.1322  0.940    -5.54    -3.43     6.10     9.80
  -211   -0.729    0.474     -0.9847  0.140    -5.21     5.01    -5.11     8.00
   111   -0.018    0.387     -0.5445  0.135    -0.81    59.17   -80.69   132.57
  -211    0.050    0.253      0.2431  0.140    -9.89     1.04     9.90    21.80
   321    0.044   -0.032     -0.3640  0.494    -2.36     3.04    -4.13     6.00
  -211    0.091   -0.038      0.4637  0.140     3.58    -5.04     5.63     6.00
   211    0.104   -0.138     -0.0533  0.140     6.91     0.89    -1.33    13.60
  -211    0.044   -0.047      0.2979  0.140    -7.08    -4.63     4.29     9.80
    22   -0.113    0.042     -0.1029  0.000 0.56E+05 -.49E+05 -.11E+06 0.15E+06
  2212   -0.777    0.306      0.0532  0.938   -10.48     3.71    -1.72    12.00
    22   -0.401    0.252     -1.1056  0.000 -.14E+06 0.84E+05 -.31E+06 0.38E+06
  2212    0.961    0.555     -0.3485  0.938    10.53     6.30    -1.77    10.20
  -211    0.168    0.240      0.7648  0.140     0.61    10.17    17.82    21.60
   211    0.063   -0.046     -0.4276  0.140    -1.52    -4.91    -5.87    10.20
   211    0.192    0.074     -0.1312  0.140     1.75     6.18    -4.04    10.40
   211    0.211   -0.304     -0.1518  0.140     2.91    -8.29    -0.25    10.20
   111   -0.113   -0.003      0.2169  0.135     7.59    -0.02    11.99    15.60
  -211    0.106   -0.087     -0.0717  0.140    53.47    31.66    -7.24    71.46
   211   -0.017    0.117      0.0028  0.140     0.84    11.26     5.80     9.80
  2112    0.106   -1.134     -0.3118  0.939     1.62   -11.28    -3.09    11.00
  -211   -0.034   -0.145     -1.4144  0.140     1.34    -2.43   -16.72    17.20
   211   -0.273   -0.062     -0.1716  0.140    -2.47    -3.78    -0.76     8.20
   211   -0.156    0.031      0.0585  0.140    -3.65     1.19     3.32     7.80
   321   -0.016   -0.389     -0.0035  0.498    -0.48    -8.37    -2.01     8.80
   211   -0.121   -0.268      0.2100  0.140     3.04    -4.62     2.91     6.20
   211   -0.015    0.013     -0.1673  0.140     2.08    -0.72    -3.80    10.80
  -211   -0.061   -0.279     -0.2266  0.140    -5.77    -9.14   -19.56    25.20
   321   -1.131    0.241      0.6188  0.494    -7.95     2.73     2.63     6.00
   211    0.470    0.381      0.7643  0.140     7.37     3.33     5.29     6.40
  -211    0.192    0.017     -4.4056  0.140     2.29     5.14   -10.76    11.20
   111    0.492    0.216     -0.1001  0.135    53.54    31.82    -7.21    71.46
   211    0.027   -0.043      0.3201  0.140     8.11     0.05    12.77    16.60
   211    0.331   -0.087     -0.1952  0.140     9.45    -2.28    -8.51    12.20
   111    0.043   -0.215      0.1127  0.135     3.85    -3.62     2.40    14.60
  -211    0.199   -0.007     -0.6624  0.140     1.83    -4.88    -4.48     6.20
   321   -0.322    0.556      1.4569  0.498     4.48     5.13     9.00    10.20
  2112   -0.318    0.002     -2.4164  0.939    -8.21     3.33   -10.33    11.20
   111    0.165    0.034     -0.7614  0.135    -3.45     4.60   -29.26    29.60
   211   -1.053   -0.536     -0.6497  0.140    -7.32    -3.88    -2.74     6.20
  -211   -0.015   -0.183     -0.0122  0.140     5.08    -9.14    -5.14    11.20
  -321   -0.062   -0.197      0.1635  0.494    -2.88    -5.06     0.15     6.20
  -211    0.086   -0.075      0.1281  0.140    -6.08     4.17    11.10    19.80
   111   -0.123   -0.008     -0.2406  0.135 -.47E+05 -.18E+05 -.44E+05 0.11E+06
  -211    0.361   -0.417     -2.0459  0.140     3.56    -5.93    -9.27     9.80
   111    0.091   -0.064      0.3305  0.135     3.48    -1.76    12.95    15.80
   111   -0.122   -0.108     -0.0670  0.135 -.47E+05 -.18E+05 -.44E+05 0.11E+06
   211   -0.296   -0.178      0.1147  0.140    -7.97     1.07     4.63     7.20
   211   -0.470    0.098      0.3182  0.140    -7.77     1.85     4.93     7.20
  -211    0.030    0.199      0.0132  0.140    -3.45     4.59    -0.65    13.80
   211   -0.462   -0.381     -0.2631  0.140   -23.70   -11.97    -4.01    32.97
   111   -0.092   -0.004     -0.0791  0.135   -23.67   -11.86    -4.02    32.97
   321   -0.703   -0.149      0.1913  0.498    -6.15    -2.07     1.03     6.20
   111    0.068   -0.100      0.1057  0.135 -.84E+04 -.20E+05 0.44E+05 0.72E+05
   321    0.557    0.454     -0.9465  0.494     3.47     3.87    -4.36     6.20
   211    0.056   -0.540     -0.0959  0.140     1.35   -13.50    -5.18    19.20
   111    0.223    0.012     -0.4344  0.135     4.81    -2.60    -4.82     6.20
   211    0.370    0.038     -0.8420  0.140     8.85    -2.45    -8.92    12.20
   111   -0.025   -0.263     -1.9915  0.135    -3.69     2.66   -28.55    29.80
   111   -0.050    0.030     -0.0240  0.135   -12.17    -2.41    -1.33    16.00
  2112   -0.649   -0.125      0.1252  0.940    -3.36     2.40     0.77     7.80
  -211   -0.360    0.252     -0.5281  0.140    -5.05     4.37    -4.54     6.20
  -211   -0.072    0.157      0.7442  0.140    -3.46     5.96    11.69    13.60
   111   -0.082   -0.043      0.1278  0.135     0.71     2.10    10.44    15.40
   211   -0.322   -0.092     -0.5986  0.140    -7.86    -0.93    -7.56    10.20
   111    0.400    0.222      2.2996  0.135     5.55     2.08    25.79    27.00
   111   -0.043    0.122     -0.0367  0.135    -2.47     5.29    -8.73    12.80
   111   -0.070   -0.102      0.0378  0.135 -.84E+04 -.20E+05 0.44E+05 0.72E+05
   111   -0.093    0.120     -0.2525  0.135   -11.71     3.69   -10.68    16.20
   211    0.114   -0.345      0.1612  0.140     7.19   -10.57     2.50    12.00
  -211    0.271   -0.175      0.3972  0.140     6.62    -2.86    -0.08     7.20
   211    0.015   -0.082      0.0449  0.140     5.16     6.19    22.96    24.60
   111    0.214   -0.183      0.8019  0.135     0.51    -5.89     5.75     6.40
  3122    0.289    0.747      2.2402  1.116     4.88     5.63     9.09    10.20
   111   -0.099    0.137     -0.8043  0.135 -.46E+05 0.82E+05 -.29E+06 0.32E+06
  -211   -0.046   -0.140     -0.0828  0.140     0.46    -1.91    -7.19    12.40
  -211   -0.116    0.608     -1.1450  0.140    -0.78     8.60    -7.03     8.00
   211   -0.613    0.563     -0.7953  0.140    -3.79     2.10    -4.93     6.40
   211    0.080   -0.004      0.0985  0.140     2.57     2.30     2.76    14.80
  -211    0.501   -0.182     -0.4418  0.140     2.54     0.17    -3.68     9.60
   321   -0.120   -0.117      0.6567  0.494     0.18    -4.24     4.63     6.60
   211    0.162    0.665     -0.3460  0.140     1.73     8.21    -4.21     7.20
   111   -0.046    0.338     -0.8586  0.135 -.46E+05 0.82E+05 -.29E+06 0.32E+06
  -211   -0.536   -0.688     -3.6434  0.140    -7.36    -4.72    -7.64     8.00
  -211    0.510    0.536      1.0565  0.140     8.10     3.63     5.21     6.40
   111   -0.452    0.327     -0.5329  0.135    -5.92     3.54    -4.31     6.40
  -321   -0.183   -0.060      2.8954  0.494     0.95    -6.40     6.30     6.40
   211    0.354    0.163     -0.1809  0.140    11.23     5.26   -16.78    26.00
   211    0.010   -0.348     -0.7415  0.140     7.59    -5.48    -8.10    10.80
   211    0.057    0.020     -0.5580  0.140    -1.86    -3.16    -5.17     6.40
   211    0.357    0.234     -0.5264  0.140 0.33E+06 0.26E+06 -.44E+06 0.64E+06
   211    0.272    0.278      0.2431  0.140    10.65     5.33     9.02    18.60
  3122   -0.321    0.110      0.0376  1.116    -1.08     2.60    -0.04     6.40
   111    0.062   -0.172     -0.3460  0.135     1.13    -9.60    -5.81    13.40
  2212    0.628    0.129     -2.0417  0.938     2.10     5.26    -5.90     6.40
   111    0.260    0.122     -0.1532  0.135 0.33E+06 0.26E+06 -.44E+06 0.64E+06
   111    0.003    0.007     -0.1703  0.135    -0.53     4.45    -5.94    15.60
   321    0.570    0.083     -0.1383  0.494    17.94    -0.47     1.59    18.20
   111    0.008    0.054     -0.1586  0.135    -6.30     2.33   -23.35    25.20
   321   -0.060   -0.536     -0.0201  0.494     0.46     1.88    -1.09     8.80
   111    0.301    0.173     -0.8126  0.135     6.22     4.75    -8.20    10.80
   211   -0.034   -0.264     -0.9054  0.140 0.63E+03 -.29E+06 -.14E+07 0.15E+07
  2212    0.180   -0.204      3.9754  0.938     2.37    -4.46     6.24     6.40
   111   -0.101    0.194     -0.9794  0.135    -6.18     5.24   -19.31    20.40
   111   -0.030   -0.064     -0.9011  0.135 0.63E+03 -.29E+06 -.14E+07 0.15E+07
   111   -0.138    0.117      0.0557  0.135    -2.91     7.36     4.48     8.40
   111   -0.043   -0.201     -0.0931  0.135    -1.03    -5.90    -3.46     9.80
   111    0.378    0.236     -0.4948  0.135     6.26    -2.78    -3.84     6.40
  2112    0.498    0.063     -0.1619  0.940    10.09    -0.23     0.29    12.20
   211   -0.103    0.420     -0.7908  0.140    -0.74     3.70    -3.74     6.40
   211   -0.399   -0.492      0.3955  0.140    -2.03    -4.71     3.27     8.40
   211    0.273    0.172     -0.0730  0.140     7.89     8.38    -0.25    12.60
  2212    0.728   -0.507     -0.7903  0.938     7.00    -4.18    -5.39    10.00
  -211    0.035   -0.170      1.1109  0.140     2.64     4.11    13.97    14.60
   211   -0.019    0.184     -0.0794  0.140 0.58E+04 0.16E+05 -.90E+04 0.24E+05
   211    0.075   -0.040      0.0669  0.140    -1.13    -2.69    -0.95    17.20
   211    0.460    0.110     -0.1495  0.140     4.13     3.91     0.50     7.80
   111    0.145    0.102     -0.3708  0.135    -0.64     6.12   -14.68    15.40
  2212   -0.239    0.305      1.2970  0.938     2.71    -2.32     8.68    12.00
  2112    0.290    0.792     -1.1266  0.940     1.17     6.53    -4.54     6.80
   111    0.152   -0.109      0.3799  0.135     1.84    -6.61    13.52    22.40
  -211   -0.091    0.076      0.7525  0.140    -3.49     7.65     9.38    12.00
   111    0.153   -0.029     -0.6233  0.135     4.03     1.23    -6.07     6.60
   211    0.002    0.098      0.2148  0.140    -4.78    10.00     6.71    25.20
   111    0.051    0.310     -0.0673  0.135 0.58E+04 0.16E+05 -.90E+04 0.24E+05
   111   -0.039   -0.336     -0.4658  0.135    12.62    -4.05   -25.02    31.55
   111    0.090   -0.225     -0.0770  0.135    -0.45   -11.60     8.41    23.80
   211   -0.390   -0.301      0.1647  0.140    -7.04    -7.16    -0.68    11.40
  -211   -0.111   -0.956      0.1242  0.140    -3.98    -8.54     0.40     6.60
   111    0.094    0.042      0.1181  0.135     1.76     7.06     6.10    15.80
  2212   -0.600    0.552     -0.3536  0.938    -7.19     2.79    -2.98     6.60
   111    0.178    0.187      0.0340  0.135    11.02     4.82     8.89    18.60
  -321   -0.371    0.193      0.1621  0.494    -4.74    -0.84     0.55     6.60
  2212   -0.961    0.269     -0.2866  0.938   -12.49     3.67    -3.20    12.20
   321    0.053   -0.237     -0.7454  0.498     2.25    -2.82    -4.18     6.60
   321   -0.182   -0.122      0.1743  0.494    -0.87    -4.36     2.69     6.60
  -211    0.156   -0.516     -0.6005  0.140     0.75    -6.63    -7.67    11.80
    22    0.422    0.145      1.3260  0.000 0.18E+06 0.11E+06 0.40E+06 0.46E+06
   111   -0.012    0.028      0.0961  0.135 0.19E+05 -.30E+04 0.32E+05 0.10E+06
   211    0.363    0.354      0.3225  0.140     4.78    -3.82     3.75     7.80
   111    0.086   -0.259      0.8504  0.135     2.74    -6.20     6.40     6.80
  2112   -0.273   -0.204     -7.3117  0.940    -4.20    -5.47    -7.48     7.60
   211    0.056   -0.030      0.4220  0.140     0.17    -0.98    27.08    29.80
   111    0.046   -0.001      0.3517  0.135    -2.07     6.57     9.72    10.80
   111    0.023    0.038      0.2517  0.135    -0.89    -2.94    12.63    16.00
   111   -0.343   -0.020     -0.1817  0.135    -3.75    -1.08    -9.44    17.20
   111    0.104   -0.158      0.0628  0.135 0.19E+05 -.30E+04 0.32E+05 0.10E+06
  3222   -0.440   -0.407     -0.6135  1.189    -3.20    -5.33    -4.53     6.80
  3122    0.162    1.326      1.6406  1.116    -0.33     5.38     4.89     6.80
   111    0.192   -0.052      0.1814  0.135     7.40     1.96     3.71     7.80
   111    0.345    0.060     -0.1959  0.135     4.72    -0.34    -2.65     6.80
  -211    0.554    0.098      5.1500  0.135     4.10     4.53    15.13    15.80
  2112    0.016    0.320      0.2992  0.940     7.57     3.25     3.81    10.40
   211    0.032   -0.120     -0.0118  0.140     4.96    -5.56    -8.50    13.00
   111   -0.077   -0.024      0.3240  0.135    -4.56    -4.69    15.26    19.20
   111   -0.041   -0.048      0.1260  0.135    -5.94     0.72     7.25    21.40
   321    0.277    0.290     -1.7609  0.498    -0.29     3.16    -8.67    10.60
   111   -0.042   -0.137      0.0805  0.135     2.73     1.82     6.48    13.40
   111   -0.196   -0.214     -0.4283  0.135    -4.03    -7.42   -13.65    16.40
   111   -0.266    0.141      0.0019  0.135    -9.30     8.14    -2.98    12.60
   211   -0.067    0.365      0.3196  0.140    -3.78     7.18     8.50    11.60
   211   -0.098    0.148      0.2246  0.140    -6.84     1.91     8.91    13.20
   111   -0.307   -0.222     -0.1306  0.135    -3.76    -2.02    -2.93     6.80
   321    0.237   -0.526     -0.1282  0.498     2.34    -3.24     0.11     6.80
   111   -0.323   -0.083      0.4545  0.135    -1.62     2.61     8.95    12.80
  2112    0.057   -0.221     -0.1515  0.940     2.90    -3.99    -1.65     6.80
  -211    0.485    0.516     -2.1530  0.140     3.03     6.41    -6.40     6.80
    22    0.359   -0.211     -0.2161  0.000 0.39E+05 0.41E+03 -.81E+04 0.58E+05
  -211   -0.030   -0.114     -0.0953  0.140    -4.65    -2.40   -13.80    16.20
   211   -0.066   -0.083     -0.2087  0.140 -.32E+05 -.53E+05 -.60E+05 0.11E+06
   211    0.034    0.145     -0.2534  0.140    -1.55     4.41    -1.41     9.80
  -211   -0.166   -0.029     -0.0759  0.140 -.32E+05 -.53E+05 -.60E+05 0.11E+06
   211   -0.141    0.000      1.9549  0.140    -4.91     1.99    12.41    13.00
  2112   -0.849    0.394     -0.5408  0.940   -11.74     4.09    -3.73    12.20
   321   -0.427   -0.095     -0.2672  0.494    -6.05    -1.08    -3.41     7.00
   211    0.153    0.049     -0.2611  0.140    16.40    12.29   -14.99    23.80
   111    0.206    0.050     -0.3458  0.135     2.97     3.43    -5.44     7.00
   211    0.134   -0.173     -0.5457  0.140 0.13E+06 -.62E+05 -.50E+06 0.56E+06
  2212    0.397   -0.406     -0.4024  0.938     6.13    -3.86    -5.73    12.60
  -211    0.626   -0.306      1.0142  0.140    11.21    -0.91    11.55    13.40
   211    0.069    0.041      0.2873  0.140     4.52    -1.83     4.75     7.00
   111    0.084   -0.011     -0.5881  0.135 0.13E+06 -.62E+05 -.50E+06 0.56E+06
    22   -0.405    0.264      0.2459  0.000 -.21E+06 0.22E+05 0.20E+06 0.38E+06
   211    0.366    0.036     -0.4949  0.140     6.21     5.96   -11.21    13.20
  -211    0.132   -0.066      0.1461  0.140    -0.68    -8.45    -2.61    13.20
  2212   -0.291   -0.943     -0.5127  0.938    -0.71    -8.29    -1.83     8.40
   111   -0.332    0.089      0.2023  0.135    -7.90    -2.32     2.73     7.00
  -211    0.358    0.078      1.0575  0.140     6.07     6.66    10.02    11.60
  -211   -0.534    0.098     -0.0435  0.140   -62.11    22.73    -8.20   108.48
   211   -0.123   -0.185      0.8169  0.140     2.91    -1.61    23.47    24.80
  2212    0.214    1.146      2.4333  0.938     2.68     8.46     5.94     7.00
   211    0.072    0.242      1.0938  0.140    -1.89     3.03     6.36     7.00
  -211    0.032    0.152      0.1359  0.140    -0.27     2.31     3.48    11.20
  2112   -0.366   -0.524      0.2021  0.940    -7.78    -1.77     3.17    10.80
   211   -0.313   -0.189     -1.9821  0.140    -4.12     1.88    -6.78     7.00
   211   -0.269   -0.156     -1.4913  0.140    -9.04    -1.40   -23.69    24.80
  -211    0.454   -0.058     -0.1417  0.140     6.80     1.36    -1.64    13.60
  3122   -0.373   -0.167     -1.2314  1.116    -5.48    -3.50    -5.89     7.00
   111   -0.289    0.283     -0.3989  0.135    -5.06     6.78    -4.80     7.00
  -211    0.102   -0.109     -0.2745  0.140     8.62     5.41    -5.98    10.60
  -211    0.085   -0.126     -0.1557  0.140     2.41    -0.03    -0.38     7.00
  -211   -0.350    0.111     -1.4911  0.140    -6.48     2.21   -23.37    25.20
   111   -0.214    0.007      0.4460  0.135    -6.24     4.24    11.15    19.80
  -211   -0.161    0.037      0.0359  0.140    -0.31    -1.84     3.48     9.40
   111    0.077    0.226      0.6738  0.135     0.58     5.47    27.44    28.40
   111    0.005   -0.097     -0.0566  0.135   -61.91    22.58    -8.24   108.48
   111    0.084   -0.318      0.1749  0.135 0.13E+06 -.18E+06 0.68E+05 0.29E+06
   211    0.352    0.209     -0.7498  0.140     6.25     6.62   -11.15    13.20
  -211    0.012   -0.391      0.0540  0.140    -0.55    -4.45     0.92     7.20
  -211   -0.460   -0.098     -0.0101  0.140    -6.29    -6.69     0.51     7.20
   211    0.196   -0.324     -0.1554  0.135    12.95   -16.36    -0.85    21.60
   211   -0.077    0.021     -0.1401  0.140     6.83     3.36   -11.86    17.60
  2212   -0.636    0.094     -0.9084  0.938    -6.13    -0.53    -4.83     7.20
  2212    0.568    0.427     -2.8357  0.938     3.16     5.20    -6.73     7.20
   211   -0.242   -0.273      0.6440  0.140    -3.16     5.29     7.02     9.40
  2112    0.232    0.275      0.8735  0.938     4.82     2.57     8.77    13.60
   111    0.192   -0.049      0.0326  0.135 0.13E+06 -.18E+06 0.68E+05 0.29E+06
   211    0.268   -0.138     -0.2860  0.140     7.24    -2.44    -5.52     7.20
   111   -0.809    0.328     -0.0503  0.135    -5.69     9.11    -0.37     7.20
    22    0.104    0.063     -0.0302  0.000 -.20E+06 0.13E+05 -.17E+06 0.33E+06
   111    0.060    0.227     -0.1898  0.135     2.41    -0.32    -5.72     8.40
   211    0.334   -0.751      0.0027  0.140    -1.23   -10.22    -0.41     7.20
   211   -0.511   -0.311     -1.4706  0.140    -6.17     1.42   -16.02    17.80
   211   -0.093   -0.251      1.9120  0.140     0.15    -5.15     6.88     7.20
  -211   -0.249    0.159     -0.9108  0.140    -5.81     2.34    -5.31     7.20
  2112    0.444    1.042      1.0545  0.940     2.45     7.76     6.01    10.00
   111    0.028    0.109      0.5548  0.135     6.32     0.76    10.10    10.60
   211    0.042   -0.153      0.0270  0.140     0.06    -6.30    -1.33     7.20
   111   -0.062    0.000      0.2364  0.135     6.04     1.91     7.56    12.80
   321    1.092   -0.247      0.1630  0.498     7.24    -0.73     0.35     7.20
   111    0.160    0.004     -0.4758  0.135     3.50     1.00    -6.58     7.20
   111   -0.133    0.121     -0.0371  0.135   -10.03     1.02     9.74    21.80
   111   -0.065    0.299      0.4104  0.135 -.13E+06 0.42E+06 0.82E+06 0.99E+06
   111    0.208    0.183     -0.2543  0.135     2.38     6.08    -4.96     7.20
   211   -0.033   -0.128      0.3995  0.140     2.20    -0.34    15.84    18.00
   211    0.354    0.209     -0.1452  0.140     4.07     4.05    -2.45     7.20
   111   -0.167    0.274      0.4261  0.135 -.13E+06 0.42E+06 0.82E+06 0.99E+06
   211   -0.025    0.221     -0.7543  0.140    -0.35     8.38    -7.23     8.00
  -211    0.032    0.098     -0.1674  0.140     7.50     6.35    -0.83    22.80
  2112   -0.117   -0.115     -4.1657  0.940    -5.32    -5.02    -8.60     8.80
  -211   -0.423    0.309      0.9011  0.140    -5.81    12.67     9.29    15.40
  -211    0.342   -0.189     -0.9506  0.140     1.55    -5.58    -6.56     8.40
  2112    0.422   -0.731      0.2492  0.940     4.87    -3.58     0.72     7.40
  2112    0.182   -0.590      1.1087  0.940     3.64    -7.62     7.86    12.40
  -211   -0.156   -0.152     -0.1002  0.140    -2.43    -3.98    -4.54    27.00
   111   -0.300   -0.088     -0.4241  0.135    -9.43    -4.73   -10.68    14.80
  -211    0.063    0.146      0.2011  0.140    -9.04    11.19    12.83    19.80
   111   -0.050    0.113     -0.0274  0.135    -0.69     4.53    -5.77    15.60
   111    0.107   -0.236      0.5190  0.135    -0.33    -3.45    12.13    16.00
   211   -0.052    0.176      0.1289  0.140    -3.62    10.15     0.66     9.20
  2112    0.361   -0.064     -0.4583  0.940     3.05    -2.07    -3.40     8.20
  2212   -0.141    0.878      0.6822  0.938    -1.50     5.89     5.79     8.20
   111    0.148   -0.233     -0.3702  0.135    -2.42     5.97   -14.37    19.40
  -211    0.340    0.230     -0.6457  0.140     4.61     0.39    -6.30     9.60
  -211   -0.052    0.517      0.4029  0.140    -2.21    10.32     3.78     7.40
   211    0.333    0.063     -0.2702  0.140     2.34     0.61    -3.82     7.40
  -211   -0.151   -0.015     -0.0442  0.140 -.82E+04 -.14E+05 -.42E+04 0.97E+05
   211    0.206   -0.067      1.2525  0.140     2.76    -4.06     8.74    10.00
   111    0.034    0.155     -0.4092  0.135    -0.89    -2.46   -21.47    22.40
  -211   -0.203    0.153     -0.0143  0.140     2.43     3.76    -2.09     7.80
   211   -0.111   -0.152     -0.1327  0.140    -5.50     0.82    -2.93     7.40
   211    0.061    0.139     -1.4968  0.140    -4.17    -1.26   -20.54    21.20
   111    0.038   -0.111     -0.0170  0.135 -.82E+04 -.14E+05 -.42E+04 0.97E+05
   111   -0.029   -0.022     -0.1969  0.135    -9.82     3.69    -9.43    14.60
   211    0.060    0.129     -0.0547  0.140    -0.93    -1.09    -4.33     8.80
   321   -0.238    0.098     -0.5683  0.494    -2.65    -0.12    -5.54     7.40
   211    0.286   -0.098      0.1707  0.140     7.64    -1.38     6.05     9.80
  2112    0.139    0.153     -0.3999  0.940     1.65     5.06    -2.93    13.60
  3112   -0.293   -0.451      0.4732  1.197     0.26    -6.90     3.41     7.40
  -211    0.058    0.175      0.7511  0.140     3.63     9.01    17.30    18.80
  -211   -0.018    0.191      0.3535  0.140    -0.90     6.63     4.49     7.60
  -321   -0.161    0.405     -0.1567  0.498    -1.77     3.92    -2.30     8.00
   111   -0.072   -0.035      0.0311  0.135     3.07     7.17     7.61    14.60
   211   -0.016    0.206      0.2024  0.140     3.13     9.16    13.30    15.20
   111    0.339   -0.004      0.4938  0.135    -4.71     0.10    14.68    19.80
   211    0.025    0.226      1.3578  0.140    -1.87     6.51     9.75    10.80
   111   -0.054   -0.017      0.4014  0.135 0.28E+05 -.59E+05 0.50E+06 0.53E+06
   111   -0.279    0.089      1.3126  0.135    -0.83    -4.32    26.57    27.60
  -211   -0.065   -0.012     -0.1869  0.140     2.18    -6.28   -15.14    23.80
   211   -0.203    0.135      0.4363  0.140     1.58     7.14     7.93    12.80
   111    0.122   -0.163      0.4464  0.135 0.28E+05 -.59E+05 0.50E+06 0.53E+06
    22   -0.486   -0.494     -0.1431  0.000 -.82E+05 -.93E+05 -.25E+04 0.16E+06
   111   -0.223   -0.056      0.1766  0.135    -7.75    -2.48     1.94     7.60
    22    0.248    0.289      1.2825  0.000 0.68E+05 0.51E+05 0.99E+06 0.10E+07
  2212    0.198    0.551      1.3132  0.938     2.18     9.87    15.16    20.60
  -211   -0.440    0.279     -0.1245  0.140    -7.02    -0.77    -2.21     9.00
   111    0.049   -0.114     -1.4063  0.135     2.32     5.21   -10.90    11.40
    22   -0.101    0.057     -0.0831  0.000 0.88E+05 0.19E+06 0.11E+06 0.30E+06
   111    0.178   -0.054     -0.1291  0.135     5.29     1.67    -2.28     7.60
   111   -0.480   -0.147     -1.7708  0.135    -6.67    -4.55   -27.36    28.00
   111    0.217   -0.006      0.5226  0.135     7.00    -3.45    17.49    20.20
   211   -0.023   -0.108     -0.1499  0.140     3.44    -8.74    -1.99    13.40
   111   -0.277    0.207     -0.7760  0.135    -3.21     2.73   -22.33    23.60
  -211    0.032   -0.232     -0.0284  0.140    13.20    -2.19     1.47    33.06
   111    0.172   -0.017     -0.2658  0.135     6.38     1.75    -9.33    10.60
   111    0.108   -0.259     -0.0978  0.135     2.95    -9.76    -3.41     9.80
  -321   -0.127   -0.264     -1.2108  0.498    -4.49    -4.77    -6.55     7.60
   111   -0.195    0.195     -0.3788  0.135    -0.32     6.27    -5.88    13.00
  -211   -0.208    0.694     -1.7992  0.140    -2.01     6.38    -7.66     8.20
   211   -0.013   -0.541     -1.2120  0.140    -2.15    -4.00   -13.74    15.20
  -211   -0.325    0.742     -0.5493  0.140    -2.77     4.08    -6.35     8.80
   321   -0.209    0.459     -2.8084  0.494    -2.19     5.43    -7.32     7.60
   211    0.346    0.174      0.6213  0.140     0.16     2.16     7.65     9.40
  -211    0.211    0.070     -0.9609  0.140    -2.14     5.60   -27.26    29.40
  2212   -0.736    0.125     -0.0686  0.938    -8.20     4.76    -0.68     7.60
   211   -0.215    0.313     -0.3495  0.140    -7.24    -0.32    -7.72    10.20
   211    0.327   -0.085      0.5880  0.140     6.56     6.06     6.46     7.80
   111   -0.015    0.187      0.0050  0.135    13.16    -1.86     1.49    33.06
   111   -0.108    0.501     -2.7891  0.135     2.93     1.63   -26.04    26.20
   211   -0.372   -0.474     -0.1018  0.140    -3.99    -6.80    -1.23     7.80
   211   -0.097    0.067     -0.2775  0.140     9.16     5.33    -7.00    16.20
   111    0.456    0.416     -0.0219  0.135     3.04     3.63    -2.32     9.60
   111   -0.156    0.020      0.2163  0.135 -.34E+06 0.96E+05 0.12E+07 0.13E+07
   111   -0.101   -0.053      0.6363  0.135 -.34E+06 0.96E+05 0.12E+07 0.13E+07
   111    0.215   -0.564      1.4741  0.135     2.95    -8.53    21.21    23.40
   321   -0.131    0.234      1.1349  0.494    -1.93     1.33     6.82     7.80
   111   -0.076    0.046     -0.4286  0.135    -4.81     9.65   -11.74    15.60
  2212    0.640    0.051     -0.5422  0.938     7.29    -0.55    -1.50     8.20
    22    0.270    0.101     -0.2388  0.000 0.32E+05 0.53E+05 -.17E+06 0.43E+06
  -211   -0.451   -0.052      0.2055  0.140   -19.01     4.11     4.84    23.00
   211   -0.284   -0.147      0.2099  0.140    -4.64     0.36     6.27    11.40
   111    0.031   -0.127      0.4644  0.135     2.64     0.17     6.68     7.80
    22   -0.022    0.539      0.0816  0.000 -.78E+05 0.13E+06 0.55E+05 0.20E+06
  2112   -0.052    0.053      0.6340  0.940    -5.34     2.06     8.80    13.40
   211    0.227   -0.057      0.2795  0.140    10.31    -3.88     9.58    13.00
   111    0.197   -0.434     -0.0557  0.135     1.68   -13.87    -5.21    19.80
   111   -0.107   -0.184     -0.3494  0.135    -4.31    -4.20    -6.04     7.80
    22    0.331   -0.203      0.2208  0.000 0.40E+05 -.63E+05 0.15E+06 0.22E+06
   211   -0.036   -0.370     -0.1468  0.140    -3.85   -31.49     8.12    33.65
  -211    0.166   -0.075     -0.2965  0.140     5.97    -0.22    -6.23     7.80
  -321    0.099   -0.128     -0.0838  0.494     1.27    -0.82    -1.24     7.80
  2112   -1.251    1.026      0.5190  0.940    -6.15    12.28     5.37    12.80
  2212    0.183    0.225      1.6936  0.938    -0.67    -3.71    16.34    19.00
   321    0.128    0.046     -0.3548  0.498     2.18     7.06    -9.85    13.80
   211   -0.153   -0.386     -0.2722  0.140    -5.50    -7.47    -3.39     7.80
   111   -0.084   -0.081      0.1646  0.135    -3.91   -31.38     8.33    33.65
   211    0.040   -0.013      0.0001  0.140    -0.97    -0.85    -1.58     7.80
   211   -0.428   -0.147      1.0556  0.140    -0.60    -5.66     6.28     7.80
  -211   -0.312    0.390     -0.3954  0.140    -0.35     7.58    -5.97     8.00
   211    0.415   -0.132     -1.0884  0.140     9.31    -1.58   -25.30    27.60
   111    0.196   -0.011      0.2318  0.135     9.81     0.87    20.25    25.80
   111    0.208   -0.307     -1.0875  0.135     3.94    -5.75    -9.23     9.80
   211    0.132    0.101      0.0014  0.140    -0.09     1.57     3.98     8.00
  -211   -0.120   -0.140      1.2793  0.140    10.66     2.10    51.94    52.85
   111    0.165    0.370     -1.1417  0.135     1.96     6.02   -10.89    11.40
  -211    0.159   -0.256     -0.2653  0.140     4.35     5.49    -4.68    10.40
   211    0.071   -0.090     -0.2545  0.140    -5.31    -6.99   -14.89    16.00
   211    0.318    0.098      0.0696  0.140    20.91    18.64    30.83    63.46
  3122   -0.698   -0.401     -4.2828  1.116    -8.11    -1.70    -7.57     8.00
  2112   -0.306    0.525     -0.0542  0.940    -4.11     4.90     0.21     8.00
   111    0.084    0.277      0.3458  0.135    20.77    18.71    30.94    63.46
   111    0.228   -0.070     -0.1219  0.135    12.09     3.93    -6.23    20.20
   211   -0.394   -0.051      0.8839  0.140    -7.54    -2.39    19.35    21.80
   211    0.032    0.201      0.4802  0.140    11.20    13.50    23.61    37.46
  2112   -0.030    0.561     -0.3892  0.940     4.45     8.07    -3.16    12.80
  2112    0.567    0.222     -0.0565  0.940     8.35     4.51    -1.63    13.80
   111    0.205    0.135      1.1206  0.135    -1.03    -4.63    16.59    16.80
   211    0.407    0.398      0.9261  0.135     3.37     7.54    12.02    13.60
  -211    0.211   -0.235      0.6167  0.140    10.22    -3.56     9.80    13.00
   111    0.253    0.150      0.1454  0.135    11.33    13.51    23.52    37.46
  -211    0.225   -0.527     -1.3501  0.140     4.05    -5.26    -8.44    10.60
   111    0.351    0.171     -0.0124  0.135     4.07     1.06     0.26     8.00
   211    0.111    0.126      0.1019  0.140     2.78     0.36    27.72    29.60
 -2212    0.385    0.383      1.9879  0.938     5.40     0.90     7.06     8.00
   211    0.565    0.078      0.3367  0.140     9.39     2.48     5.38    10.40
   211    0.208   -0.260      0.0307  0.140    12.92   -16.44    -0.66    21.60
   111    0.075   -0.586     -0.9732  0.135 0.57E+05 -.64E+06 -.13E+07 0.15E+07
   111    0.096    0.190     -0.1102  0.135     0.01     6.62    -3.00    28.80
  -321    0.179    0.141      0.0179  0.494     3.07    -1.97    -3.28     8.20
   211    0.291    0.762     -0.9787  0.140     4.19    14.05   -12.71    18.40
   211    0.151   -0.745      0.0260  0.140     3.57    -8.04     0.11     8.00
   111   -0.033    0.366      0.2933  0.135     1.44     5.75     5.33    11.60
   111    0.153   -0.436     -1.0121  0.135 0.57E+05 -.64E+06 -.13E+07 0.15E+07
   111    0.649    0.505      0.5177  0.135     3.50     7.25     7.40    14.60
    22   -0.290    0.258      0.0475  0.000 -.76E+05 0.14E+06 0.13E+06 0.43E+06
   211    0.020    0.017     -0.0701  0.140    -1.37    -2.15    -0.86     9.80
  2212    0.862   -1.613      3.3237  0.938     9.87    -7.36    13.54    17.20
   321    0.782   -0.194     -0.3204  0.498     4.25    -3.00    -3.15     8.00
  -211    0.004   -0.155      0.0759  0.140    -2.22    -5.98    -2.74    12.00
  -211   -0.137   -0.097     -0.0883  0.140    -9.49     4.74   -12.26    23.00
   211   -0.388    0.705     -0.5486  0.140    -3.34     3.70    -5.81     8.20
  2112    0.262    0.608     -1.3131  0.940    -0.15     9.38    -9.12    14.80
    22   -0.087    0.039     -1.2949  0.000 -.11E+06 -.20E+06 -.11E+07 0.12E+07
   111    0.163   -0.006     -0.1142  0.135     4.99     1.70    -5.10     8.20
    22   -0.011    0.010      0.0685  0.000 -5677.58 -3321.97  1881.91  9873.75
   211   -0.215   -0.819     -0.9799  0.140    -1.77    -7.70    -5.56     8.20
   111    0.405    0.413      0.0706  0.135     7.99     8.30    -0.15    12.60
  -321   -0.629    0.223     -0.0579  0.498    -6.67     3.61    -1.35     8.20
  -211    0.040    0.198      0.1177  0.140     8.20    -0.18    17.15    28.80
   211   -0.109   -0.244      0.0650  0.140    -4.78    -3.66    10.70    17.40
  -211   -0.227    0.486      0.8678  0.140    -3.01     7.55     7.01     8.20
    22   -0.161    0.075      0.2315  0.000    -1.12     5.54    -1.96     9.00
    22    0.437    0.052     -3.0069  0.000 0.22E+06 0.17E+06 -.33E+07 0.33E+07
   111    0.159   -0.017     -0.1303  0.135     8.12     2.54   -11.10    17.20
    22    0.205    0.168      0.2988  0.000 0.41E+05 0.82E+05 0.17E+05 0.12E+06
   211    0.059   -0.183     -0.1806  0.140     1.02    -2.45    -1.44     8.40
   211   -0.194    0.096      1.9836  0.140     0.62     5.62    23.84    25.00
  2112   -0.316   -0.035      6.1085  0.940    -1.27     4.70     8.11     8.20
   111   -0.015    0.228     -0.4700  0.135    -2.19     5.67   -27.25    29.40
   211   -0.114   -0.047      1.4838  0.140     3.90    -6.45    18.01    19.80
   111   -0.648   -0.762      0.9639  0.135    -5.75    -9.18     5.44     8.20
   211    0.385   -0.325      0.1133  0.140     4.71    -3.75     2.54     8.20
   111    0.261    0.207     -0.6189  0.135 0.71E+05 0.71E+05 -.14E+06 0.18E+06
  -211    0.042   -0.116      0.0489  0.140    -2.87    -2.75     7.90    15.40
  2212   -0.449    0.445     -2.1825  0.938    -4.78     1.55    -7.50     8.40
  2112    0.109   -0.191     -1.0385  0.939     3.57     2.43    -7.87    14.00
   111    0.071    0.216     -0.1649  0.135 0.71E+05 0.71E+05 -.14E+06 0.18E+06
   211   -0.032   -0.239     -0.1562  0.140     3.75    -4.85     2.23    11.60
  2212    0.038   -0.729     -0.7500  0.938    -2.61   -10.15    -7.09    14.20
   111   -0.063    0.168     -0.4183  0.135     0.66    -0.26    -6.44     8.40
  -211    0.046    0.200      0.3937  0.140    11.32     4.18    25.51    28.60
  -211    0.176   -0.326      0.2613  0.140    18.72   -22.21    28.25    56.67
   111    0.218    0.098      0.0882  0.135    18.80   -22.00    28.20    56.67
  -211    0.059    0.036      1.4547  0.140   -12.63    -5.22   125.65   128.50
   211   -0.087    0.025     -0.6697  0.140    -5.39    -1.52    -8.15     8.40
   111   -0.317   -0.133      2.2413  0.135   -12.67    -5.24   125.65   128.50
   211    0.131   -0.098      0.4453  0.140     0.70     2.33    24.38    26.00
   211   -0.039   -0.226      0.0060  0.140    -1.36    -2.54    -2.96     9.20
   111    0.008    0.032     -0.2170  0.135 -.24E+06 -.41E+05 -.87E+06 0.10E+07
   111   -0.194    0.421      0.3953  0.135    -2.60     7.32     5.16     8.60
   111    0.072   -0.038     -0.0308  0.135    15.84    -3.38    14.13    27.20
  2212   -0.154   -0.469     -0.7000  0.938     0.33    -5.52   -11.33    17.40
   211   -0.069   -0.037     -0.2888  0.140    -1.01    -1.52    -4.40     8.80
   111   -0.154    0.081     -0.4669  0.135 -.24E+06 -.41E+05 -.87E+06 0.10E+07
    22   -0.048   -0.069      0.5240  0.000 -.54E+04 -.47E+04 0.33E+05 0.58E+05
  3122    0.458    0.189     -4.5938  1.116     4.11    -0.14    -8.33     8.60
   211   -0.275   -0.441     -1.1443  0.140    -4.75    -9.04   -21.03    25.00
  -211    0.329    0.630      0.5572  0.140     6.06     2.12     5.34     8.60
   111   -0.240    0.130      1.2437  0.135    -2.23    -0.25     8.38     8.60
   211   -0.302    0.064      0.6076  0.140    -8.16    -1.57    11.46    14.20
  -211   -0.021   -0.055      0.1184  0.140    -7.04    -5.90    -9.29    22.60
   321   -0.075    0.203      0.2957  0.494   -25.56    37.77    38.49    82.38
  -211   -0.037    0.192      0.4281  0.140     6.86    -4.27    19.75    22.60
   111    0.136    0.163     -0.8146  0.135    -1.04     4.86    -9.04    12.20
  -211    0.794    0.335     -0.2057  0.140    11.05     5.44    -4.04    11.40
  -211   -0.080   -0.051     -0.2962  0.140     1.19    -3.51    -7.56    52.58
   211    0.243   -0.329      0.1934  0.140     0.81    -4.81     3.41     8.60
  2112    0.850    0.111      1.0986  0.940     4.84     4.84     6.34     9.80
  2212    0.549   -0.175     -3.9190  0.938     4.39    -3.97    -8.17     8.60
   111    0.013    0.007     -0.0684  0.135     1.26    -3.47    -7.48    52.58
    22    0.254    0.039     -0.8827  0.000 -.15E+05 0.15E+06 -.17E+07 0.19E+07
  -211   -0.569   -0.291     -1.1156  0.140    -6.62    -5.85    -8.03     8.80
  -211    0.443   -0.622      1.2745  0.140     7.06    -3.46    11.84    14.00
   111    0.027    0.339     -0.1046  0.135    -3.09    10.10     0.66     9.20
  -211    0.135   -0.445      0.0628  0.140     7.76   -11.55     3.05    14.60
   211   -0.227    0.684     -1.9862  0.140    -2.71     8.30    -9.91    11.00
   211   -0.103    0.042     -0.0411  0.140    28.37    33.66   -20.02    58.23
  -211   -0.381    0.563     -0.3687  0.140    -9.26     7.97    -3.49    12.60
  2212   -0.689   -0.567     -0.3119  0.938    -8.93    -9.32    -2.07    17.80
  2112   -0.121   -0.944     -0.7833  0.940     1.19   -11.71    -8.43    14.80
   111    0.155    0.232     -0.2038  0.135    28.56    33.74   -20.09    58.23
   211   -0.273   -0.106     -0.0089  0.140    -4.50    -4.32    -4.41     9.40
  -211    0.014    0.054     -0.1635  0.140    -1.82     2.33    -8.14    15.20
   111    0.073   -0.165     -0.8474  0.135     4.24    -1.80    -8.11     8.80
  -211    0.123    0.118     -0.2038  0.140     3.47     5.64    -6.56     8.80
   111   -0.051    0.482     -0.5863  0.135    -3.03     9.27   -11.28    15.00
  -211   -0.087    0.049      0.6959  0.140    -5.26     4.22     7.50     8.80
   321   -0.053   -0.074      2.4174  0.494     0.62    -5.56     8.40     8.80
  3122    0.171    0.460      1.7901  1.116     0.43     1.11     7.44     8.80
   111   -0.372    0.047     -0.0953  0.135   -10.93     0.20    -1.97     8.80
  2212    0.151   -0.548      0.6697  0.938     9.82   -12.74    10.01    24.00
   211    0.104   -0.176     -0.3326  0.140     2.89    -5.10    -7.35     8.80
   211   -0.094   -0.064     -0.2268  0.140    -3.14    -3.53    -7.10    13.60
  -211   -0.010    0.279     -0.1290  0.140    -5.12     3.17    -5.17     8.80
  3112   -0.338   -0.286     -0.6143  1.197    -2.72    -2.84    -6.19     8.80
    22   -0.052   -0.392     -1.3748  0.000 0.52E+05 -.24E+06 -.15E+07 0.16E+07
   211    0.237   -0.180      0.2869  0.140    20.58   -26.70     8.55    56.64
  2112    0.649    0.270      2.4162  0.940     8.15     4.43    15.27    17.20
   111    0.029   -0.214     -0.0520  0.135    -1.19    -2.59    -0.60     9.80
  -211   -0.122   -0.149      1.0068  0.140    -3.83    -4.31     8.56     8.80
  2112   -0.271    0.306      0.1964  0.940    -0.66     5.45     1.58     9.00
   111   -0.058   -0.184      0.0479  0.135    20.42   -26.77     8.46    56.64
   211   -0.261   -1.044      0.1050  0.140    -5.24    -9.39    -0.49     9.00
  -211    0.058    0.084     -0.1912  0.140    11.49     8.50    -2.98    16.00
   211   -0.272   -0.403      1.3268  0.140     1.93    -7.52     8.63     9.00
   211   -0.156   -0.116      0.0315  0.140  -881.01   287.63   291.49  3106.62
  2212   -0.007   -0.589     -2.1195  0.938    -3.90    -6.63    -8.04     9.00
  -211   -0.164   -0.127     -0.3068  0.140    -3.19     0.63   -10.86    25.40
    22   -0.088   -0.271      0.3761  0.000     4.93     8.56    14.46    19.00
  2212    0.610    0.003     -0.1764  0.938    10.34     2.15    -2.63    15.00
  -211   -0.040    0.096     -0.0895  0.140     1.24     5.92    -5.71    16.00
  -211   -0.521    0.020      0.3488  0.140    -6.17     7.53     7.30    11.60
  2212    0.194    0.221      0.6083  0.938     5.35     3.49     7.72     9.00
  -211   -0.034   -0.000     -0.6862  0.140    -6.98     0.86   -10.48    12.00
   111   -0.410    0.069      0.9625  0.135    -0.93     2.71    19.81    21.00
   111   -0.044    0.063      0.0028  0.135  -880.94   287.81   291.47  3106.62
   111   -0.124    0.036      0.0775  0.135     8.05    -0.29    17.14    28.80
 -3222   -0.486   -0.324      0.1974  1.189    -3.36    -0.10    -0.24     9.00
  -321   -0.312   -0.446     -0.3090  0.498    -4.32    -7.08    -3.92     9.00
  -211   -0.242   -0.022      0.6514  0.140    -3.45    -2.96     6.51     9.00
   211   -0.383   -0.381      0.6341  0.140 -.27E+05 -.34E+05 0.57E+05 0.77E+05
  2112   -0.231    0.605      0.0730  0.939    -7.27     5.93    -3.07    20.20
 -2112    0.315   -0.061      0.0824  0.940     3.99     1.02     2.93    10.20
   111    0.156   -0.080     -0.3559  0.135     0.79     0.02    -6.65     9.00
  -211    0.417    0.032     -1.5952  0.140     5.21    -2.71    -8.37     9.00
  -211   -0.144    0.247     -0.9367  0.140    -5.11     2.55    -8.24     9.00
  -321   -0.544   -0.094     -0.0330  0.498    -5.24    -1.62     0.76     9.00
   111   -0.067   -0.223      0.2237  0.135 -.27E+05 -.34E+05 0.57E+05 0.77E+05
   211    0.026   -0.038     -0.1930  0.140    17.91     1.40     6.08    46.07
   321   -0.546   -0.307     -0.0105  0.498    -2.06    -1.08     6.04    10.00
   111   -0.033   -0.076     -0.0407  0.135     1.89    -0.34     1.26    11.80
    22   -0.176   -0.514     -1.0187  0.000    -0.58    -7.38   -10.64    15.60
  2112    0.018    0.419      0.2980  0.940    -1.45     2.89     1.18    12.40
   111    0.145    0.170      0.2696  0.135    17.97     1.52     6.39    46.07
  2212    0.023   -0.571     -4.9240  0.938     1.28    -2.78   -13.55    14.00
   111   -0.412    0.244      0.2068  0.135    -6.41     2.50     2.32     9.40
  -211   -0.217    0.011      0.0485  0.140    -7.73     5.44     2.12    17.60
  -211    0.007    0.212     -0.4522  0.140    -1.22     3.58    -8.02     9.20
  2212    0.201   -0.018     -0.3209  0.938     4.46    -2.16    -8.75    15.20
   211   -0.224   -0.690      0.4969  0.140    -0.79   -10.66     3.49    12.40
  -211    0.171   -0.063      0.0537  0.140     3.35     2.53     6.74    15.60
  -211    0.176   -0.543      0.4869  0.140     6.75    -4.11     6.70    11.40
   211    0.128    0.322     -0.3073  0.140    24.59    25.77   -40.53    66.81
  -211    0.035    0.302      0.2142  0.140     0.47     8.47     3.94     9.20
   111    0.289    0.032      0.4775  0.135    11.54     4.10    25.45    28.60
   111    0.284   -0.021     -0.4653  0.135    24.64    25.63   -40.57    66.81
   211    0.017    0.006      0.1181  0.140    21.46    19.71    -0.45    34.55
  -211    0.076   -0.156     -0.0874  0.140    -3.27     4.82   -25.63    28.40
   111    0.429    0.273     -0.0412  0.135    21.61    19.81    -0.59    34.55
  -211    0.113   -0.460      0.1268  0.140     2.80    -8.34     0.01    10.20
  2212    0.349   -0.190      1.9416  0.938     9.35     1.50    17.20    19.20
  -211   -0.323   -0.319     -1.1241  0.140    -4.63    -0.70    -7.99     9.20
   111   -0.126   -0.156      0.2557  0.135    -3.26    -5.18    19.16    21.00
   111   -0.011   -0.180     -0.8115  0.135 0.65E+05 -.34E+05 -.58E+06 0.61E+06
   111    0.159    0.056     -0.7613  0.135 0.65E+05 -.34E+05 -.58E+06 0.61E+06
   111    0.030   -0.083      0.9352  0.135    -1.53    -2.42    27.85    28.40
  2212    0.097   -0.774      0.0317  0.938     5.38   -15.87    -1.00    17.60
  -211    0.055    0.038     -0.0861  0.140    -8.26     3.42   -12.78    22.40
   111    0.078   -0.064      0.7094  0.135     6.91     0.02    10.19    10.60
  -211    0.107   -0.066      0.7377  0.140    21.27     5.68   385.42   392.82
   211    0.145   -0.073      1.7363  0.140     2.52    -6.32     9.04     9.20
   111    0.207    0.220      1.2065  0.135    21.27     5.74   385.42   392.82
   111    0.028    0.139     -0.2791  0.135     1.04    12.67   -14.99    24.80
  -211    0.185    0.139      0.7226  0.140     2.08     4.07     8.34     9.60
   111    0.164    0.652     -0.0756  0.135     7.68    22.43     9.78    40.76
  -211    0.240   -0.208     -2.4257  0.140     1.46    -5.20    -8.64     9.40
   211   -0.041    0.363     -0.3067  0.140     0.91     6.29    -5.60    16.00
    22   -0.103    0.164      0.4595  0.000 -.50E+05 0.27E+05 0.55E+05 0.82E+05
 -2112    0.408   -0.420      3.0604  0.940     4.54    -6.54     8.31    10.80
   211   -0.422   -0.060     -0.0195  0.140    -6.02    -2.94     1.07     9.40
   211   -0.445    0.458      1.6286  0.140    -4.59     6.67     8.70     9.40
   321   -0.145   -0.300      0.3651  0.494   -13.34   -13.58    19.47    49.26
  2112   -0.075   -0.701     -1.1241  0.940     1.00    -5.58   -11.54    17.40
   321   -0.611   -0.508     -1.8426  0.498    -4.23    -5.55    -8.45     9.40
  2212    0.499    0.049      1.0880  0.938     7.21    -7.07     9.57    12.80
   211    0.031   -0.017      0.2211  0.140   -12.64    -1.05    26.21    31.62
   321    0.083   -0.737      1.5033  0.494     2.07    -6.30     8.53     9.40
   211   -0.147   -0.276      0.1105  0.140    -2.77   -15.34    11.14    19.00
   211    0.083   -0.351      0.6512  0.140     0.56   -18.93    17.48    31.28
   111   -0.046   -0.143      0.4060  0.135     2.13    -9.75    13.84    15.80
    22   -0.317   -0.507      0.2557  0.000 -.56E+04 -.18E+05 0.93E+03 0.21E+05
   111    0.135   -0.116      0.1435  0.135     6.73    -3.62     8.00    13.40
   321    0.213   -0.238     -0.7224  0.494    -1.50     1.24    -7.39     9.60
  2212    0.149    0.004      9.7537  0.938     4.14     4.17     9.55     9.60
  2212    0.100    0.158     -0.0159  0.938     6.04     0.70     1.25    13.20
  -211   -0.114   -0.278     -0.3112  0.140    -2.10     7.19   -13.66    15.40
   211    0.154    0.222      0.2719  0.140    -4.17    13.29    54.85    71.67
  3112    0.204    0.189      2.0503  1.197     0.90     2.85     8.58     9.60
  -211   -0.602    0.290     -0.2743  0.140    -8.72     5.85    -4.94     9.60
   211    0.132    0.027      0.0403  0.140     7.04    -0.10     4.29    14.20
   211    0.191   -0.225     -0.6970  0.140     3.52    -3.42    -8.48     9.60
  -211   -0.235   -0.046      0.8690  0.140    -5.66    -1.79    20.91    24.40
   211    0.098    0.219      0.9350  0.140     4.79     3.12     9.13     9.60
   111   -0.045    0.142      0.4665  0.135    -4.26    13.23    54.90    71.67
   211    0.237    0.283      0.3653  0.140     2.58     4.56     8.12    11.60
   111    0.033   -0.077      0.2518  0.135     0.69    -0.85     7.39     9.80
   111    0.042    0.111     -0.2759  0.135     3.88     1.31    -8.60     9.80
    22    0.066   -0.074      0.6921  0.000     7.68    -0.87     6.09    11.00
   111    0.004   -0.573      0.6095  0.135 -.84E+04 -.19E+06 0.19E+06 0.29E+06
  -211   -0.412   -0.052      0.1477  0.140    -3.26     1.50    -3.00    10.40
  2112    0.223   -0.868     -0.9126  0.940     5.83    -3.67    -7.41     9.80
  3112   -0.098    0.251     -0.7551  1.197    -2.37     2.88    -7.28     9.80
  2212    0.435    0.739     -0.5403  0.938    14.23    18.83   -10.73    28.60
  -211   -0.310    0.421      3.2936  0.140    -3.70     9.53    26.65    27.60
   111   -0.493    0.232     -0.2270  0.135   -11.03     4.10    -3.91     9.80
   111   -0.036   -0.090      0.0584  0.135 -.84E+04 -.19E+06 0.19E+06 0.29E+06
  -211    0.284   -0.418     -1.3913  0.140     9.82    -5.47   -20.20    22.60
   111   -0.008   -0.027     -0.2261  0.135    -1.71     2.62    -7.26     9.80
   211    0.413   -0.179     -0.3550  0.140     8.89    -5.52    -6.19     9.80
  2112   -0.501    0.629      0.6049  0.940    -9.04     2.51     3.54    10.40
   211    0.100    0.062     -0.1485  0.140    -1.12    -2.85    -7.74    16.00
  -211   -0.356    0.027     -6.4764  0.140    -4.46    -3.86   -20.38    20.60
   111   -0.136   -0.335     -0.1038  0.135    -3.15    -4.62    -4.27    25.60
  -211    0.299    0.076     -0.6805  0.140     2.85     3.44    -8.87     9.80
   111    0.330    0.149      0.7312  0.135    16.05    10.09   133.70   136.75
   211   -0.220   -0.164      0.3125  0.140    -3.46    -5.51    11.79    15.80
   211    0.122    0.452     -0.8399  0.140     1.37     7.31   -13.83    16.00
   211   -0.121   -0.036      0.1408  0.140    -5.44     3.09    21.65    24.40
  2212    0.270    0.813      0.0580  0.938     7.35    15.94    -0.06    18.60
  2212   -0.085    0.477     -3.3290  0.938    -0.13     8.14   -20.65    21.40
   111    0.160   -0.117     -0.0968  0.135 0.20E+05 0.50E+04 -.21E+05 0.79E+05
   211    0.027    0.006      0.0882  0.140     5.99    -4.78    17.37    21.20
  2112   -0.421   -0.431      0.5050  0.940    -5.94    -6.36     5.48    10.00
   211   -0.416    0.024      1.0930  0.140    -2.83    -5.65    12.67    13.20
   321    0.226   -0.200      0.5764  0.494     3.69     0.59     6.40    10.00
  -211   -0.373    0.275      0.9298  0.140    -2.19     5.88    21.67    23.40
  2112   -0.764    0.311     -0.5242  0.940    -8.24     3.70    -4.91    11.60
   111    0.044    0.080     -0.0451  0.135 0.20E+05 0.50E+04 -.21E+05 0.79E+05
   211   -0.059    0.084     -0.2257  0.140     2.18     8.65     2.79    11.80
  2112   -0.310   -0.565     -4.7056  0.940    -7.09    -1.60    -9.84    10.00
  -211   -0.223   -0.075     -0.1844  0.140    -3.96    -0.38    -6.68    10.00
  3112    0.017   -0.353      0.0716  1.197    -1.32    -5.29     0.80    10.00
   211    0.190    0.181      0.4880  0.140   -10.04     1.67    17.63    22.60
  -211    0.090    0.162      0.1461  0.140     1.71    -1.54    19.34    39.32
   211   -0.789   -0.195     -1.6834  0.140    -7.68    -0.95    -8.98    10.00
   211    1.238   -0.062      2.1573  0.140    11.88     0.65     8.57    10.00
   211    0.031    0.506     -0.0273  0.140     2.45     5.13    -2.97    12.80
   211    0.157    0.324      0.5312  0.140     1.18     3.56     8.09    10.00
   321    0.126    0.676     -1.5639  0.498     0.91     6.70    -8.66    10.00
   211    0.098   -0.132     -0.1123  0.140     8.10    -5.43    -0.01    20.20
   211    0.121   -0.019      0.2295  0.140     2.01     2.76     9.40    10.20
  -211   -0.144   -0.103      0.3628  0.140    -0.14    -1.56    23.11    24.40
  -321    0.249   -0.001      0.0477  0.498     5.80     9.44    -0.15    14.60
   111   -0.035   -0.201     -0.0340  0.135     1.62    -1.82    19.21    39.32
   211    0.144    0.228      0.7350  0.140     3.64     2.55     8.64    10.20
   211   -0.552   -0.348      0.8093  0.140    -3.21    -1.57     7.58    10.20
    22    0.070    0.012      0.0024  0.000 -1852.24  -539.75  3028.10  3878.23
   211    0.153   -0.280      0.5758  0.140    18.63   -10.74   104.82   118.98
   111    0.097    0.253      0.4574  0.135    18.62   -10.57   104.81   118.98
  -211    0.302   -0.051     -0.5862  0.140     9.23    -4.24   -13.44    15.80
   211   -0.327    0.414     -0.9559  0.140    -5.54     7.07    -8.43    10.20
 -3222   -0.907    0.991      3.2817  1.189    -3.76     7.05     8.53    11.60
    22   -0.219   -0.163     -1.1555  0.000 -.24E+05 -.26E+05 -.13E+06 0.15E+06
  -211   -0.196   -0.010      0.2538  0.140 -.20E+06 -.14E+06 0.42E+06 0.51E+06
   111   -0.181   -0.062      0.5781  0.135     1.34    -5.56     9.24    10.20
   111   -0.369   -0.381     -2.1803  0.135    -1.44    -6.96   -22.23    23.00
  2212    0.008    0.196      1.4468  0.938     6.66     2.27    19.18    24.60
  2212    0.276    1.711      5.4099  0.938     2.82     5.43    17.01    18.00
   111   -0.118   -0.153      0.2793  0.135 -.20E+06 -.14E+06 0.42E+06 0.51E+06
   111    0.117   -0.120     -1.3697  0.135     3.76    -1.09   -24.73    26.20
  -211   -0.105   -0.201     -0.0763  0.140    -0.19    -6.28    14.60    31.60
 -2112    0.233    0.522      0.7457  0.940     3.34     4.91     5.88    10.40
   211   -0.263   -0.169      0.2647  0.140    -3.94    -3.53     7.12    10.40
  3122    0.084    0.521      6.0894  1.116     3.32     4.74    10.26    10.40
   111    0.103    0.200     -0.4004  0.135     4.74     6.44    -9.36    10.40
   111   -0.030    0.154      0.0877  0.135    -0.14    -6.00    14.73    31.60
  2112    0.057   -1.098      0.0207  0.940    -0.63   -10.53     1.96    18.20
  -211   -0.051    0.038     -0.3687  0.140    -2.74    -2.83   -14.19    35.29
  -211    0.158    0.200     -0.4136  0.140    -3.03     0.10     4.69    13.80
   211    0.368   -0.676      3.3476  0.140     1.18    -6.85    10.09    10.40
   211   -0.423   -0.161      0.8855  0.140    -9.85    -0.38    14.42    18.40
  2112   -0.945    0.415     -1.1370  0.940    -9.80     4.10    -9.23    14.60
   111   -0.063    0.126      0.0144  0.135    -2.78    -2.72   -13.99    35.29
   211    0.180   -0.032     -0.7957  0.140     6.04     2.02    -9.45    10.60
  2112   -0.827    1.075     -2.4741  0.939    -5.51     6.33    -9.95    11.40
  2212    0.190    0.726     -1.0761  0.938     3.62     3.40    -7.78    10.60
   211   -0.070   -0.300      0.1170  0.140   -13.99    -2.11    21.69    38.27
  2212   -0.196   -0.397     -0.2234  0.938    -3.23    -6.82    -2.60    10.80
  -211   -0.136   -0.096     -0.3346  0.140    -6.44     4.34   -11.11    15.00
   211   -0.387   -0.619     -1.7919  0.140    -8.55    -1.12    -9.79    10.60
  -321    0.216    0.218      1.5209  0.498     9.36     2.13    17.22    19.20
   111    0.092   -0.231      0.0044  0.135     0.36   -11.09     1.99    10.60
  2212    0.131    0.007      6.0100  0.938     3.73     2.12    10.62    10.80
   111   -0.110    0.104      0.1001  0.135   -14.05    -1.86    21.72    38.27
   211    0.205   -0.273      0.1775  0.140    17.92   -13.55    17.65    36.10
  -211   -0.175   -0.092     -0.1099  0.140    -4.02     5.92   -12.30    16.40
  -211    0.166    0.004     -1.3170  0.140     2.58     0.26    -9.57    10.60
   211    0.204   -0.566      0.2409  0.140     1.12   -15.67     7.22    16.40
   321   -0.058   -0.281      0.0479  0.494    -0.73    -5.78     1.95    10.60
 -2112   -0.377    0.222      0.1337  0.939    -3.71     0.12     1.71    13.80
  2212    0.252    0.033     -0.4297  0.938     3.96     1.41    -7.72    14.00
  -211    0.610    0.684     -1.3648  0.140     3.36     8.23    -8.13    10.60
   111    0.094   -0.418      0.1531  0.135     2.63    -9.14     3.44    10.60
  -211    0.124    0.198     -0.0850  0.140     1.97     2.29     2.35    14.80
   111    0.450   -0.383      0.4307  0.135    17.94   -13.52    17.67    36.10
  -321   -0.582   -0.318     -0.7252  0.498    -3.12    -3.92    -8.34    13.00
   111   -0.095    0.182     -0.9401  0.135    -5.28     1.89   -21.91    22.80
  2112   -0.728    0.232     -0.7002  0.940   -10.71     2.63    -7.84    14.40
  -211    0.189   -0.005     -0.1427  0.140    -1.86    -4.34    -4.28    27.00
  -321   -0.049   -0.209      0.4326  0.498    -5.64     2.13    10.04    14.80
   321    0.083    0.325     -0.1338  0.494    -6.88    10.00    -9.95    19.80
    22   -0.357    0.104      0.3635  0.000    -5.50    -6.48     7.92    15.80
  2112    0.400    0.222      0.9261  0.940     5.18     3.25     9.33    10.80
  -211    0.289   -0.202     -0.8347  0.140     9.92    -5.28   -20.23    22.60
   111   -0.102    0.028     -0.0008  0.135    -0.89    -0.00    -9.36    14.00
  3122    0.445   -0.304      1.6352  1.116     2.53    -2.93     8.63    10.80
  2212    0.091   -0.438      1.6026  0.938     0.41    -8.39    17.98    20.20
   211    0.055   -0.229      0.0765  0.140    -5.13    -2.33    10.21    19.40
  -211   -0.157   -0.251      2.9808  0.140    -4.43    -1.19    13.06    13.40
   111    0.216   -0.095     -1.1151  0.135     9.89    -1.58   -24.69    26.20
   111   -0.242   -0.089     -0.4426  0.135 -.73E+05 -.77E+05 -.20E+06 0.23E+06
   211   -0.656   -0.339      3.6924  0.140    -2.69    -6.07    12.26    12.60
   111   -0.272   -0.034     -0.1461  0.135   -11.89     3.49   -10.53    16.20
  2112   -0.174   -0.237     -0.0618  0.940    -3.71     1.04    -3.34    12.60
  -211   -0.212   -0.212     -0.6728  0.140    -4.25    -1.37    -9.38    11.00
  2212    0.805    0.298      1.0489  0.938    14.36    -0.86    14.01    23.40
   111   -0.335   -0.302     -0.8714  0.135 -.73E+05 -.77E+05 -.20E+06 0.23E+06
  -211   -0.052   -0.114      0.3206  0.140    -3.28    -5.56    11.91    15.80
   211   -0.058   -0.166      0.0206  0.140    -0.94   -10.30     3.58    12.40
   211    0.124    0.267     -0.4875  0.140    -2.55     9.50   -11.10    15.00
  -321   -0.542    0.075      1.7973  0.494    -0.60    -1.74     9.90    11.00
   211    0.714    0.364      1.4626  0.140    15.69     8.53    18.93    24.80
   111   -0.100   -0.041      0.7438  0.135     0.67    -0.86     9.33    11.00
   211   -0.460    0.176     -0.7320  0.140    -7.71     1.50    -8.25    11.00
   211   -0.136   -0.024     -0.6406  0.140    -4.89    -8.49   -24.50    26.60
   111   -0.299   -0.201     -0.0895  0.135   -20.30   -12.31    -9.47    24.80
   111    0.150   -0.056     -0.2305  0.135     7.23     0.57    -8.39    11.00
  -211    0.082   -0.033     -1.9005  0.140 0.65E+04 -.77E+04 -.43E+06 0.43E+06
  -211   -0.504    0.048      2.5916  0.140    -4.29     0.05    10.70    11.00
  2112   -0.274    0.506      0.4293  0.940    -5.24     3.84     8.50    15.40
   111    0.112    0.040      0.2847  0.135    -4.22    -2.42    20.48    24.20
  2112   -0.369    0.542      0.5155  0.940    -6.40     7.92     3.75    11.00
  -211   -0.493    0.087      1.1038  0.140    -6.98    -0.44    26.41    28.20
   211    0.065    0.004     -0.4159  0.140     1.13    -1.47    -9.97    11.20
   111   -0.003   -0.080     -0.4655  0.135 0.65E+04 -.77E+04 -.43E+06 0.43E+06
  -211    0.145   -0.314     -0.4267  0.140    43.01   -12.73   -79.66    99.01
   211   -0.285   -0.119      0.1924  0.140    -6.34    -2.33     6.44    11.20
  3112   -0.030   -0.125      2.9216  1.197     1.50    -4.74    10.88    11.20
   111    0.004   -0.072     -0.3123  0.135    43.07   -12.66   -79.86    99.22
  -211   -0.010    0.077     -0.1269  0.140     2.84     2.25   -14.34    17.60
   111   -0.050    0.043     -0.6821  0.135     2.30     4.53   -26.61    29.40
  -211   -0.048    0.068     -0.2893  0.140 0.75E+04 0.91E+05 -.65E+05 0.15E+06
   211    0.034   -0.078     -0.3488  0.140    -1.32     0.00   -13.08    18.60
   211    0.026   -0.176      1.7446  0.140     0.86    -5.04    23.82    24.20
   321   -0.115   -0.223      1.7083  0.498     2.47    -4.86    10.53    11.20
  2212   -1.529    0.240     -1.1464  0.938   -10.72     2.74    -8.24    13.00
  3112   -0.553   -0.084     -1.1606  1.197    -5.56     0.02    -9.61    11.20
  2212   -0.033    0.277      0.7032  0.938     0.29     5.15     8.33    21.60
  -211   -0.191    0.412      0.7096  0.140    -5.83     6.61     8.45    11.40
   211    0.562   -0.218     -1.8391  0.140     6.23    -0.13    -9.13    11.40
   111   -0.218   -0.194      0.0775  0.135    -5.30    -2.28    10.20    19.40
  2212    0.390    0.577     -8.0496  0.938    -1.51     4.57   -11.29    11.40
  -211    0.066   -0.485     -2.9086  0.140    -6.40     0.61   -13.31    13.60
   111    0.266    0.332     -3.5803  0.135     1.89     3.20   -25.60    26.00
   111    0.019   -0.027      0.3797  0.135     7.79     3.14    16.70    18.60
  2112    0.297   -0.271     -1.5873  0.939    -2.23    -3.01   -10.07    11.40
  -211   -0.004    0.137      0.1141  0.140    -2.34   -10.06     5.11    20.60
   111   -0.041   -0.039     -0.0169  0.135    -2.40    -5.94    -2.93    12.00
   211    0.040    0.397     -0.0995  0.140 0.75E+04 0.91E+05 -.65E+05 0.15E+06
   111   -0.668    0.487     -1.5187  0.135    -7.33     4.36    -9.95    11.40
  -211    0.197    0.044      0.2634  0.140    -2.35     5.68    27.48    29.00
    22   -0.073   -0.318     -0.1180  0.000 0.44E+05 -.50E+05 -.28E+05 0.15E+06
  -211   -0.021   -0.013     -0.2699  0.140    -0.13     6.49   -14.76    17.20
   111    0.058    0.060      0.1083  0.135    -0.78     5.46    16.44    27.40
   321   -0.240   -0.538     -0.8054  0.498    -0.21    -8.97    -8.73    11.40
   211    0.255    0.066     -1.9342  0.140     2.45     4.14   -11.23    11.60
  -211   -0.037   -0.044     -0.0322  0.140 0.95E+05 -.18E+06 -.62E+05 0.38E+06
  -211    0.065   -0.419     -0.1986  0.140    -0.65    -7.60    -9.95    15.00
   111    0.026    0.008     -0.1065  0.135     9.33     4.73    -6.82    16.20
  -211    0.050   -0.017      0.0531  0.140     9.47     2.13    -4.97    16.20
   111    0.106   -0.244     -0.1296  0.135 0.95E+05 -.18E+06 -.62E+05 0.38E+06
  -211    0.068   -0.209     -0.5578  0.140    -0.69    -3.64   -10.44    11.60
    22   -0.485   -0.190      1.4430  0.000 -.80E+05 -.50E+05 0.18E+06 0.22E+06
   211   -0.099    0.121      0.5354  0.140     0.83     3.04     8.89    11.60
   111    0.206    0.470     -0.3420  0.135 0.63E+04 0.29E+05 -.28E+05 0.44E+05
   111    0.098    0.018     -0.1538  0.135    -4.76    -8.46   -24.44    26.60
  -211    0.382    0.175      0.6179  0.140     5.79     5.38    14.11    15.20
   111    0.077   -0.235     -1.4820  0.135     2.68    -6.06   -11.40    11.60
   211    0.019    0.135     -1.2076  0.140     1.63    -0.95   -23.92    24.40
   111   -0.052    0.176     -0.2776  0.135 0.63E+04 0.29E+05 -.28E+05 0.44E+05
  -211    0.092    0.179     -0.0290  0.140    12.73    10.91    -1.34    19.80
  -211    0.009    0.574     -0.3075  0.140     2.62    10.60    -7.61    11.80
  2112    0.060    0.063      0.2215  0.940     1.24     3.54     4.60    11.80
  2212    0.670   -0.402      1.1756  0.938     5.39    -0.85     8.43    11.80
  -211    0.158    0.144     -1.5063  0.140    -2.59     3.08   -13.79    15.80
  -211   -0.137   -0.094     -0.1188  0.140 -.79E+04 -.29E+04 -.59E+04 0.12E+05
   111   -0.398   -0.133     -0.3608  0.135 -.79E+04 -.29E+04 -.59E+04 0.12E+05
  2112   -0.608   -0.283      0.8209  0.940    -5.88    -5.36     9.75    17.20
   111    0.079   -0.005      0.8636  0.135     2.51    -2.74    11.61    11.80
   111    0.112    0.036      1.4248  0.135     0.87    -5.02    23.82    24.20
   211   -0.053    0.083      0.1978  0.140    22.54     7.02   -12.92    48.41
    22   -0.011    0.468     -0.6481  0.000 0.50E+05 0.10E+06 -.31E+06 0.35E+06
  2112    0.763    0.693     -1.3484  0.940     4.51     2.17    -8.62    11.80
   211    0.204   -0.083      0.6348  0.140     4.13     0.29    10.64    11.80
   211   -0.048   -0.174      0.6929  0.140    -3.74    -1.05    11.26    11.80
   211   -0.164   -0.050     -0.2798  0.140   -12.38    -3.01    -1.62    16.00
  -211   -0.060    0.258      0.4374  0.140     5.97     2.74    35.00    40.95
   111    0.047    0.013      0.6234  0.135     6.01     2.64    35.03    40.95
   211    0.129    0.211     -0.0389  0.140     5.57     0.83     5.85    16.20
   111   -0.224    0.048      0.0619  0.135    -6.59     0.04     7.79    21.40
    22   -0.069    0.102     -0.1415  0.000 -.22E+05 -.22E+06 -.38E+06 0.49E+06
   211   -0.360   -0.001      0.2896  0.140   -10.06     0.91     9.90    21.80
  -211    0.210   -0.016      4.3717  0.140     1.79     0.44    12.56    13.00
  3312   -0.662   -0.168     -1.5521  1.321    -5.00    -4.02    -9.73    12.00
 -2212    0.041    0.085      0.2190  0.938     0.78    -3.69     6.59    14.80
   211    0.221   -0.191     -0.4779  0.140    -1.03    -5.76   -12.62    16.00
  -211   -0.382    0.126     -0.8197  0.140   -11.93    -8.80   -26.19    31.41
   321    0.716    0.234     -1.1102  0.494     7.42     0.18    -9.30    12.00
  -211    0.125   -0.204      0.3853  0.140     0.61    -0.43    33.43    48.35
   321    0.568   -0.463     -0.4306  0.498     8.25    -4.58    -3.45    12.00
   111    0.028    0.011     -0.0058  0.135     0.60    -0.33    33.26    48.35
   211   -0.094    0.377     -4.9973  0.140    -3.50     4.61   -29.27    29.60
   211   -0.595   -0.262      0.9876  0.140    -6.93    -0.48    14.10    19.20
  2112    0.118    0.051      0.0276  0.940     5.24     0.46    -3.20    17.20
  2112    0.188   -0.490      1.4411  0.940     3.22    -5.53    12.43    14.80
  2112    0.481    0.449      1.0166  0.940     6.03     4.19    10.02    12.20
  -211    0.241    0.027     -0.0995  0.140    12.09     4.10    -6.35    19.80
   111   -0.090   -0.342      3.3445  0.135    -2.04     0.01    24.92    25.40
   321   -0.640    0.096     -0.5268  0.498   -10.15     3.73    -7.66    16.00
  2112   -0.710    0.307     -2.9629  0.940    -5.82     3.99   -11.65    12.20
   211   -0.469   -0.025     -0.0919  0.140   -10.60     7.81    -6.16    25.20
   111    0.399   -0.070      0.3756  0.135     7.68    -1.55     4.23    12.20
   211   -0.190    0.053      1.6587  0.140 -.68E+05 -.57E+05 0.12E+07 0.13E+07
   211   -0.212    0.400     -0.7409  0.140    -2.53     6.16   -14.38    19.40
  -211    0.212    0.169     -0.0481  0.140    14.60    12.91   -10.83    21.00
   111    0.020   -0.129      1.3896  0.135 -.68E+05 -.57E+05 0.12E+07 0.13E+07
   211    0.033    0.221      0.9143  0.140     1.77     1.46    10.60    12.20
  2112   -1.179    0.064      1.4960  0.940   -14.35    -2.55    14.30    21.20
   211   -0.271    0.314     -0.3276  0.140    -6.08     4.71   -11.54    15.00
  2112    0.245    0.228     -0.4853  0.940     2.69     3.01    -4.47    12.80
   211   -0.102    0.046      0.0543  0.140   -10.86    -3.05     1.18    12.80
  2112    0.568   -0.029      0.8999  0.940     3.42    -1.51     8.50    13.60
 -2112   -0.422    0.655      1.4787  0.940    -3.19     5.71     9.63    12.40
  2112   -0.293    0.500     -0.0762  0.940    -3.05    14.47     0.45    27.00
  -211   -0.099   -0.053      0.3004  0.140     9.45    -0.70    24.90    30.75
   111    0.030    0.034     -0.0932  0.135     0.49     0.72   -10.02    12.40
  2212   -0.074   -0.453      1.4686  0.938     0.51    -1.50     9.75    12.40
  2112   -0.390    0.265     -2.1925  0.940    -7.16     3.20   -23.05    27.40
   111    0.018    0.153      0.3373  0.135     9.51    -0.59    24.90    30.75
  -211    0.194    0.135      2.1132  0.140     2.43    -1.80    12.25    12.40
  2112   -0.585   -0.476      2.8403  0.940    -0.98    -2.51    14.52    15.40
   321    0.457   -0.964      0.4582  0.498     4.49    -9.83     4.88    12.40
  -211   -0.069    0.441     -0.0376  0.140    -6.52     2.98    -6.22    13.80
   111    0.024   -1.014      1.2451  0.135     2.17   -12.22     9.68    12.60
  3122    0.326    0.423      0.1661  1.116     6.41     9.72     3.72    12.40
   211   -0.160    0.089     -1.2783  0.140    -5.65     3.96   -12.05    12.40
  -211    0.051    0.331     -0.2571  0.140     1.07    12.90   -14.54    24.80
  -211   -0.296    0.119      1.4867  0.140    -1.65     3.13    11.80    12.40
   211    0.518   -0.723      2.3647  0.140     3.96    -6.08    11.00    12.40
   321    0.294   -0.290     -2.2713  0.498     6.14    -0.46   -19.23    20.40
   111    0.269    0.271     -0.2494  0.135     5.96     9.31    -6.63    12.60
   211   -1.210    0.370     -2.6371  0.140    -5.60     3.36   -11.12    12.60
  -211   -0.674   -0.274     -1.5528  0.140   -32.93    -5.69  -100.86   106.97
   211    0.213   -0.075      0.3183  0.140     7.06    -2.10    13.80    16.20
    22    0.027   -0.291      1.4372  0.000     5.58    -5.45    18.82    20.40
   111   -0.117    0.082     -0.6093  0.135   -32.89    -5.63  -100.87   106.97
   321    0.210   -0.822      1.3567  0.494     3.33   -12.02    15.68    20.00
  2112   -0.787    0.140     -0.7645  0.940   -10.25     4.22    -7.47    12.80
 -2112    0.421    0.857     -0.5389  0.940     5.65     4.02    -3.85    12.80
   211    0.022    0.051     -0.1437  0.140    -7.71   -11.56   -11.14    26.60
  2212    0.246   -0.514     -0.6809  0.938     0.77    -6.98    -8.15    12.80
   211    0.059    0.263      0.5075  0.140    -3.42     6.25    12.17    14.40
  -211   -0.057   -0.464      0.8669  0.140     2.25   -10.10    13.66    15.80
   211    0.099   -0.012     -0.0051  0.140    -0.58    -9.52     7.84    22.00
   111   -0.480    0.446      0.2031  0.135    -8.99     8.03     2.17    12.80
  -211   -0.259   -0.083      0.1682  0.140    -6.35    -1.07    11.23    13.80
  2212   -0.567   -0.043      1.9719  0.938    -2.57     1.70    11.65    12.80
   211    0.150    0.045     -0.0095  0.140    49.20   -11.07    59.47   115.54
  -211   -0.168    0.006     -0.7762  0.140    -3.53    -1.96   -12.12    12.80
 -3112   -0.243    0.245      0.3676  1.197    -2.78     6.88    10.09    15.40
  -211    0.019    0.066     -0.0187  0.140    -8.70    -6.18    -5.17    19.40
  -211   -0.589    0.178      1.2657  0.140    -3.86    -0.60    10.22    12.80
  -211    0.102   -0.011      1.1420  0.140     4.16    -1.53    11.62    13.00
  -211    0.074    0.096      0.3025  0.140    -5.13    -2.11    10.32    19.40
  2212   -0.660    0.730      5.0568  0.938    -4.92     2.01    12.40    13.00
   211    0.062   -0.081     -2.3374  0.140    -6.61    -4.54   -27.37    28.00
   111    0.404   -0.102      0.2477  0.135    49.22   -11.15    59.57   115.54
 -2212    0.126   -0.148      0.0261  0.938     6.21    -5.21    -0.54    13.00
   211    0.199   -0.023     -1.8430  0.140     6.63     5.37   -15.61    16.40
   111    0.086    0.147      0.0303  0.135    -4.26     9.52     6.73    25.20
   111    0.130   -0.130     -0.2898  0.135     4.29    -2.90   -10.31    13.00
  -211   -0.176    0.246     -0.6863  0.140    -2.72     3.05   -13.78    15.80
  -211   -0.108   -0.467     -0.1763  0.140    -3.58   -11.40    -4.36    13.00
   211    0.207    0.193      0.0542  0.140    13.02    10.88    -1.03    19.80
  2112   -0.416   -0.445     -1.3375  0.940    -5.79    -9.05   -19.60    25.20
    22   -0.057    0.045      0.0093  0.000 0.34E+06 -.26E+05 -.23E+07 0.25E+07
  -211   -0.035    0.021     -1.6154  0.140    -4.08    -0.25   -21.84    22.60
  2212    0.644    0.465     -3.8019  0.938     3.90     4.00   -13.58    14.20
  -211    0.007    0.244     -1.2213  0.140    -3.07     4.61   -12.50    13.20
  2112    0.006    0.575      1.1732  0.939     1.82     9.12    15.48    20.80
   211   -0.130    0.046      0.6961  0.140 -.11E+04 -.17E+05 0.96E+06 0.98E+06
   211    0.014   -0.117      0.0883  0.140     9.70     0.76    20.20    25.80
   111    0.120   -0.070      0.9612  0.135 -.11E+04 -.17E+05 0.96E+06 0.98E+06
  2212   -0.203   -0.461      1.1454  0.938    -5.53    -3.89    21.11    24.80
  -211    0.151    0.217     -0.2548  0.140    14.34    13.09   -11.04    21.00
 -3122   -0.685    0.037      1.0374  1.116    -7.28     4.43    10.60    13.20
   111   -0.313   -0.322     -2.1088  0.135    -0.29    -7.28   -12.89    13.20
   111    0.097   -0.391     -0.7078  0.135    -0.41    -5.46   -10.36    13.20
   211   -0.003    0.006      0.0371  0.140     1.32     2.22    20.59    28.20
  2112    0.166   -0.031      0.6771  0.940     6.83    -2.05     9.99    13.20
  2112   -0.281   -0.222     -0.4483  0.940    -4.53    -3.37    -1.24    18.40
  3122    0.268    0.137     -0.5507  1.116     2.91     0.59    -7.98    13.40
   211   -0.100    0.025     -0.9651  0.140    -6.91    -0.93   -18.12    18.80
  -211    0.543   -0.240     -0.0562  0.140    11.36    -5.78     0.18    13.40
  -211   -0.118    0.150      0.9365  0.140    -1.06     6.71    12.95    13.40
  -211   -0.047   -0.062      0.4218  0.140    -0.50     0.14    19.97    22.40
  2212   -0.208    0.307     -0.0915  0.938    -5.47     8.27    -2.78    13.40
  -211    0.223   -0.212      0.1594  0.140     7.78   -11.39     3.11    14.60
   111    0.057   -0.217      0.0311  0.135    -2.16    -8.46    -8.52    14.20
  -211   -0.069   -0.042      0.7774  0.140    13.33    -6.39    44.63    47.96
   211    0.087   -0.181      0.4407  0.140     2.19     7.97    17.06    22.80
  -321    0.541   -0.158     -1.6888  0.494     1.52    -2.64   -12.51    13.60
   211   -0.081    0.147      0.1345  0.140    -3.97    10.69    11.62    24.20
   211   -0.174    0.227      0.0780  0.140   -11.80     6.70    13.33    26.80
  3122   -0.312   -0.411     -0.4036  1.116    -4.71    -4.76    -6.62    13.60
   211   -0.086    0.169     -0.2937  0.140    -0.13     6.67   -14.72    17.20
  -211    0.169   -0.037      0.2613  0.140     2.52    -0.46    15.82    18.00
  2212    0.519   -0.774     -4.0013  0.938     3.08    -3.41   -12.97    13.60
  2212    0.154    0.298     -2.3195  0.938     0.51     7.35   -12.97    13.60
   111   -0.422   -0.235     -1.0337  0.135    -7.15    -2.25   -11.96    13.60
   111    0.084   -0.058     -0.0560  0.135     2.20   -13.53    -4.67    19.80
   211   -0.226   -0.267      1.1521  0.140    -4.23    -2.68    20.55    21.00
  2212   -0.338   -0.233     -0.2712  0.938    -9.99    -2.87   -10.64    27.20
   111    0.261   -0.046      0.5531  0.135    13.43    -6.40    44.61    47.96
  3122    0.407   -0.082     -2.1174  1.116     3.06     1.50   -12.03    13.80
   211    0.079   -0.159      0.1090  0.140    -9.12     5.42    -2.17    23.80
   321    0.542   -0.953      0.9146  0.494     7.24    -8.41     8.69    13.80
  -211   -0.328    0.250      1.0502  0.140    -8.17     3.29    14.60    16.00
    22    0.189   -0.054      0.2998  0.000 0.19E+04 0.21E+05 0.97E+05 0.11E+06
   211   -0.074   -0.043      1.2337  0.140     0.75     2.29    13.61    13.80
  2212    0.398   -0.291      4.0438  0.938     3.92     2.51    13.75    14.20
   111    0.097   -0.047      0.0422  0.135    -7.62   -11.66   -10.96    26.60
   211    0.183   -0.073     -0.3658  0.140     1.19    11.88   -90.82    98.67
   111   -0.075    0.130     -1.2237  0.135     1.09    11.93   -90.85    98.67
   111    0.236   -0.049      0.1735  0.135     6.52    -1.16    13.08    16.60
   111   -0.098    0.037     -0.5661  0.135    -4.41    -0.60   -12.90    14.00
   211   -0.049   -0.035      0.2669  0.140    -6.16     6.93    70.06    72.15
  2212    0.407    0.143      0.7093  0.938     1.43     2.39    11.58    17.20
   211   -0.331   -0.118     -3.2093  0.140    -5.13    -5.31   -13.83    14.00
   111   -0.163    0.036     -0.3301  0.135   -11.73     3.73   -10.75    16.00
   111    0.079   -0.096      0.8070  0.135    -6.11     6.92    70.09    72.15
   211   -0.094   -0.478      1.5868  0.140    -1.09    -2.37    12.74    14.00
  -211    0.463   -0.050     -1.7808  0.140     3.95     1.38   -27.18    28.20
   211   -0.468   -0.004      0.6053  0.140    -6.73     6.67    14.88    16.40
  -211   -0.203   -0.064     -0.0363  0.138    -2.30    -3.24   -12.78    15.20
  -211    0.050    0.132      0.0895  0.140    -5.70    14.03   -15.95    39.94
   111   -0.774   -0.251     -0.4227  0.135   -20.43   -12.30    -9.37    24.80
  -211   -0.248    0.120      0.5409  0.140    -0.34     1.65    17.81    19.60
   211    0.164   -0.151      1.3104  0.140     0.11     2.55    13.68    14.40
  -211    0.252    0.055     -0.4231  0.140     3.35     2.65   -13.18    16.20
  -211   -0.443    0.395      3.1481  0.140    -0.07     5.98    14.13    14.40
   211    0.088    0.181     -0.1463  0.140     3.26     5.60     0.19    20.00
   111   -0.205   -0.055     -0.1790  0.135    -5.88    13.88   -16.15    39.94
  2112   -0.425   -0.849      1.5536  0.940    -3.23   -11.40    13.93    18.20
  2112   -0.091   -0.062      0.2189  0.940     2.93    -0.92    11.58    14.40
  2212   -0.137    0.602      7.1161  0.938     5.13     5.61    24.28    24.60
   321   -0.628   -0.403      1.9406  0.498     2.43    -3.16    13.00    14.40
   211    0.274    0.264     -0.6289  0.140     9.54     1.22   -30.33    35.26
  2112    0.580   -0.389      1.9720  0.940    10.80     0.28    15.04    16.80
   111   -0.080    0.048      0.3292  0.135    -0.46     4.87    12.80    14.40
  2112    0.504    0.901      2.5529  0.940     3.07     9.20    16.63    18.40
   111   -0.011   -0.055      0.9634  0.135     2.15    -3.53    18.25    18.80
 -3312    0.168   -1.429      0.8870  1.321     1.34   -14.14     5.79    14.40
  2212   -0.930    0.167     -3.3161  0.938    -6.20     2.03   -13.46    14.40
  2212    0.112   -0.437     -2.5095  0.938    -0.41    -5.38   -13.86    14.40
   111    0.231   -0.110     -0.5058  0.135     9.55     1.11   -30.34    35.26
   211   -0.106    0.120     -0.0146  0.140     3.72    -3.36     2.31    14.60
  -211   -0.107   -0.008      0.1282  0.140    -4.34    10.44    11.55    24.20
  2212    0.478    0.159      0.7327  0.938    10.08     3.20    11.30    19.20
   111   -0.043    0.056      0.1069  0.135     1.78     8.01    17.14    22.80
  2112   -0.513    0.111     -5.3429  0.940    -5.46    -3.51   -14.28    14.60
  -211   -0.113    0.012     -0.9576  0.140    -7.10    -0.37   -25.01    26.00
  2212   -0.412   -0.780     -1.1246  0.938    -7.46    -9.71   -13.97    21.00
   211   -0.194    0.166     -0.6203  0.140    -9.25    -1.07   -23.61    24.80
  2212    0.141   -0.742     -4.5751  0.938    -2.02    -5.10   -14.02    14.60
  3222    0.159   -0.383     -4.0585  1.189     1.84    -3.36   -14.05    14.60
  2112   -0.114    0.604     -1.2744  0.940    -4.07     4.84   -12.58    14.60
  -211   -0.121   -0.277     -0.7767  0.140    -3.42    -8.24   -21.57    25.00
  -211    0.832   -0.222      0.5197  0.140    61.23   -15.35    26.14    76.59
  -211   -0.145   -0.214     -0.1427  0.140     1.18   -10.32   -12.96    14.80
  -211    0.338   -0.478      1.0817  0.140     5.50    -4.96    17.83    21.20
   111   -0.072   -0.081      0.2114  0.135     2.73    -1.75    11.80    14.80
   211   -0.043   -0.029      1.9849  0.140    -0.01    -0.81    14.12    14.80
  -211   -0.108   -0.258     -0.0985  0.140     7.65   -14.15    -1.77    22.20
   111    0.720   -0.299      0.0552  0.135    61.24   -15.38    26.05    76.59
  2212   -0.410   -0.366      0.7462  0.938    -8.49    -2.63    11.20    19.80
  -211    0.010    0.358     -1.8048  0.140     7.62     5.07   -14.38    14.80
   111    0.053    0.049     -0.2877  0.135     1.99     0.56   -13.92    14.80
  3222   -0.250   -1.131     -0.8185  1.189    -0.73   -15.49    -7.81    14.80
   211   -0.015    0.058      0.1175  0.140    -1.48     0.83   -17.55    47.13
   111    0.563   -0.080      2.3325  0.135    11.07     1.50    14.10    14.80
   321   -0.022   -0.031      0.3937  0.498    -0.53    -1.61    12.05    14.80
   111    0.051   -0.034     -0.4325  0.135    -1.45     0.76   -17.86    47.13
   111    0.018   -0.147      0.5899  0.135 -.24E+04 -.16E+05 0.54E+05 0.57E+05
  -211   -0.094    0.447      2.8230  0.140     0.95     6.60    14.66    15.00
   111   -0.129   -0.587      1.9490  0.135 -.24E+04 -.16E+05 0.54E+05 0.57E+05
  -321    0.393   -0.070     -0.6549  0.494     6.55     0.83   -12.32    15.00
  3222   -0.195   -0.210     -2.4413  1.197    -2.20    -3.51   -12.76    15.20
   211    0.217   -0.341     -0.7309  0.140     3.68    -1.07   -13.21    15.00
   211   -0.292    0.099      0.3960  0.140    -8.35     0.82     9.28    15.00
  -211    0.602   -0.048     -2.9354  0.140     1.34    -4.76   -14.54    15.00
  -211   -0.243    0.182      0.7080  0.140    -7.33    -0.40    28.31    30.29
   211    0.007   -0.084     -0.6145  0.140    -2.34    -3.48   -13.79    15.20
   211    0.024    0.152      1.0380  0.140     0.69     2.15    14.07    15.20
  2112    0.511   -0.328     -4.1477  0.940    -0.91    -4.39   -14.93    15.20
   211   -0.069    0.082      0.4351  0.140    11.29    -2.31    29.69    52.27
   111    0.011   -0.103     -0.8313  0.135    -2.57    -5.54   -18.29    18.60
 -3312   -0.465   -0.779     -0.0788  1.321   -11.25   -15.28    -1.32    27.20
  2112   -0.131    0.040      3.9119  0.939     3.65     4.70    16.29    17.00
   111    0.022   -0.038     -0.0569  0.135    11.35    -2.40    29.43    52.27
   111   -0.076   -0.227      1.6299  0.135    -2.77    -6.84    15.10    15.40
  2112   -0.540    0.014      9.5513  0.940    -1.24    -2.47    15.30    15.40
   211   -0.131    0.361      1.6937  0.140     1.46     4.97    28.35    29.00
   111   -0.187    0.323     -1.0759  0.135    -4.23    10.26   -23.63    26.00
   211   -0.169   -0.196      0.4440  0.140    -9.47    -6.31    14.69    18.40
  2212    0.595    0.146      8.7254  0.938     5.50    -2.98    15.27    15.40
   211    0.006    0.136      0.5201  0.140     1.79     6.03    14.83    15.40
  2112    0.232   -0.474     -0.7228  0.940     0.62   -11.27   -10.64    22.80
   211   -0.283    0.285      1.8753  0.140    -4.26     0.43    14.71    15.40
  2212    0.095   -0.226     -1.2047  0.938     1.29    -0.08   -13.45    15.60
   211   -0.139   -0.102      0.0878  0.140     2.44    -9.28    19.43    53.32
   211   -0.074    0.387      2.4731  0.140    -3.66     2.36    15.38    15.60
   211   -0.132    0.088      0.1739  0.140    -5.14     6.46    13.07    16.40
   111   -0.408   -0.196      2.1244  0.135    -1.49    -4.50    14.93    15.60
   211   -0.190   -0.138     -1.4902  0.140    -4.84     0.43   -14.68    15.60
   111    0.091    0.027      0.3281  0.135     3.23    -0.33    14.43    15.60
   211   -0.058   -0.312      0.9693  0.140     0.87     0.22    14.43    15.60
  -211    0.069   -0.211     -0.2566  0.140    -3.92    -7.46   -13.63    16.40
   111    0.063    0.136      0.2675  0.135    -0.16     3.77    15.00    16.20
   111   -0.046   -0.026     -0.1320  0.135     2.51    -9.22    19.22    53.32
  -211   -0.243   -0.454      1.0820  0.140    -0.49    -2.60    17.82    19.60
   111   -0.099   -0.228      0.8873  0.135 -.99E+04 -.55E+06 0.14E+07 0.16E+07
  3312    0.155    0.356      0.8652  1.321     2.04     1.36    12.73    15.80
   111    0.124   -0.228      0.5035  0.135 -.99E+04 -.55E+06 0.14E+07 0.16E+07
   321    0.185    0.205     -0.4938  0.494    32.24    64.04  -110.65   157.80
   111   -0.107   -0.204     -0.4504  0.135 -.12E+05 -.35E+05 -.66E+05 0.82E+05
  2112    0.100    0.857      0.1463  0.940     3.81    19.85     6.74    27.80
   111   -0.061   -0.003     -0.1712  0.135 -.12E+05 -.35E+05 -.66E+05 0.82E+05
  2212    0.086    0.083     -2.4302  0.938    -2.27     0.70   -21.33    23.40
   111   -0.116    0.049     -0.1494  0.135 -.24E+05 0.39E+05 -.36E+06 0.42E+06
   211   -0.144    0.066     -0.2042  0.140    -3.18    -4.41    -4.36    25.60
   111   -0.053    0.008     -0.3496  0.135 -.24E+05 0.39E+05 -.36E+06 0.42E+06
   111    0.516    0.281     -0.2175  0.135    22.30     7.68    -9.38    39.99
    22   -0.054    0.039      0.0704  0.000    22.02     7.67    -9.17    39.99
  2212   -0.750    1.237      1.8600  0.938    -3.27    11.38    12.80    16.00
  -211   -0.023    0.102     -0.1607  0.140 -.43E+06 0.13E+07 -.13E+07 0.21E+07
  -211    0.120   -0.330      0.6486  0.140     3.20    -6.52    13.91    16.00
   111    0.006    0.120     -0.1173  0.135 -.43E+06 0.13E+07 -.13E+07 0.21E+07
   111    0.483    0.163     -1.4666  0.135     5.54     2.20   -27.94    28.80
   211   -0.356   -0.070     -4.1217  0.140    -9.62     5.14   -43.54    44.30
  -211    0.063    0.066     -0.1499  0.140    -1.37    -5.98   -12.69    16.20
  2212   -0.059    0.181      2.3998  0.938     1.05     6.33    15.14    16.20
   111   -0.080    0.039      0.3636  0.135    -5.02     6.60    13.18    16.40
   211   -0.230   -0.024     -1.7079  0.140    -4.93     0.46   -15.30    16.20
  3122    0.092    0.004     -4.4814  1.116    -1.96     3.44   -15.68    16.20
  -211    0.093    0.012      0.1766  0.140     8.24     6.06    25.89    43.57
  -211   -0.023   -0.235      0.3923  0.140    12.99    -2.42    31.04    36.82
   111    0.008   -0.073     -0.3254  0.135    -4.02    -0.61   -21.80    22.60
    22    0.051   -0.319      0.3436  0.000     4.23    -6.88    -3.32    25.40
   111    0.294    0.194      0.5630  0.135    13.08    -2.26    31.04    36.82
   111    0.220   -0.018      1.9733  0.135     7.79     0.55    16.06    16.20
   111   -0.117   -0.165     -0.4103  0.135    -4.26   -10.76   -14.14    16.20
   211   -0.088   -0.031     -3.4040  0.140    -3.61     1.43   -16.09    16.20
  -211   -0.171    0.087     -0.4402  0.140    -3.09     3.87   -14.66    16.20
   211    0.039   -0.245      0.2823  0.140    13.70    -2.31    10.24    20.40
   111    0.101   -0.058     -0.0448  0.135 0.28E+04 0.21E+05 -.56E+04 0.61E+05
   111   -0.014    0.157     -0.0606  0.135 0.28E+04 0.21E+05 -.56E+04 0.61E+05
   211    0.006   -0.183     -1.9089  0.140     3.69    -0.85   -25.55    27.00
  -211    0.420   -0.113     -2.6112  0.140     0.84     2.93   -16.52    17.60
   111    0.055   -0.306     -0.8469  0.135    31.75   -12.75   -69.19    90.56
  -211    0.179    0.013     -0.7649  0.140     5.00    -0.50   -14.35    16.40
   211    0.218    0.438     -0.5736  0.140     7.06    14.14   -12.97    17.00
  3122    0.430    0.421     -2.4228  1.116     0.65     4.72   -15.46    16.40
   211    0.139   -0.141     -0.1367  0.140 0.58E+05 -.24E+05 -.37E+05 0.11E+06
   111    0.166   -0.072      0.0359  0.135 0.58E+05 -.24E+05 -.37E+05 0.11E+06
   211   -0.052    0.016      0.1557  0.140 0.35E+05 -.13E+05 0.52E+05 0.79E+05
  -211   -0.153    0.381     -1.7854  0.140    -1.19     5.27   -22.60    24.00
   211    0.038   -0.083     -1.4981  0.140    -2.09     3.39   -15.96    16.40
  -211    0.169   -0.132     -0.8380  0.140    -0.67    -4.78   -15.61    16.40
  2212   -0.366   -0.210      0.2788  0.938    -5.82    -3.40     4.42    18.20
   111   -0.156   -0.024     -0.1135  0.135    -8.51     3.71   -12.75    22.40
  -211    0.189   -0.081      2.2066  0.140     5.70     2.41    16.50    16.60
  2112    0.174    0.290     14.3395  0.940     2.10     5.65    16.57    16.60
  -211    0.189   -0.050      0.2730  0.140 0.35E+05 -.13E+05 0.52E+05 0.79E+05
    22   -0.202    0.010      0.2524  0.000 -.17E+04 0.19E+05 0.30E+05 0.40E+05
   211    0.048   -0.023      0.1848  0.140     1.97     7.85    21.11    24.40
   111    0.038   -0.077     -0.6557  0.135    -3.82    -0.97   -15.59    16.80
   111   -0.065   -0.018      0.4660  0.135     0.45    -0.93    26.91    29.80
   211    0.259   -0.160      2.8985  0.140     7.39     0.99    16.50    16.80
   211    0.106   -0.043     -1.5064  0.140     4.90     2.13   -16.68    16.80
  2112    0.630   -0.650      7.9922  0.940     6.15     1.43    16.71    17.00
  3222    0.161    0.117     -1.8202  1.189     1.64     3.81   -15.61    17.00
   111   -0.230   -0.081     -0.3399  0.135    -3.37    -1.02   -12.50    17.00
  2112    0.667    0.898     -1.3665  0.940     7.20     5.28   -17.38    22.00
  2112    0.004   -0.262      0.2559  0.940     2.53    -4.55    10.72    23.00
   211    0.069   -0.239     -1.9526  0.140     0.08    -3.21   -16.87    17.20
   211    0.066   -0.213     -0.9171  0.140    22.01    -8.81  -195.41   198.54
   111    0.313    0.192     -2.5833  0.135    22.02    -8.75  -195.42   198.54
  2212   -0.269    0.459      5.0773  0.938    -2.65     4.87    16.90    17.20
  -211    0.110   -0.049     -0.1620  0.140 0.18E+05 -.61E+04 -.75E+05 0.87E+05
  2212   -0.308   -0.063     -0.6127  0.938    -3.84    -0.91   -13.25    24.20
   111    0.051   -0.042     -0.6968  0.135 0.18E+05 -.61E+04 -.75E+05 0.87E+05
   321   -0.115   -0.292     -0.8836  0.498    -1.21    -2.59   -15.23    17.20
   211    0.109   -0.102      0.0146  0.140 0.15E+05 -.25E+05 0.26E+05 0.72E+05
  2112   -0.572   -0.269     -1.9362  0.940    -4.60    -6.85   -19.17    22.40
  3222   -0.575    0.193      1.1465  1.189    -4.92     3.73    13.63    17.40
   111   -0.152    0.059     -1.8497  0.135    -4.42     4.76   -17.21    17.40
   111    0.098   -0.152      0.1534  0.135 0.15E+05 -.25E+05 0.26E+05 0.72E+05
   111   -0.231   -0.014     -0.6805  0.135    -2.94     3.93   -16.14    17.40
  -211   -0.246    0.390      0.9223  0.140    -1.97     6.14    21.57    23.40
  2112   -1.174   -0.291     -5.7075  0.940    -6.98    -1.50   -20.22    21.00
 -3122   -0.272    0.288      0.8677  1.116    -1.11     5.58    16.35    27.40
   111   -0.015   -0.008      0.2465  0.135 -.96E+03 -.12E+06 0.19E+06 0.27E+06
   111    0.082   -0.297      0.2248  0.135 -.96E+03 -.12E+06 0.19E+06 0.27E+06
  2112    0.252   -0.378     -4.0178  0.940    -3.84    -5.00   -17.36    17.60
  2112    0.422   -0.990      4.8676  0.940     3.13    -5.32    17.35    17.80
   211    0.310    0.453     -1.5646  0.140     1.72     7.62   -16.75    17.80
  -211    0.162   -0.186     -0.1578  0.140     3.04    -1.19   -20.55    32.27
  -211   -0.039    0.127     -0.5025  0.140     1.95     7.82   -19.08    21.80
  3112    0.376   -0.081     -7.0515  1.197     2.48     0.84   -17.84    18.00
   211   -0.152   -0.279     -0.9594  0.140    -0.01    -7.61   -16.62    18.00
  -211   -0.017    0.240      0.0813  0.140    -8.99     6.49    27.48    39.03
   211   -0.203    0.444     -1.4048  0.140    -3.94     3.27   -20.71    21.60
  2112   -0.077   -0.598     -4.2664  0.940    -4.18    -1.30   -20.54    21.20
  -211   -0.465   -0.184      0.8479  0.140    -5.84    -3.81    16.16    18.20
   111    0.014    0.134      0.3683  0.135    -8.97     6.39    27.60    39.03
  -211   -0.257    0.015     -0.1346  0.140   -10.40     5.98    -2.62    25.00
   111    0.211   -0.043     -0.7496  0.135     1.98     0.58   -17.11    18.20
   211    0.064    0.180     -0.5380  0.140     2.49     4.97   -16.68    18.20
  2212    0.205   -0.729     -5.2889  0.938    -1.66    -4.81   -17.54    18.20
   111   -0.072   -0.108      0.1685  0.135 -.72E+05 -.22E+05 0.13E+06 0.16E+06
   211    0.275    0.093      1.9082  0.140     5.12     2.33    21.74    22.00
   111    0.005    0.092     -0.3237  0.135    -0.21     2.01   -17.13    18.20
  2112    0.202    0.140      3.8395  0.940     5.21     0.72    17.96    18.20
   111   -0.078    0.149     -1.0893  0.135     0.31    -0.36   -22.63    24.20
   111   -0.261   -0.034      0.2238  0.135 -.72E+05 -.22E+05 0.13E+06 0.16E+06
   111    0.286   -0.169     -0.8587  0.135     3.30    -4.11   -17.93    19.20
  -211   -0.049    0.126      0.1156  0.140    -0.38     6.59    -2.06    26.00
  -211   -0.233   -0.254     -1.7555  0.140    -1.09   -11.09   -97.75   101.48
   211   -0.031    0.142     -0.4595  0.140    -7.65    -0.01   -24.88    26.00
   111    0.017   -0.029     -0.1534  0.135    -1.05   -11.09   -97.70   101.48
   211    0.787    0.351     -0.7668  0.140    13.74     6.13   -12.46    18.40
   111   -0.177    0.189     -0.4436  0.135 -.29E+06 0.30E+06 -.86E+06 0.99E+06
  -211    0.113   -0.287     -2.7158  0.140    -1.03    -1.28   -18.46    18.60
   111   -0.090    0.309     -0.5802  0.135 -.29E+06 0.30E+06 -.86E+06 0.99E+06
  -211    0.185   -0.062     -0.6631  0.140     2.33     5.22   -40.88    42.65
   111   -0.199    0.701     -3.2147  0.135    -1.37     4.92   -18.05    18.60
  -211   -0.175   -0.114      0.4375  0.140   -18.95   -11.13    36.43    44.90
   211   -0.043   -0.016     -0.1997  0.140    -4.67    -0.85   -14.05    18.60
  2212   -0.174    0.072     -3.3871  0.938    -3.69     2.69   -28.55    29.80
  -211    0.116    0.296      0.7661  0.140    11.11    12.49    25.82    29.80
   111   -0.044    0.142      0.8431  0.135 -.33E+05 0.60E+05 0.30E+06 0.33E+06
   211    0.547   -0.494      1.7497  0.140     4.49    -0.49    17.01    18.80
   111    0.235   -0.087      0.2156  0.135    11.74    -9.56    15.80    22.60
  2112    0.037   -0.014     -2.8385  0.940     1.07    -4.66   -18.66    18.80
   321   -0.375   -0.060     -5.1810  0.494    -0.07     1.58   -18.59    18.80
   111   -0.012    0.020      0.1089  0.135 -.33E+05 0.60E+05 0.30E+06 0.33E+06
   111    0.253    0.121      1.0026  0.135 0.23E+05 0.94E+04 0.19E+06 0.19E+06
   111    0.109   -0.003      0.9288  0.135 0.23E+05 0.94E+04 0.19E+06 0.19E+06
  2212    1.105   -0.375     -3.2045  0.938     6.81    -1.35   -17.54    19.00
  -211    0.124   -0.053     -0.0057  0.140     7.62    34.41    68.49   100.47
   111    0.100    0.173      0.4928  0.135     7.53    34.52    68.67   100.47
  3112    0.414   -0.204      2.0065  1.197     4.96     0.04    17.86    19.20
  -211   -0.019    0.096      0.2249  0.140     5.50     2.13    25.75    27.00
    22   -0.013    0.042      1.2098  0.000     0.57    -0.11    19.19    19.20
   211    0.085    0.014      0.3143  0.140     0.53     4.31    18.70    19.40
   211    0.037   -0.172      1.0981  0.140     0.99     3.46    18.67    19.40
   211    0.043   -0.050     -4.8745  0.140     2.94     1.59   -26.04    26.20
   111   -0.074    0.290     -0.2379  0.135 -.60E+05 0.78E+05 -.92E+05 0.14E+06
   111   -0.433    0.500     -0.5355  0.135 -.60E+05 0.78E+05 -.92E+05 0.14E+06
   111   -0.001   -0.283      0.1273  0.135    -0.15   -11.81     8.75    23.80
   111    0.508    0.091     -1.4221  0.135     9.75    -1.42   -24.77    26.20
 -2112    0.101    0.509      1.1456  0.940     4.00     3.99    15.58    19.40
  2212   -0.450    0.111      2.1108  0.938    -7.50    -2.37    19.35    21.80
  2212    0.489   -0.112     -1.4015  0.938     9.69     2.23   -22.69    27.60
   211   -0.284   -0.055      0.1096  0.140    -9.98     0.95     9.01    20.80
  2212   -0.347   -0.218      2.3753  0.938    -1.01     0.19    26.32    27.60
   111   -0.241    0.147      1.0271  0.135     1.45     4.94    28.27    29.00
  -211    0.223    0.176     -0.5482  0.140     5.23     2.07   -16.59    19.60
   111   -0.032    0.229      1.2334  0.135  -243.72  1554.02  6017.30  6377.69
   111   -0.052    0.336      0.7917  0.135  -243.73  1554.07  6017.29  6377.69
  2112   -0.716    0.793      0.9974  0.940    -9.16    11.18    12.80    19.80
  2112    0.140   -0.522      2.0032  0.940     2.94    -8.51    21.20    23.40
  -211   -0.084    0.037      0.3217  0.140    -1.03     1.47    16.72    20.80
  -211   -0.361    0.165      0.4861  0.140    -4.93     0.15    14.67    19.80
  -211   -0.676   -0.117     -0.7316  0.140    -6.00     1.98   -18.90    20.80
  -211   -0.169    0.038      0.5891  0.140     1.91     4.54    17.79    19.80
   211    0.219    0.062      3.0157  0.140     8.15     2.24    19.71    19.80
   111   -0.409   -0.233      0.9618  0.135    -7.18    -5.02    16.96    19.80
  2112    0.395    0.367    -13.3110  0.940    -1.94     4.40   -19.72    19.80
   211   -0.177   -0.005      0.5336  0.140     3.77     7.94    18.72    20.80
  -211    0.188   -0.097      0.0949  0.140    16.77    -2.30    17.11    24.40
   211    0.055   -0.227     -1.1073  0.140     1.06    -7.95   -19.18    19.80
  -211   -0.203    0.015      0.6589  0.140    -4.76    -0.32    18.84    20.80
  2112   -0.281   -0.081      1.5137  0.940    -1.92     1.83    19.16    20.20
   211    0.002    0.050     -1.4052  0.140    -0.26    -6.38   -43.18    44.36
   211    0.111    0.166     -0.4653  0.140    -5.98     5.35   -18.97    20.00
  -211    0.362    0.153     -0.4149  0.140     0.89     3.55   -17.96    20.00
  2112    0.656    0.715     -1.8576  0.940     9.79     4.87   -19.73    25.00
   211    0.106    0.039     -0.2646  0.140     1.97    -0.31   -18.01    20.00
  2112   -0.155    0.037     -0.2993  0.940    -3.14     0.70   -10.76    25.40
   111   -0.148   -0.365     -3.1410  0.135    -1.34    -7.91   -20.02    20.20
  -211   -0.293    0.278     -5.9361  0.140    -3.30     0.99   -29.69    29.80
  -211   -0.075   -0.138      0.1511  0.140    -1.92   -14.60    17.97    27.80
  2112    0.326   -0.210      1.5208  0.940     1.66    -0.13    18.63    20.20
  -211    0.326    0.162     -3.8649  0.140     2.19    -2.55   -19.93    20.20
  2112   -0.254    0.191      2.1541  0.940     1.45     4.19    20.59    22.00
   211   -0.120   -0.209      0.9619  0.140    -1.47    -2.87    19.06    20.40
  2112   -0.751   -0.936      2.7695  0.940    -6.81    -5.62    18.21    20.40
  -211   -0.523    0.553      1.9548  0.140    -8.49     6.39    18.83    20.60
   211   -0.238   -0.290     -2.1742  0.140    -4.43    -1.43   -20.27    20.60
  -211   -0.530    0.328      1.0778  0.140    -5.33     0.02    18.59    20.80
  2212   -0.002   -0.113      0.5104  0.938     1.78    -6.58    13.44    22.40
   111   -0.055   -0.288      0.2303  0.135     2.17   -14.48    12.52    20.80
  -211    0.268   -0.028      1.0369  0.140     6.61    -3.67    23.77    26.20
  2112   -0.710   -0.115     -2.6543  0.940    -8.97    -1.67   -19.68    20.80
   321    0.003    0.174     -0.8781  0.498    -3.44    -0.24   -26.77    28.00
   111   -0.011    0.214     -1.0869  0.135    -3.77     4.87   -20.21    20.80
  -321   -0.153    0.530      6.1517  0.494     0.30     1.98    20.62    20.80
   211   -0.151    0.010      0.1715  0.140 -.54E+05 0.21E+05 0.20E+06 0.24E+06
   211   -0.265    0.461      2.4262  0.140     0.88     5.23    22.01    22.40
   111    0.042    0.101      0.3970  0.135 -.54E+05 0.21E+05 0.20E+06 0.24E+06
  2112   -0.423    0.150      3.9585  0.940     0.07     4.58    20.96    21.40
 -2112   -0.109    0.002      0.2343  0.940    -5.23     1.60    14.04    26.00
   211    0.152   -0.009     -0.6244  0.140     4.07    -0.53   -20.72    22.20
   111    0.089    0.179      0.2955  0.135 -.35E+04 0.45E+05 0.19E+06 0.20E+06
   211    0.290    0.078     -1.3434  0.140     2.27     2.97   -23.72    24.20
   211   -0.414   -0.112      1.2399  0.140    -9.78    -1.66    19.83    21.00
  2112    0.148   -0.472      1.0081  0.939     3.26    -0.97    20.05    23.60
  2112    0.828   -0.089     -5.1612  0.938     8.74     1.05   -25.42    26.60
  -211    0.114   -0.266      0.8961  0.140     5.70    -2.11    20.11    21.20
   111    0.180    0.148     -0.8449  0.135     3.70     2.00   -19.44    21.20
  2112    0.031   -0.382     -1.2372  0.940     0.41    -5.15   -19.70    21.20
  -211   -0.019   -0.486     -1.0840  0.140    -4.85    -8.56   -24.49    26.60
   111   -0.081   -0.118     -2.3527  0.135    -3.55    -5.42   -21.11    21.20
   111    0.196    0.080     -1.1886  0.135    -1.50     1.00   -27.13    27.40
   111    0.020   -0.384      1.8012  0.135    -2.35    -2.91    20.54    21.40
   111   -0.073    0.101      0.4287  0.135 -.35E+04 0.45E+05 0.19E+06 0.20E+06
   211    0.083   -0.147      0.1587  0.140     0.00     6.37    -2.80    28.80
   211   -0.402   -0.045      1.7480  0.140    -6.38     0.72    20.77    21.60
  2212   -0.184    0.188     -7.7737  0.938    -1.85    -2.13   -26.17    26.40
   211    0.049   -0.024     -0.1574  0.140     2.19     7.64   -19.10    21.80
   211   -0.167   -0.124     -0.6381  0.140    -0.53    -4.02   -31.10    31.92
   211    0.311    0.071      1.0445  0.140     3.94    -1.56    23.27    24.80
  -321    0.071    0.337      2.1238  0.494     6.23     3.78    21.48    21.80
   111    0.459    0.363      3.7538  0.135     4.09     8.64    21.53    21.80
   211    0.077    0.313     -0.4638  0.140     4.79    -0.75   -19.49    22.00
   211    0.243   -0.219      0.2948  0.140     8.28    -0.42    17.19    28.80
   211   -0.157    0.009      1.2038  0.140     5.84    -4.75    36.70    37.16
  -211   -0.208    0.092      0.4547  0.140     2.96    14.31    32.13    35.26
 -2112   -0.198   -0.111     -0.2815  0.940    -8.64    -5.27   -12.21    22.20
  2112   -1.157    0.535      0.3227  0.940   -18.98     4.19     4.80    23.00
  2212   -0.543    0.014      7.4814  0.938    -2.75     0.31    22.02    22.20
   111   -0.052    0.121      0.3756  0.135    -0.29     0.21    19.93    22.40
  2112   -0.014   -0.053      1.4601  0.939     2.71    -2.40    24.37    28.80
  -211   -0.186   -0.099     -0.0625  0.140   -12.01   -13.07   -14.84    25.00
  -211    0.031   -0.163     -0.7596  0.140    -0.64    -2.74   -21.49    22.40
  2112   -0.075    0.382     -9.1715  0.940    -3.91     2.06   -22.24    22.40
   111   -0.311    0.557      0.5632  0.135    -7.53    19.90    14.69    22.40
   111    0.104    0.144      0.7382  0.135     0.96     1.93    22.22    22.60
   211   -0.131   -0.275     -1.4732  0.140     2.50    -2.56   -34.23    35.07
   211   -0.431   -0.269      4.4174  0.140    -1.24    -0.96    22.16    22.40
   211   -0.646   -0.359      3.3586  0.140    -5.45    -1.73    24.12    25.40
  -211    0.304   -0.221      7.9271  0.140    -0.40    -1.52    22.63    22.80
  2112    0.223    0.066      0.2409  0.940     7.52     6.28    -0.65    22.80
  -211   -0.229   -0.036     -1.2267  0.140    -5.30     1.84   -21.91    22.80
  -211   -0.113   -0.143      0.1780  0.140    -9.15    -7.36    23.30    28.40
  -211    0.328   -0.118      1.2940  0.140     2.85     3.80    22.43    22.80
  -211   -0.092   -0.330      0.7798  0.140 -.13E+06 -.22E+06 0.61E+06 0.73E+06
   321   -0.105   -0.286      1.6808  0.494     0.04     0.72    21.64    22.80
   211    0.094   -0.144     -3.1782  0.140     2.03    -2.81   -22.55    22.80
  2112    0.400    0.599     -2.8160  0.940     1.50     5.44   -21.56    22.80
  2112   -0.370    0.247     -0.5950  0.940    -9.44     4.86   -12.28    23.00
   111   -0.021   -0.135     -0.6759  0.135    -3.59    -4.39   -21.78    23.00
  -211   -0.295   -0.415     -0.1448  0.140    -7.84   -11.76   -11.06    26.60
  -321    0.124   -0.970     -3.7130  0.494    -1.40    -6.97   -22.23    23.00
   111    0.106   -0.462      0.9141  0.135     2.03    -7.16    24.65    25.60
  -211    0.578   -0.327     -1.9052  0.140     7.52    -2.82   -21.09    23.00
  2212   -0.199   -0.275     -2.7019  0.938    -3.14    -3.39   -26.41    29.00
   211   -0.020   -0.105      0.1321  0.140 -.13E+06 -.22E+06 0.61E+06 0.73E+06
  -211    0.128    0.084     -0.8774  0.140     1.67     2.06   -22.47    23.20
   111    0.098    0.057      1.4149  0.135     7.39    -1.84    22.33    23.40
   211    0.373    0.150      1.9140  0.140     4.89     2.39    22.68    23.40
  -211    0.150    0.217      3.2211  0.140     4.29     1.87    22.80    23.40
  -211    0.152   -0.207      1.1368  0.140     2.85    -3.63    21.91    23.40
  -211    0.040   -0.241      0.2213  0.140     4.69     4.31    35.93    43.98
   111   -0.064    0.031      0.1851  0.135     4.61     4.47    35.96    43.98
  -211   -0.042   -0.091      0.4900  0.140    -1.06    -2.99    22.23    23.60
  -211   -0.246    0.142      2.7516  0.140    -0.95    -3.29    22.55    23.60
    22    0.019   -0.009     -0.0957  0.000 0.52E+05 0.84E+05 0.14E+06 0.21E+06
  -211   -0.182   -0.024      1.3180  0.140    -2.25     4.11    23.31    23.60
   211   -0.017   -0.089      0.6466  0.140    -3.53    -3.36    24.87    25.20
   111    0.149   -0.041     -0.3965  0.135 0.36E+06 0.42E+05 -.87E+06 0.98E+06
  -211    0.371   -0.141     -0.6267  0.140    -4.61    -9.01   -21.01    25.00
   111    0.420    0.189     -0.8071  0.135 0.36E+06 0.42E+05 -.87E+06 0.98E+06
   211   -0.095   -0.074     -0.2389  0.140 0.60E+04 -.12E+05 -.15E+06 0.20E+06
  2112   -0.535   -0.175      0.5835  0.940    -4.37    -2.47    20.41    24.20
   211   -0.272    0.128     -0.8898  0.140    -2.24     5.61   -27.26    29.40
   111    0.067    0.088     -0.1066  0.135 0.60E+04 -.12E+05 -.15E+06 0.20E+06
  2212   -0.376    0.334      1.0016  0.938     1.27     2.26    20.68    28.20
  2212   -0.459    0.104      2.4844  0.938    -5.37     3.13    21.72    24.40
  2112   -0.160   -0.085      3.8175  0.940    -0.08    -1.51    23.14    24.40
   111   -0.097    0.200      0.4152  0.135 -.46E+05 0.29E+06 0.60E+06 0.74E+06
  -211   -0.026    0.275      0.5340  0.140     1.70     8.09    21.48    24.40
   111    0.037    0.147      0.1031  0.135 -.46E+05 0.29E+06 0.60E+06 0.74E+06
   211   -0.364   -0.003     -2.6224  0.140     1.67     3.14   -24.01    24.40
  2112   -0.016   -0.274      3.8832  0.940     5.17     0.58    23.82    24.40
  2212   -0.260   -0.294     -1.2539  0.938    -2.47    -5.67   -22.35    24.40
   321    0.162    0.304     -7.9524  0.494    -2.38    -1.67   -28.50    28.60
   321   -0.549   -0.265     -2.6611  0.498    -7.73    -1.85   -23.95    24.60
   211    0.002    0.046     -0.2114  0.140     6.80    21.61  -189.54   200.85
   111   -0.063    0.352     -1.8614  0.135     6.80    21.61  -189.57   200.85
  2112   -0.057    0.268     -2.1163  0.940    -0.49     2.91   -23.34    24.80
  2212    0.621    0.265     -0.9956  0.938    11.15     5.22   -16.83    26.00
  -211   -0.434    0.346     -0.0753  0.140   -10.32     6.51    -2.17    25.00
  -211   -0.126    0.044     -2.0601  0.140     1.65     2.72   -25.63    26.00
  -211    0.162   -0.380     -3.4933  0.140    -1.98    -2.69   -37.37    37.75
   111   -0.543    0.642     -2.2706  0.135   -14.75    15.80   -63.93    70.51
 -2212   -0.138   -0.082     -1.1816  0.938    -3.41    -8.18   -21.55    25.00
    22   -0.019   -0.086     -0.7223  0.000 0.13E+04 -.12E+05 -.64E+06 0.64E+06
   211    0.103   -0.142      0.7245  0.140     6.28     5.54    46.67    52.15
   111    0.235   -0.150      0.9600  0.135     7.31    -0.39    23.40    25.00
  -211   -0.280   -0.055      3.1715  0.140    -3.66    -3.45    24.88    25.20
   111   -0.053   -0.048      0.0903  0.135     6.19     5.53    46.58    52.15
   111    0.175    0.231      0.7558  0.135 0.16E+06 0.16E+06 0.10E+07 0.11E+07
  -211    0.112   -0.394      2.0348  0.140     4.19    -0.28    26.45    27.40
  -211   -0.117   -0.097      0.5196  0.140    -2.08    -0.00    24.91    25.40
 -3312   -0.014   -0.063     -0.5456  1.321     2.05    -0.57   -17.87    25.40
   211    0.042    0.090     -0.2190  0.140     2.14     9.40   -23.10    25.40
  2112   -0.703    0.416     -3.6356  0.940    -7.43     4.04   -24.67    25.40
   111   -0.113   -0.375      0.8523  0.135    -1.76    -9.46    22.08    25.40
   111    0.191    0.054      1.1389  0.135 0.16E+06 0.16E+06 0.10E+07 0.11E+07
  -211    0.008   -0.158      1.0497  0.140     2.03    -7.05    24.72    25.60
  2112    0.183   -0.668      3.2306  0.940     5.04    -5.25    25.08    26.20
   211    0.060   -0.026     -0.9446  0.140     4.27    -2.20   -23.81    25.60
   321   -0.304   -0.013      2.3726  0.498    -3.29    -1.83    24.94    25.60
  -211   -0.474    0.069     -3.7706  0.140    -5.93     2.81   -25.30    25.60
  -211   -0.114    0.108      2.3389  0.140     1.93    -6.76    27.02    27.20
   111    0.036    0.290      4.5827  0.135    -1.93     4.23    25.51    25.60
  -211    0.098    0.485      0.8673  0.140     3.12    18.01    40.06    44.99
   111    0.029   -0.026      0.0620  0.135     3.14    17.88    39.97    44.99
  2112   -0.433   -0.006      0.6416  0.940    -5.85    -1.76    21.82    25.80
  2212   -0.554   -0.106      2.9833  0.938    -5.94    -1.58    21.94    25.80
  3122   -0.013    0.427      2.7170  1.116     3.22     2.79    25.29    25.80
  -211    0.178    0.042      3.5901  0.140     2.76     1.26    25.67    25.80
  -211   -0.249    0.342      4.1737  0.140    -0.73     0.56    25.48    25.80
  -211   -0.090   -0.321      3.9281  0.140     0.87     4.45    25.69    25.80
   111   -0.385    0.623     -1.5514  0.135    -5.03    10.34   -23.35    26.00
  -211   -0.101    0.209      0.7205  0.140     0.61     2.96    24.47    26.00
  2112    0.709   -0.512     -5.3192  0.940     2.08    -2.99   -25.66    26.00
  2112   -0.243   -0.087      3.2841  0.940    -2.06     3.12    25.69    26.00
  3112    0.520   -0.044     -1.7812  1.197     6.08     0.94   -23.25    26.00
   211   -0.307    0.148      5.4874  0.140    -1.46     3.01    25.82    26.00
  -321   -0.130    0.398      3.8243  0.498     4.81     2.78    25.57    26.00
 -2212    0.885   -0.217      2.9614  0.938     8.29    -6.10    24.95    26.20
  2212   -0.318   -0.249     -5.1185  0.938    -1.99    -1.32   -26.03    26.40
  2212    0.545   -0.288     -3.0308  0.938     3.19    -3.47   -25.56    26.40
   211    0.121   -0.288     -1.4775  0.140    -1.43    -2.93   -27.97    29.00
   111   -0.021    0.052     -0.3113  0.135 0.47E+03 -.14E+05 -.59E+05 0.64E+05
  -211   -0.065    0.048     -1.6083  0.140     0.73     0.04   -26.52    26.60
   111   -0.038   -0.182     -0.5611  0.135 0.47E+03 -.14E+05 -.59E+05 0.64E+05
  -211   -0.045    0.099     -0.8041  0.140     3.66    -1.00   -25.88    27.40
   111    0.161   -0.149     -5.7671  0.135     0.89    -0.14   -26.51    26.60
 -3112    0.574    0.618      3.6756  1.197     6.30     6.12    25.00    26.60
  -211    0.084   -0.084     -0.2312  0.140     3.37    -7.30   -24.30    26.60
   211   -0.130    0.293     -0.4527  0.140     1.93     5.06   -26.37    29.40
  -211   -0.044   -0.134      1.2717  0.140    -2.07    -4.06    26.34    27.00
   111   -0.085    0.300     -1.5664  0.135    -1.20     1.06   -43.29    43.66
   111    0.004    0.014      0.1038  0.135 0.15E+06 -.21E+05 0.46E+06 0.52E+06
   111    0.209    0.042      1.1199  0.135     5.10    -3.33    26.85    27.20
 -2212   -0.114    0.693      7.4100  0.938     0.80     5.76    26.60    27.20
   211    0.606   -0.300     -2.3102  0.140     4.45    -1.46   -25.76    27.40
   111    0.274   -0.023      0.5565  0.135 0.15E+06 -.21E+05 0.46E+06 0.52E+06
  -211    0.345   -0.096     -0.6699  0.140     9.23    -1.90   -25.26    27.60
  -211    0.056   -0.209     -0.6757  0.140     1.35    -3.12   -26.91    27.80
   211    0.056   -0.127      1.5218  0.140     0.57     5.39    27.46    28.40
  -211    0.413   -0.160      3.5418  0.140     5.96    -3.93    27.58    27.80
  2112    0.228    0.062      2.6128  0.940     1.60     0.92    27.24    27.80
  2112    0.418   -0.407      3.0765  0.940     8.55    -4.62    27.18    28.00
   211   -0.115    0.194     -0.9319  0.140    -9.96    15.31  -149.81   154.77
  -211    0.047    0.067      0.7716  0.140     1.50    -2.64    27.96    28.20
   211    0.102   -0.068      5.6469  0.140     2.15    -3.13    27.98    28.20
   211   -0.227    0.159     -1.0064  0.140     3.85     1.42   -27.18    28.20
  -211    0.440    0.394      1.5664  0.140     8.52     7.43    26.54    28.20
  2112    0.162    0.018     -6.6554  0.940    -3.68    -3.04   -28.13    28.20
  2112   -0.300    0.451     -1.4214  0.940    -3.37     5.00   -25.71    28.40
   111    0.006   -0.051     -1.9341  0.135    -9.93    15.27  -149.81   154.77
   211    0.222   -0.607     -6.9005  0.140     3.59    -5.40   -28.18    28.40
   111   -0.016   -0.050      0.1468  0.135    -3.15    -1.14    26.49    28.40
   111    0.173   -0.209     -0.9719  0.135     1.59    -7.67   -34.11    36.45
   111    0.039   -0.092     -1.9658  0.135     1.39    -3.85   -28.11    28.40
   111   -0.093    0.064     -1.4379  0.135    -4.38     2.16   -27.80    28.40
   211    0.019    0.222      0.4160  0.140    -2.42    11.61    28.17    32.85
  -321    0.169    0.141      1.0124  0.498     0.78     2.33    26.19    28.80
   321    0.255   -0.752     -0.4597  0.494     5.72   -20.21   -13.34    28.80
  -211    0.044    0.040     -1.3719  0.140    -6.06     0.13   -28.60    28.80
    22   -0.132    0.233      0.0438  0.000 0.27E+05 0.11E+06 0.26E+06 0.39E+06
   211    0.036   -0.216      0.5588  0.140 -.16E+05 -.54E+05 0.23E+06 0.24E+06
 -2212   -0.738    0.459      3.2914  0.938    -2.50     5.68    27.52    29.00
   111   -0.046    0.020     -0.2129  0.135    -4.66     1.14   -28.32    29.00
  2212    0.303   -0.219      2.6110  0.938     2.03    -2.73    28.59    29.00
  -321    0.579   -0.393      0.8541  0.498    16.92    -9.70    21.49    29.20
   111   -0.050    0.002      0.3268  0.135 -.16E+05 -.54E+05 0.23E+06 0.24E+06
   211   -0.028    0.274      0.5177  0.140    25.29    11.66    91.70   101.18
   211   -0.198    0.132     -1.0986  0.140    -7.46    -0.28   -28.37    29.40
  2212   -0.173    0.360      2.8757  0.938     2.68     0.28    27.82    29.60
   111    0.248    0.063      3.6212  0.135     6.71     1.76    29.65    29.86
  -211    0.519   -0.070      5.2549  0.140     7.57    -5.89    29.88    30.04
   211   -0.133   -0.005      0.4314  0.140    -4.45    -3.64    29.07    30.08
   111    0.051    0.015      0.5430  0.135    25.31    11.58    91.72   101.18
   111    0.003   -0.106     -2.5585  0.135    -3.79    -0.77   -30.31    30.38
  2112    0.595   -0.385     -2.0296  0.940     5.75    -4.11   -27.81    30.42
  -211   -0.021   -0.081     -0.1485  0.140    -2.48     4.21   -37.02    40.69
   111    0.023    0.026      0.1411  0.135 0.11E+06 -.27E+06 0.41E+06 0.64E+06
   211    0.492    0.094      0.4447  0.140    21.60    -0.83    21.58    30.71
  2212    0.449    0.637     11.9770  0.938     3.36    -0.55    30.67    30.76
  2112   -0.387   -0.059      7.0457  0.940    -0.85    -0.83    30.91    31.17
 -2112   -0.026    0.233      3.3288  0.940     3.60     2.68    29.59    31.33
  -211   -0.045   -0.017      2.5504  0.140    -1.12    -1.42    31.35    31.53
  -211   -0.169   -0.655     -4.5366  0.140    -3.94    -2.82   -31.18    31.57
   111   -0.708    0.188     -4.6562  0.135    -4.32     3.35   -31.66    32.04
  3112    1.098   -0.560     -2.0633  1.197    14.10    -6.30   -27.14    32.16
   111    0.009   -0.042      0.1087  0.135 0.11E+06 -.27E+06 0.41E+06 0.64E+06
  3222   -0.201    0.042      3.0496  1.189     1.53     1.53    32.80    33.38
   211   -0.040   -0.172      3.7702  0.140     0.43    -1.69    33.53    33.59
  3112    0.370    0.029     -2.0796  1.197     4.57     1.18   -32.55    34.24
  2212   -0.385   -0.094      3.6536  0.938    -2.99     0.03    33.84    34.33
   211   -0.014    0.306      3.7118  0.140     1.48     2.11    34.11    34.63
   111    0.331    0.028     -1.7135  0.135     5.11    -0.84   -33.05    34.82
   211   -0.052   -0.007     -2.1031  0.140    -2.08     2.00   -34.80    35.01
  2212    0.152   -0.578      4.5011  0.938     5.17    -4.87    34.48    35.19
  2212   -0.360   -0.310    -10.8969  0.938    -2.64     0.59   -35.13    35.26
   111   -0.353    0.269      2.0981  0.135    -7.15     7.60    34.90    35.73
   111    0.236    0.343     -1.0840  0.135     3.12    12.40   -32.92    35.78
   111   -0.028    0.185      2.2377  0.135     6.94     3.51    40.04    40.68
   211   -0.042    0.081     -0.1374  0.140    18.04     6.22  -100.55   105.26
  2112    0.183    0.207      7.7200  0.940     5.69     3.50    35.87    35.99
  2212   -0.096    0.145      3.8988  0.938     2.13     3.43    35.63    36.08
   211    0.242    0.145      1.8340  0.140     7.85     7.21    35.27    36.40
  2212   -0.452   -0.246      2.1812  0.938    -5.67    -0.91    34.70    36.68
  3112   -0.971   -0.085     -5.8273  1.197    -8.79    -0.34   -35.89    36.69
  -321   -0.029   -0.306      0.0977  0.494    -7.94   -32.56     8.48    36.94
   111    0.293    0.015     -1.1037  0.135    18.13     6.14  -100.61   105.26
   211   -0.479    0.235     -0.7799  0.140   -22.82     8.95   -29.69    37.37
   211   -0.368    0.406     -3.5523  0.140    -7.80     6.67   -37.18    37.71
  2112    0.339   -0.327      6.8578  0.940     5.14    -5.02    38.18    38.39
   111   -0.041   -0.041     -0.1851  0.135 0.35E+05 0.33E+05 -.19E+06 0.22E+06
   111    0.075    0.152     -0.5625  0.135 0.35E+05 0.33E+05 -.19E+06 0.22E+06
  2112    0.055   -0.389      1.6350  0.940    -3.96    -7.45    36.21    38.86
  -211   -0.119    0.235      1.2553  0.140    -1.59     9.13    37.72    39.00
  -211    0.024    0.053     -0.1928  0.140    15.73    -9.62   -55.90    62.49
  2212    0.021    0.347      6.7990  0.938     3.24     5.96    39.35    39.52
   111    0.101   -0.249     -0.8174  0.135    15.74    -9.72   -55.93    62.49
  2112    0.208   -0.353     20.8128  0.940     2.73    -3.20    39.86    39.90
   111   -0.111    0.227      5.3018  0.135     2.43     1.64    40.23    40.29
   111    0.221   -0.306      2.3453  0.135     6.49    -3.39    39.50    40.32
   111    0.023    0.351      2.5737  0.135    -0.00     6.82    40.30    40.71
  2112   -0.385   -0.483     -7.6832  0.940    -6.86    -2.36   -40.69    40.94
   111    0.197   -0.131      2.5176  0.135     0.25    -0.25    40.55    41.13
  2112    0.858   -0.396     -4.3040  0.940     7.95    -4.13   -40.05    41.26
   211   -0.430   -0.731     -2.6140  0.140    -8.11   -12.61   -39.30    41.48
  2112    0.699    0.293     10.3443  0.940     6.54     4.03    41.35    41.48
 -2212   -0.756    0.420      9.0040  0.938    -3.45     2.81    41.47    41.98
  -211    0.499    0.404     -7.7093  0.140    -1.30     4.11   -42.18    42.33
  2212   -0.331    0.039      6.6678  0.938    -1.06    -2.56    42.30    42.49
  2212   -0.230   -0.675      4.7559  0.938    -1.29    -5.41    42.46    42.95
   111    0.155   -0.528      1.8695  0.135     7.03   -10.32    40.99    43.03
  -211   -0.014    0.010      2.8944  0.140    -0.27    -4.13    43.33    43.38
   111    0.266   -0.272     -1.6184  0.135     6.20    -7.70   -42.37    43.85
  2112   -0.046    0.261     -0.9548  0.940    -1.21     4.79   -42.17    44.04
   111    0.143   -0.103      0.6973  0.135     7.05    -3.37    43.02    44.17
  -211    0.175   -0.116     -0.1750  0.140     3.93    -0.36   -28.06    30.95
  -321   -0.783   -0.007      2.3402  0.494   -15.13     1.25    42.03    44.72
  -321   -0.224   -0.089      2.5199  0.498    -4.75    -1.67    44.74    45.70
  -211   -0.014    0.077      0.8411  0.140     8.37     2.43    34.20    35.41
   111   -0.563    0.771      1.0467  0.135   -20.72    25.94    34.06    45.76
  2212    0.205   -0.188     -5.0528  0.938     1.61    -3.67   -45.56    45.82
   111    0.394   -0.062      1.0302  0.135     8.44     2.40    34.19    35.41
   111    0.219    0.458     -2.3706  0.135     4.67     8.06   -45.05    46.40
   111    0.178   -0.074      3.2548  0.135     3.88    -3.45    46.49    46.72
   211   -0.250   -0.094     -1.0204  0.140    -9.30     6.19   -30.44    32.74
   111    0.189    0.007      0.8405  0.135     4.58     2.06    49.44    50.31
 -3222   -0.151    0.011     -1.6412  1.189    -4.67    -1.42   -48.33    50.54
   211   -0.441   -1.048      2.6380  0.140    -6.00   -24.01    46.98    51.16
   321   -0.129    0.274     -0.6991  0.498   -10.13    16.62   -44.68    51.52
   111    0.286    0.019     -5.1662  0.135     0.60     0.12   -51.73    51.86
  2112   -0.120    0.120      1.4147  0.940    -4.19     4.20    51.95    52.58
   111    0.024   -0.048      3.8467  0.135    -0.06    -2.61    53.52    53.84
  2212    0.461    0.129     14.9884  0.938     1.44    -0.29    54.81    55.10
   321   -0.156    0.296     -4.6087  0.498    -1.99     4.11   -60.73    61.18
   111   -0.080   -0.048     -5.5864  0.135    -4.07    -3.30   -63.44    63.84
  2112   -0.151   -0.309     12.3536  0.940    -0.50     3.27    63.83    63.95
   111    0.046   -0.199      1.5044  0.135     1.39    -0.58    65.70    66.00
   111    0.056    0.157     -0.8630  0.135 0.49E+04 0.17E+05 -.27E+06 0.28E+06
   111    0.024   -0.061     -1.1644  0.135 0.49E+04 0.17E+05 -.27E+06 0.28E+06
  2212   -0.366   -0.080     -6.7054  0.938    -4.01    -0.30   -79.92    80.16
  2112   -0.204    0.156      1.8502  0.940    -4.84     7.96    80.70    82.08
   211   -0.018   -0.172     -0.5375  0.140    -2.25    -5.72   -42.62    44.09
 -2112   -0.548   -0.213      6.2922  0.940    -5.98    -5.92    98.61    99.27
  2212   -0.500   -0.536      5.4030  0.938    -4.96    -8.81   116.03   116.95
   211    0.113    0.025     -2.7864  0.140     1.42    -2.12  -119.19   119.37
   111   -0.153   -0.077     -0.6069  0.135    -2.29    -5.69   -42.62    44.09
   111    0.013   -0.112     -1.3845  0.135    -5.15    -5.61   -35.01    36.75
   211    0.254   -0.054      5.2670  0.140     3.69    -8.03    59.52    59.98
    22   -0.124    0.043     -0.0211  0.000 0.32E+06 0.18E+06 -.62E+06 0.87E+06
    22    0.051    0.231      0.2495  0.000 0.36E+06 0.16E+06 0.58E+06 0.72E+06
   211    0.281    0.216      1.4242  0.140    20.43     8.63    59.33    63.39
   111    0.201   -0.035      0.9781  0.135    20.43     8.60    59.33    63.39
  -211    0.129   -0.132     -0.2070  0.140 0.18E+05 -.13E+05 -.57E+05 0.73E+05
   111    0.164    0.006     -0.2360  0.135 0.18E+05 -.13E+05 -.57E+05 0.73E+05
  -211    0.170    0.091     -1.0820  0.140     1.28     1.62   -54.05    55.05
   211    0.440    0.039     -1.3245  0.140     6.36    -4.62   -28.35    30.97
   211   -0.000    0.016     -0.2016  0.140    17.75     4.25  -112.43   115.26
   111    0.142    0.114     -1.4570  0.135    17.77     4.25  -112.47   115.26
   211   -0.074    0.038     -5.7078  0.140    -9.30    -7.39  -323.50   325.11
   111   -0.099   -0.032     -0.6561  0.135    -9.33    -7.40  -323.50   325.11
   211   -0.032    0.261      1.8249  0.140    14.34    17.24   280.94   286.66
   111    0.064   -0.209      0.9595  0.135    14.36    17.17   280.94   286.66
  2212    0.105    0.120     -3.2805  0.938    -1.05     5.83   -31.49    32.55
   111   -0.072    0.140     -1.5964  0.135 -.16E+05 0.59E+05 -.61E+06 0.62E+06
   111   -0.046    0.092     -0.3288  0.135 -.16E+05 0.59E+05 -.61E+06 0.62E+06
   111    0.034   -0.179      0.7440  0.135    -5.19    -6.45    44.07    45.36
    22    0.157    0.108     -0.2007  0.000 0.94E+04 0.28E+05 -.10E+06 0.11E+06
  -211   -0.103    0.237     -1.8811  0.140    -3.63     4.42   -30.92    31.52
  -211    0.247    0.212     -1.0360  0.140     2.02    -0.63   -41.45    43.11
   111   -0.194    0.121     -0.8538  0.135     1.93    -0.64   -41.45    43.11
   211   -0.061   -0.133     -0.1040  0.140     4.60    -3.86   -28.79    33.75
   111   -0.076    0.074     -0.3324  0.135     4.62    -3.71   -28.88    33.75
   111   -0.378   -0.286      3.9888  0.135    -2.11    -1.15    35.22    36.00
  -211   -0.081   -0.275     -0.6175  0.140     0.09    -0.51   -34.07    34.82
    22    0.118    0.255      0.2921  0.000 -.35E+05 0.35E+05 0.81E+05 0.14E+06
   211   -0.349    0.130      0.6847  0.140 -.19E+06 0.10E+06 0.61E+06 0.66E+06
   111   -0.130    0.196      0.8554  0.135 -.19E+06 0.10E+06 0.61E+06 0.66E+06
  -211   -0.268    0.323     -3.3241  0.140    -3.70     0.80   -39.06    39.53
   211   -0.063   -0.249      0.4972  0.140     7.42    -4.01    27.50    31.02
   130   -0.106   -0.142     -0.3770  0.498    -3.18    -9.32   -36.13    48.79
  -211   -0.040   -0.087      1.7173  0.140     1.73     6.06    54.70    55.10
   111   -0.152    0.126      0.7789  0.135     1.70     6.10    54.69    55.10
   111    0.068    0.016     -0.2246  0.135 -.16E+03 -.70E+03 -.26E+05 0.29E+05
   111    0.064   -0.074     -0.5741  0.135 -.16E+03 -.70E+03 -.26E+05 0.29E+05
   211    0.043   -0.138     -0.2198  0.140    18.84   -48.74  -178.28   220.73
  -211    0.129    0.038      1.5644  0.140    -0.35    -5.51    32.51    33.55
  -211    0.041    0.270     -2.4267  0.140    -6.22     0.27   -38.39    39.04
    22   -0.037   -0.159     -2.3618  0.000 -.46E+05 -.14E+05 -.48E+06 0.49E+06
  -211   -0.385   -0.204      3.5421  0.140    -5.56    -6.70    60.30    61.00
   211    0.027   -0.002     -0.2302  0.140     3.40    -6.69  -142.38   146.95
   111    0.095   -0.337     -1.2984  0.135     3.39    -6.74  -142.40   146.95
   111   -0.146   -0.201     -2.0721  0.135    -8.36    -0.02   -66.80    67.38
    22    0.124    0.083      1.7033  0.000 -.29E+06 0.15E+06 0.35E+07 0.35E+07
   211    0.046    0.033     -3.4883  0.140    -2.80     1.04   -42.91    43.32
  -211    0.142    0.075     -1.4190  0.140    -1.39     5.28   -34.83    35.82
   211   -0.250    0.221      2.6826  0.140    -0.60    -2.97    46.00    46.31
   111    0.105   -0.285     -2.2820  0.135    -2.18    -3.48   -65.19    65.66
   111    0.067    0.214     -2.3655  0.135    -2.19    -3.44   -65.19    65.66
   211    0.217    0.036      3.7450  0.140    10.08     4.26   338.59   339.69
   111   -0.221    0.111      2.4221  0.135    10.05     4.27   338.59   339.69
  -211   -0.351   -0.047     -0.5579  0.140    -0.30     3.28   -29.87    30.45
  -211   -0.125    0.049      0.4145  0.140    -0.37    -2.60    29.95    31.71
   111   -0.181   -0.153      1.7355  0.135 -.36E+05 -.11E+05 0.55E+06 0.55E+06
   111   -0.089   -0.077      1.9151  0.135 -.36E+05 -.11E+05 0.55E+06 0.55E+06
   211    0.423    0.213     -2.5304  0.140    -0.17     0.38   -52.88    53.83
  -211    0.211   -0.074      0.8261  0.140     0.20    -1.70    35.15    35.98
   111   -0.050    0.004      1.4440  0.135     0.14    -1.69    35.15    35.98
   211   -0.975   -0.350     -6.2371  0.140    -8.39    -0.86   -35.73    36.19
   111   -0.279   -0.262     -3.3214  0.135    -3.76    -0.27   -35.31    35.54
   211   -0.158    0.165      2.2015  0.140     1.73    -5.03    30.71    31.17
    22    0.183    0.186      2.1016  0.000 -.12E+05 0.15E+05 0.37E+06 0.38E+06
  -211   -0.050   -0.156     -2.6675  0.140    -9.66    -8.10   -81.03    83.03
   111   -0.027   -0.024     -0.3304  0.135    -9.68    -8.10   -81.01    83.03
   211    0.010    0.109      5.1239  0.140     9.81    -5.87   349.27   350.07
   111   -0.065   -0.074      0.8913  0.135     9.80    -5.89   349.27   350.07
  -211    0.035    0.176      0.6590  0.140     6.70    -2.72   237.62   241.13
   111    0.072   -0.128      2.7009  0.135     6.69    -2.78   237.63   241.13
  -211    0.032    0.086     -1.0814  0.140    -3.01     4.54  -129.37   134.43
   111   -0.025    0.198     -0.3674  0.135    -3.03     4.61  -129.34   134.43
   211    0.360    0.002      1.6190  0.140     1.27    -2.16    37.14    37.99
   111   -0.048   -0.209      0.5162  0.135     0.45    -1.43    38.98    39.66
   211    0.266   -0.086      1.4287  0.140 0.42E+05 0.75E+03 0.43E+06 0.44E+06
   111   -0.033    0.064      0.7321  0.135 0.42E+05 0.75E+03 0.43E+06 0.44E+06
   211   -0.073   -0.107      0.5146  0.140     2.81     1.20    51.25    51.64
  -211   -0.542    0.136     -6.8478  0.140   -19.09     0.23  -199.84   200.86
   111   -0.083    0.018     -1.5810  0.135   -19.09     0.23  -199.84   200.86
   111   -0.250   -0.070     -1.1078  0.135 -.16E+05 -.16E+05 -.24E+06 0.24E+06
   111    0.022   -0.063     -1.1046  0.135 -.16E+05 -.16E+05 -.24E+06 0.24E+06
   211    0.186   -0.215     -2.1972  0.140    -1.19    -0.91   -39.94    39.87
   211   -0.222    0.117      2.6676  0.140     2.14    -0.03    53.30    53.66
   211    0.414    0.142      3.7062  0.140     7.10     7.45    86.49    87.14
  -211   -0.149    0.209      1.2433  0.140    -2.85    -3.67    85.07    85.27
   130   -0.001   -0.005      1.6690  0.498   -15.48     4.17   295.83   300.80
  -211    0.050   -0.275      0.4374  0.140 0.76E+05 -.20E+06 0.67E+06 0.77E+06
   130    0.359   -0.658     -0.1447  0.494    12.63   -21.53    -6.84    30.00
  -211   -0.161   -0.010     -0.4202  0.140     1.45    -3.70   -41.52    42.20
    22   -0.333    0.013     -0.1316  0.000 -.29E+05 -.33E+05 -.36E+05 0.69E+05
   211   -0.078   -0.079     -0.0676  0.140 -.14E+06 -.18E+06 0.21E+05 0.46E+06
    22    0.237   -0.061      0.0509  0.000 0.28E+05 -.79E+04 -.54E+05 0.91E+05
    22    0.194    0.429      0.0825  0.000 0.13E+05 0.29E+06 0.23E+06 0.42E+06
   111   -0.210    0.073     -0.7924  0.135 -.21E+06 0.13E+06 -.89E+06 0.97E+06
   111   -0.047   -0.231     -0.0955  0.135 0.52E+03 -.79E+04 -.84E+04 0.18E+05
   310   -0.348   -0.415     -0.0048  0.498   -12.72   -16.82    -1.23    30.00
   111    0.004   -0.057      0.0707  0.135 0.71E+04 -.27E+04 0.13E+05 0.24E+05
   111    0.113   -0.030      0.0999  0.135 -.50E+04 -.34E+05 0.13E+06 0.22E+06
  2112   -0.086    0.324    -11.8213  0.940    -3.10     5.69   -33.89    34.05
  2112    0.581   -0.588      7.6199  0.940     5.36    -8.18    40.05    40.53
  3122   -0.089    0.484      0.6411  1.116 -.27E+04 0.91E+04 0.14E+05 0.27E+05
  -211    0.028   -0.047     -0.0124  0.140 -.69E+04 0.18E+05 -.15E+05 0.31E+06
   211    0.119   -0.269      0.0254  0.140 0.13E+06 -.34E+06 0.92E+05 0.48E+06
   211   -0.095    0.431     -0.0413  0.140     6.93    42.15    11.93    70.45
    22   -0.541   -0.829      0.8898  0.000 -.95E+05 -.14E+06 0.18E+06 0.27E+06
   211   -0.131    0.196     -0.1910  0.140 -.41E+06 0.35E+06 -.12E+07 0.16E+07
  2112    0.384   -0.129     -1.0359  0.940    16.65    -1.79   -26.09    35.24
   130    0.676   -0.119     -0.6054  0.498    22.01    -7.82   -18.17    30.00
   111   -0.456   -0.191     -0.0419  0.135 -.13E+06 -.14E+05 0.10E+05 0.14E+06
   310    0.228   -0.009      0.2948  0.498    11.81    -7.21    13.90    30.00
   310    0.506   -0.243      0.1159  0.498    22.49    -8.30     8.71    30.00
  3122   -0.080    0.231     -1.6926  1.116 -.39E+04 0.93E+04 -.77E+05 0.91E+05
  2112    0.073    0.688      1.8786  0.940    -0.21    13.59    26.56    32.18
   310   -0.222   -0.250     -0.0238  0.498    -0.90   -12.92     4.37    30.00
    22    0.016   -0.036      0.0507  0.000 0.16E+06 0.10E+07 -.43E+06 0.12E+07
  -211   -0.536    0.082     -0.3371  0.140   -28.01   -11.44   -10.81    33.61
   310    0.295    0.118      0.5411  0.494    18.47     4.82    20.44    30.00
  -211   -0.108   -0.073      0.0581  0.140 -.22E+06 -.17E+06 0.42E+06 0.57E+06
   310   -0.169   -0.238     -1.7416  0.494    -5.38    -8.69   -27.90    30.00
    22    0.079   -0.078     -0.0804  0.000 -1650.03   842.05  -571.27  6079.38
  2212   -0.765   -0.234      0.6756  0.938   -24.57   -11.97    17.66    40.58
  -211    0.011   -0.282     -0.0257  0.140   -21.13   -44.72   -52.47    87.72
   111    0.041    0.136     -0.4175  0.135 -.50E+06 0.76E+06 -.26E+07 0.28E+07
   130   -0.212    0.192      0.3035  0.494    -8.07    18.20    13.72    30.00
  -211    0.421   -0.121      1.1486  0.140    44.51   -28.27   107.93   128.17
   211   -0.002   -0.407     -1.0217  0.140 -.82E+03 -.50E+05 -.15E+06 0.17E+06
    22    0.106    0.144      0.1780  0.000 0.56E+05 0.18E+04 -.19E+05 0.10E+06
   310   -0.254   -0.182     -0.3116  0.498   -16.99   -11.81   -14.29    30.00
  -211    0.113   -0.451      0.1267  0.140    16.56   -35.90    50.60    83.61
   130   -0.277   -0.065      0.5536  0.494   -13.33    -3.10    20.76    30.00
  -211   -0.639    0.456     -0.1361  0.140 -.62E+06 0.46E+06 -.16E+06 0.85E+06
   211    0.147    0.126      0.0930  0.140     8.96    -0.58    -4.47    46.32
    22   -0.056   -0.105      0.0203  0.000 0.18E+06 -.78E+05 -.67E+05 0.32E+06
   211    0.034   -0.508     -0.2506  0.140 -.13E+04 -.12E+06 -.95E+05 0.17E+06
  -211    0.018    0.019     -0.1824  0.140  -451.71  -242.53 -2506.35  2870.39
   130   -0.107   -0.038     -0.3105  0.494    -8.13    -3.30   -15.91    30.00
  -211   -0.033   -0.005      0.1155  0.140    41.70     3.81    43.33    60.26
   111    0.087    0.095     -0.0326  0.135 -.98E+03 0.72E+05 -.44E+05 0.13E+06
  -211    0.252   -0.287     -0.2297  0.140    13.89    -6.54   -17.75    36.23
   111   -0.084    0.186      0.1092  0.135 -.22E+05 0.55E+05 -.20E+05 0.91E+05
   130    0.427    1.008      0.3799  0.494    14.36    26.73     9.10    30.00
   211    0.022   -0.038      0.0469  0.140    35.14     2.76   -16.57    52.81
  2212    0.517    0.054      2.4833  0.938    11.24    -1.02    32.35    36.07
   211   -0.166    0.053      1.9631  0.140     0.74     3.77    42.51    45.66
    22    0.243   -0.359      0.0100  0.000 0.98E+04 -.12E+05 -.15E+04 0.35E+05
  2112    0.260   -0.443     -1.4443  0.940     6.93    -4.56   -25.33    31.03
   111   -0.015   -0.074     -0.3008  0.135 -.12E+06 0.50E+04 -.12E+07 0.13E+07
  -211    0.126    0.025      0.0718  0.140 0.34E+04 0.25E+04 0.48E+04 0.13E+05
   211    0.243    0.212      0.3063  0.140    20.77    20.67     5.92    53.38
   211    0.148   -0.007     -0.1386  0.140 0.10E+06 0.36E+05 -.11E+06 0.21E+06
   211   -0.203    0.322     -0.0570  0.140   -35.52    20.40     3.58    60.07
   111   -0.007   -0.006      0.0735  0.135 -.90E+04 -.16E+06 0.16E+06 0.27E+06
    22   -0.111    0.052     -0.2574  0.000 -.12E+06 0.11E+04 -.18E+06 0.31E+06
  -211   -0.044   -0.102      0.0482  0.140   -39.92    22.71     0.34    60.38
   130   -0.250   -0.399      0.5558  0.494    -9.63   -18.70    18.92    30.00
   310   -0.409   -0.029      0.9983  0.498  -103.97   -15.83   314.98   361.48
  -211    0.166    0.199     -0.0895  0.140     6.35    30.02     0.11    35.05
   211    0.393   -0.408      0.2700  0.140    13.73   -19.19    15.58    33.59
   310    0.323   -0.285     -0.4523  0.494     8.56   -14.42   -17.41    30.00
    22   -0.135    0.696     -0.6583  0.000 -.11E+05 0.26E+05 -.36E+05 0.51E+05
   111   -0.266    0.281      0.2109  0.135 -.73E+06 0.38E+06 0.73E+06 0.12E+07
  -211   -0.118   -0.358      0.0346  0.140   -17.69   -16.14    31.52    56.51
    22    0.031   -0.009     -0.0490  0.000 -.23E+06 -.31E+06 -.13E+06 0.46E+06
    22   -0.232   -0.010      0.1972  0.000 -.16E+06 -.31E+05 0.35E+06 0.45E+06
    22    0.171   -0.461     -0.3355  0.000  1035.63 -1788.83 -2150.33  4352.52
   211   -0.025    0.056      0.0315  0.140    -7.25    -4.51    10.08    67.86
   111   -0.005    0.037      0.0245  0.135 -.79E+04 0.98E+05 -.30E+05 0.17E+06
  -211   -0.150    0.090     -0.0588  0.140    -0.94    59.13   -80.59   132.57
    22    0.503   -0.388     -0.6704  0.000 0.56E+05 -.49E+05 -.11E+06 0.15E+06
    22   -0.082    0.037      0.0577  0.000 -.14E+06 0.84E+05 -.31E+06 0.38E+06
   211    0.411    0.484      0.0202  0.140    53.49    31.89    -7.17    71.46
   111   -0.028    0.008      0.0528  0.135 -.47E+05 -.18E+05 -.44E+05 0.11E+06
  -211   -0.170    0.028      0.1773  0.140   -23.69   -11.84    -3.81    32.97
   310    0.288    0.429      0.7957  0.494     9.28    16.92    22.03    30.00
   111   -0.085   -0.008      0.3147  0.135 -.84E+04 -.20E+05 0.44E+05 0.72E+05
   111   -0.182    0.108     -0.4290  0.135 -.46E+05 0.82E+05 -.29E+06 0.32E+06
  -211    0.214    0.310     -0.4255  0.140 0.33E+06 0.26E+06 -.44E+06 0.64E+06
  -211    0.065   -0.121     -0.3380  0.140 0.63E+03 -.29E+06 -.14E+07 0.15E+07
  -211    0.204    0.172     -0.2204  0.140 0.58E+04 0.16E+05 -.90E+04 0.24E+05
  -321    0.367    0.074     -0.6078  0.494    12.72    -3.92   -25.00    31.55
    22    0.443    0.379      0.5504  0.000 0.18E+06 0.11E+06 0.40E+06 0.46E+06
   111    0.014    0.113      0.0214  0.135 0.19E+05 -.30E+04 0.32E+05 0.10E+06
    22    0.148    0.216      0.1110  0.000 0.39E+05 0.41E+03 -.81E+04 0.58E+05
    22   -0.044   -0.347     -0.2366  0.000 -.32E+05 -.53E+05 -.60E+05 0.11E+06
   130   -0.314    0.140      0.2158  0.494   -17.02    10.02    10.16    30.00
  -211    0.109    0.023     -0.1691  0.140 0.13E+06 -.62E+05 -.50E+06 0.56E+06
    22   -0.043   -0.217      0.1788  0.000 -.21E+06 0.22E+05 0.20E+06 0.38E+06
   211   -0.016    0.186      0.0314  0.140   -61.93    22.85    -8.15   108.48
   130   -0.236   -0.496     -0.2655  0.494   -12.33   -22.79   -10.54    30.00
   111    0.102   -0.179     -0.0032  0.135 0.13E+06 -.18E+06 0.68E+05 0.29E+06
    22   -0.632   -0.027     -0.4341  0.000 -.20E+06 0.13E+05 -.17E+06 0.33E+06
   111    0.027    0.063      0.4107  0.135 -.13E+06 0.42E+06 0.82E+06 0.99E+06
   211    0.066    0.047      0.0375  0.140 -.82E+04 -.14E+05 -.42E+04 0.97E+05
   111    0.028   -0.019      0.8556  0.135 0.28E+05 -.59E+05 0.50E+06 0.53E+06
    22    0.057    0.007      0.1301  0.000 -.82E+05 -.93E+05 -.25E+04 0.16E+06
   130    0.331    0.148     -0.3688  0.498    14.63    10.10   -17.03    30.00
    22   -0.061   -0.151      1.4223  0.000 0.68E+05 0.51E+05 0.99E+06 0.10E+07
    22    0.363    0.516      0.4205  0.000 0.88E+05 0.19E+06 0.11E+06 0.30E+06
   211    0.302    0.053      0.0643  0.140    13.35    -1.99     1.53    33.06
   111   -0.143    0.147      0.5463  0.135 -.34E+06 0.96E+05 0.12E+07 0.13E+07
    22   -0.225   -0.028      0.0057  0.000 0.32E+05 0.53E+05 -.17E+06 0.43E+06
    22   -0.349    0.088      0.1806  0.000 -.78E+05 0.13E+06 0.55E+05 0.20E+06
    22   -0.170   -0.049      0.3833  0.000 0.40E+05 -.63E+05 0.15E+06 0.22E+06
   130    0.329    0.372      0.1783  0.494    12.63    17.79     8.43    30.00
  -211   -0.058   -0.600      0.3089  0.140    -3.85   -31.49     8.28    33.65
   310   -0.668   -0.955     -3.1047  0.498    -7.31   -10.95   -26.89    30.00
   130    0.864   -0.820     -0.8738  0.498    20.10   -16.62   -17.23    30.00
   310    0.435    0.191      3.8231  0.498    10.70     2.13    51.94    52.85
   310   -0.001   -0.178      0.1088  0.494     0.92    -6.25     1.68    30.00
  -211   -0.080   -0.048      0.0906  0.140    20.65    18.54    30.89    63.46
   130   -0.238    0.474      2.4729  0.498    -2.50    10.91    28.78    30.00
  -211   -0.175    0.333      0.3009  0.140    11.12    13.56    23.56    37.46
   111   -0.095   -0.473     -1.0175  0.135 0.57E+05 -.64E+06 -.13E+07 0.15E+07
   310    0.328    0.136      0.0071  0.498    16.34    10.28     0.03    30.00
    22    0.178   -0.053      0.1425  0.000 -.76E+05 0.14E+06 0.13E+06 0.43E+06
    22   -0.139   -0.449     -0.9619  0.000 -.11E+06 -.20E+06 -.11E+07 0.12E+07
  3122   -0.939   -0.566      0.2468  1.116 -5677.66 -3322.07  1881.74  9873.75
    22   -0.140    0.171     -1.3035  0.000 0.22E+06 0.17E+06 -.33E+07 0.33E+07
   310    0.161   -0.373     -0.3975  0.494     6.79   -14.13   -15.98    30.00
   130   -0.314    0.141      1.2384  0.494    -0.54     6.14    28.32    30.00
   130   -0.648   -0.343      0.2379  0.494   -23.03   -13.69     6.90    30.00
    22    0.102    0.444     -0.1711  0.000 0.41E+05 0.82E+05 0.17E+05 0.12E+06
   310    0.503    0.007      0.5942  0.494    14.18     2.95    19.11    30.00
   111    0.234    0.146     -0.3300  0.135 0.71E+05 0.71E+05 -.14E+06 0.18E+06
   211   -0.121   -0.113      0.1754  0.140    18.56   -22.15    28.27    56.67
   211   -0.262   -0.013      0.6531  0.140   -12.71    -5.23   125.63   128.50
   111   -0.154   -0.164     -0.4118  0.135 -.24E+06 -.41E+05 -.87E+06 0.10E+07
    22   -0.014    0.015     -0.1413  0.000 -.54E+04 -.47E+04 0.33E+05 0.58E+05
  -321   -0.304    0.400      0.3428  0.494   -25.62    37.81    38.48    82.38
   310   -0.295   -0.024     -0.5002  0.498    -5.75    -1.64   -22.44    30.00
   211    0.068   -0.087      0.2503  0.140     1.29    -3.54    -7.22    52.58
    22   -0.266    0.076     -0.4772  0.000 -.15E+05 0.15E+06 -.17E+07 0.19E+07
   310    0.034    0.148     -0.2665  0.494    -3.45     5.39   -14.40    30.00
   130   -0.169    0.288      0.2762  0.498    -6.60     9.46    14.62    30.00
   310    0.093    0.035     -1.1012  0.498     0.24    -2.32   -26.67    30.00
   130   -0.117   -0.404      0.7124  0.498    -1.19   -16.71    21.65    30.00
  -211    0.544    0.380     -0.1801  0.140    28.63    33.72   -20.03    58.23
    22    0.107    0.135     -0.2437  0.000 0.52E+05 -.24E+06 -.15E+07 0.16E+07
  -211    0.109   -0.071     -0.1947  0.140    20.55   -26.67     8.27    56.64
   130   -0.450   -0.687      0.3592  0.494   -16.77   -21.40    10.91    30.00
  -211    0.037    0.105      0.0201  0.140  -880.84   287.85   291.49  3106.62
  -211   -0.084   -0.052      0.2514  0.140 -.27E+05 -.34E+05 0.57E+05 0.77E+05
  -211    0.152   -0.108      0.0195  0.140    18.02     1.33     6.26    46.07
  -211    0.014    0.120      0.0322  0.140    24.55    25.77   -40.37    66.81
   130    0.281    0.254      0.4472  0.498     9.25    12.25    17.80    30.00
  -211    0.421    0.576     -0.1128  0.140    21.56    19.86    -0.61    34.55
   111    0.071    0.009     -0.3732  0.135 0.65E+05 -.34E+05 -.58E+06 0.61E+06
   310   -0.244    0.269     -1.7614  0.498    -7.73     0.50   -28.44    30.00
   211   -0.143   -0.084      2.1645  0.140    21.22     5.69   385.43   392.82
    22    0.068   -0.012      0.3862  0.000     7.67    22.23    10.00    40.76
    22   -1.120    0.498      0.8869  0.000 -.50E+05 0.27E+05 0.55E+05 0.82E+05
   130   -0.451    0.207      0.1275  0.494   -21.06    11.54     6.39    30.00
  -321   -0.256   -0.092      0.2431  0.494   -13.38   -13.52    19.45    49.26
  2212   -0.968   -0.272      1.9560  0.938   -12.74    -1.06    26.21    31.62
   130   -0.010   -0.407      0.1121  0.498     0.54   -18.96    17.34    31.28
    22    0.003   -0.491     -0.2040  0.000 -.56E+04 -.18E+05 0.93E+03 0.21E+05
  -211   -0.163   -0.133      0.2022  0.140    -4.35    13.09    54.84    71.67
   310   -0.194    0.286      0.1466  0.498    -9.68    14.39     6.39    30.00
   111   -0.013   -0.345      0.3819  0.135 -.84E+04 -.19E+06 0.19E+06 0.29E+06
   310    0.378    0.128      1.2376  0.498     7.77     3.84    26.50    30.00
    22    0.238    0.244      4.1786  0.000    15.99    10.07   133.73   136.75
   111   -0.052    0.075     -0.0170  0.135 0.20E+05 0.50E+04 -.21E+05 0.79E+05
   310    0.359    0.038      2.5223  0.498     1.94     2.23    28.38    30.00
   211   -0.037   -0.037      0.3770  0.140     1.63    -1.68    19.42    39.32
    22   -0.761   -0.212      1.1280  0.000 -1852.55  -539.82  3028.26  3878.23
  -211    0.018   -0.075      0.4977  0.140    18.59   -10.69   104.84   118.98
    22    0.014   -0.058      0.0533  0.000 -.24E+05 -.26E+05 -.13E+06 0.15E+06
   130    0.743   -0.202     -0.7781  0.494    15.79    -3.10   -18.71    30.00
   211   -0.345   -0.291      0.8786  0.140 -.20E+06 -.14E+06 0.42E+06 0.51E+06
   211    0.091   -0.037      0.3185  0.140    -0.06    -6.16    14.83    31.60
   130   -0.247    0.591      0.1830  0.498    -4.43    22.52     6.56    30.00
   211    0.120   -0.181     -0.0078  0.140    -2.62    -2.99   -14.01    35.29
   310   -0.402   -0.591      3.5187  0.498    -3.58    -7.94    29.13    30.00
   130    0.125   -0.019     -0.1015  0.498     9.94    -3.13    -4.61    30.00
  -211   -0.373    0.025      0.4114  0.140   -14.08    -1.94    21.77    38.27
   130    0.201   -0.119     -0.2856  0.494    10.29    -0.33   -16.25    30.00
  -211    0.063    0.134      0.1296  0.140    17.87   -13.30    17.67    36.10
   130   -0.944    0.194      0.1976  0.498   -23.26     5.53     9.93    30.00
   111   -0.165   -0.386     -0.6981  0.135 -.73E+05 -.77E+05 -.20E+06 0.23E+06
   211   -0.032    0.056     -0.7310  0.140 0.65E+04 -.77E+04 -.43E+06 0.43E+06
   211    1.067    0.084     -1.4484  0.140    43.19   -12.61   -79.84    99.22
    22    0.050    0.050      0.0184  0.000 0.75E+04 0.91E+05 -.65E+05 0.15E+06
    22    0.250    0.113      0.0049  0.000 0.44E+05 -.50E+05 -.28E+05 0.15E+06
   211    0.094   -0.020      0.0555  0.140 0.95E+05 -.18E+06 -.62E+05 0.38E+06
    22   -0.250   -0.267      0.2443  0.000 -.80E+05 -.50E+05 0.18E+06 0.22E+06
   111    0.075    0.411     -0.3829  0.135 0.63E+04 0.29E+05 -.28E+05 0.44E+05
   211   -0.092   -0.008      0.0096  0.140 -.79E+04 -.29E+04 -.59E+04 0.12E+05
  -211    0.476    0.058     -0.4350  0.140    22.73     6.97   -13.20    48.41
    22    0.233   -0.018     -0.7234  0.000 0.50E+05 0.10E+06 -.31E+06 0.35E+06
   211    0.129   -0.177      0.2130  0.140     6.07     2.53    34.96    40.95
    22    0.013   -0.664     -0.8096  0.000 -.22E+05 -.22E+06 -.38E+06 0.49E+06
  2112   -0.892   -0.682     -1.9649  0.940   -11.92    -8.88   -26.18    31.41
   211   -0.073    0.261      0.3166  0.140     0.53    -0.23    33.42    48.35
   130   -0.540   -0.796      1.6795  0.498    -8.86   -15.62    24.99    30.00
  -211   -0.076   -0.130      1.5088  0.140 -.68E+05 -.57E+05 0.12E+07 0.13E+07
   130   -0.240   -0.275     -0.2109  0.494   -10.72   -10.93   -10.65    30.00
   211    0.461   -0.094      0.6475  0.140     9.62    -0.69    24.89    30.75
   211   -0.183    0.019     -1.3937  0.140   -32.88    -5.66  -100.87   106.97
  -211   -0.099   -0.023      0.2771  0.140    49.00   -11.12    59.64   115.54
    22    0.285   -0.063     -1.5666  0.000 0.34E+06 -.26E+05 -.23E+07 0.25E+07
   130    0.257    0.209     -0.5544  0.494    10.05    10.53   -21.07    30.00
  -211    0.006   -0.024      0.9980  0.140 -.11E+04 -.17E+05 0.96E+06 0.98E+06
   310   -0.672    0.891      0.7948  0.498   -12.55    21.26    16.55    30.00
   211    0.409   -0.417      1.2023  0.140    13.41    -6.44    44.62    47.96
    22   -0.159    0.387      1.2782  0.000 0.19E+04 0.21E+05 0.97E+05 0.11E+06
  -211   -0.098    0.168     -0.3437  0.140     1.05    11.99   -90.81    98.67
   310   -0.123    0.254      0.5076  0.498    -8.43    12.01    19.88    30.00
   130    0.109    0.062     -1.1758  0.498     3.50    -1.32   -23.80    30.00
  -211   -0.378    0.251      2.4006  0.140    -6.16     6.97    70.09    72.15
   130   -0.008   -0.058      0.0518  0.494    -0.02    -2.69     1.31    30.00
   211    0.026    0.230     -0.3135  0.140    -5.74    14.02   -16.19    39.94
  -211   -0.104   -0.068     -0.3336  0.140     9.42     1.12   -30.34    35.26
   211    0.143    0.054      0.0032  0.140    61.20   -15.25    26.04    76.59
   130   -0.341   -0.213      1.3633  0.498    -7.28    -7.88    26.73    30.00
  -211   -0.020   -0.065      0.0659  0.140    -1.49     0.69   -17.59    47.13
   111   -0.018   -0.138      0.3160  0.135 -.24E+04 -.16E+05 0.54E+05 0.57E+05
  2112   -0.420   -0.316      2.9073  0.940    -7.30    -0.47    28.32    30.29
  -211    0.270   -0.144      0.1827  0.140    11.46    -2.42    29.60    52.27
  -211    0.194   -0.004      0.3164  0.140     2.66    -9.20    19.52    53.32
   130   -0.045    0.297      1.4747  0.498    -3.42     9.11    27.87    30.00
   130    1.140   -0.366     -1.4861  0.498    14.87    -8.62   -21.45    30.00
   111   -0.037   -0.251      0.4657  0.135 -.99E+04 -.55E+06 0.14E+07 0.16E+07
  -321    0.168    0.485     -0.7570  0.494    32.23    64.08  -110.67   157.80
   111   -0.045   -0.392     -0.4999  0.135 -.12E+05 -.35E+05 -.66E+05 0.82E+05
   130   -0.306    0.281      2.5238  0.494    -6.45     3.53    29.11    30.00
   310   -0.116   -0.084     -0.7311  0.494    -4.07    -1.81   -24.95    30.00
   111    0.104    0.048     -0.4956  0.135 -.24E+05 0.39E+05 -.36E+06 0.42E+06
   111    0.015   -0.152     -0.0258  0.135    22.15     7.44    -9.34    39.99
   211   -0.260    0.600     -0.5696  0.140 -.43E+06 0.13E+07 -.13E+07 0.21E+07
  -211   -0.631    0.593     -3.3491  0.140    -9.64     5.18   -43.53    44.30
   310   -0.082   -0.055      0.5199  0.498    -7.59    -4.68    20.34    30.00
  2112    0.104    0.222      0.7572  0.940     8.18     6.09    25.87    43.57
   211    0.242    0.026      0.4479  0.140    13.09    -2.31    31.04    36.82
   111   -0.060    0.101      0.0512  0.135 0.28E+04 0.21E+05 -.56E+04 0.61E+05
    22    0.416    0.162     -0.2080  0.000    31.90   -12.62   -69.09    90.56
  -211    0.076    0.055     -0.1435  0.140 0.58E+05 -.24E+05 -.37E+05 0.11E+06
    22    0.276   -0.125      0.1888  0.000 0.35E+05 -.13E+05 0.52E+05 0.79E+05
    22    0.147    0.608      0.7052  0.000 -.17E+04 0.19E+05 0.30E+05 0.40E+05
  -211    0.233   -0.188     -2.2892  0.140    22.02    -8.78  -195.42   198.54
   310    0.060    0.211      0.0504  0.494     7.93    15.66     3.73    30.00
   211    0.079    0.007     -0.1624  0.140 0.18E+05 -.61E+04 -.75E+05 0.87E+05
   130   -0.345   -0.201     -1.0909  0.494    -9.65    -5.24   -26.49    30.00
  -211   -0.073    0.029      0.0684  0.140 0.15E+05 -.25E+05 0.26E+05 0.72E+05
   130    0.075    0.424     -1.4509  0.494     1.43     9.77   -27.40    30.00
   130   -0.049   -0.794     -0.3589  0.494     1.77   -21.30   -10.14    30.00
   111   -0.071   -0.101      0.2042  0.135 -.96E+03 -.12E+06 0.19E+06 0.27E+06
  2112    0.295    0.122     -0.8046  0.940     2.99    -1.06   -20.58    32.27
   211   -0.217   -0.143      0.3993  0.140    -9.06     6.27    27.58    39.03
   111   -0.212   -0.025      0.5642  0.135 -.72E+05 -.22E+05 0.13E+06 0.16E+06
   211    0.156   -0.090     -1.3170  0.140    -1.04   -11.07   -97.75   101.48
   111   -0.345    0.153     -0.8248  0.135 -.29E+06 0.30E+06 -.86E+06 0.99E+06
  2112    0.305    0.512     -4.0158  0.940     2.29     5.26   -40.89    42.65
  2112   -1.146   -0.347      1.9703  0.940   -18.98   -11.12    36.41    44.90
   111   -0.071    0.070      0.1996  0.135 -.33E+05 0.60E+05 0.30E+06 0.33E+06
   130   -0.107    0.265     -0.5338  0.498    -5.13    11.82   -20.88    30.00
   111    0.086    0.064      1.7535  0.135 0.23E+05 0.94E+04 0.19E+06 0.19E+06
   211   -0.134    0.234      0.2916  0.140     7.43    34.57    68.63   100.47
   111   -0.217    0.156     -0.3418  0.135 -.60E+05 0.78E+05 -.92E+05 0.14E+06
   310    0.216   -0.035      1.9187  0.494     3.89    -2.35    28.58    30.00
   111   -0.011    0.037      0.3051  0.135  -243.72  1554.01  6017.29  6377.69
  2112   -0.256   -0.883     -5.8116  0.940    -0.27    -6.42   -43.17    44.36
  -211   -0.135   -0.015      0.3408  0.140 -.54E+05 0.21E+05 0.20E+06 0.24E+06
   310   -0.092    0.630      0.7379  0.498    -5.03    15.91    19.33    30.00
   111   -0.042    0.068      0.7045  0.135 -.35E+04 0.45E+05 0.19E+06 0.20E+06
  2212   -0.000   -0.478     -5.7015  0.938    -0.48    -4.00   -31.11    31.92
  2112    0.803    0.180      8.1693  0.940     5.89    -4.75    36.70    37.16
  2112    0.349    1.052      3.2100  0.940     3.06    14.33    32.14    35.26
   130    0.379    0.153     -0.5582  0.494    13.12     2.90   -20.04    30.00
  2212    0.595   -0.518     -4.3490  0.938     2.55    -2.55   -34.22    35.07
   310    0.500   -0.943      1.8385  0.498    10.15   -16.65    25.18    30.00
    22   -0.111    0.048      0.1447  0.000 -.13E+06 -.22E+06 0.61E+06 0.73E+06
   211    0.120    0.263      0.6186  0.140     4.70     4.52    35.98    43.98
    22    0.213    0.384      0.7149  0.000 0.52E+05 0.84E+05 0.14E+06 0.21E+06
   111    0.181   -0.060     -0.6277  0.135 0.36E+06 0.42E+05 -.87E+06 0.98E+06
  -211    0.054   -0.068     -0.3059  0.140 0.60E+04 -.12E+05 -.15E+06 0.20E+06
   310    0.254   -0.417     -0.2870  0.494    12.26   -20.42    -8.31    30.00
   111   -0.023    0.182      0.5684  0.135 -.46E+05 0.29E+06 0.60E+06 0.74E+06
  -211    0.147   -0.077     -0.3765  0.140     6.87    21.54  -189.55   200.85
  2212   -0.082   -0.001     -6.4964  0.938    -1.99    -2.66   -37.37    37.75
    22    0.141   -0.000     -0.0712  0.000   -14.53    15.75   -63.83    70.51
  3122    0.043   -0.145    -11.2894  1.116 0.13E+04 -.12E+05 -.64E+06 0.64E+06
   130   -0.040   -0.071     -3.5301  0.498    -3.08    -0.36   -28.83    30.00
  -211    0.037    0.309      0.6572  0.140     6.26     5.67    46.65    52.15
   310    0.313    0.710      2.0481  0.498     5.88    14.06    27.46    30.00
   130    0.543   -0.972     -1.5140  0.498     6.42   -16.90   -22.61    30.00
   111    0.177    0.240      1.5544  0.135 0.16E+06 0.16E+06 0.10E+07 0.11E+07
   211    0.053    0.082      0.8267  0.140     3.12    17.93    40.08    44.99
   111    0.072   -0.239     -0.7161  0.135 0.47E+03 -.14E+05 -.59E+05 0.64E+05
  -211    0.176   -0.282     -4.3694  0.140    -1.19     1.01   -43.29    43.66
   111    0.142   -0.048      0.5861  0.135 0.15E+06 -.21E+05 0.46E+06 0.52E+06
  -211   -0.107    0.049     -0.2176  0.140   -10.01    15.31  -149.77   154.77
   321    0.200   -0.129     -1.2374  0.494     1.58    -7.64   -34.10    36.45
  2212   -0.438    0.236      1.4422  0.938    -2.47    11.55    28.16    32.85
    22    0.187   -0.017      0.4917  0.000 0.27E+05 0.11E+06 0.26E+06 0.39E+06
  -211   -0.123   -0.246      1.0645  0.140 -.16E+05 -.54E+05 0.23E+06 0.24E+06
  -211    0.433   -0.042      0.9581  0.140    25.38    11.57    91.70   101.18
  2212   -0.033    0.394     -2.2403  0.938    -2.46     4.32   -37.07    40.69
   111    0.116   -0.350      0.3037  0.135 0.11E+06 -.27E+06 0.41E+06 0.64E+06
  -211    0.269   -0.072      1.7414  0.140     6.97     3.49    40.03    40.68
  -211    0.154    0.107     -1.5515  0.140    18.10     6.15  -100.62   105.26
   130    0.199    0.134     -1.6624  0.494     2.50     4.72   -28.38    30.00
   111    0.159    0.071     -0.2950  0.135 0.35E+05 0.33E+05 -.19E+06 0.22E+06
   310    0.237   -0.094      1.0076  0.498     4.73     0.27    25.07    30.00
   211    0.624   -0.274     -1.1213  0.140    15.81    -9.71   -55.91    62.49
  2112    0.249    0.216     -2.1261  0.940     3.84    -0.27   -28.12    30.95
   130   -0.004   -0.332      0.2106  0.498     0.70   -13.56     9.94    30.00
   211    0.129    0.317      1.2742  0.140     8.39     2.46    34.20    35.41
   130   -0.268    0.294     -1.0302  0.498    -9.29     6.25   -30.42    32.74
   111   -0.010    0.152     -1.8409  0.135 0.49E+04 0.17E+05 -.27E+06 0.28E+06
  -211    0.206    0.211     -1.3230  0.140    -2.21    -5.63   -42.63    44.09
   130   -0.314   -0.139     -1.4404  0.498    -5.19    -5.62   -34.99    36.75
  2212    0.032   -0.329      6.4804  0.938     3.68    -8.04    59.52    59.98
    22    0.478    0.160     -0.6673  0.000 0.32E+06 0.18E+06 -.62E+06 0.87E+06
    22    1.085    0.291      1.5838  0.000 0.36E+06 0.16E+06 0.58E+06 0.72E+06
  -211    0.185    0.193      0.2721  0.140    20.48     8.70    59.27    63.39
   130   -0.930    0.737      3.9632  0.494    -7.53     5.45    28.43    30.00
   130    0.060    0.164     -1.2369  0.498    -0.56     5.30   -27.96    30.00
   211   -0.034   -0.053     -0.3786  0.140 0.18E+05 -.13E+05 -.57E+05 0.73E+05
  2112   -0.142    0.014     -4.6671  0.940     1.24     1.60   -54.05    55.05
  2212    0.696   -0.366     -2.3149  0.938     6.35    -4.66   -28.34    30.97
  -211    0.582    0.015     -3.2028  0.140    17.79     4.24  -112.46   115.26
  -211    0.084   -0.155     -1.6125  0.140    -9.29    -7.41  -323.50   325.11
   310    0.606   -0.507     -2.4001  0.498     6.64    -9.34   -28.10    30.00
  -211    0.178    0.141      1.3210  0.140    14.37    17.23   280.94   286.66
   111    0.048    0.034     -0.7930  0.135 -.16E+05 0.59E+05 -.61E+06 0.62E+06
  2112   -0.649   -0.434      5.5225  0.938    -5.23    -6.42    44.07    45.36
    22    0.136    0.760     -2.9823  0.000 0.94E+04 0.28E+05 -.10E+06 0.11E+06
  2212   -0.305    0.690     -6.3270  0.938    -3.63     4.42   -30.92    31.52
   211    0.021   -0.134     -0.8282  0.140     1.98    -0.70   -41.45    43.11
  -211    0.307   -0.256     -0.8214  0.140     4.72    -3.80   -28.88    33.75
   130   -0.513   -0.496      2.7726  0.498    -3.35    -3.35    28.79    30.00
  2112   -0.985    0.641      6.3921  0.938    -2.13    -1.11    35.22    36.00
   310    0.069   -0.193      0.9295  0.498     1.57    -3.41    26.83    30.00
   130   -0.113    0.715      3.2535  0.498    -3.56     7.85    28.89    30.00
   211    0.098    0.182     -2.5314  0.140     0.12    -0.42   -34.09    34.82
   310   -0.243   -0.392     -0.4668  0.498   -15.48   -16.33   -18.90    30.00
    22   -0.303   -0.068      0.1421  0.000 -.35E+05 0.35E+05 0.81E+05 0.14E+06
   130   -0.383    0.026      1.9479  0.498    -5.66     2.47    28.26    30.00
   310    0.455   -0.186      0.9675  0.498    11.43    -3.89    24.42    30.00
   310   -0.038   -0.337     -1.3659  0.494    -4.68    -6.72   -26.81    30.00
  -211   -0.252    0.076      0.8601  0.140 -.19E+06 0.10E+06 0.61E+06 0.66E+06
   130    0.111   -0.306      2.0144  0.494    -1.01    -2.07    28.40    30.00
  2112   -0.184    0.308     -7.8537  0.940    -3.69     0.79   -39.06    39.53
  2212    0.401   -0.090      1.3123  0.938     7.49    -3.93    27.49    31.02
   310    0.068   -0.224      3.7801  0.498     0.46    -1.65    29.03    30.00
   310   -0.054   -0.158     -0.6049  0.498    -3.16    -9.31   -36.17    48.79
   211    0.162    0.192      3.3649  0.140     1.74     6.08    54.70    55.10
   111   -0.139    0.029     -0.2863  0.135 -.16E+03 -.70E+03 -.26E+05 0.29E+05
  2212    0.123   -0.309     -1.3550  0.938    18.83   -48.69  -178.29   220.73
   211   -0.028   -0.329      0.3353  0.140    -0.37    -5.65    32.45    33.55
   310   -0.264    0.232      5.6686  0.494    -1.23     5.53    29.74    30.00
   130   -0.509   -0.075     -3.4355  0.498    -6.25     0.25   -38.39    39.04
    22   -0.241    0.078     -0.4982  0.000 -.46E+05 -.14E+05 -.48E+06 0.49E+06
  2112   -0.589   -0.286      6.6310  0.940    -5.56    -6.70    60.30    61.00
  -211   -0.048    0.125     -1.5504  0.140     3.37    -6.67  -142.41   146.95
  2212   -0.327    0.103     -8.0117  0.938    -8.35    -0.00   -66.80    67.38
    22   -0.479    0.101      2.4494  0.000 -.29E+06 0.15E+06 0.35E+07 0.35E+07
  2212    0.686    0.296     -7.2107  0.938    -2.78     1.04   -42.91    43.32
  2112    0.100    0.474     -3.3859  0.940    -1.41     5.30   -34.83    35.82
  2212   -0.235   -0.093      7.1187  0.938    -0.59    -2.99    46.00    46.31
   111   -0.099    0.060     -0.8429  0.135    -2.21    -3.44   -65.18    65.66
  -211    0.157   -0.088      3.8547  0.140    10.07     4.25   338.59   339.69
   211    0.226    0.171     -2.2304  0.140    -0.17     3.31   -29.90    30.45
  2112   -0.009   -0.531      3.0368  0.940    -0.32    -2.65    29.95    31.71
   111   -0.112    0.107      2.2044  0.135 -.36E+05 -.11E+05 0.55E+06 0.55E+06
  -211   -0.076   -0.398     -1.7914  0.140    -0.21     0.32   -52.87    53.83
   130   -0.069   -0.116      1.3518  0.494    -0.30    -1.99    28.39    30.00
   211   -0.127   -0.307      0.9051  0.140     0.12    -1.75    35.14    35.98
   130   -0.153   -0.107      1.3802  0.494     0.45    -0.44    28.73    30.00
  -211    0.019    0.131     -0.6900  0.140    -8.36    -0.81   -35.72    36.19
   211   -0.117    0.426     -2.5169  0.140    -3.76    -0.23   -35.31    35.54
 -2112    0.073   -0.160      5.1542  0.940     1.75    -5.05    30.70    31.17
   310    0.305   -0.141     -4.1309  0.494     2.23    -1.27   -29.52    30.00
   310    0.533    0.236     -3.7294  0.494     1.28     3.07   -29.04    30.00
    22   -0.307   -0.033      1.6125  0.000 -.12E+05 0.15E+05 0.37E+06 0.38E+06
   211   -0.305   -0.158     -0.9121  0.140    -9.72    -8.12   -81.01    83.03
  -211    0.233   -0.235      5.2702  0.140     9.82    -5.89   349.27   350.07
   211   -0.028   -0.185      0.9296  0.140     6.68    -2.81   237.62   241.13
   211   -0.070   -0.223     -0.9709  0.140    -3.03     4.48  -129.37   134.43
  -211   -0.237   -0.306      0.7706  0.140     1.17    -2.23    37.13    37.99
  -211   -0.091   -0.095      2.9430  0.140     0.46    -1.36    39.00    39.66
   310    0.461   -0.097     -7.4997  0.494     2.71    -1.65   -35.97    35.86
  -211    0.064    0.027      0.8687  0.140 0.42E+05 0.75E+03 0.43E+06 0.44E+06
   310    0.269    0.185      3.4072  0.494     3.08     3.39    36.77    37.05
  2112    0.026    0.536      8.7706  0.940     2.84     1.25    51.26    51.64
   211   -0.127   -0.145     -0.9593  0.140   -19.10     0.20  -199.84   200.86
   111    0.009   -0.086     -1.0139  0.135 -.16E+05 -.16E+05 -.24E+06 0.24E+06
  2212   -0.034   -0.125     -4.8986  0.938    -1.21    -0.90   -39.94    39.87
   310    0.068   -0.347     -1.6160  0.498     0.73    -9.95   -42.91    44.63
   310    0.561   -0.606     -3.0928  0.498     9.79    -6.50   -43.66    45.76
  -211    0.426   -0.127      2.0695  0.140     2.19    -0.05    53.30    53.66
   310   -0.147    0.442    -10.2238  0.498    -2.31     3.36   -50.00    50.00
 -2112   -0.183    0.412      7.1637  0.940     7.07     7.45    86.49    87.14
   130    0.282   -0.151     -8.0659  0.498    -0.74    -1.02   -80.23    80.16
  2112   -0.178   -0.246      2.6669  0.940    -2.84    -3.72    85.06    85.27
   310   -0.176    0.077      2.1228  0.498   -15.50     4.17   295.83   300.80
