       1    3957     397    1383    3.8609   12  157    4  152    0
     1     -0.233     -0.195      0.404      0.010      1   -211      0.140
    -2     -0.242      0.046      0.265      0.006      1   -211
     2      0.075      0.094     -0.078      0.006      2    221      0.548
    -2      0.102     -0.299     -0.035      0.006      2    221
     3     -0.308      0.198      0.336      0.199      3   -321      0.494
    -2      0.031     -0.262      0.218      0.006      3   -321
     2      0.009     -0.280     -0.925      0.006      4    213      0.766
    -1     -0.714      0.337     -0.818      0.010      4    213
     1      0.076      0.012     -0.363      0.010      5    221      0.548
    -1     -0.214     -0.044     -0.581      0.010      5    221
     1      0.209      0.083      0.382      0.010      6    221      0.548
    -1     -0.619     -0.162      0.515      0.010      6    221
     1     -0.000     -0.005     -0.041      0.010      7    311      0.498
    -3     -0.138     -0.246     -1.303      0.199      7    311
     2     -0.108     -0.051      0.042      0.006      8    111      0.135
    -2      0.017     -0.011      0.072      0.006      8    111
     1      0.005      0.008     -0.463      0.010      9   -211      0.140
    -2     -0.141     -0.095     -0.131      0.006      9   -211
     3      0.158     -0.093     -1.113      0.199     10   -321      0.494
    -2      0.383     -0.064     -0.576      0.006     10   -321
     2     -0.042      0.017     -0.164      0.006     11    111      0.135
    -2     -0.003      0.004     -0.049      0.006     11    111
     2     -0.340      0.192     -0.171      0.006     12    111      0.135
    -2     -0.153      0.040     -0.056      0.006     12    111
     3      0.337      0.078     -0.546      0.199     13   -321      0.494
    -2      0.406     -0.280     -0.232      0.006     13   -321
     2     -0.024      0.074      0.053      0.006     14    113      0.816
    -2     -0.477     -0.143     -0.028      0.006     14    113
     1     -0.185     -0.089      0.124      0.010     15    113      0.730
    -1      0.086      0.230     -0.182      0.010     15    113
     2      0.197      0.135     -0.655      0.006     16   2212      0.938
     2      0.010      0.018      0.015      0.006     16   2212
     1      0.040     -0.075     -0.159      0.010     16   2212
     2      0.447     -0.160     -0.763      0.006     17    213      0.599
    -1     -0.341     -0.001     -2.110      0.010     17    213
     1     -0.026      0.216      2.571      0.010     18   2112      0.940
     2     -0.288     -0.401      2.855      0.006     18   2112
     1     -0.226      0.200      4.125      0.010     18   2112
     3     -0.174     -0.529      1.856      0.199     19   -311      0.498
    -1     -0.228     -0.062      1.662      0.010     19   -311
     2     -0.105     -0.910      2.395      0.006     20    221      0.548
    -2     -0.024      0.039      0.460      0.006     20    221
     2     -0.083     -0.212     -0.055      0.006     21    111      0.135
    -2      0.075     -0.084     -0.100      0.006     21    111
     2     -0.131      0.187      1.763      0.006     22    213      0.704
    -1      0.668     -0.503      2.333      0.010     22    213
     1      0.269     -0.224      0.020      0.010     23    223      0.782
    -1     -0.042     -0.377      0.259      0.010     23    223
     2      0.033     -0.117     -0.522      0.006     24    211      0.140
    -1      0.632     -0.013     -1.742      0.010     24    211
     1      0.196     -0.003     -0.228      0.010     25    111      0.135
    -1      0.010      0.053     -0.118      0.010     25    111
     2     -0.004     -0.045      0.082      0.006     26   2112      0.940
     1      0.121      0.006     -0.112      0.010     26   2112
     1     -0.060     -0.183     -0.121      0.010     26   2112
     1     -0.010      0.014      0.053      0.010     27   -211      0.140
    -2      0.221     -0.035     -0.631      0.006     27   -211
     1     -0.048      0.031      0.151      0.010     28   2112      0.940
     1      0.004     -0.029      0.098      0.010     28   2112
     2     -0.058     -0.130      0.468      0.006     28   2112
     2     -0.152     -0.381      1.032      0.006     29    211      0.140
    -1     -0.059     -0.095      0.089      0.010     29    211
     2      0.344     -0.260      0.349      0.006     30    321      0.494
    -3      0.198     -0.692      0.565      0.199     30    321
     2     -0.216      0.133      3.422      0.006     31   2212      0.938
     2     -0.188     -0.064      2.037      0.006     31   2212
     1      0.073     -0.030      1.209      0.010     31   2212
     2      0.009     -0.001      0.109      0.006     32    111      0.135
    -2     -0.190     -0.062      0.469      0.006     32    111
     1      0.318     -0.066      2.022      0.010     33   -211      0.140
    -2      0.095     -0.095      1.520      0.006     33   -211
     2      0.219     -0.041      0.567      0.006     34    211      0.140
    -1     -0.039     -0.077      0.053      0.010     34    211
     1     -0.207      0.026     -0.128      0.010     35   1114      1.143
     1     -0.210     -0.074     -0.393      0.010     35   1114
     1     -0.089      0.199     -0.162      0.010     35   1114
     2      0.001      0.071     -0.163      0.006     36    223      0.781
    -2      0.030      0.081      0.122      0.006     36    223
     1      0.337      0.191      0.549      0.010     37   -213      1.025
    -2     -0.137      0.316      0.273      0.006     37   -213
     2      0.202     -0.131      0.345      0.006     38   2112      0.940
     1      0.033     -0.684     -0.064      0.010     38   2112
     1      0.188      0.083     -0.032      0.010     38   2112
     2     -0.053      0.085      1.196      0.006     39    221      0.548
    -2     -0.330     -0.208      4.659      0.006     39    221
     2      0.165      0.286      0.039      0.006     40    211      0.140
    -1      0.073     -0.109     -0.108      0.010     40    211
     1      0.017      0.025      0.094      0.010     41   -211      0.140
    -2     -0.014      0.247      0.644      0.006     41   -211
     1      0.405     -0.239     -0.142      0.010     42    223      0.783
    -1      0.051      0.318     -0.178      0.010     42    223
     2      0.062      0.002     -0.174      0.006     43    111      0.135
    -2      0.011     -0.167     -0.673      0.006     43    111
     2      0.193      0.015     -0.372      0.006     44    111      0.135
    -2     -0.033     -0.010     -0.104      0.006     44    111
     1      0.037     -0.038     -0.075      0.010     45    223      0.785
    -1      0.117     -0.010      0.235      0.010     45    223
     1     -0.041      0.278     -0.133      0.010     46   -211      0.140
    -2      0.087     -0.011     -0.002      0.006     46   -211
     1      0.257      0.014      0.454      0.010     47    111      0.135
    -1     -0.009      0.021      0.103      0.010     47    111
     2      0.150      0.150      0.105      0.006     48   2224      1.282
     2      0.100     -0.061      0.392      0.006     48   2224
     2      0.116     -0.174      0.686      0.006     48   2224
     2     -0.030      0.147      0.587      0.006     49    221      0.548
    -2     -0.053      0.382      0.500      0.006     49    221
     1      0.003      0.080     -0.306      0.010     50   -211      0.140
    -2     -0.013     -0.158     -1.036      0.006     50   -211
     1      0.214      0.263      0.553      0.010     51    223      0.784
    -1     -0.034      0.279      1.203      0.010     51    223
     2      0.059      0.007      1.378      0.006     52    213      0.646
    -1      0.205      0.220     -0.093      0.010     52    213
     3      0.224      0.645      0.534      0.199     53   -323      0.891
    -2     -0.221      0.028     -0.007      0.006     53   -323
     2     -0.197     -0.743      0.649      0.006     54    213      0.733
    -1     -0.242      0.245      0.284      0.010     54    213
     2     -0.452      0.006      0.525      0.006     55    111      0.135
    -2     -0.068     -0.050      0.048      0.006     55    111
     2     -0.130      0.001      0.058      0.006     56   3222      1.189
     2     -0.060      0.297      0.625      0.006     56   3222
     3     -0.058      0.253      0.437      0.199     56   3222
     2     -0.017      0.050     -0.534      0.006     57    211      0.140
    -1      0.073     -0.030     -0.024      0.010     57    211
     1     -0.711      0.394      1.065      0.010     58    113      0.724
    -1     -0.106      0.148      0.499      0.010     58    113
     3      0.061     -0.000     -0.244      0.199     59   -311      0.498
    -1      0.031      0.012     -0.091      0.010     59   -311
     2     -0.004     -0.082     -0.447      0.006     60    211      0.140
    -1      0.059     -0.145     -0.660      0.010     60    211
     1      0.113      0.305      0.117      0.010     61   1114      1.189
     1      0.089      0.119     -0.414      0.010     61   1114
     1     -0.060      0.145     -0.207      0.010     61   1114
     1      0.116      0.010      0.129      0.010     62    111      0.135
    -1      0.087     -0.106      0.100      0.010     62    111
     2      0.037     -0.127      0.098      0.006     63    111      0.135
    -2      0.057     -0.291      0.055      0.006     63    111
     1     -0.134     -0.030      0.032      0.010     64   3122      1.116
     3     -0.244      0.140     -0.011      0.199     64   3122
     2      0.058     -0.001      0.017      0.006     64   3122
     1     -0.116     -0.013      0.182      0.010     65    111      0.135
    -1      0.071      0.034      0.198      0.010     65    111
     3      0.063     -0.765      0.277      0.199     66   -323      0.901
    -2      0.358      0.136     -1.165      0.006     66   -323
     1      0.137     -0.059     -0.278      0.010     67    111      0.135
    -1      0.086      0.072     -0.156      0.010     67    111
     1     -0.063     -0.167      1.089      0.010     68   2212      0.938
     2      0.132     -0.102      1.466      0.006     68   2212
     2      0.083     -0.309      1.946      0.006     68   2212
     2      0.114     -0.177     -0.086      0.006     69    211      0.140
    -1     -0.030     -0.036     -0.024      0.010     69    211
     1     -0.104     -0.065     -0.088      0.010     70    111      0.135
    -1     -0.000     -0.082     -0.025      0.010     70    111
     1      0.394      0.029     -0.362      0.010     71   -211      0.140
    -2      0.871      0.377     -0.215      0.006     71   -211
     2      0.076     -0.153     -0.813      0.006     72    213      0.783
    -1     -0.016     -0.226     -0.035      0.010     72    213
    -3     -0.198     -0.665     -0.108      0.199     73  -3334      1.672
    -3     -0.041     -0.129      0.376      0.199     73  -3334
    -3     -0.453     -0.204     -0.305      0.199     73  -3334
     1      0.063      0.002      0.009      0.010     74   -211      0.140
    -2      0.022     -0.128     -0.165      0.006     74   -211
     1      0.037      0.017     -0.023      0.010     75   2112      0.940
     1      0.021     -0.003      0.025      0.010     75   2112
     2      0.023      0.265      0.026      0.006     75   2112
    -2     -0.328      0.370      3.968      0.006     76  -2212      0.938
    -1     -0.254      0.024      4.417      0.010     76  -2212
    -2     -0.174      0.026      0.619      0.006     76  -2212
     2     -0.067     -0.499      1.037      0.006     77   3222      1.189
     2      0.041      0.000      0.657      0.006     77   3222
     3      0.262     -0.254      0.453      0.199     77   3222
     2     -0.070     -0.186     -0.556      0.006     78    221      0.548
    -2      0.289      0.071     -1.390      0.006     78    221
     2      0.024     -0.018      0.156      0.006     79    111      0.135
    -2      0.100      0.100      0.474      0.006     79    111
     1      0.079      0.266     -0.159      0.010     80   1114      1.224
     1      0.245     -0.005      0.024      0.010     80   1114
     1      0.310     -0.323      0.168      0.010     80   1114
     2      0.090      0.133      0.131      0.006     81    211      0.140
    -1      0.137      0.008      0.106      0.010     81    211
    -2     -0.030     -0.014     -0.007      0.006     82  -2212      0.938
    -2      0.008     -0.009     -0.003      0.006     82  -2212
    -1      0.148     -0.125      0.036      0.010     82  -2212
     2      0.092      0.390      0.462      0.006     83   2112      0.940
     1      0.014     -0.176      0.129      0.010     83   2112
     1      0.032     -0.016     -0.002      0.010     83   2112
     1      0.036     -0.038      0.146      0.010     84   -211      0.140
    -2      0.015     -0.012     -0.009      0.006     84   -211
     2      0.315      0.093     -0.773      0.006     85    321      0.494
    -3      0.122     -0.023     -0.248      0.199     85    321
     2      0.357      0.084      2.079      0.006     86    223      0.786
    -2      0.022     -0.125      0.333      0.006     86    223
     1      0.115      0.054      0.623      0.010     87   1114      1.276
     1      0.176      0.206      0.482      0.010     87   1114
     1      0.025     -0.181      0.395      0.010     87   1114
     2     -0.008     -0.099      0.083      0.006     88    211      0.140
    -1      0.527     -0.624      2.281      0.010     88    211
     1     -0.155     -0.227      0.832      0.010     89   -211      0.140
    -2     -0.087     -0.227      0.250      0.006     89   -211
     2     -0.065     -0.312      0.983      0.006     90    211      0.140
    -1      0.038     -0.006     -0.032      0.010     90    211
     1     -0.167     -0.033      2.473      0.010     91   -211      0.140
    -2      0.124     -0.127      0.646      0.006     91   -211
     2     -0.087      0.728      3.035      0.006     92    211      0.140
    -1      0.098     -0.014      0.302      0.010     92    211
     1      0.057      0.271      0.883      0.010     93    221      0.548
    -1      0.037     -0.136      0.421      0.010     93    221
     2     -0.222     -0.274     -0.090      0.006     94    223      0.783
    -2      0.078      0.036     -0.007      0.006     94    223
    -2     -0.058      0.022     -0.030      0.006     95  -2112      0.940
    -1     -0.026     -0.038     -0.082      0.010     95  -2112
    -1     -0.114     -0.095     -0.170      0.010     95  -2112
     2     -0.008     -0.052     -0.053      0.006     96   3122      1.116
     1     -0.205     -0.487      1.113      0.010     96   3122
     3     -0.158     -0.194      0.071      0.199     96   3122
     2      0.126      0.044     -0.004      0.006     97    111      0.135
    -2      0.053     -0.098     -0.125      0.006     97    111
     2     -0.162      0.118     -0.137      0.006     98    221      0.548
    -2      0.336     -0.314     -0.259      0.006     98    221
     1     -0.258     -0.165      0.390      0.010     99   1114      1.337
     1      0.031      0.001      0.085      0.010     99   1114
     1     -0.032      0.071      0.194      0.010     99   1114
     1      0.100     -0.007     -0.035      0.010    100   -211      0.140
    -2      0.024      0.024     -0.080      0.006    100   -211
     2     -0.007     -0.076      0.343      0.006    101    211      0.140
    -1      0.091      0.097      0.741      0.010    101    211
     2     -0.001     -0.019      0.000      0.006    102    111      0.135
    -2      0.029      0.138      0.599      0.006    102    111
     2     -0.097     -0.023      0.068      0.006    103   2112      0.940
     1     -0.162     -0.413      1.463      0.010    103   2112
     1     -0.009     -0.013      1.241      0.010    103   2112
     2      0.151     -0.115      0.716      0.006    104    213      0.795
    -1      0.196     -0.036     -0.092      0.010    104    213
     1      0.136      0.008     -1.060      0.010    105   2112      0.940
     2     -0.155      0.358     -1.172      0.006    105   2112
     1     -0.084      0.046     -0.320      0.010    105   2112
     1      0.618      0.368      0.770      0.010    106    223      0.777
    -1      0.256     -0.533      0.417      0.010    106    223
     2     -0.093      0.210      0.080      0.006    107    111      0.135
    -2      0.064      0.230      0.083      0.006    107    111
     1     -0.052     -0.184     -0.017      0.010    108   1114      1.216
     1     -0.153      0.099      0.075      0.010    108   1114
     1     -0.079     -0.015     -0.044      0.010    108   1114
     2      0.242     -0.236     -0.427      0.006    109    211      0.140
    -1      0.017      0.145     -0.208      0.010    109    211
     2     -0.041     -0.060      2.175      0.006    110    113      0.819
    -2      0.072      0.191      0.896      0.006    110    113
     2     -0.088     -0.075      0.226      0.006    111    211      0.140
    -1     -0.168      0.232      0.397      0.010    111    211
     2      0.049     -0.119      0.297      0.006    112    223      0.783
    -2      0.166     -0.029      1.263      0.006    112    223
     2      0.147     -0.029      0.099      0.006    113   2212      0.938
     2      0.138     -0.360      0.349      0.006    113   2212
     1      0.003     -0.020     -0.001      0.010    113   2212
     1      0.715      0.031     -0.334      0.010    114    113      0.691
    -1      0.089     -0.216     -0.376      0.010    114    113
     2     -0.656      0.128      0.834      0.006    115    221      0.548
    -2      0.256     -0.013      0.565      0.006    115    221
     2      0.186      0.086     -0.165      0.006    116    321      0.494
    -3      0.530      0.147     -0.946      0.199    116    321
     1      0.786      0.294      0.169      0.010    117   -213      0.586
    -2      0.260     -0.364     -0.183      0.006    117   -213
     2      0.035     -0.026     -0.041      0.006    118    111      0.135
    -2     -0.099     -0.251     -0.139      0.006    118    111
     1      0.056     -0.146      0.524      0.010    119    111      0.135
    -1     -0.043     -0.130      0.118      0.010    119    111
     2      0.167     -0.233      0.205      0.006    120    211      0.140
    -1      0.082     -0.062     -0.029      0.010    120    211
     1      0.041      0.000      2.384      0.010    121   -211      0.140
    -2     -0.055      0.010      0.510      0.006    121   -211
     2     -0.063     -0.228      0.445      0.006    122    213      0.977
    -1     -0.526      0.386      0.326      0.010    122    213
     3     -0.494     -0.184     -0.765      0.199    123   -311      0.498
    -1      0.043     -0.077     -0.554      0.010    123   -311
     1      0.251      0.148     -0.043      0.010    124    223      0.785
    -1      0.068     -0.140      0.084      0.010    124    223
     2      0.053     -0.510      0.509      0.006    125    223      0.782
    -2      0.455     -0.002      0.050      0.006    125    223
     2      0.127     -0.154     -0.234      0.006    126    211      0.140
    -1     -0.023     -0.022     -0.098      0.010    126    211
     2      0.111     -0.634     -1.320      0.006    127    113      0.670
    -2     -0.060     -0.012     -0.121      0.006    127    113
     2     -0.048     -0.113     -1.071      0.006    128   2112      0.940
     1      0.465     -0.278     -2.570      0.010    128   2112
     1      0.094      0.063     -0.507      0.010    128   2112
     2      0.152     -0.262     -0.371      0.006    129    221      0.548
    -2     -0.151     -0.188     -1.774      0.006    129    221
     2     -0.031     -0.005      0.047      0.006    130   2212      0.938
     1      0.114     -0.062      1.337      0.010    130   2212
     2      0.220     -0.152      1.226      0.006    130   2212
     1     -0.198     -0.156     -0.257      0.010    131    113      0.813
    -1     -0.102      0.072     -0.440      0.010    131    113
     1     -0.052     -0.054      0.029      0.010    132   -211      0.140
    -2     -0.251     -0.296     -0.283      0.006    132   -211
     1      0.350      0.167     -0.356      0.010    133   2114      1.355
     1      0.281     -0.390     -0.319      0.010    133   2114
     2     -0.324      0.216     -0.091      0.006    133   2114
     1     -0.040     -0.080      0.980      0.010    134    311      0.498
    -3     -0.076     -0.142      0.728      0.199    134    311
     1      0.307     -0.271      0.616      0.010    135   2214      1.282
     2      0.111     -0.035      0.017      0.006    135   2214
     2      0.185      0.459      2.840      0.006    135   2214
     2      0.096     -0.024     -0.035      0.006    136    211      0.140
    -1      0.210      0.055      0.098      0.010    136    211
     2      0.026      0.198      2.311      0.006    137    113      0.774
    -2      0.179     -0.208      2.426      0.006    137    113
     1     -0.258     -0.245      0.790      0.010    138    221      0.548
    -1     -0.156     -0.101      0.022      0.010    138    221
     2      0.082      0.149      0.158      0.006    139    211      0.140
    -1     -0.013     -0.108      0.130      0.010    139    211
     3      0.054      0.170      2.997      0.199    140   -321      0.494
    -2     -0.207      0.360      3.155      0.006    140   -321
     2     -0.110      0.107      0.212      0.006    141   2112      0.940
     1     -0.110      0.146      0.016      0.010    141   2112
     1     -0.023      0.304     -0.034      0.010    141   2112
     2     -0.106     -0.079      0.505      0.006    142    111      0.135
    -2      0.006      0.039      0.239      0.006    142    111
     1      0.250      0.015      0.152      0.010    143   -211      0.140
    -2      0.241      0.001      0.723      0.006    143   -211
     1      0.067     -0.074     -0.308      0.010    144    113      0.877
    -1     -0.192      0.198     -2.480      0.010    144    113
     1     -0.180     -0.133     -0.061      0.010    145   3122      1.116
     3     -0.097     -0.256     -0.279      0.199    145   3122
     2     -0.036     -0.023     -0.064      0.006    145   3122
     1     -0.046      0.065      0.160      0.010    146   -211      0.140
    -2      0.191      0.125      0.588      0.006    146   -211
     1      0.025      0.042     -0.046      0.010    147   -211      0.140
    -2      0.141     -0.117     -0.250      0.006    147   -211
     2     -0.063      0.447      2.576      0.006    148   3122      1.116
     1      0.019      0.045      2.559      0.010    148   3122
     3      0.128      0.029      0.955      0.199    148   3122
     1     -0.382      0.253     -0.155      0.010    149   -211      0.140
    -2     -0.239      0.310     -0.090      0.006    149   -211
     2     -0.142     -0.208     -0.173      0.006    150    211      0.140
    -1      0.069     -0.030     -0.022      0.010    150    211
     1      0.117     -0.192      2.013      0.010    151    313      0.903
    -3     -0.219     -0.300      0.474      0.199    151    313
     2     -0.024      0.113      0.470      0.006    152   2212      0.938
     2     -0.433     -0.050      0.756      0.006    152   2212
     1     -0.110     -0.105      0.746      0.010    152   2212
     1      0.018      0.002      0.087      0.010    153    111      0.135
    -1     -0.083      0.041     -0.025      0.010    153    111
     2      0.017     -0.156      1.021      0.006    154    211      0.140
    -1      0.128      0.083      0.715      0.010    154    211
     2      0.243     -0.095      0.324      0.006    155    211      0.140
    -1      0.038      0.111      0.475      0.010    155    211
     1     -0.657      0.004      0.749      0.010    156   2114      1.239
     2     -0.484      0.505      1.519      0.006    156   2114
     1      0.248     -0.072     -0.094      0.010    156   2114
     3      0.276     -0.119      0.610      0.199    157   -311      0.498
    -1      0.179     -0.067      0.358      0.010    157   -311
     1      0.376      0.047      0.519      0.010    158   -213      0.912
    -2      0.058     -0.019      0.996      0.006    158   -213
     1     -0.304     -0.011      0.546      0.010    159    221      0.548
    -1      0.453     -0.511      1.383      0.010    159    221
     1     -0.076     -0.003      0.160      0.010    160   1114      1.313
     1      0.053     -0.022      0.211      0.010    160   1114
     1     -0.203     -0.053      0.569      0.010    160   1114
     1      0.147      0.382      0.224      0.010    161   -211      0.140
    -2      0.118     -0.021     -0.096      0.006    161   -211
     2     -0.354      0.177      0.282      0.006    162    221      0.548
    -2     -0.224      0.240      0.052      0.006    162    221
     1      0.446      0.194      2.325      0.010    163   -213      0.788
    -2      0.508      0.205      0.712      0.006    163   -213
     2      0.345      0.254      0.002      0.006    164    211      0.140
    -1     -0.056      0.044     -0.094      0.010    164    211
     2     -0.140      0.166      0.121      0.006    165    223      0.795
    -2      0.398      0.160      0.937      0.006    165    223
     1     -0.036     -0.235      0.914      0.010    166    221      0.548
    -1     -0.188     -0.152      0.142      0.010    166    221
     2      0.167      0.317      0.286      0.006    167    211      0.140
    -1      0.238      0.078      0.344      0.010    167    211
     1      0.211      0.155     -0.188      0.010    168    221      0.548
    -1     -0.059     -0.117      0.029      0.010    168    221
     1      0.017     -0.058     -0.502      0.010    169   1114      1.231
     1      0.051      0.015     -0.067      0.010    169   1114
     1      0.306      0.066     -1.811      0.010    169   1114
     2     -0.000      0.064     -0.120      0.006    170    211      0.140
    -1     -1.209      0.306     -2.517      0.010    170    211
     1     -0.206     -0.110      1.052      0.010    171    311      0.498
    -3     -0.177      0.136      0.896      0.199    171    311
     2      0.086      0.039      0.121      0.006    172   2112      0.940
     1      0.092     -0.081      0.135      0.010    172   2112
     1      0.222      0.263      0.670      0.010    172   2112
     2      0.241      0.193      0.484      0.006    173    211      0.140
    -1     -0.036      0.057     -0.012      0.010    173    211
     1     -0.026      0.220      1.694      0.010    174    223      0.786
    -1      0.049     -0.081      0.966      0.010    174    223
     1     -0.523      0.068      2.942      0.010    175   1114      1.251
     1      0.049     -0.161      1.024      0.010    175   1114
     1      0.192      0.308      1.703      0.010    175   1114
     1      0.203      0.460      0.868      0.010    176   -211      0.140
    -2      0.266      0.104      1.129      0.006    176   -211
     2      0.063      0.373      0.346      0.006    177    321      0.494
    -3      0.364      0.634      0.034      0.199    177    321
     1      0.246      0.094     -0.306      0.010    178   -213      0.602
    -2     -0.148      0.200      0.223      0.006    178   -213
     2     -0.058      0.055      0.686      0.006    179    211      0.140
    -1     -0.228      0.146      0.507      0.010    179    211
     2      0.135      0.117     -0.251      0.006    180    223      0.785
    -2     -0.361     -0.002      0.165      0.006    180    223
     1      0.367     -0.026     -0.052      0.010    181    113      0.792
    -1      0.316      0.154     -0.160      0.010    181    113
     2      0.111      0.023     -0.084      0.006    182    111      0.135
    -2      0.176      0.162     -0.120      0.006    182    111
     1     -0.010     -0.055     -0.031      0.010    183    111      0.135
    -1      0.049     -0.011     -0.262      0.010    183    111
     2     -0.010      0.089     -0.325      0.006    184    221      0.548
    -2      0.066      0.307     -0.045      0.006    184    221
     2     -0.111      0.070      3.327      0.006    185   2112      0.940
     1      0.085      0.006      0.668      0.010    185   2112
     1      0.209      0.130      3.725      0.010    185   2112
     3      0.092     -0.125      0.822      0.199    186   3122      1.116
     2      0.170     -0.221      0.362      0.006    186   3122
     1      0.140     -0.044      3.928      0.010    186   3122
     1      0.137     -0.098      1.821      0.010    187   2212      0.938
     2     -0.032      0.177      1.175      0.006    187   2212
     2      0.168      0.172      2.462      0.006    187   2212
     1     -0.151      0.049      0.090      0.010    188    311      0.498
    -3     -0.029     -0.295      0.184      0.199    188    311
     1      0.177      0.015      0.725      0.010    189    111      0.135
    -1      0.032      0.027      0.394      0.010    189    111
     2      0.035     -0.183      0.968      0.006    190   2112      0.940
     1      0.143      0.006      1.059      0.010    190   2112
     1      0.240     -0.230      1.049      0.010    190   2112
     2     -0.154      0.137      1.188      0.006    191    211      0.140
    -1      0.140      0.169      2.524      0.010    191    211
     1      0.012     -0.319      0.307      0.010    192   -211      0.140
    -2      0.038     -0.019     -0.080      0.006    192   -211
     1      0.215      0.056     -0.136      0.010    193    221      0.548
    -1     -0.388     -0.048     -1.643      0.010    193    221
     1      0.152     -0.386     -0.852      0.010    194   -213      0.693
    -2      0.212      0.441     -0.890      0.006    194   -213
     2      0.084     -0.115      0.065      0.006    195    321      0.494
    -3     -0.334     -0.283      0.491      0.199    195    321
     2      0.020     -0.065      0.341      0.006    196    111      0.135
    -2     -0.097     -0.162      1.289      0.006    196    111
     1     -0.095     -0.360     -0.068      0.010    197   -211      0.140
    -2     -0.016     -0.595      0.192      0.006    197   -211
     2     -0.006     -0.033     -0.098      0.006    198    211      0.140
    -1      0.954     -0.198     -0.814      0.010    198    211
     1     -0.260     -0.161      0.607      0.010    199   -213      0.750
    -2      0.084     -0.196      0.005      0.006    199   -213
     1     -0.376     -0.327     -1.639      0.010    200   2212      0.938
     2      0.031      0.037     -1.324      0.006    200   2212
     2     -0.028      0.096     -1.369      0.006    200   2212
     1     -0.060     -0.126     -1.340      0.010    201    223      0.783
    -1      0.077      0.069     -1.078      0.010    201    223
     2      0.187     -0.086      0.055      0.006    202    113      0.713
    -2     -0.129     -0.057     -0.064      0.006    202    113
     2     -0.289     -0.087     -0.493      0.006    203   2224      1.190
     2      0.136     -0.070      2.582      0.006    203   2224
     2     -0.004     -0.315     -2.930      0.006    203   2224
     1      0.145     -0.142     -1.031      0.010    204    311      0.498
    -3      0.009     -0.098     -0.641      0.199    204    311
     2      0.109     -0.159     -0.018      0.006    205    211      0.140
    -1      0.134     -0.170      0.212      0.010    205    211
     2      0.024     -0.013     -0.377      0.006    206   2112      0.940
     1     -0.049      0.421     -0.568      0.010    206   2112
     1     -0.089      0.195     -0.329      0.010    206   2112
     2      0.144     -0.112      0.010      0.006    207    211      0.140
    -1      0.109     -0.401      0.480      0.010    207    211
     2      0.038     -0.219      2.190      0.006    208    113      0.790
    -2      0.085     -0.084      0.200      0.006    208    113
     1     -0.112      0.008      2.034      0.010    209   2112      0.940
     2     -0.062     -0.029      6.426      0.006    209   2112
     1      0.348      0.310      5.880      0.010    209   2112
     2      0.029      0.043     -0.015      0.006    210    211      0.140
    -1      0.147     -0.100     -0.103      0.010    210    211
     2      0.394      0.241      0.209      0.006    211    111      0.135
    -2      0.197     -0.026      0.133      0.006    211    111
     1      0.448      0.223     -0.389      0.010    212    221      0.548
    -1      0.406      0.206      0.100      0.010    212    221
     2      0.052     -0.187      0.457      0.006    213    221      0.548
    -2      0.361      0.028      0.161      0.006    213    221
     3      0.119      0.066      0.011      0.199    214   -321      0.494
    -2     -0.326      0.502      0.340      0.006    214   -321
     1      0.065     -0.105      0.127      0.010    215    113      0.779
    -1      0.260      0.151     -0.081      0.010    215    113
     2      0.208     -0.418     -0.666      0.006    216    211      0.140
    -1      0.009      0.077     -0.065      0.010    216    211
     1      0.678     -0.019      1.634      0.010    217    313      0.900
    -3      0.085      0.413      0.576      0.199    217    313
     3     -0.018      0.024      0.145      0.199    218   3312      1.321
     1     -0.005      0.125      0.265      0.010    218   3312
     3      0.177      0.208      0.456      0.199    218   3312
     2      0.509     -0.090     -0.099      0.006    219    211      0.140
    -1      0.000      0.070      0.060      0.010    219    211
     2      0.059     -0.224      0.523      0.006    220    223      0.783
    -2     -0.011      0.311      0.472      0.006    220    223
     2      0.315      0.344      0.124      0.006    221   2212      0.938
     1      0.128      0.305     -0.232      0.010    221   2212
     2      0.552     -0.079     -0.197      0.006    221   2212
     1      0.634      0.306      3.522      0.010    222   -213      0.751
    -2     -0.274      0.164      1.541      0.006    222   -213
     1      0.083      0.648      0.507      0.010    223   -211      0.140
    -2      0.065      0.117      0.156      0.006    223   -211
     2     -0.208      0.159      0.675      0.006    224    221      0.548
    -2      0.126      0.266      0.341      0.006    224    221
     1      0.171      0.345     -0.067      0.010    225    311      0.498
    -3     -0.448      0.184      0.055      0.199    225    311
     2      0.002      0.009     -0.034      0.006    226    211      0.140
    -1      0.192      0.417      0.488      0.010    226    211
     1     -0.057      0.061      0.064      0.010    227   -211      0.140
    -2      0.019      0.134     -0.030      0.006    227   -211
     1     -0.030      0.199      0.311      0.010    228    223      0.772
    -1      0.139      0.268     -0.155      0.010    228    223
     1     -0.213      0.006      0.171      0.010    229   2112      0.940
     1     -0.090      0.042      0.236      0.010    229   2112
     2      0.261     -0.029      0.395      0.006    229   2112
     2      0.211     -0.268      0.418      0.006    230    223      0.775
    -2      0.120      0.053      0.107      0.006    230    223
     1      0.167     -0.172      1.038      0.010    231   -211      0.140
    -2     -0.015     -0.034      0.099      0.006    231   -211
     2      0.201     -0.105      0.198      0.006    232    221      0.548
    -2     -0.040     -0.146      0.407      0.006    232    221
     2      0.012     -0.005      0.010      0.006    233    321      0.494
    -3      0.048      0.216      0.040      0.199    233    321
     2     -0.237     -0.041      2.363      0.006    234   2112      0.940
     1     -0.200     -0.220      1.522      0.010    234   2112
     1      0.121      0.226      2.224      0.010    234   2112
    -2     -0.238     -0.183     -1.231      0.006    235  -2224      1.167
    -2      0.029     -0.089      0.285      0.006    235  -2224
    -2     -0.254     -0.220      1.261      0.006    235  -2224
     2     -0.163      0.390      0.033      0.006    236    211      0.140
    -1     -0.113     -0.051     -0.130      0.010    236    211
     2     -0.167      0.082      0.074      0.006    237   2212      0.938
     2     -0.466      0.090     -0.095      0.006    237   2212
     1     -0.103     -0.047     -0.047      0.010    237   2212
     3     -0.346     -0.025      0.122      0.199    238   -321      0.494
    -2      0.032      0.164      0.094      0.006    238   -321
     1     -0.072      0.035     -0.080      0.010    239    111      0.135
    -1      0.006      0.009     -0.125      0.010    239    111
     2      0.092     -0.188     -0.427      0.006    240    211      0.140
    -1      0.207     -0.042     -1.359      0.010    240    211
     2     -0.056      0.021     -0.102      0.006    241    211      0.140
    -1      0.168      0.566     -0.626      0.010    241    211
     1     -0.033     -0.007      0.057      0.010    242    311      0.498
    -3      0.362      0.126     -0.773      0.199    242    311
     2      0.172      0.157      0.518      0.006    243   2212      0.938
     2     -0.032      0.087      0.279      0.006    243   2212
     1     -0.388      0.361      1.107      0.010    243   2212
     3      0.354     -0.465      1.200      0.199    244   -313      0.848
    -1      0.289     -0.058     -0.050      0.010    244   -313
     2      0.039     -0.167     -0.083      0.006    245    111      0.135
    -2     -0.125     -0.195     -0.041      0.006    245    111
     2      0.391     -0.268      0.737      0.006    246    323      0.908
    -3      0.238      0.129     -0.191      0.199    246    323
     1      0.188      0.038      1.200      0.010    247   -213      0.840
    -2     -0.352     -0.160      1.681      0.006    247   -213
     3     -0.327      0.141      0.576      0.199    248   -321      0.494
    -2     -0.214     -0.066      1.221      0.006    248   -321
     2     -0.100     -0.215     -0.178      0.006    249   2212      0.938
     2      0.325     -0.137     -0.290      0.006    249   2212
     1      0.192      0.143     -0.187      0.010    249   2212
     2     -0.008      0.138      0.355      0.006    250   3222      1.189
     3      0.056     -0.094      1.430      0.199    250   3222
     2     -0.249     -0.002      1.265      0.006    250   3222
     2     -0.084     -0.209      0.468      0.006    251    213      0.718
    -1      0.547      0.547      0.213      0.010    251    213
     2      0.022     -0.067     -0.003      0.006    252   2224      1.292
     2     -0.217     -0.018      0.183      0.006    252   2224
     2      0.043      0.336      1.392      0.006    252   2224
     2      0.015      0.289      4.487      0.006    253    111      0.135
    -2      0.021      0.001      0.096      0.006    253    111
     2     -0.094      0.252      3.326      0.006    254   2212      0.938
     1     -0.038     -0.308      4.812      0.010    254   2212
     2      0.281      0.060      1.616      0.006    254   2212
     1     -0.302      0.254      1.825      0.010    255    111      0.135
    -1     -0.051      0.014      0.273      0.010    255    111
     1      0.054     -0.241     -1.458      0.010    256    223      0.794
    -1     -0.083      0.079     -0.963      0.010    256    223
     2      0.131     -0.009      0.164      0.006    257    111      0.135
    -2      0.268     -0.061      0.212      0.006    257    111
     2     -0.466     -0.008     -2.443      0.006    258    321      0.494
    -3      0.091     -0.053     -2.738      0.199    258    321
     1     -0.022     -0.052      0.701      0.010    259   2112      0.940
     2      0.173     -0.358      4.658      0.006    259   2112
     1      0.187      0.083      1.498      0.010    259   2112
     1     -0.067      0.039     -1.796      0.010    260   -211      0.140
    -2      0.205      0.026     -3.014      0.006    260   -211
     1     -0.083      0.073     -0.097      0.010    261   1114      1.104
     1     -0.010     -0.078     -0.219      0.010    261   1114
     1     -0.218     -0.008     -0.105      0.010    261   1114
     1     -0.043     -0.296      0.034      0.010    262   -211      0.140
    -2      0.272     -0.111     -0.030      0.006    262   -211
     2     -0.019     -0.009      0.024      0.006    263    211      0.140
    -1     -0.080      0.100      1.237      0.010    263    211
     2      0.478     -0.299      0.164      0.006    264    221      0.548
    -2     -0.236     -0.215     -0.058      0.006    264    221
     1     -0.296     -0.406     -0.496      0.010    265    221      0.548
    -1     -0.446     -0.371     -1.516      0.010    265    221
     3     -0.331     -0.367     -0.387      0.199    266   3222      1.189
     2      0.015     -0.076     -0.078      0.006    266   3222
     2     -0.125      0.036     -0.148      0.006    266   3222
     2      0.266     -0.120      1.370      0.006    267    211      0.140
    -1     -0.007     -0.041      1.528      0.010    267    211
     2     -0.095     -0.108      4.373      0.006    268   2224      1.236
     2     -0.444      0.233      4.632      0.006    268   2224
     2      0.054      0.002      0.796      0.006    268   2224
     2     -0.181      0.065      0.343      0.006    269    113      0.711
    -2     -0.111     -0.030     -0.015      0.006    269    113
     3      0.028     -0.190     -0.009      0.199    270   3112      1.197
     1     -0.045     -0.060      0.028      0.010    270   3112
     1      0.034     -0.103      0.052      0.010    270   3112
     2      0.356      0.195      0.441      0.006    271   2212      0.938
     1      0.032     -0.051      0.695      0.010    271   2212
     2     -0.227     -0.198      0.945      0.006    271   2212
     2      0.432      0.855     -0.310      0.006    272    221      0.548
    -2     -0.064     -0.017     -0.220      0.006    272    221
     2     -0.105      0.114      0.241      0.006    273    211      0.140
    -1      0.160      0.073      0.109      0.010    273    211
     1     -0.148     -0.457      0.578      0.010    274   -211      0.140
    -2      0.125      0.031      0.193      0.006    274   -211
     2      0.054      0.073      0.783      0.006    275   2112      0.940
     1     -0.290     -0.132      2.001      0.010    275   2112
     1     -0.006     -0.028      0.500      0.010    275   2112
     2     -0.063     -0.179      0.422      0.006    276    211      0.140
    -1     -0.378     -0.869      2.216      0.010    276    211
     2      0.557     -0.010      1.190      0.006    277    211      0.140
    -1      0.681     -0.052      0.968      0.010    277    211
     2      0.188      0.041     -0.164      0.006    278   2224      1.134
     2      0.076     -0.453     -0.413      0.006    278   2224
     2      0.136     -0.136     -0.032      0.006    278   2224
     2      0.240      0.073      0.094      0.006    279    211      0.140
    -1      0.236      0.296      0.329      0.010    279    211
     1     -0.102     -0.075      0.580      0.010    280    223      0.783
    -1      0.042     -0.015     -0.012      0.010    280    223
     2     -0.104      0.075     -0.001      0.006    281    223      0.781
    -2      0.292     -0.271     -0.037      0.006    281    223
     2      0.199      0.055      0.509      0.006    282    211      0.140
    -1     -0.055      0.173      0.226      0.010    282    211
     1      0.505      0.451      0.814      0.010    283   -211      0.140
    -2      0.005      0.085      0.243      0.006    283   -211
     2      0.269      0.110      2.169      0.006    284    221      0.548
    -2      0.028     -0.105      0.860      0.006    284    221
     2     -0.037     -0.270      1.812      0.006    285    213      0.733
    -1     -0.646     -0.074      1.982      0.010    285    213
     1      0.074      0.007     -0.057      0.010    286   2112      0.940
     1      0.037      0.077     -0.045      0.010    286   2112
     2      0.094      0.053     -0.038      0.006    286   2112
     1     -0.080     -0.035      0.421      0.010    287   -211      0.140
    -2     -0.084     -0.121      0.159      0.006    287   -211
     2      0.081     -0.097      0.096      0.006    288    111      0.135
    -2     -0.131     -0.185      0.236      0.006    288    111
     2      0.280     -0.150      3.921      0.006    289   2224      1.450
     2      0.092     -0.104      3.606      0.006    289   2224
     2      0.082     -0.293      1.036      0.006    289   2224
     2      0.044      0.174      0.724      0.006    290    211      0.140
    -1      0.053      0.045      0.211      0.010    290    211
     1     -0.065      0.219      0.564      0.010    291   2212      0.938
     2     -0.023      0.000      0.256      0.006    291   2212
     2     -0.105      0.367      1.642      0.006    291   2212
     2      0.041      0.005     -0.005      0.006    292    211      0.140
    -1     -0.188     -0.217     -0.182      0.010    292    211
     3      0.113     -0.096      0.049      0.199    293   -323      0.874
    -2      0.165      0.462     -0.702      0.006    293   -323
     1     -0.065      0.062      0.175      0.010    294    111      0.135
    -1     -0.107      0.069      0.133      0.010    294    111
     1      0.139     -0.092     -0.300      0.010    295    111      0.135
    -1      0.086     -0.149     -0.080      0.010    295    111
     2      0.101      0.054     -0.062      0.006    296    111      0.135
    -2      0.250      0.117      0.049      0.006    296    111
     1      0.081      0.030     -0.366      0.010    297   -211      0.140
    -2      0.142      0.147     -0.183      0.006    297   -211
     1      0.080     -0.152      0.016      0.010    298   -211      0.140
    -2     -0.141     -0.333      0.007      0.006    298   -211
     2     -0.066     -0.226      0.245      0.006    299    113      0.723
    -2     -0.498      0.043      0.187      0.006    299    113
     1      0.157      0.070      0.017      0.010    300    311      0.498
    -3     -0.127      0.017     -0.070      0.199    300    311
     2      0.356     -0.120      0.692      0.006    301    223      0.792
    -2      0.013      0.043      0.209      0.006    301    223
     2     -0.368     -0.320      1.097      0.006    302   2212      0.938
     1      0.037      0.117      0.384      0.010    302   2212
     2     -0.603     -0.145      0.485      0.006    302   2212
     2     -0.061     -0.002     -0.093      0.006    303    211      0.140
    -1     -0.036      0.441     -0.272      0.010    303    211
     1     -0.266     -0.107      0.852      0.010    304   2214      1.300
     2      0.190      0.101      1.468      0.006    304   2214
     2      0.030      0.435      6.966      0.006    304   2214
     2      0.162     -0.639      1.275      0.006    305    223      0.781
    -2     -0.356     -0.391      0.012      0.006    305    223
     1     -0.036     -0.260      0.609      0.010    306   2214      1.300
     2      0.286      0.070      1.798      0.006    306   2214
     2      0.005     -0.010     -0.178      0.006    306   2214
     1     -0.019     -0.328      0.314      0.010    307    221      0.548
    -1      0.202     -0.104      0.237      0.010    307    221
     1      0.439     -0.339     -0.256      0.010    308   -211      0.140
    -2      0.072     -0.065      0.013      0.006    308   -211
     1      0.412     -0.071      1.980      0.010    309    111      0.135
    -1      0.151     -0.009      0.353      0.010    309    111
     2      0.056     -0.067     -0.404      0.006    310    211      0.140
    -1      0.146     -0.028     -0.241      0.010    310    211
     2     -0.070     -0.188      0.070      0.006    311    221      0.548
    -2      0.204     -0.037      0.166      0.006    311    221
     1      0.163     -0.149     -0.231      0.010    312   -213      0.856
    -2      0.013      0.816     -1.377      0.006    312   -213
     2     -0.053     -0.247     -0.101      0.006    313    211      0.140
    -1      0.027     -0.008     -0.045      0.010    313    211
     1      0.088      0.155     -0.219      0.010    314   -211      0.140
    -2      0.118     -0.113     -0.538      0.006    314   -211
     2      0.017     -0.488      1.157      0.006    315   2224      1.212
     2      0.080      0.005      0.788      0.006    315   2224
     2     -0.040      0.046      0.376      0.006    315   2224
     1     -0.227     -0.044      1.605      0.010    316    113      0.825
    -1     -0.763     -0.263      2.178      0.010    316    113
     1      0.093      0.005      0.110      0.010    317   2212      0.938
     2      0.102      0.348      0.410      0.006    317   2212
     2      0.044      0.363      3.484      0.006    317   2212
     2     -0.029     -0.005      1.588      0.006    318    211      0.140
    -1     -0.011     -0.167      2.182      0.010    318    211
     1      0.179     -0.105      0.217      0.010    319    221      0.548
    -1      0.240      0.049      1.029      0.010    319    221
     2      0.002      0.026      0.241      0.006    320    111      0.135
    -2      0.089      0.001      0.087      0.006    320    111
     1      0.062      0.164      0.052      0.010    321    221      0.548
    -1     -0.175      0.191      0.528      0.010    321    221
     2     -0.030     -0.004      0.345      0.006    322   2112      0.940
     1     -0.040      0.097      0.506      0.010    322   2112
     1     -0.050      0.027      0.564      0.010    322   2112
     3      0.287     -0.086      0.671      0.199    323   -321      0.494
    -2     -0.176     -0.219      1.344      0.006    323   -321
     1     -0.225      0.457      0.187      0.010    324   -211      0.140
    -2     -0.130      0.058      0.019      0.006    324   -211
     2     -0.255     -0.328      0.101      0.006    325    321      0.494
    -3     -0.195     -0.358      0.258      0.199    325    321
     2     -0.172     -0.258      2.226      0.006    326   2112      0.940
     1     -0.022      0.028      0.599      0.010    326   2112
     1     -0.193      0.171      4.222      0.010    326   2112
     2      0.221     -0.101      0.755      0.006    327    211      0.140
    -1     -0.013      0.165      1.110      0.010    327    211
     2     -0.053     -0.225      1.774      0.006    328    111      0.135
    -2     -0.017      0.022      0.060      0.006    328    111
     1      0.067     -0.085      1.103      0.010    329    223      0.779
    -1     -0.196     -0.027      2.908      0.010    329    223
     2     -0.001     -0.155      0.288      0.006    330   2114      1.375
     1     -0.208     -0.644     -0.026      0.010    330   2114
     1      0.360     -0.297      1.940      0.010    330   2114
     2     -0.199     -0.045      0.590      0.006    331    221      0.548
    -2      0.078     -0.096      0.136      0.006    331    221
     2     -0.037     -0.014      0.044      0.006    332    211      0.140
    -1      0.188     -0.732     -0.018      0.010    332    211
     3      0.049      0.003      0.463      0.199    333   -321      0.494
    -2     -0.118     -0.119      0.889      0.006    333   -321
     1      0.044     -0.096      0.089      0.010    334    223      0.775
    -1     -0.222     -0.956      0.238      0.010    334    223
     2      0.009      0.000      0.486      0.006    335    111      0.135
    -2     -0.010     -0.028      0.011      0.006    335    111
     1     -0.281     -0.409      0.126      0.010    336   -213      0.731
    -2      0.403     -0.068     -0.006      0.006    336   -213
     2     -0.260     -0.039      0.119      0.006    337    213      0.990
    -1      0.130     -0.311     -0.068      0.010    337    213
     2      0.284     -0.228      1.960      0.006    338    211      0.140
    -1      0.084     -0.448      1.387      0.010    338    211
     1     -0.255     -0.519      1.790      0.010    339   1114      1.193
     1      0.070      0.093      1.635      0.010    339   1114
     1     -0.391     -0.083      0.391      0.010    339   1114
     2     -0.262     -0.276      0.275      0.006    340    221      0.548
    -2     -0.273     -0.380      0.834      0.006    340    221
     2     -0.079      0.138      0.582      0.006    341    211      0.140
    -1     -0.365      0.320      1.046      0.010    341    211
     1     -0.199     -0.250      1.513      0.010    342   2112      0.940
     2     -0.365      0.106      2.418      0.006    342   2112
     1      0.012     -0.255      3.147      0.010    342   2112
     2     -0.571      0.233      2.239      0.006    343    221      0.548
    -2     -0.160      0.170      0.162      0.006    343    221
     1     -0.429      0.010      0.333      0.010    344   -213      0.782
    -2      0.166      0.585     -0.057      0.006    344   -213
     3     -0.481      0.079      1.596      0.199    345   -321      0.494
    -2     -0.302     -0.086      0.744      0.006    345   -321
     1     -0.035      0.122      0.039      0.010    346   -211      0.140
    -2      0.248     -0.079      0.183      0.006    346   -211
     1     -0.191      0.211     -0.208      0.010    347    221      0.548
    -1     -0.086      0.611     -0.639      0.010    347    221
     2      0.185     -0.198      1.391      0.006    348    213      0.757
    -1     -0.219      0.212      1.149      0.010    348    213
     1      0.862      0.342      1.034      0.010    349    221      0.548
    -1      0.274      0.180      0.799      0.010    349    221
     3      0.183      0.654     -0.479      0.199    350    333      1.019
    -3      0.170      0.036     -0.771      0.199    350    333
     1      0.182      0.153      0.052      0.010    351   1114      1.305
     1      0.135     -0.125      0.016      0.010    351   1114
     1      0.064      0.029     -0.146      0.010    351   1114
     2     -0.005      0.009      0.032      0.006    352    111      0.135
    -2     -0.107      0.217      5.270      0.006    352    111
     2      0.044     -0.129      2.804      0.006    353   2112      0.940
     1     -0.080      0.019      1.682      0.010    353   2112
     1     -0.115     -0.200      7.868      0.010    353   2112
     1     -0.363     -0.392      1.565      0.010    354    311      0.498
    -3     -0.149     -0.104      1.208      0.199    354    311
     1     -0.042      0.241     -0.249      0.010    355   2212      0.938
     2      0.106     -0.054     -0.104      0.006    355   2212
     2      0.387     -0.188     -0.364      0.006    355   2212
     1      0.045      0.010      0.218      0.010    356   -211      0.140
    -2     -0.287     -0.032      0.434      0.006    356   -211
     3     -0.121      0.071      0.163      0.199    357    333      1.020
    -3     -0.429      0.403      0.625      0.199    357    333
     2     -0.347      1.402     -1.571      0.006    358    213      0.793
    -1     -0.187     -0.146     -0.285      0.010    358    213
     1      0.154      0.485      0.989      0.010    359    113      0.830
    -1      0.306      0.185      0.377      0.010    359    113
     1     -0.291      0.155     -0.143      0.010    360   1114      1.296
     1     -0.257     -0.114      0.059      0.010    360   1114
     1     -0.072      0.084     -0.158      0.010    360   1114
     1     -0.251      0.135      6.511      0.010    361    223      0.786
    -1      0.404     -0.076      3.511      0.010    361    223
     1      0.296      0.282      0.088      0.010    362    113      0.730
    -1      0.366      0.411      0.761      0.010    362    113
     1      0.269     -0.251      0.298      0.010    363   -211      0.140
    -2      0.096      0.095      0.116      0.006    363   -211
     1      0.061     -0.809      0.997      0.010    364    111      0.135
    -1     -0.038     -0.205      0.248      0.010    364    111
     2      0.196      0.019     -0.149      0.006    365    111      0.135
    -2      0.182      0.217     -0.346      0.006    365    111
     2      0.063     -0.022     -0.303      0.006    366    111      0.135
    -2      0.014     -0.212     -1.179      0.006    366    111
    -2     -0.218     -0.029      0.018      0.006    367  -3122      1.116
    -1     -0.215      0.040      0.554      0.010    367  -3122
    -3     -0.252      0.026      0.465      0.199    367  -3122
     2      0.426     -0.560      0.210      0.006    368   2224      1.272
     2      0.184     -0.058     -0.618      0.006    368   2224
     2      0.205     -0.100      0.105      0.006    368   2224
     2      0.129      0.074      0.071      0.006    369   2212      0.938
     1      0.178      0.353      0.547      0.010    369   2212
     2      0.447     -0.006      1.776      0.006    369   2212
     1      0.086     -0.124      0.295      0.010    370    111      0.135
    -1      0.000     -0.135      0.556      0.010    370    111
     1      0.096     -0.001      0.028      0.010    371   -211      0.140
    -2      0.219      0.606     -0.068      0.006    371   -211
     2      0.055     -0.074     -0.070      0.006    372    223      0.774
    -2     -0.152     -0.177     -0.559      0.006    372    223
     1      0.124      0.352     -0.387      0.010    373   -211      0.140
    -2      0.092      0.017     -0.135      0.006    373   -211
     1      0.183     -0.046      1.817      0.010    374    111      0.135
    -1      0.037      0.028      0.157      0.010    374    111
     1      0.029     -0.002      0.067      0.010    375   1114      1.349
     1     -0.147      0.066      0.619      0.010    375   1114
     1      0.236     -0.558      3.525      0.010    375   1114
     2      0.000      0.030      1.256      0.006    376    211      0.140
    -1     -0.054     -0.028      0.303      0.010    376    211
     1      0.115     -0.312      0.948      0.010    377    223      0.783
    -1      0.153     -0.074     -0.161      0.010    377    223
     1      0.009     -0.563      2.827      0.010    378    223      0.783
    -1      0.016      0.165      0.887      0.010    378    223
     2      0.055      0.341      0.463      0.006    379   2214      1.192
     2     -0.017      0.254      1.499      0.006    379   2214
     1     -0.526      0.112     -0.927      0.010    379   2214
     1     -0.062      0.061      3.244      0.010    380    221      0.548
    -1     -0.061      0.093      0.470      0.010    380    221
    -1      0.007     -0.007      0.648      0.010    381  -2112      0.940
    -2     -0.057     -0.151      2.491      0.006    381  -2112
    -1     -0.498     -0.056      3.153      0.010    381  -2112
     2      0.270      0.328     -0.210      0.006    382    223      0.778
    -2      0.145     -0.055     -0.039      0.006    382    223
     1      0.003     -0.276      0.832      0.010    383   2112      0.940
     1     -0.111     -0.058      0.450      0.010    383   2112
     2     -0.643     -0.603      1.487      0.006    383   2112
     2      0.131      0.019      0.179      0.006    384    211      0.140
    -1      0.092     -0.033     -0.207      0.010    384    211
     1     -0.513      0.021     -1.072      0.010    385    313      0.938
    -3      0.178      0.134     -0.185      0.199    385    313
     2     -0.013      0.547     -0.229      0.006    386    211      0.140
    -1     -0.001      0.067     -0.139      0.010    386    211
     1      0.351     -0.475     -1.648      0.010    387    313      0.888
    -3      0.493      0.241     -1.863      0.199    387    313
     2      0.190     -0.019     -0.319      0.006    388    211      0.140
    -1      0.122      0.036     -0.450      0.010    388    211
     2     -0.115     -0.123     -0.244      0.006    389    221      0.548
    -2      0.418      0.112     -0.653      0.006    389    221
     1      0.061     -0.140      0.151      0.010    390   1114      1.135
     1     -0.018     -0.063      0.166      0.010    390   1114
     1     -0.047     -0.186      1.738      0.010    390   1114
    -2      0.385      0.285     -0.551      0.006    391  -2112      0.940
    -1     -0.015     -0.005      0.014      0.010    391  -2112
    -1      0.018      0.149      0.081      0.010    391  -2112
     1     -0.017     -0.135      0.246      0.010    392   2112      0.940
     2      0.183     -0.117      0.010      0.006    392   2112
     1      0.143      0.024      0.212      0.010    392   2112
    -1      0.019     -0.007     -0.069      0.010    393  -3312      1.321
    -3      0.027     -0.032     -0.217      0.199    393  -3312
    -3     -0.060     -0.024     -0.260      0.199    393  -3312
     1     -0.406      0.088      0.134      0.010    394   2112      0.940
     2     -0.162      0.356     -0.252      0.006    394   2112
     1     -0.448      0.039     -0.332      0.010    394   2112
     2     -0.141      0.112      0.125      0.006    395    211      0.140
    -1     -0.035      0.048      0.190      0.010    395    211
     1     -0.126     -0.011     -0.871      0.010    396    311      0.498
    -3     -0.423     -0.254     -1.790      0.199    396    311
     2     -0.161      0.804     -1.130      0.006    397    223      0.778
    -2     -0.228     -0.341      0.283      0.006    397    223
     1     -0.091     -0.041     -1.665      0.010    398    223      0.785
    -1     -0.884     -0.131     -1.891      0.010    398    223
     1     -0.067      0.067      0.023      0.010    399    221      0.548
    -1     -0.237     -0.029      0.863      0.010    399    221
     2     -0.174      0.003      0.487      0.006    400    321      0.494
    -3      0.044      0.231      0.648      0.199    400    321
     1     -0.512      0.172      0.095      0.010    401   2212      0.938
     2     -0.083     -0.020      0.038      0.006    401   2212
     2     -0.303     -0.063      0.315      0.006    401   2212
     1     -0.040     -0.262      0.376      0.010    402    221      0.548
    -1     -0.033      0.061      0.011      0.010    402    221
     2      0.283     -0.434      2.117      0.006    403    113      0.704
    -2     -0.214     -0.510      1.710      0.006    403    113
     1     -0.236      0.003      0.216      0.010    404   2112      0.940
     1     -0.047      0.255      0.031      0.010    404   2112
     2      0.055     -0.380      0.357      0.006    404   2112
     1      0.574     -0.239      0.066      0.010    405   -211      0.140
    -2      0.307     -0.378      0.376      0.006    405   -211
     3      0.069     -0.154      1.451      0.199    406   -321      0.494
    -2     -0.252      0.094      1.445      0.006    406   -321
     1      0.371      0.015     -0.045      0.010    407    313      0.897
    -3     -0.325     -0.355      0.434      0.199    407    313
     1     -0.093     -0.518     -0.514      0.010    408   -211      0.140
    -2     -0.133      0.062     -0.154      0.006    408   -211
     1      0.370      0.335      1.578      0.010    409   -213      0.640
    -2     -0.104      0.322     -0.006      0.006    409   -213
     1      0.069     -0.021      0.071      0.010    410   1114      1.237
     1     -0.052      0.232     -0.040      0.010    410   1114
     1      0.133      0.073      0.285      0.010    410   1114
     2     -0.132      0.097      0.560      0.006    411    223      0.789
    -2     -0.015     -0.083      0.547      0.006    411    223
     2     -0.077     -0.125      0.187      0.006    412    221      0.548
    -2      0.183      0.090      0.224      0.006    412    221
     1     -0.266     -0.068     -0.308      0.010    413   -211      0.140
    -2     -0.057     -0.251     -0.816      0.006    413   -211
     2     -0.082      0.145      1.273      0.006    414    211      0.140
    -1      0.008      0.242      1.200      0.010    414    211
     1     -0.219      0.249      0.277      0.010    415   1114      1.264
     1     -0.155      0.488      1.502      0.010    415   1114
     1     -0.014      0.042      0.605      0.010    415   1114
     2      0.013     -0.117      0.697      0.006    416    221      0.548
    -2     -0.456     -0.238      0.146      0.006    416    221
     1      0.038     -0.019      0.085      0.010    417   2112      0.940
     2     -0.200      0.073      0.394      0.006    417   2112
     1      0.328     -0.084      0.199      0.010    417   2112
     3     -0.068      0.193      1.863      0.199    418   -311      0.498
    -1     -0.171      0.281      0.610      0.010    418   -311
     1      0.051      0.278      1.873      0.010    419   -213      0.545
    -2      0.045      0.236      0.217      0.006    419   -213
     2     -0.100      0.192      0.212      0.006    420    111      0.135
    -2     -0.211      0.365      0.351      0.006    420    111
     1     -0.199     -0.340      0.477      0.010    421    223      0.795
    -1     -0.282      0.378      0.132      0.010    421    223
     1      0.028      0.174     -0.316      0.010    422    223      0.786
    -1     -0.074     -0.015      0.018      0.010    422    223
     1     -0.063      0.390      2.869      0.010    423   -213      0.647
    -2     -0.557      0.210      1.110      0.006    423   -213
     2     -0.050     -0.062      9.483      0.006    424   2112      0.940
     1      0.015      0.119      1.882      0.010    424   2112
     1      0.243     -0.410      9.448      0.010    424   2112
     1      0.054      0.105      0.292      0.010    425   -211      0.140
    -2     -0.242      0.057      0.258      0.006    425   -211
     2      0.044     -0.009     -0.013      0.006    426    111      0.135
    -2      0.052      0.174      0.062      0.006    426    111
     2      0.002     -0.717     -0.734      0.006    427   2214      1.234
     2      0.080     -0.038      0.207      0.006    427   2214
     1      0.096      0.275      1.674      0.010    427   2214
    -1     -0.254      0.444      2.419      0.010    428  -2212      0.938
    -2      0.069      0.312      1.821      0.006    428  -2212
    -2      0.071     -0.063      3.169      0.006    428  -2212
     3     -0.382      0.323      1.060      0.199    429   -311      0.498
    -1     -0.133      0.194      0.111      0.010    429   -311
     2      0.147      0.120     -0.094      0.006    430    111      0.135
    -2      0.273     -0.042     -0.183      0.006    430    111
     3     -0.228      0.023      0.541      0.199    431   -313      0.885
    -1      0.060      0.223     -0.202      0.010    431   -313
     2      0.511      0.384     -0.477      0.006    432    213      0.800
    -1      0.332     -0.083      0.194      0.010    432    213
     2      0.292      0.123     -0.164      0.006    433   2214      1.335
     1     -0.243      0.112      0.521      0.010    433   2214
     2      0.263     -0.154      0.394      0.006    433   2214
     2     -0.031      0.137      0.717      0.006    434   2212      0.938
     2     -0.123      0.049      0.045      0.006    434   2212
     1     -0.232     -0.268      1.177      0.010    434   2212
     1      0.031     -0.109      0.248      0.010    435    111      0.135
    -1     -0.050      0.072      0.386      0.010    435    111
     2      0.014      0.009      0.020      0.006    436    211      0.140
    -1      0.205      0.053      2.996      0.010    436    211
     1      0.408     -0.363      0.293      0.010    437    223      0.783
    -1      0.380      0.036      0.511      0.010    437    223
    -2     -0.021     -0.014      0.182      0.006    438  -3322      1.315
    -3     -0.115      0.293      0.300      0.199    438  -3322
    -3     -0.027      0.225      0.100      0.199    438  -3322
     2      0.252     -0.114      0.217      0.006    439   2212      0.938
     2      0.158      0.004      0.227      0.006    439   2212
     1      0.132      0.248      0.257      0.010    439   2212
     2      0.033     -0.234     -0.347      0.006    440   3222      1.189
     3     -0.389      0.097     -0.240      0.199    440   3222
     2      0.051     -0.192     -0.021      0.006    440   3222
     1      0.043     -0.180      0.288      0.010    441   -211      0.140
    -2     -0.110     -0.076      0.977      0.006    441   -211
     1     -0.104      0.020      0.200      0.010    442   2212      0.938
     2     -0.039     -0.017      0.650      0.006    442   2212
     2     -0.242     -0.096      2.804      0.006    442   2212
     1      0.096      0.152     -0.086      0.010    443   -213      0.673
    -2     -0.089      0.124      0.401      0.006    443   -213
     2      0.512      0.234     -0.107      0.006    444    211      0.140
    -1     -0.030      0.068      0.074      0.010    444    211
     1      0.069      0.150      1.126      0.010    445   -211      0.140
    -2      0.126     -0.016      0.987      0.006    445   -211
     1      0.126      0.218      0.539      0.010    446   2114      1.217
     1      0.048      0.666      0.617      0.010    446   2114
     2      0.118      0.126      2.188      0.006    446   2114
     2      0.118      0.093     -0.006      0.006    447    223      0.780
    -2      0.170     -0.528      0.146      0.006    447    223
     3      0.087     -0.017      1.165      0.199    448   -321      0.494
    -2      0.129     -0.018      0.754      0.006    448   -321
     2      0.113     -0.078     -0.920      0.006    449    211      0.140
    -1      0.094      0.047     -0.159      0.010    449    211
     1      0.012     -0.121     -0.064      0.010    450    311      0.498
    -3      0.285     -0.163     -0.518      0.199    450    311
     1      0.025      0.089      0.305      0.010    451    223      0.792
    -1     -0.069     -0.174      0.025      0.010    451    223
     2      0.062     -0.384      1.662      0.006    452    111      0.135
    -2     -0.042      0.001      0.139      0.006    452    111
     2      0.142     -0.119      0.440      0.006    453   2212      0.938
     2      0.120     -0.794      1.369      0.006    453   2212
     1     -0.214      0.118      0.458      0.010    453   2212
     1     -0.057     -0.235      0.044      0.010    454    221      0.548
    -1      0.046     -0.422     -2.065      0.010    454    221
     1     -0.052     -0.331     -0.405      0.010    455   -211      0.140
    -2     -0.005     -0.060     -0.209      0.006    455   -211
     3      0.181      0.040     -0.648      0.199    456   -311      0.498
    -1      0.007     -0.055     -0.028      0.010    456   -311
     2      0.007     -0.219     -0.292      0.006    457    211      0.140
    -1      0.004     -0.141     -0.045      0.010    457    211
     1     -0.037     -0.254     -0.235      0.010    458    221      0.548
    -1     -0.105     -0.344     -2.655      0.010    458    221
     2      0.071     -0.141      0.509      0.006    459   2112      0.940
     1      0.083      0.027      0.655      0.010    459   2112
     1     -0.082     -0.011      0.085      0.010    459   2112
     1      0.036      0.370      0.142      0.010    460    311      0.498
    -3     -0.166     -0.004      0.107      0.199    460    311
     3     -0.328     -0.183      0.112      0.199    461    333      1.016
    -3     -0.065     -0.087      1.210      0.199    461    333
     1      0.154      0.184      0.500      0.010    462    221      0.548
    -1     -0.358      0.451      0.747      0.010    462    221
     1     -0.542      0.092      0.455      0.010    463    221      0.548
    -1     -0.540     -0.214     -0.370      0.010    463    221
     2     -0.022     -0.540      0.827      0.006    464    321      0.494
    -3      0.105     -0.197      0.676      0.199    464    321
     1     -0.321     -0.477      1.001      0.010    465   1114      1.097
     1     -0.467      0.124      1.153      0.010    465   1114
     1     -0.533     -0.108      0.253      0.010    465   1114
     3      0.356     -0.631      1.194      0.199    466   -311      0.498
    -1      0.144     -0.312      0.645      0.010    466   -311
     1      0.299     -0.232     -1.148      0.010    467   -211      0.140
    -2      0.058     -0.120     -0.099      0.006    467   -211
     2      0.834     -0.190      0.457      0.006    468    223      0.798
    -2     -0.051      0.069      0.053      0.006    468    223
     2      0.102     -0.052     -0.170      0.006    469    111      0.135
    -2      0.054     -0.143     -0.660      0.006    469    111
     1      0.067     -0.114     -0.130      0.010    470   -211      0.140
    -2     -0.051     -0.032      0.023      0.006    470   -211
     2      0.076     -0.050      0.465      0.006    471    321      0.494
    -3     -0.228     -0.057      0.915      0.199    471    321
     2     -0.236     -0.397      0.794      0.006    472   3212      1.193
     3     -0.086      0.349      1.381      0.199    472   3212
     1      0.171      0.550     -1.428      0.010    472   3212
     2     -0.198      0.441      1.745      0.006    473    213      0.860
    -1     -0.605      0.258      1.207      0.010    473    213
     2     -0.619      0.327     -0.119      0.006    474    223      0.778
    -2     -0.061      0.037      0.117      0.006    474    223
     1     -0.010      0.045      0.139      0.010    475   -211      0.140
    -2     -0.141      0.192      0.335      0.006    475   -211
     1      0.093      0.073      0.034      0.010    476   -211      0.140
    -2     -0.213      0.154      0.107      0.006    476   -211
     3     -0.269      0.235     -0.071      0.199    477   -321      0.494
    -2     -0.151      0.158     -0.040      0.006    477   -321
     1      0.084     -0.004     -0.024      0.010    478    111      0.135
    -1     -0.054      0.039     -0.070      0.010    478    111
     2     -0.560      0.207     -0.397      0.006    479    221      0.548
    -2     -0.468      0.552      0.125      0.006    479    221
     2     -0.000      0.046     -0.017      0.006    480    111      0.135
    -2      0.013      0.428      0.050      0.006    480    111
     1     -0.003     -0.062     -0.070      0.010    481    111      0.135
    -1     -0.166      0.120     -0.140      0.010    481    111
     2     -0.037      0.017      0.061      0.006    482    321      0.494
    -3     -0.414      0.190      0.067      0.199    482    321
     2      0.221     -0.033      0.780      0.006    483   2212      0.938
     2     -0.008     -0.030      0.421      0.006    483   2212
     1     -0.309      0.207      2.698      0.010    483   2212
     2      0.019      0.089      0.088      0.006    484    211      0.140
    -1      0.286     -0.044     -0.014      0.010    484    211
     1      0.020     -0.053     -0.739      0.010    485    111      0.135
    -1      0.108      0.044     -0.271      0.010    485    111
     2     -0.012      0.007      0.034      0.006    486    321      0.494
    -3     -0.095     -0.045     -0.344      0.199    486    321
     2     -0.174     -0.071     -0.093      0.006    487    111      0.135
    -2     -0.062      0.034      0.021      0.006    487    111
     1     -0.232      0.083      0.038      0.010    488   -211      0.140
    -2     -0.241     -0.293      0.184      0.006    488   -211
     2      0.181      0.073      0.531      0.006    489    111      0.135
    -2      0.139     -0.114      0.321      0.006    489    111
     2      0.058      0.032      0.231      0.006    490   2212      0.938
     2     -0.103      0.041      0.004      0.006    490   2212
     1      0.013      0.132      0.181      0.010    490   2212
     2      0.122      0.112      0.097      0.006    491    211      0.140
    -1      0.271      0.270     -0.431      0.010    491    211
     2      0.029     -0.124      0.245      0.006    492    213      0.778
    -1     -0.422      0.358      1.613      0.010    492    213
     2     -0.132      0.467     -1.226      0.006    493    223      0.788
    -2      0.288     -0.328     -1.348      0.006    493    223
     1      0.371      0.164     -0.293      0.010    494    221      0.548
    -1     -0.120      0.199     -0.183      0.010    494    221
     2     -0.126      0.004     -1.526      0.006    495    113      0.635
    -2      0.196     -0.316     -0.321      0.006    495    113
     1     -0.154      0.031      1.161      0.010    496   1114      1.259
     1     -0.005      0.027      0.306      0.010    496   1114
     1     -0.168     -0.094      2.443      0.010    496   1114
     2      0.088     -0.158      1.688      0.006    497    223      0.786
    -2     -0.009      0.020      2.601      0.006    497    223
     1      0.129      0.012      0.107      0.010    498    113      0.651
    -1      0.740      0.672      3.765      0.010    498    113
     1     -0.253      0.072      1.651      0.010    499   -213      0.769
    -2      0.439      0.166      1.485      0.006    499   -213
     1      0.156      0.087      0.333      0.010    500   -211      0.140
    -2      0.284      0.306      1.233      0.006    500   -211
     1      0.028     -0.029     -0.050      0.010    501    223      0.780
    -1     -0.327     -0.042      0.018      0.010    501    223
     2      0.120      0.050     -0.070      0.006    502    211      0.140
    -1      0.045     -0.025     -0.279      0.010    502    211
     1      0.288     -0.072     -1.242      0.010    503    313      0.798
    -3     -0.309      0.334     -1.216      0.199    503    313
     1      0.086     -0.260     -2.088      0.010    504    223      0.781
    -1     -0.012      0.046     -0.991      0.010    504    223
     1     -0.001      0.130      0.148      0.010    505    223      0.788
    -1      0.003      0.139     -0.094      0.010    505    223
     2      0.010      0.008     -0.090      0.006    506    321      0.494
    -3      0.343      0.107     -0.372      0.199    506    321
     2      0.236      0.239      0.194      0.006    507    321      0.494
    -3      0.052      0.190      0.602      0.199    507    321
     1      0.391      0.079      0.018      0.010    508   2112      0.940
     1      0.120     -0.302     -0.093      0.010    508   2112
     2      0.171     -0.029      0.068      0.006    508   2112
     1     -0.153      0.063      0.193      0.010    509   -211      0.140
    -2      0.015      0.003      0.044      0.006    509   -211
     2     -0.148      0.035      0.314      0.006    510    211      0.140
    -1      0.049      0.086      0.222      0.010    510    211
     1      0.478     -0.074      2.962      0.010    511   -213      0.495
    -2     -0.237      0.187      1.017      0.006    511   -213
     2      0.035      0.600      0.924      0.006    512    213      0.764
    -1      0.216     -0.134      0.046      0.010    512    213
     2      0.023     -0.030     -0.028      0.006    513    211      0.140
    -1      0.174      0.279      0.232      0.010    513    211
     1     -0.084      0.046     -0.043      0.010    514   -211      0.140
    -2      0.050     -0.011     -0.018      0.006    514   -211
     1      0.255     -0.057      0.143      0.010    515    221      0.548
    -1      0.043     -0.220      0.055      0.010    515    221
     2      0.226      0.217      0.225      0.006    516   2114      1.290
     1      0.606     -0.207     -0.278      0.010    516   2114
     1     -0.143      0.169     -0.022      0.010    516   2114
     2      0.153     -0.019      0.264      0.006    517    211      0.140
    -1     -0.121     -0.108      0.303      0.010    517    211
     1     -0.078      0.106      0.215      0.010    518    113      0.867
    -1      0.190      0.274      0.954      0.010    518    113
     1     -0.077     -0.118      2.219      0.010    519   -211      0.140
    -2     -0.013     -0.203      1.709      0.006    519   -211
     1     -0.046      0.118      0.111      0.010    520   2112      0.940
     1      0.160     -0.136     -0.357      0.010    520   2112
     2      0.255      0.296     -0.073      0.006    520   2112
     2      0.010      0.053      0.378      0.006    521    111      0.135
    -2      0.449      0.309      3.376      0.006    521    111
     1     -0.280      0.159      0.624      0.010    522    223      0.787
    -1     -0.038      0.141      0.029      0.010    522    223
     1      0.385     -0.113      3.909      0.010    523   -211      0.140
    -2      0.134      0.042      1.346      0.006    523   -211
     1      0.115      0.445      1.133      0.010    524   2214      1.178
     2      0.085      0.071      2.199      0.006    524   2214
     2      0.224     -0.662      1.529      0.006    524   2214
     1     -0.129      0.079      0.244      0.010    525   2112      0.940
     1      0.012      0.280      0.233      0.010    525   2112
     2     -0.031     -0.173      0.064      0.006    525   2112
    -2      0.422      0.257      0.009      0.006    526  -3222      1.189
    -2      0.006      0.037      0.029      0.006    526  -3222
    -3      0.005      0.133      0.222      0.199    526  -3222
     2      0.296     -0.097      0.220      0.006    527    111      0.135
    -2      0.136      0.013     -0.029      0.006    527    111
     2      0.055     -0.049      0.111      0.006    528    111      0.135
    -2      0.180     -0.038      0.105      0.006    528    111
     2     -0.160     -0.186     -1.442      0.006    529    111      0.135
    -2     -0.154     -0.136     -0.667      0.006    529    111
     2      0.011     -0.073     -0.064      0.006    530    111      0.135
    -2     -0.000     -0.009      0.043      0.006    530    111
     1      0.496      0.219     -1.637      0.010    531   -213      0.811
    -2     -0.033     -0.500     -1.470      0.006    531   -213
     1     -0.201     -0.494      0.426      0.010    532   2114      1.175
     1      0.106      0.002     -0.775      0.010    532   2114
     2      0.124     -0.102     -0.443      0.006    532   2114
     2     -0.007     -0.035      0.019      0.006    533    211      0.140
    -1     -0.421     -0.111      1.037      0.010    533    211
     2      0.003      0.278      1.016      0.006    534    211      0.140
    -1      0.069     -0.036      0.078      0.010    534    211
     2     -0.147     -0.059      0.063      0.006    535    221      0.548
    -2     -0.010      0.139     -0.118      0.006    535    221
     1      0.001      0.242     -0.093      0.010    536   -211      0.140
    -2     -0.040     -0.065     -0.060      0.006    536   -211
     1     -0.110     -0.529      0.212      0.010    537   1114      1.381
     1     -0.294      0.092     -3.488      0.010    537   1114
     1     -0.191      0.017      0.418      0.010    537   1114
     2      0.043      0.318     -0.014      0.006    538    221      0.548
    -2     -0.414      0.310      0.276      0.006    538    221
     2     -0.216      0.231      1.282      0.006    539   2224      1.221
     2      0.800      0.196     -1.295      0.006    539   2224
     2      0.003      0.287     -0.078      0.006    539   2224
     3      0.068     -0.018      1.474      0.199    540   -311      0.498
    -1     -0.198      0.417      2.350      0.010    540   -311
     2     -0.092     -0.030     -0.388      0.006    541    111      0.135
    -2     -0.000      0.026     -0.024      0.006    541    111
     1     -0.169      0.164     -0.339      0.010    542   -211      0.140
    -2      0.175      0.048     -0.113      0.006    542   -211
     1      0.051      0.096      0.039      0.010    543   -211      0.140
    -2     -0.019      0.002     -0.013      0.006    543   -211
     1     -0.162      0.169     -0.137      0.010    544    311      0.498
    -3      0.037     -0.068     -0.048      0.199    544    311
     3      0.228      0.231     -0.542      0.199    545   -321      0.494
    -2      0.029     -0.022     -0.012      0.006    545   -321
     1      0.212      0.111     -0.683      0.010    546   -211      0.140
    -2      0.398      0.573     -0.682      0.006    546   -211
     2      0.297      0.471      0.502      0.006    547    113      0.895
    -2      0.091      0.190      0.003      0.006    547    113
     3     -0.114     -0.385     -0.219      0.199    548   3222      1.189
     2     -0.085     -0.615     -0.455      0.006    548   3222
     2     -0.052     -0.131     -0.145      0.006    548   3222
     2      0.203     -0.311     -0.181      0.006    549    213      0.731
    -1     -0.245      0.040      0.191      0.010    549    213
     1      0.291      0.090      0.301      0.010    550    223      0.784
    -1     -0.024     -0.192      1.230      0.010    550    223
     2      0.123     -0.124      1.154      0.006    551    211      0.140
    -1     -0.215     -0.126      0.758      0.010    551    211
     2     -0.859      0.115      0.897      0.006    552    113      0.795
    -2     -0.149      0.014      0.515      0.006    552    113
     1      0.098      0.185     -0.330      0.010    553    221      0.548
    -1      0.256      0.019     -0.358      0.010    553    221
     2     -0.029     -0.275      0.556      0.006    554    211      0.140
    -1     -0.038      0.005      0.118      0.010    554    211
     1      0.084      0.024      0.061      0.010    555   -213      0.882
    -2     -0.396      0.199     -0.347      0.006    555   -213
     1     -0.019      0.106      0.142      0.010    556    223      0.782
    -1      0.086     -0.302      0.544      0.010    556    223
     2     -0.052      0.343      0.587      0.006    557   2212      0.938
     2      0.001      0.014      0.074      0.006    557   2212
     1     -0.009      0.050      0.309      0.010    557   2212
     1     -0.374     -0.247     -0.777      0.010    558    111      0.135
    -1     -0.048      0.012     -0.256      0.010    558    111
     2     -0.295     -0.130      0.436      0.006    559   3222      1.189
     3     -0.262      0.259      0.489      0.199    559   3222
     2     -0.018      0.064      0.222      0.006    559   3222
     1      0.123     -0.362      0.820      0.010    560   -213      0.663
    -2     -0.857      0.343      0.514      0.006    560   -213
     1     -0.194     -0.068      0.316      0.010    561   -211      0.140
    -2     -0.101      0.082      0.192      0.006    561   -211
     1      0.075      0.044     -1.569      0.010    562   1114      1.234
     1     -0.055     -0.049     -0.554      0.010    562   1114
     1      0.238      0.306     -1.054      0.010    562   1114
     2      0.112     -0.124     -0.056      0.006    563    211      0.140
    -1      0.053      0.049      0.161      0.010    563    211
     1     -0.002     -0.003      0.266      0.010    564    223      0.774
    -1      0.011     -0.128      0.006      0.010    564    223
     3      0.191     -0.122      0.631      0.199    565   -311      0.498
    -1     -0.121     -0.071      0.298      0.010    565   -311
     1      0.140     -0.054      0.429      0.010    566    111      0.135
    -1      0.105     -0.087      0.061      0.010    566    111
     2      0.015     -0.218     -0.083      0.006    567    211      0.140
    -1      0.122     -0.037      0.059      0.010    567    211
     1      0.014     -0.209      0.150      0.010    568    223      0.791
    -1      0.362      0.146      0.975      0.010    568    223
     1      0.095     -0.147      0.538      0.010    569   2112      0.940
     2      0.008      0.052      0.312      0.006    569   2112
     1      0.319     -0.895      4.018      0.010    569   2112
     3      0.428     -0.661     -0.330      0.199    570    333      1.019
    -3      0.184     -0.414     -0.102      0.199    570    333
     2     -0.146     -0.292     -0.085      0.006    571    213      0.788
    -1      0.394     -0.295     -0.260      0.010    571    213
     1      0.079      0.143      0.609      0.010    572    221      0.548
    -1     -0.082     -0.173      0.148      0.010    572    221
     1      0.260      0.166     -1.136      0.010    573    313      0.911
    -3      0.506     -0.007      0.064      0.199    573    313
     2     -0.074     -0.059      0.013      0.006    574    221      0.548
    -2     -0.064     -0.527     -1.282      0.006    574    221
     2     -0.025     -0.006      0.069      0.006    575    111      0.135
    -2     -0.088     -0.369      0.784      0.006    575    111
     1      0.027     -0.130      0.262      0.010    576   -211      0.140
    -2     -0.031     -0.070      0.021      0.006    576   -211
     1     -0.146     -0.089      0.435      0.010    577    311      0.498
    -3      0.030     -0.315      0.278      0.199    577    311
     1      0.089      0.151      0.069      0.010    578   1114      1.222
     1      0.145     -0.165      0.425      0.010    578   1114
     1      0.339     -0.107      1.619      0.010    578   1114
     2     -0.045      0.152      0.556      0.006    579    211      0.140
    -1     -0.200     -0.082      0.984      0.010    579    211
     2      0.214      0.015      0.164      0.006    580   2112      0.940
     1      0.117     -0.005      0.238      0.010    580   2112
     1      0.041      0.012     -0.308      0.010    580   2112
     1     -0.301     -0.078      0.027      0.010    581   -211      0.140
    -2     -0.159     -0.019     -0.037      0.006    581   -211
    -2      0.091     -0.096     -0.349      0.006    582  -2212      0.938
    -1     -0.298     -0.201     -0.743      0.010    582  -2212
    -2     -0.012      0.040     -0.003      0.006    582  -2212
     2      0.091     -0.191     -0.373      0.006    583    211      0.140
    -1     -0.105     -0.104     -0.051      0.010    583    211
     1      0.048      0.004     -0.810      0.010    584   2212      0.938
     2      0.031     -0.230     -0.619      0.006    584   2212
     2     -0.129     -0.079     -0.423      0.006    584   2212
     2     -0.384     -0.166      0.695      0.006    585    321      0.494
    -3     -0.255      0.210      0.514      0.199    585    321
     3     -0.169     -0.168      0.056      0.199    586   -321      0.494
    -2      0.108     -0.029      0.108      0.006    586   -321
     3     -0.285     -0.404     -0.320      0.199    587   -311      0.498
    -1     -0.027     -0.042      0.011      0.010    587   -311
     1     -0.064     -0.127     -0.028      0.010    588    221      0.548
    -1      0.207      0.324      0.383      0.010    588    221
     1      0.050      0.076      0.175      0.010    589   2112      0.940
     2      0.092     -0.091      0.529      0.006    589   2112
     1     -0.421      0.159      1.478      0.010    589   2112
     2     -0.017      0.036     -0.041      0.006    590    221      0.548
    -2     -0.189      0.131      0.417      0.006    590    221
     1     -0.169      0.077      0.166      0.010    591    221      0.548
    -1     -0.003      0.294      0.358      0.010    591    221
     2      0.005     -0.049     -0.063      0.006    592    221      0.548
    -2     -0.484     -0.146      0.533      0.006    592    221
     1      0.044      0.004      0.029      0.010    593    111      0.135
    -1      0.040     -0.053      0.154      0.010    593    111
     1      0.083      0.121      0.201      0.010    594   -211      0.140
    -2     -0.030      0.120     -0.091      0.006    594   -211
     2     -0.155      0.153     -0.308      0.006    595    211      0.140
    -1      0.051      0.267     -0.483      0.010    595    211
     1      0.013      0.370      0.815      0.010    596    221      0.548
    -1      0.071      0.182      0.931      0.010    596    221
     3      0.176      0.022     -0.335      0.199    597   3122      1.116
     1      0.018      0.049     -0.041      0.010    597   3122
     2      0.100     -0.300     -0.165      0.006    597   3122
     3      0.251     -0.319      0.441      0.199    598   -311      0.498
    -1      0.328     -0.074      0.413      0.010    598   -311
     2      0.165     -0.148      0.213      0.006    599    323      0.896
    -3      0.128      0.624      0.106      0.199    599    323
    -2      0.027      0.011      1.304      0.006    600  -2212      0.938
    -1      0.013      0.030      0.032      0.010    600  -2212
    -2     -0.057      0.155      0.765      0.006    600  -2212
     2      0.066      0.111      0.262      0.006    601    211      0.140
    -1      0.110     -0.032      0.184      0.010    601    211
     2     -0.001     -0.304     -0.002      0.006    602   2224      1.198
     2      0.215      0.503      0.660      0.006    602   2224
     2     -0.165      0.412      0.796      0.006    602   2224
     1     -0.079     -0.055      0.525      0.010    603   -211      0.140
    -2     -0.103      0.031      0.793      0.006    603   -211
     1      0.007      0.142     -0.071      0.010    604   2212      0.938
     2      0.335      0.083     -0.243      0.006    604   2212
     2      0.162      0.063     -0.223      0.006    604   2212
     1      0.005     -0.062     -0.009      0.010    605    111      0.135
    -1      0.021      0.081      0.190      0.010    605    111
     1      0.077     -0.089      0.420      0.010    606    111      0.135
    -1     -0.046     -0.038      0.044      0.010    606    111
     2      0.063      0.056      1.080      0.006    607    113      0.870
    -2     -0.178      0.250      1.062      0.006    607    113
     1     -0.015      0.052     -0.141      0.010    608    111      0.135
    -1      0.068     -0.004     -0.147      0.010    608    111
     2     -0.027     -0.007      0.092      0.006    609    321      0.494
    -3      0.253     -0.193      0.485      0.199    609    321
     2     -0.008      0.008      0.003      0.006    610    111      0.135
    -2      0.478      0.326     -0.103      0.006    610    111
     1     -0.095      0.163      0.301      0.010    611   -211      0.140
    -2      0.009      0.149      0.081      0.006    611   -211
     2      0.154     -0.052     -0.884      0.006    612    211      0.140
    -1      0.052      0.092     -0.870      0.010    612    211
     3      0.079      0.204     -0.088      0.199    613   -311      0.498
    -1      0.045      0.161     -0.367      0.010    613   -311
     1      0.068      0.081     -0.055      0.010    614    111      0.135
    -1      0.201      0.190     -0.194      0.010    614    111
     1      0.213      0.011      3.497      0.010    615   -211      0.140
    -2     -0.035      0.031      0.093      0.006    615   -211
     1     -0.062     -0.135      0.563      0.010    616   2112      0.940
     2     -0.182     -0.275      0.314      0.006    616   2112
     1     -0.158      0.144      0.581      0.010    616   2112
     2      0.022      0.221      0.241      0.006    617    211      0.140
    -1      0.135      0.103      0.291      0.010    617    211
    -2      0.000     -0.036     -0.164      0.006    618  -3222      1.189
    -3     -0.128      0.028     -1.262      0.199    618  -3222
    -2     -0.023      0.020     -0.215      0.006    618  -3222
     1     -0.157      0.080      1.676      0.010    619   -213      0.768
    -2      0.288      0.215      1.135      0.006    619   -213
     2     -0.125      0.124      0.097      0.006    620    111      0.135
    -2     -0.010     -0.046      0.015      0.006    620    111
     1     -0.275      0.009      0.663      0.010    621   1114      1.245
     1      0.016      0.103      0.174      0.010    621   1114
     1     -0.070      0.021      0.818      0.010    621   1114
     2      0.120     -0.027      0.091      0.006    622    223      0.782
    -2      0.077      0.224      0.459      0.006    622    223
     2     -0.050     -0.309      0.209      0.006    623   3122      1.116
     3     -0.025      0.040      0.143      0.199    623   3122
     1      0.057      0.124      0.031      0.010    623   3122
     1      0.109      0.061     -0.091      0.010    624   -211      0.140
    -2      0.008      0.040     -0.075      0.006    624   -211
     2     -0.085      0.157      0.277      0.006    625    223      0.788
    -2     -0.262     -0.037      3.197      0.006    625    223
     2      0.334      0.081     -0.155      0.006    626    211      0.140
    -1     -0.125      0.024     -0.034      0.010    626    211
     1      0.206      0.309      0.644      0.010    627    223      0.784
    -1     -0.135      0.043      0.146      0.010    627    223
     2      0.137     -0.269      0.589      0.006    628   3122      1.116
     3      0.158      0.049      0.867      0.199    628   3122
     1      0.149     -0.084      0.180      0.010    628   3122
     1      0.170      0.044      0.108      0.010    629   -213      0.822
    -2     -0.283     -0.329      0.467      0.006    629   -213
    -2     -0.099     -0.127      0.239      0.006    630  -2112      0.940
    -1      0.061      0.081      0.124      0.010    630  -2112
    -1      0.010     -0.126      0.002      0.010    630  -2112
     1     -0.073     -0.089      0.030      0.010    631    111      0.135
    -1      0.018     -0.006     -0.015      0.010    631    111
     1     -0.330      0.005      8.235      0.010    632   2114      1.271
     1     -0.049      0.352      0.545      0.010    632   2114
     2      0.240      0.203      0.343      0.006    632   2114
     1      0.045      0.050      0.235      0.010    633   -211      0.140
    -2      0.046     -0.088      0.228      0.006    633   -211
     2      0.118     -0.139      0.895      0.006    634    321      0.494
    -3     -0.171      0.065      1.523      0.199    634    321
     1      0.333     -0.382      1.542      0.010    635    223      0.780
    -1      0.150     -0.261      0.083      0.010    635    223
     1      0.240     -0.061      0.143      0.010    636   2112      0.940
     1     -0.164     -0.491     -0.071      0.010    636   2112
     2     -0.067     -0.090      0.025      0.006    636   2112
     3     -0.101     -0.075      1.646      0.199    637   -311      0.498
    -1     -0.123     -0.014      0.874      0.010    637   -311
     1     -0.259     -0.329      0.373      0.010    638   -211      0.140
    -2     -0.079      0.045      0.430      0.006    638   -211
     2     -0.222      0.058      0.878      0.006    639    321      0.494
    -3     -0.084      0.223      1.646      0.199    639    321
     1     -0.085     -0.082      0.430      0.010    640    113      0.708
    -1      0.105      0.042      0.297      0.010    640    113
     1      0.745      0.074      0.195      0.010    641   -213      0.869
    -2     -0.290      0.060     -0.057      0.006    641   -213
     2     -0.122     -0.124     -0.156      0.006    642    211      0.140
    -1      0.011     -0.028      0.023      0.010    642    211
     1     -0.437      0.018      2.309      0.010    643   2112      0.940
     2     -0.231     -0.223      0.754      0.006    643   2112
     1      0.122     -0.206      1.369      0.010    643   2112
     2     -0.106      0.028      0.086      0.006    644    111      0.135
    -2     -0.064      0.111      0.167      0.006    644    111
     3      0.169      0.214      0.225      0.199    645   -311      0.498
    -1      0.112      0.040      0.222      0.010    645   -311
     1     -0.061      0.116      0.010      0.010    646   -211      0.140
    -2      0.051      0.163     -0.139      0.006    646   -211
     2     -0.035     -0.016      0.045      0.006    647    111      0.135
    -2      0.141     -0.022     -0.119      0.006    647    111
     1      0.044      0.138     -0.068      0.010    648    111      0.135
    -1     -0.127      0.182     -0.276      0.010    648    111
     2     -0.058      0.092      0.108      0.006    649    211      0.140
    -1      0.005     -0.173     -0.009      0.010    649    211
     1      0.003      0.180     -0.198      0.010    650   -211      0.140
    -2      0.126      0.062     -0.026      0.006    650   -211
     1     -0.081     -0.163      0.198      0.010    651   -213      0.712
    -2      0.554     -0.400      1.321      0.006    651   -213
     2     -0.207     -0.008      1.787      0.006    652   2224      1.233
     2      0.227      0.191      0.450      0.006    652   2224
     2     -0.820      0.547      4.774      0.006    652   2224
     1      0.057     -0.005      1.852      0.010    653    111      0.135
    -1      0.191      0.068      1.769      0.010    653    111
     2      0.063     -0.023     -0.260      0.006    654    213      0.682
    -1      0.102     -0.037      0.688      0.010    654    213
     1     -0.181      0.490     -0.082      0.010    655   -213      0.703
    -2      0.096     -0.171     -0.202      0.006    655   -213
     1     -0.080     -0.044     -0.039      0.010    656   -211      0.140
    -2      0.072      0.109      0.054      0.006    656   -211
     2     -0.262     -0.089      0.751      0.006    657    211      0.140
    -1     -0.152     -0.022      0.489      0.010    657    211
     3     -0.065      0.027      1.935      0.199    658    333      1.017
    -3     -0.112      0.044      1.857      0.199    658    333
     1     -0.402      0.145      2.084      0.010    659   -211      0.140
    -2     -0.102     -0.097      0.507      0.006    659   -211
     1     -0.107      0.024     -0.063      0.010    660    111      0.135
    -1     -0.265      0.023     -0.032      0.010    660    111
     2     -0.217     -0.077      0.052      0.006    661    211      0.140
    -1     -0.046     -0.092      0.213      0.010    661    211
     1     -0.074      0.115      0.050      0.010    662   -211      0.140
    -2     -0.207      0.071      0.035      0.006    662   -211
     2     -0.313      0.210      0.195      0.006    663    211      0.140
    -1     -0.015     -0.013      0.044      0.010    663    211
     2      0.038     -0.095      0.048      0.006    664    211      0.140
    -1     -0.086     -0.079      0.645      0.010    664    211
     1     -0.071      0.306     -0.666      0.010    665   -211      0.140
    -2     -0.073     -0.059     -0.271      0.006    665   -211
     2      0.287     -0.374     -0.040      0.006    666   2212      0.938
     2     -0.201     -0.318     -0.257      0.006    666   2212
     1      0.161     -0.337      0.280      0.010    666   2212
     1      0.232      0.575     -1.929      0.010    667    223      0.778
    -1     -0.308     -0.148     -0.392      0.010    667    223
     1     -0.166      0.177      0.959      0.010    668   -213      0.675
    -2     -0.461     -0.519      3.285      0.006    668   -213
     1      0.045      0.100      0.697      0.010    669    113      0.740
    -1     -0.487      0.151      2.787      0.010    669    113
     1     -0.031      0.067      0.321      0.010    670   1114      1.365
     1     -0.299      0.345      0.149      0.010    670   1114
     1     -0.218      0.166     -0.066      0.010    670   1114
     1     -0.047      0.103     -0.205      0.010    671    111      0.135
    -1      0.030      0.004      0.002      0.010    671    111
     1     -0.014     -0.091      1.941      0.010    672    223      0.781
    -1     -0.016      0.321      3.920      0.010    672    223
     2     -0.259      0.283      0.196      0.006    673    211      0.140
    -1      0.140      0.023      0.030      0.010    673    211
     2      0.086     -0.018      0.255      0.006    674    111      0.135
    -2      0.104      0.025      0.585      0.006    674    111
     1      0.064      0.020      0.834      0.010    675   1114      1.235
     1     -0.034      0.181      0.411      0.010    675   1114
     1     -0.239      0.110      1.815      0.010    675   1114
     1      0.066      0.015      0.240      0.010    676    111      0.135
    -1      0.169     -0.165      0.720      0.010    676    111
     2     -0.234     -0.026      0.291      0.006    677    211      0.140
    -1     -0.120     -0.047      0.194      0.010    677    211
     1     -0.117     -0.803      0.057      0.010    678    221      0.548
    -1     -0.197     -0.194     -0.006      0.010    678    221
     1      0.206     -0.111     -1.018      0.010    679    311      0.498
    -3      0.401     -0.396     -1.382      0.199    679    311
     1      0.355     -0.093      1.706      0.010    680   2114      1.155
     2     -0.248      0.260      2.665      0.006    680   2114
     1     -0.310      0.377      3.558      0.010    680   2114
     2     -0.079     -0.123     -0.278      0.006    681    111      0.135
    -2     -0.038     -0.042     -0.132      0.006    681    111
     2      0.255     -0.189      1.431      0.006    682   2224      1.233
     2     -0.037      0.037      0.141      0.006    682   2224
     2      0.069     -0.109      0.245      0.006    682   2224
     1      0.023     -0.008     -0.015      0.010    683   -211      0.140
    -2      0.449      0.132      0.568      0.006    683   -211
     2     -0.039     -0.027      0.553      0.006    684    113      0.744
    -2      0.478      0.027      1.357      0.006    684    113
     1      0.178     -0.028     -0.072      0.010    685   -211      0.140
    -2      0.053      0.012     -0.037      0.006    685   -211
     3     -0.054      0.413      0.394      0.199    686   -323      0.860
    -2     -0.062      0.343     -0.278      0.006    686   -323
     1      0.105      0.215      0.479      0.010    687   -211      0.140
    -2      0.299      0.127      0.418      0.006    687   -211
     1      0.185     -0.051      0.281      0.010    688   -211      0.140
    -2      0.055      0.172      0.129      0.006    688   -211
     2      0.035      0.334      0.275      0.006    689   2212      0.938
     2      0.103      0.359      1.437      0.006    689   2212
     1      0.076      0.453      0.722      0.010    689   2212
     1     -0.022     -0.022      0.988      0.010    690   -211      0.140
    -2      0.211     -0.059      1.219      0.006    690   -211
     2      0.405     -0.303      0.060      0.006    691    323      0.906
    -3     -0.069      0.229     -0.032      0.199    691    323
    -2     -0.349      0.573      0.198      0.006    692  -3222      1.189
    -3      0.108      0.011      2.389      0.199    692  -3222
    -2     -0.478      0.287      0.445      0.006    692  -3222
     3      0.831     -0.225     -1.324      0.199    693   3112      1.197
     1      0.233     -0.239     -0.526      0.010    693   3112
     1      0.033     -0.096     -0.213      0.010    693   3112
     1      0.132      0.121      0.586      0.010    694    111      0.135
    -1     -0.028      0.023      0.152      0.010    694    111
     2      0.368      0.219     -0.020      0.006    695    211      0.140
    -1      0.097     -0.027     -0.016      0.010    695    211
     2     -0.263      0.057     -0.198      0.006    696    321      0.494
    -3      0.025      0.040     -0.370      0.199    696    321
     3     -0.497     -0.168      0.286      0.199    697    333      1.017
    -3     -0.002      0.005      0.419      0.199    697    333
     3      0.359     -0.247      1.017      0.199    698   3112      1.197
     1      0.052     -0.026      0.284      0.010    698   3112
     1      0.003      0.070      0.706      0.010    698   3112
     2      0.160     -0.052     -0.126      0.006    699    111      0.135
    -2      0.186      0.112     -0.070      0.006    699    111
     1     -0.086     -0.124     -0.287      0.010    700   -211      0.140
    -2     -0.068     -0.512     -0.705      0.006    700   -211
     1      0.016     -0.091      0.606      0.010    701   2112      0.940
     2     -0.407      0.161      1.898      0.006    701   2112
     1      0.020     -0.199      0.312      0.010    701   2112
     2      0.158      0.344      0.139      0.006    702    211      0.140
    -1      0.230      0.003      0.039      0.010    702    211
    -1     -0.022      0.024      0.011      0.010    703  -2112      0.940
    -1     -0.039     -0.028      0.190      0.010    703  -2112
    -2     -0.022     -0.016      0.082      0.006    703  -2112
     2      0.338     -0.322      3.523      0.006    704   2112      0.940
     1      0.202     -0.300      1.186      0.010    704   2112
     1      0.089     -0.028      3.283      0.010    704   2112
     1      0.128     -0.116     -0.506      0.010    705   -211      0.140
    -2      0.127     -0.204     -0.356      0.006    705   -211
     2      0.122      0.036      0.058      0.006    706    111      0.135
    -2     -0.015      0.135      0.075      0.006    706    111
     1     -0.112     -0.132     -0.301      0.010    707    113      1.073
    -1     -0.120      0.126      0.081      0.010    707    113
     2      0.149     -0.081      0.542      0.006    708    211      0.140
    -1      0.054     -0.002      0.093      0.010    708    211
     2      0.042      0.014     -0.065      0.006    709    211      0.140
    -1      0.745      0.338     -0.702      0.010    709    211
     2     -0.086      0.033      0.232      0.006    710   2212      0.938
     1     -0.108     -0.084      0.224      0.010    710   2212
     2     -0.259     -0.195      1.725      0.006    710   2212
     1      0.070     -0.038      3.390      0.010    711    111      0.135
    -1     -0.046     -0.009      0.457      0.010    711    111
     1     -0.630      0.092      1.252      0.010    712   -213      0.783
    -2     -0.036     -0.495      0.989      0.006    712   -213
     1      0.037     -0.046      0.022      0.010    713   -211      0.140
    -2     -0.181      0.061     -0.123      0.006    713   -211
     2     -0.321     -0.416      0.082      0.006    714    211      0.140
    -1     -0.310     -0.904     -0.232      0.010    714    211
     1     -0.354     -0.153      1.540      0.010    715    221      0.548
    -1      0.127     -0.392      2.629      0.010    715    221
     2      0.614      0.013      0.083      0.006    716    213      0.809
    -1     -0.020      0.522      0.251      0.010    716    213
     1      0.021     -0.074      1.486      0.010    717   -211      0.140
    -2     -0.219     -0.160      1.071      0.006    717   -211
     1     -0.126     -0.260      0.485      0.010    718   2112      0.940
     1     -0.003     -0.243      0.530      0.010    718   2112
     2      0.040     -0.043      0.012      0.006    718   2112
     1      0.273      0.104      0.646      0.010    719    223      0.774
    -1      0.236      0.229      2.499      0.010    719    223
     1     -0.176      0.031     -0.004      0.010    720   2112      0.940
     2      0.063      0.123      0.083      0.006    720   2112
     1     -0.100      0.173      0.032      0.010    720   2112
     1     -0.053     -0.081      0.119      0.010    721    311      0.498
    -3     -0.575     -0.322      1.821      0.199    721    311
     1     -0.059      0.076      0.306      0.010    722    221      0.548
    -1     -0.037      0.103     -0.059      0.010    722    221
     1      0.202      0.598     -1.330      0.010    723   1114      1.180
     1      0.074      0.020      0.038      0.010    723   1114
     1     -0.042      0.308     -0.302      0.010    723   1114
     2      0.129     -0.124      0.164      0.006    724    223      0.783
    -2     -0.112      0.049      0.088      0.006    724    223
     1      0.031      0.143      0.059      0.010    725   -211      0.140
    -2      0.004      0.159      0.155      0.006    725   -211
     2     -0.101     -0.002     -0.075      0.006    726    221      0.548
    -2     -0.062      0.055      0.130      0.006    726    221
     2      0.547      0.291      0.747      0.006    727    213      0.723
    -1      0.064      0.038     -0.096      0.010    727    213
     1     -0.001      0.028      0.126      0.010    728    111      0.135
    -1     -0.078     -0.044      0.084      0.010    728    111
     1      0.010     -0.003      0.158      0.010    729   2112      0.940
     2     -0.086      0.055      0.519      0.006    729   2112
     1     -0.128      0.104      1.173      0.010    729   2112
     1      0.018      0.070     -0.108      0.010    730    111      0.135
    -1     -0.268      0.078     -0.460      0.010    730    111
     2     -0.001     -0.022     -0.943      0.006    731    211      0.140
    -1      0.107     -0.022     -0.563      0.010    731    211
     1      0.423      0.152     -0.303      0.010    732   -211      0.140
    -2      0.334     -0.227     -0.381      0.006    732   -211
     2      0.396      0.143     -0.313      0.006    733    113      0.733
    -2      0.315      0.136     -0.020      0.006    733    113
     1      0.541      0.457     -0.655      0.010    734    223      0.783
    -1     -0.115     -0.037     -0.085      0.010    734    223
     2      0.012      0.008     -0.033      0.006    735    211      0.140
    -1      0.021      0.183      0.067      0.010    735    211
     1      0.185      0.176     -0.356      0.010    736   1114      1.184
     1     -0.043     -0.034     -0.028      0.010    736   1114
     1      0.038      0.004      0.004      0.010    736   1114
     2      0.059      0.135      0.486      0.006    737    211      0.140
    -1     -0.120     -0.043      0.406      0.010    737    211
     1      0.031     -0.030      0.012      0.010    738    111      0.135
    -1      0.151      0.217     -0.184      0.010    738    111
     1     -0.112      0.038     -0.001      0.010    739    221      0.548
    -1      0.080      0.356     -0.118      0.010    739    221
     1      0.002     -0.041      0.615      0.010    740   -213      0.602
    -2     -0.042      0.251     -0.151      0.006    740   -213
     3     -0.363     -0.246      0.412      0.199    741   -311      0.498
    -1     -0.064      0.021      0.036      0.010    741   -311
     2      0.011      0.023     -0.167      0.006    742    211      0.140
    -1     -0.338      0.391     -0.789      0.010    742    211
     1      0.049      0.180     -0.251      0.010    743   2212      0.938
     2      0.015      0.010     -0.282      0.006    743   2212
     2      0.054     -0.175     -0.152      0.006    743   2212
     2     -0.135      0.207     -0.260      0.006    744    211      0.140
    -1      0.105     -0.062      0.022      0.010    744    211
     1      0.107      0.077     -0.078      0.010    745   2112      0.940
     2      0.214      0.064      0.385      0.006    745   2112
     1     -0.016      0.067      0.218      0.010    745   2112
     1      0.171      0.026      3.985      0.010    746   2112      0.940
     2      0.335      0.354      4.727      0.006    746   2112
     1      0.193     -0.087      1.632      0.010    746   2112
     2     -0.022      0.239      1.669      0.006    747    111      0.135
    -2      0.044      0.113      0.905      0.006    747    111
     1      0.186     -0.273     -0.085      0.010    748    311      0.498
    -3      0.383     -0.189     -0.346      0.199    748    311
     2      0.227     -0.242      1.446      0.006    749    221      0.548
    -2     -0.080      0.346      0.920      0.006    749    221
     2     -0.078     -0.090      0.657      0.006    750    211      0.140
    -1      0.004      0.047      0.577      0.010    750    211
     1      0.051      0.132      2.152      0.010    751    221      0.548
    -1     -0.314      0.674      2.801      0.010    751    221
     1     -0.167     -0.046      0.605      0.010    752   -211      0.140
    -2     -0.129      0.165      0.882      0.006    752   -211
     2     -0.033      0.067      4.274      0.006    753   2212      0.938
     1     -0.014      0.107      0.886      0.010    753   2212
     2      0.067      0.173      1.639      0.006    753   2212
     1      0.091      0.102      0.567      0.010    754    111      0.135
    -1      0.009      0.248      0.417      0.010    754    111
     2     -0.405      0.253     -0.035      0.006    755    223      0.781
    -2     -0.143     -0.147     -0.062      0.006    755    223
     2      0.092      0.030      0.050      0.006    756    211      0.140
    -1      0.258     -0.032     -0.023      0.010    756    211
     2      0.093      0.130     -0.698      0.006    757    321      0.494
    -3     -0.018      0.294     -0.753      0.199    757    321
     1      0.081     -0.062     -0.226      0.010    758   1114      1.322
     1     -0.061      0.002     -0.076      0.010    758   1114
     1      0.180      0.081     -0.532      0.010    758   1114
     1     -0.047     -0.243      0.982      0.010    759    221      0.548
    -1     -0.126     -0.076      0.166      0.010    759    221
     1      0.349      0.336      6.413      0.010    760   2212      0.938
     2      0.210     -0.151      2.272      0.006    760   2212
     2      0.035     -0.039      0.040      0.006    760   2212
     2     -0.543      0.172      1.539      0.006    761    321      0.494
    -3     -0.386      0.565      2.424      0.199    761    321
     1     -0.177      0.306     -0.246      0.010    762   -211      0.140
    -2      0.037     -0.074      0.033      0.006    762   -211
     1      0.074     -0.406      3.064      0.010    763    223      0.785
    -1     -0.039      0.029      0.111      0.010    763    223
     2     -0.193      0.155      3.001      0.006    764   2212      0.938
     1     -0.265     -0.113      4.060      0.010    764   2212
     2     -0.085     -0.028      0.420      0.006    764   2212
     2     -0.200     -0.099      0.880      0.006    765    211      0.140
    -1     -0.202      0.053      0.868      0.010    765    211
     1     -0.660     -0.025      1.807      0.010    766    223      0.778
    -1     -0.358      0.181      0.785      0.010    766    223
     2     -0.031      0.011      0.151      0.006    767    113      0.628
    -2     -0.266      0.510      0.377      0.006    767    113
     1     -0.097     -0.334      1.110      0.010    768   -213      0.489
    -2     -0.110     -0.106      2.755      0.006    768   -213
     2      0.105     -0.315     -0.324      0.006    769    321      0.494
    -3      0.108      0.077     -0.399      0.199    769    321
     1      0.001      0.084      0.041      0.010    770   2212      0.938
     2      0.206      0.012      0.447      0.006    770   2212
     2     -0.012      0.125      0.120      0.006    770   2212
     2     -0.005      0.073      0.221      0.006    771    211      0.140
    -1     -0.188      0.078      0.465      0.010    771    211
     2      0.012      0.161      0.364      0.006    772    111      0.135
    -2      0.080      0.050      0.157      0.006    772    111
     2     -0.059      0.090     -0.042      0.006    773    223      0.797
    -2      0.099     -0.050      0.238      0.006    773    223
     2      0.109      0.444      0.311      0.006    774   2224      1.334
     2      0.260     -0.266      0.331      0.006    774   2224
     2      0.131     -0.051      0.211      0.006    774   2224
     3     -0.246     -0.230      1.811      0.199    775   -313      0.842
    -1      0.091      0.457      1.238      0.010    775   -313
     1      0.503      0.507      1.686      0.010    776   -213      0.828
    -2      0.179     -0.014     -0.145      0.006    776   -213
     1     -0.357      0.411      1.946      0.010    777   1114      1.202
     1     -0.301      0.058      0.679      0.010    777   1114
     1     -0.115      0.500     -1.481      0.010    777   1114
     2      0.006     -0.025     -0.025      0.006    778    321      0.494
    -3     -0.064     -0.256      0.073      0.199    778    321
     3      0.499      0.041      0.507      0.199    779   -321      0.494
    -2      0.028     -0.320      0.532      0.006    779   -321
     2     -0.293     -0.247     -0.280      0.006    780    213      0.755
    -1      0.293     -0.262     -0.406      0.010    780    213
     2      0.157      0.006      0.419      0.006    781    221      0.548
    -2     -0.857      0.149      4.371      0.006    781    221
     1      0.068     -0.006      0.166      0.010    782    111      0.135
    -1      0.011      0.001      0.698      0.010    782    111
     2      0.359      0.060      1.634      0.006    783    223      0.790
    -2     -0.743     -0.169      3.160      0.006    783    223
     2     -0.140      0.347      0.375      0.006    784   3122      1.116
     1      0.185      0.183      0.374      0.010    784   3122
     3      0.117      0.796      0.892      0.199    784   3122
     2     -0.216      0.104      2.745      0.006    785    223      0.788
    -2      0.387     -0.034      1.363      0.006    785    223
     2      0.054     -0.079      0.103      0.006    786    111      0.135
    -2      0.238      0.059      0.338      0.006    786    111
     2      0.024     -0.080      0.329      0.006    787    221      0.548
    -2      0.006      0.413      1.249      0.006    787    221
     2      0.475     -0.365      0.523      0.006    788    323      0.889
    -3     -0.080     -0.601     -0.585      0.199    788    323
     1      0.691     -0.187      0.444      0.010    789    223      0.788
    -1     -0.105      0.274      0.356      0.010    789    223
     3      0.344      0.012     -0.280      0.199    790   -321      0.494
    -2     -0.009     -0.071     -0.019      0.006    790   -321
     2      0.046     -0.031      0.194      0.006    791    223      0.782
    -2      0.072      0.123     -0.025      0.006    791    223
     1      0.113     -0.098      0.076      0.010    792    311      0.498
    -3      0.124     -0.428     -0.204      0.199    792    311
     2     -0.130     -0.127      0.487      0.006    793   2112      0.940
     1     -0.011     -0.048      0.435      0.010    793   2112
     1      0.325     -0.493      2.308      0.010    793   2112
     2     -0.030     -0.048     -0.165      0.006    794    223      0.779
    -2      0.445     -0.151     -1.566      0.006    794    223
     1     -0.135      0.229      3.643      0.010    795   -213      0.724
    -2     -0.082     -0.184      0.572      0.006    795   -213
     1     -0.630     -0.251      1.848      0.010    796   2214      1.159
     2      0.119     -0.102     -0.664      0.006    796   2214
     2      0.209     -0.473      3.707      0.006    796   2214
     2     -0.062     -0.218     -0.173      0.006    797    211      0.140
    -1     -0.007     -0.128     -0.001      0.010    797    211
     1     -0.097      0.184      0.116      0.010    798   2212      0.938
     2     -0.053      0.149      0.260      0.006    798   2212
     2      0.032      0.010      0.003      0.006    798   2212
     1     -0.052      0.048      0.672      0.010    799   -211      0.140
    -2      0.469      0.023      2.162      0.006    799   -211
     1     -0.062      0.013     -0.228      0.010    800    111      0.135
    -1     -0.073      0.220     -0.399      0.010    800    111
     2      0.102     -0.445      3.839      0.006    801    223      0.791
    -2      0.075      0.245      7.446      0.006    801    223
     2      0.087     -0.096     -0.133      0.006    802    211      0.140
    -1      0.007     -0.027      0.058      0.010    802    211
     1     -0.153     -0.008     -0.285      0.010    803    111      0.135
    -1     -0.078     -0.073     -0.055      0.010    803    111
     1     -0.352     -0.099      0.349      0.010    804   -211      0.140
    -2     -0.210      0.167      0.750      0.006    804   -211
     2     -0.074     -0.006      0.383      0.006    805   2212      0.938
     1     -0.024      0.000     -0.037      0.010    805   2212
     2      0.041      0.208      1.013      0.006    805   2212
     1      0.012      0.000      0.145      0.010    806    111      0.135
    -1      0.307     -0.407      1.391      0.010    806    111
     1      0.029     -0.035      0.005      0.010    807   -211      0.140
    -2      0.237      0.267      0.743      0.006    807   -211
     2     -0.004      0.077     -0.031      0.006    808    211      0.140
    -1      0.147     -0.636     -0.350      0.010    808    211
     1     -0.186     -0.029     -0.027      0.010    809   -213      0.888
    -2      0.408     -0.270      0.039      0.006    809   -213
     2     -0.201     -0.174      1.444      0.006    810   2112      0.940
     1     -0.381      0.227      1.989      0.010    810   2112
     1     -0.082      0.146      2.158      0.010    810   2112
     1      0.094     -0.056      0.417      0.010    811    311      0.498
    -3      0.143     -0.038      0.591      0.199    811    311
     1      0.148      0.183      0.121      0.010    812   -213      0.835
    -2     -0.376      0.508      0.035      0.006    812   -213
     2      0.138      0.518      1.268      0.006    813    213      0.655
    -1      0.255     -0.199      0.770      0.010    813    213
     1     -0.087     -0.080      0.803      0.010    814   1114      1.415
     1     -0.203      0.291      0.920      0.010    814   1114
     1     -0.313     -0.040      0.848      0.010    814   1114
     2      0.111     -0.117     -0.028      0.006    815    113      0.686
    -2      0.088      0.117     -0.009      0.006    815    113
     1     -0.014      0.197     -0.008      0.010    816    111      0.135
    -1      0.120      0.160      0.061      0.010    816    111
     2      0.120      0.148      0.209      0.006    817    223      0.774
    -2     -0.024     -0.202     -0.153      0.006    817    223
     1     -0.008     -0.066     -0.214      0.010    818   -211      0.140
    -2     -0.025      0.070     -0.121      0.006    818   -211
     2     -0.106     -0.027     -0.081      0.006    819    223      0.778
    -2      0.102      0.063     -0.182      0.006    819    223
     1      0.216      0.002     -0.018      0.010    820    311      0.498
    -3      0.112      0.134      0.025      0.199    820    311
     2      0.219      0.319     -0.340      0.006    821    211      0.140
    -1      0.003      0.328     -0.122      0.010    821    211
     1     -0.186      0.069      0.443      0.010    822    111      0.135
    -1      0.014     -0.045      0.103      0.010    822    111
     1     -0.045      0.051      0.307      0.010    823   2212      0.938
     2     -0.068     -0.087      1.080      0.006    823   2212
     2     -0.387     -0.499      4.016      0.006    823   2212
     2     -0.126     -0.122      0.284      0.006    824    221      0.548
    -2      0.123     -0.284      0.392      0.006    824    221
    -2      0.006      0.251      3.933      0.006    825  -2112      0.940
    -1      0.146     -0.050      0.813      0.010    825  -2112
    -1     -0.026     -0.125      0.273      0.010    825  -2112
     1      0.325      0.126     -1.341      0.010    826   2114      1.237
     1      0.162     -0.596      0.833      0.010    826   2114
     2      0.102      0.118     -1.589      0.006    826   2114
     2      0.075     -0.109      0.130      0.006    827    321      0.494
    -3      0.021      0.385      0.393      0.199    827    321
     2     -0.099     -0.006      0.733      0.006    828    211      0.140
    -1      0.222     -0.066      0.408      0.010    828    211
     2     -0.061      0.116     -0.082      0.006    829   2112      0.940
     1     -0.001     -0.089     -0.053      0.010    829   2112
     1      0.013     -0.068     -0.001      0.010    829   2112
     2     -0.392      0.038      4.033      0.006    830    211      0.140
    -1      0.084      0.110      1.455      0.010    830    211
     2      0.075      0.024      1.536      0.006    831    223      0.788
    -2     -0.137      0.066      1.170      0.006    831    223
     2      0.410      0.330     -0.073      0.006    832    211      0.140
    -1     -0.058      0.102      0.010      0.010    832    211
     1     -0.206      0.196     -0.735      0.010    833   -211      0.140
    -2      0.069      0.186     -0.311      0.006    833   -211
     1     -0.379      0.368      0.574      0.010    834   2212      0.938
     2     -0.355      0.722      0.987      0.006    834   2212
     2     -0.017      0.147      0.298      0.006    834   2212
     1      0.100     -0.035      0.261      0.010    835    223      0.782
    -1      0.351      0.374      1.528      0.010    835    223
     1      0.067     -0.206      0.554      0.010    836   -211      0.140
    -2      0.042      0.015      0.067      0.006    836   -211
     1     -0.060     -0.052      0.184      0.010    837   1114      1.259
     1      0.147     -0.032      0.226      0.010    837   1114
     1     -0.006     -0.133      0.083      0.010    837   1114
     1      0.072      0.134      0.240      0.010    838   -213      0.750
    -2      0.449     -0.043     -0.108      0.006    838   -213
     1      0.300      0.637      0.569      0.010    839   -211      0.140
    -2      0.029     -0.007     -0.012      0.006    839   -211
     2     -0.075      0.285      1.457      0.006    840    221      0.548
    -2      0.518      0.011      1.159      0.006    840    221
     2      0.307     -0.109     -0.178      0.006    841    211      0.140
    -1      0.027      0.172     -0.092      0.010    841    211
     2      0.303     -0.194     -1.374      0.006    842   2212      0.938
     1     -0.128     -0.494     -2.560      0.010    842   2212
     2      0.225     -0.021     -2.360      0.006    842   2212
     1     -0.067      0.084      0.620      0.010    843   3122      1.116
     2     -0.022      0.042      0.678      0.006    843   3122
     3      0.076      0.301      1.420      0.199    843   3122
     2      0.210     -0.045      0.270      0.006    844    223      0.784
    -2      0.038     -0.110      1.706      0.006    844    223
     3      0.161      0.271      0.089      0.199    845   3122      1.116
     2      0.033      0.064      0.015      0.006    845   3122
     1      0.132      0.088      0.062      0.010    845   3122
     1      0.019     -0.210      0.906      0.010    846    111      0.135
    -1      0.026      0.011      0.598      0.010    846    111
     2      0.004     -0.080     -0.379      0.006    847    211      0.140
    -1     -0.067      0.158     -0.137      0.010    847    211
     2      0.256     -0.298     -0.248      0.006    848   2112      0.940
     1      0.368      0.144     -0.082      0.010    848   2112
     1      0.265      0.154     -0.565      0.010    848   2112
     3      0.518     -0.454      0.707      0.199    849   -313      0.830
    -1      0.155      0.727      0.712      0.010    849   -313
     2      0.088      0.085      0.798      0.006    850    223      0.779
    -2      0.579      0.289      1.876      0.006    850    223
     1     -0.152     -0.378      0.934      0.010    851   2112      0.940
     2      0.003      0.029      0.037      0.006    851   2112
     1      0.066      0.082      0.175      0.010    851   2112
     1     -0.098      0.402      0.115      0.010    852   2112      0.940
     1     -0.038      0.074      0.128      0.010    852   2112
     2      0.371      0.241      0.726      0.006    852   2112
     2     -0.207     -0.043      0.358      0.006    853    223      0.786
    -2     -0.169      0.239      0.218      0.006    853    223
     2     -0.019      0.329      0.163      0.006    854    211      0.140
    -1      0.080     -0.040      0.130      0.010    854    211
     2      0.270      0.091     -0.003      0.006    855    221      0.548
    -2      0.109      0.044     -0.387      0.006    855    221
     1      0.106      0.299      0.404      0.010    856   -211      0.140
    -2      0.152     -0.012     -0.061      0.006    856   -211
     2      0.119      0.102      0.795      0.006    857    211      0.140
    -1      0.123      0.043      1.039      0.010    857    211
     1      0.147     -0.153      2.543      0.010    858   -211      0.140
    -2      0.139     -0.140      1.210      0.006    858   -211
     1      0.189      0.093     10.198      0.010    859   2212      0.938
     2      0.345     -0.131      2.623      0.006    859   2212
     2     -0.072      0.167      2.168      0.006    859   2212
     2     -0.029     -0.095      1.251      0.006    860    211      0.140
    -1      0.221      0.254      2.049      0.010    860    211
     3     -0.453     -0.387      1.339      0.199    861   -311      0.498
    -1     -0.087     -0.409      0.341      0.010    861   -311
     1      0.310      0.318      0.800      0.010    862   -211      0.140
    -2     -0.003     -0.074      0.067      0.006    862   -211
     2     -0.141      0.199      0.052      0.006    863    223      0.781
    -2     -0.213      0.015      0.388      0.006    863    223
     2      0.286     -0.126     -0.080      0.006    864    213      0.755
    -1     -0.203     -0.120      0.374      0.010    864    213
     2     -0.243      0.060      1.161      0.006    865   2212      0.938
     1     -0.172     -0.177      0.626      0.010    865   2212
     2     -0.307     -0.005      0.447      0.006    865   2212
     1     -0.084      0.030      0.355      0.010    866   -211      0.140
    -2      0.041     -0.164      0.916      0.006    866   -211
     2     -0.050      0.152     -0.279      0.006    867    111      0.135
    -2     -0.014      0.016     -0.139      0.006    867    111
     1     -0.365      0.115      0.213      0.010    868   -213      0.776
    -2     -0.017     -0.190      1.238      0.006    868   -213
     3      0.046     -0.231      1.648      0.199    869   -311      0.498
    -1      0.022      0.007      2.132      0.010    869   -311
     1      0.271      0.042     -0.543      0.010    870   -213      0.838
    -2     -0.133     -0.151     -0.097      0.006    870   -213
     1     -0.329     -0.272     -0.171      0.010    871    113      0.791
    -1     -0.153      0.220      0.033      0.010    871    113
     1     -0.314     -0.301     -0.175      0.010    872    221      0.548
    -1     -0.027      0.119      0.366      0.010    872    221
     1      0.264     -0.111      1.601      0.010    873   2112      0.940
     2     -0.015      0.145      0.514      0.006    873   2112
     1     -0.046      0.106      1.725      0.010    873   2112
     1     -0.001      0.432     -0.675      0.010    874   -211      0.140
    -2      0.083      0.012     -0.158      0.006    874   -211
     2      0.080      0.053     -0.226      0.006    875    211      0.140
    -1     -0.121      0.006     -0.079      0.010    875    211
     1      0.028      0.061     -0.218      0.010    876    311      0.498
    -3      0.031      0.103     -1.019      0.199    876    311
     2      0.159      0.247      0.002      0.006    877    211      0.140
    -1      0.034      0.030      0.023      0.010    877    211
     1     -0.058     -0.088      1.135      0.010    878   3112      1.197
     1     -0.006     -0.054      1.699      0.010    878   3112
     3      0.033      0.017      0.087      0.199    878   3112
     1      0.112     -0.102      0.547      0.010    879    111      0.135
    -1      0.031     -0.001      0.150      0.010    879    111
     1     -0.008      0.244      0.198      0.010    880    221      0.548
    -1     -0.046      0.374      0.760      0.010    880    221
     2     -0.096      0.068     -0.101      0.006    881    321      0.494
    -3     -0.331     -0.163     -0.166      0.199    881    321
     1      0.672      0.019      2.313      0.010    882    313      0.852
    -3     -0.205      0.164      0.409      0.199    882    313
     2     -0.061     -0.002      0.163      0.006    883    211      0.140
    -1     -0.033     -0.477      1.423      0.010    883    211
     1     -0.089      0.026     -0.279      0.010    884    221      0.548
    -1     -0.184     -0.133      0.024      0.010    884    221
     1     -0.102     -0.083     -0.077      0.010    885   -211      0.140
    -2     -0.026     -0.462     -0.421      0.006    885   -211
     1     -0.075      0.038      0.831      0.010    886    111      0.135
    -1     -0.166      0.092      0.412      0.010    886    111
     1     -0.173     -0.016      0.846      0.010    887   3112      1.197
     1      0.183      0.133      0.310      0.010    887   3112
     3      0.194      0.072      0.895      0.199    887   3112
     1     -0.038     -0.242      0.788      0.010    888   -211      0.140
    -2      0.310     -0.307      0.520      0.006    888   -211
     2      0.083     -0.077      0.070      0.006    889    213      0.782
    -1     -0.245      0.375      0.100      0.010    889    213
     1      0.369     -0.436      0.773      0.010    890    221      0.548
    -1     -0.222      0.179     -0.184      0.010    890    221
     1     -0.179     -0.295      0.599      0.010    891    111      0.135
    -1      0.006      0.004      0.005      0.010    891    111
     2     -0.007     -0.041     -0.186      0.006    892    223      0.781
    -2      0.125      0.117     -0.047      0.006    892    223
     2      0.093     -0.057     -0.325      0.006    893    111      0.135
    -2      0.173     -0.215     -1.293      0.006    893    111
     2     -0.024     -0.845      0.195      0.006    894    113      0.725
    -2      0.007     -0.214      0.261      0.006    894    113
     1     -0.301      0.194     -0.123      0.010    895    223      0.782
    -1      0.172      0.114     -0.280      0.010    895    223
     1      0.200     -0.120     -0.326      0.010    896    221      0.548
    -1      0.400      0.731     -1.306      0.010    896    221
     2      0.025     -0.105      0.881      0.006    897    211      0.140
    -1     -0.456     -0.165      3.537      0.010    897    211
     2      0.047     -0.658      1.570      0.006    898   2114      1.262
     1      0.521      0.408     -0.057      0.010    898   2114
     1      0.145     -0.151      0.357      0.010    898   2114
     1     -0.122     -0.122      0.507      0.010    899   -211      0.140
    -2     -0.467      0.299      0.759      0.006    899   -211
     1      0.583     -0.062      6.005      0.010    900   -213      0.803
    -2     -0.386     -0.242      2.412      0.006    900   -213
     1      0.017      0.027      1.504      0.010    901   2112      0.940
     1      0.121      0.019      0.824      0.010    901   2112
     2      0.090      0.016      0.285      0.006    901   2112
     2     -0.338      0.156     -0.198      0.006    902    221      0.548
    -2      0.283      0.051     -0.018      0.006    902    221
     2      0.299      0.121      0.209      0.006    903    221      0.548
    -2     -0.053      0.030      0.332      0.006    903    221
     2     -0.015      0.051      0.293      0.006    904    211      0.140
    -1      0.021      0.085      0.228      0.010    904    211
     1      0.216      0.221      0.894      0.010    905    311      0.498
    -3      0.097      0.489      1.154      0.199    905    311
     2      0.140      0.305     -0.429      0.006    906    211      0.140
    -1      0.077      0.133     -0.145      0.010    906    211
     2      0.661      0.423      1.536      0.006    907    221      0.548
    -2      0.026      0.059     -0.139      0.006    907    221
     2      0.242      0.128     -0.384      0.006    908    113      0.787
    -2     -0.030      0.172     -0.042      0.006    908    113
     2     -0.115      0.146      0.018      0.006    909    211      0.140
    -1      0.062      0.070     -0.152      0.010    909    211
     1      0.284     -0.265      4.376      0.010    910   2214      1.234
     2      0.196      0.205      0.115      0.006    910   2214
     2     -0.041      0.215      4.285      0.006    910   2214
     1     -0.150      0.057      0.097      0.010    911   -213      0.650
    -2     -0.056      0.040      1.507      0.006    911   -213
     1     -0.056      0.358      1.553      0.010    912   2112      0.940
     2      0.019      0.040      0.050      0.006    912   2112
     1      0.080      0.161      0.225      0.010    912   2112
     1     -0.679     -0.239      1.921      0.010    913   -213      0.788
    -2     -0.106      0.168      0.281      0.006    913   -213
     2     -0.047     -0.025      0.148      0.006    914    211      0.140
    -1     -0.086      0.019      0.284      0.010    914    211
     1     -0.210      0.016      0.375      0.010    915    311      0.498
    -3     -0.131     -0.229      0.988      0.199    915    311
     1     -0.017      0.019     -0.034      0.010    916   -211      0.140
    -2     -0.103     -0.277     -0.117      0.006    916   -211
     1      0.050     -0.061     -0.024      0.010    917   2112      0.940
     1      0.067      0.072      0.251      0.010    917   2112
     2     -0.056      0.087     -0.000      0.006    917   2112
     2      0.131     -0.455     -0.058      0.006    918    211      0.140
    -1      0.202     -0.296      0.061      0.010    918    211
     1     -0.116     -0.101     -0.097      0.010    919   2212      0.938
     2      0.043     -0.029      0.011      0.006    919   2212
     2      0.020     -0.263      0.030      0.006    919   2212
     2     -0.151     -0.483     -1.997      0.006    920    223      0.782
    -2     -0.113     -0.050     -0.142      0.006    920    223
     1     -0.257     -0.074      0.429      0.010    921    111      0.135
    -1     -0.152     -0.159      0.533      0.010    921    111
     2      0.090      0.136      2.459      0.006    922   2212      0.938
     1      0.179      0.403      3.462      0.010    922   2212
     2      0.180      0.098      6.056      0.006    922   2212
     2     -0.130      0.124     -0.153      0.006    923    211      0.140
    -1     -0.145     -0.155     -0.098      0.010    923    211
     1     -0.084     -0.051      0.006      0.010    924    221      0.548
    -1      0.071     -0.656      1.851      0.010    924    221
     2      0.147      0.023      0.544      0.006    925    223      0.786
    -2     -0.330     -0.341      0.219      0.006    925    223
     1     -0.289     -0.053      0.658      0.010    926   -213      0.605
    -2     -0.124     -0.113     -0.147      0.006    926   -213
     2      0.589      0.365     -0.430      0.006    927    223      0.794
    -2     -0.029      0.201      0.078      0.006    927    223
     1     -0.374     -0.050      0.305      0.010    928   -213      0.681
    -2      0.039     -0.297      0.227      0.006    928   -213
     2      0.391     -0.417      0.017      0.006    929    211      0.140
    -1     -0.110     -0.093      0.041      0.010    929    211
     1      0.030     -0.497     -0.319      0.010    930    311      0.498
    -3     -0.045     -0.090      0.127      0.199    930    311
     2     -0.083     -0.014     -0.152      0.006    931    221      0.548
    -2     -0.078     -0.640     -0.767      0.006    931    221
     1     -0.149      0.039     -2.068      0.010    932   2112      0.940
     2      0.181     -0.145     -1.032      0.006    932   2112
     1      0.013      0.214     -0.103      0.010    932   2112
     2     -0.010     -0.044     -0.028      0.006    933    211      0.140
    -1     -0.295     -0.011     -0.214      0.010    933    211
     2     -0.006     -0.013     -0.035      0.006    934    211      0.140
    -1     -0.033      0.194      0.146      0.010    934    211
     3      0.335     -0.070     -0.482      0.199    935   -321      0.494
    -2      0.058      0.000     -0.173      0.006    935   -321
     1     -0.056      0.141     -0.089      0.010    936    221      0.548
    -1      0.480     -0.173     -0.308      0.010    936    221
     3      0.287      0.303     -0.527      0.199    937   -321      0.494
    -2     -0.016      0.289     -0.150      0.006    937   -321
     1     -0.192      0.160     -0.190      0.010    938   3112      1.197
     1      0.185      0.056     -0.229      0.010    938   3112
     3     -0.028      0.131      0.038      0.199    938   3112
     2     -0.173      0.034      0.073      0.006    939    211      0.140
    -1     -0.410     -0.237      0.292      0.010    939    211
     1      0.103      0.302      1.674      0.010    940   1114      1.201
     1      0.196     -0.443      0.544      0.010    940   1114
     1      0.064      0.098     -1.022      0.010    940   1114
    -1     -0.153     -0.069      0.003      0.010    941  -2112      0.940
    -1     -0.094      0.122     -0.014      0.010    941  -2112
    -2      0.016      0.102     -0.017      0.006    941  -2112
     1      0.032     -0.071      0.116      0.010    942    221      0.548
    -1     -0.081      0.134      0.404      0.010    942    221
     2     -0.617     -0.195     -1.409      0.006    943    211      0.140
    -1     -0.172      0.000     -0.275      0.010    943    211
     1      0.071     -0.082     -0.429      0.010    944   1114      1.428
     1      0.020      0.077     -0.910      0.010    944   1114
     1      0.657     -0.257     -4.546      0.010    944   1114
     3      0.288      0.059      0.141      0.199    945   3122      1.116
     2     -0.014     -0.127     -0.048      0.006    945   3122
     1     -0.046     -0.172      0.069      0.010    945   3122
     1     -0.125     -0.119      0.844      0.010    946    221      0.548
    -1      0.122      0.071      1.811      0.010    946    221
     2     -0.024     -0.005     -0.138      0.006    947    211      0.140
    -1      0.083     -0.178     -0.042      0.010    947    211
     1     -0.658      0.239     -0.121      0.010    948   -211      0.140
    -2     -0.232      0.065      0.091      0.006    948   -211
     2     -0.100      0.090     -0.150      0.006    949    223      0.788
    -2      0.488     -0.012      0.097      0.006    949    223
     1     -0.662     -0.038     -0.989      0.010    950   3112      1.197
     1      0.012      0.365     -0.977      0.010    950   3112
     3     -0.235      0.005     -0.363      0.199    950   3112
     1      0.198     -0.233     -0.345      0.010    951   -213      0.670
    -2     -0.257     -0.236     -0.497      0.006    951   -213
     1      0.016      0.030      0.152      0.010    952    111      0.135
    -1      0.017     -0.108      0.099      0.010    952    111
     3      0.330     -0.169      0.227      0.199    953   3122      1.116
     2      0.100     -0.141      0.029      0.006    953   3122
     1      0.154      0.097     -0.211      0.010    953   3122
     1      0.078      0.149      0.009      0.010    954   -211      0.140
    -2      0.031     -0.045     -0.058      0.006    954   -211
     2      0.084     -0.063     -0.131      0.006    955    211      0.140
    -1     -0.045     -0.031     -0.236      0.010    955    211
     2     -0.180     -0.332     -0.392      0.006    956    211      0.140
    -1      0.186     -0.324     -0.299      0.010    956    211
     2     -0.159      0.240      1.517      0.006    957    211      0.140
    -1     -0.124      0.045      0.358      0.010    957    211
     1     -0.068      0.035      0.721      0.010    958   -211      0.140
    -2      0.023     -0.051      1.829      0.006    958   -211
     3     -0.249      0.095     -0.356      0.199    959   -311      0.498
    -1      0.115      0.100     -0.258      0.010    959   -311
     2      0.036     -0.077      0.048      0.006    960    321      0.494
    -3     -0.218     -0.045      0.126      0.199    960    321
     2      0.119     -0.202      0.703      0.006    961    111      0.135
    -2      0.036     -0.326      1.167      0.006    961    111
     2     -0.168      0.024     -0.004      0.006    962    223      0.791
    -2      0.113     -0.067      0.124      0.006    962    223
     2      0.033     -0.008     -0.034      0.006    963    211      0.140
    -1      0.120     -0.078      0.075      0.010    963    211
     1     -0.488     -0.142     -0.534      0.010    964   -213      0.918
    -2     -0.039      0.107     -0.537      0.006    964   -213
     3     -0.027     -0.188     -0.612      0.199    965    333      1.011
    -3     -0.133     -0.112     -0.370      0.199    965    333
     1     -0.117     -0.013     -0.160      0.010    966   -211      0.140
    -2     -0.054      0.100     -0.280      0.006    966   -211
     2     -0.041     -0.254      1.686      0.006    967   2212      0.938
     1      0.114      0.087      0.020      0.010    967   2212
     2      0.106     -0.036      2.270      0.006    967   2212
     1     -0.036     -0.023      0.293      0.010    968   -211      0.140
    -2     -0.042      0.068      0.189      0.006    968   -211
     2      0.507     -0.356      1.296      0.006    969    211      0.140
    -1      0.040     -0.138      0.454      0.010    969    211
     3     -0.009     -0.783     -0.201      0.199    970   -321      0.494
    -2     -0.040     -0.011     -0.158      0.006    970   -321
     1      0.011     -0.044      0.016      0.010    971   -211      0.140
    -2      0.199     -0.011      0.140      0.006    971   -211
     3      0.163      0.142      0.407      0.199    972   -311      0.498
    -1      0.216     -0.014      0.830      0.010    972   -311
     1      0.224     -0.127     -0.794      0.010    973   3112      1.197
     1      0.166      0.098     -0.432      0.010    973   3112
     3      0.129     -0.014     -0.555      0.199    973   3112
     2      0.050      0.410     -3.967      0.006    974    223      0.770
    -2      0.370     -0.082     -1.635      0.006    974    223
     1     -0.197      0.072      1.041      0.010    975   2214      1.175
     2     -0.018      0.119     -1.639      0.006    975   2214
     2     -0.064      0.027     -1.148      0.006    975   2214
    -1      0.056      0.056      0.055      0.010    976  -3112      1.197
    -1      0.475      0.585      2.477      0.010    976  -3112
    -3      0.043     -0.023      1.143      0.199    976  -3112
     1      0.555     -0.142      0.259      0.010    977   -213      0.716
    -2     -0.159     -0.068      0.042      0.006    977   -213
     2     -0.094     -0.131      0.020      0.006    978    111      0.135
    -2     -0.009      0.000     -0.081      0.006    978    111
     2      0.407      0.005     -1.236      0.006    979   3222      1.189
     2     -0.058     -0.179     -1.027      0.006    979   3222
     3     -0.190     -0.209     -1.796      0.199    979   3222
     2     -0.082      0.069     -0.513      0.006    980    321      0.494
    -3     -0.263     -0.270     -0.577      0.199    980    321
     2     -0.162     -0.123      0.417      0.006    981    223      0.785
    -2     -0.033     -0.056     -0.014      0.006    981    223
     1     -0.002      0.148     -0.378      0.010    982    221      0.548
    -1      0.231     -0.165     -1.179      0.010    982    221
     2     -0.226     -0.336     -0.102      0.006    983    211      0.140
    -1     -0.145     -0.138      0.000      0.010    983    211
     1      0.042      0.349     -0.625      0.010    984   -211      0.140
    -2     -0.121      0.039     -0.553      0.006    984   -211
     2      0.049     -0.059     -0.150      0.006    985    111      0.135
    -2     -0.011     -0.018     -0.505      0.006    985    111
     3     -0.068     -0.105     -0.938      0.199    986    333      1.022
    -3      0.082      0.356     -2.384      0.199    986    333
     1      0.108      0.033      0.363      0.010    987   2112      0.940
     2      0.158      0.086      0.226      0.006    987   2112
     1      0.216      0.330      0.428      0.010    987   2112
     2      0.005      0.013     -0.202      0.006    988    111      0.135
    -2      0.000      0.080     -0.121      0.006    988    111
     2      0.137      0.038     -1.106      0.006    989    211      0.140
    -1      0.071     -0.165     -0.359      0.010    989    211
     1     -0.078     -0.010      0.052      0.010    990    223      0.772
    -1      0.024      0.241      0.889      0.010    990    223
     1     -0.073      0.089     -0.219      0.010    991   2112      0.940
     2     -0.007      0.034     -0.251      0.006    991   2112
     1      0.034      0.139     -0.485      0.010    991   2112
     1      0.288      0.382     -1.141      0.010    992   -211      0.140
    -2     -0.001      0.031     -0.322      0.006    992   -211
     1     -0.496      0.326      1.084      0.010    993   -211      0.140
    -2      0.071      0.212      0.335      0.006    993   -211
     2      0.382     -0.401      0.470      0.006    994    223      0.777
    -2      0.278     -0.024      1.403      0.006    994    223
     1      0.198      0.106     -0.585      0.010    995   -211      0.140
    -2      0.163      0.123      0.017      0.006    995   -211
     1      0.121     -0.208     -0.045      0.010    996   -211      0.140
    -2      0.068      0.090     -0.023      0.006    996   -211
     3      0.332      0.301      0.598      0.199    997   -323      0.862
    -2     -0.017     -0.250      4.504      0.006    997   -323
     2      0.354      0.300      0.206      0.006    998    211      0.140
    -1      0.297      0.120     -0.023      0.010    998    211
     1     -0.056      0.134     -0.862      0.010    999   -211      0.140
    -2      0.066      0.224     -0.942      0.006    999   -211
     1     -0.559      0.038      0.644      0.010   1000   2212      0.938
     2     -0.017     -0.103     -0.108      0.006   1000   2212
     2      0.001     -0.030      0.144      0.006   1000   2212
     2      0.036      0.025     -0.008      0.006   1001    211      0.140
    -1      0.006      0.065     -0.211      0.010   1001    211
     2     -0.157      0.097     -0.204      0.006   1002    113      0.913
    -2     -0.347     -0.148     -0.110      0.006   1002    113
     1     -0.281     -0.006      0.218      0.010   1003    113      0.539
    -1     -0.117      0.222      0.225      0.010   1003    113
     3      0.129     -0.069     -0.132      0.199   1004   -321      0.494
    -2     -0.029     -0.058      0.048      0.006   1004   -321
     1     -0.132      0.020     -0.144      0.010   1005    111      0.135
    -1     -0.066      0.052     -0.085      0.010   1005    111
     2     -0.490      0.159     -1.054      0.006   1006   2212      0.938
     1     -0.096      0.145     -1.209      0.010   1006   2212
     2     -0.343     -0.138     -1.053      0.006   1006   2212
     1     -0.222      0.116      0.407      0.010   1007    113      0.786
    -1     -0.573     -0.072      0.647      0.010   1007    113
     1     -0.079     -0.116      1.004      0.010   1008    223      0.781
    -1     -0.348     -0.094      0.569      0.010   1008    223
     1     -0.361     -0.098     -0.393      0.010   1009   3312      1.321
     3     -0.168     -0.080     -0.704      0.199   1009   3312
     3     -0.133      0.010     -0.455      0.199   1009   3312
     2     -0.103      0.354      0.067      0.006   1010    211      0.140
    -1     -0.429      0.069      0.045      0.010   1010    211
     2      0.118     -0.027      0.087      0.006   1011    211      0.140
    -1     -0.025      0.106     -0.003      0.010   1011    211
     1     -0.085     -0.283      0.047      0.010   1012    221      0.548
    -1      0.038      0.204     -0.071      0.010   1012    221
     2     -0.033     -0.015      0.060      0.006   1013    111      0.135
    -2     -0.002     -0.004     -0.030      0.006   1013    111
     1      0.312     -0.140      0.709      0.010   1014   -211      0.140
    -2      0.007      0.034      0.321      0.006   1014   -211
     2      0.150     -0.053      0.090      0.006   1015    211      0.140
    -1      0.099     -0.246      0.112      0.010   1015    211
     1     -0.315     -0.199      0.774      0.010   1016   2112      0.940
     2     -0.173      0.239      0.600      0.006   1016   2112
     1     -0.098      0.034      1.495      0.010   1016   2112
     2     -0.103     -0.663     -0.826      0.006   1017    211      0.140
    -1     -0.112     -0.156     -0.154      0.010   1017    211
     1      0.466      0.515      0.093      0.010   1018   -213      0.749
    -2      0.278     -0.456      0.031      0.006   1018   -213
     2     -0.123     -0.021     -0.023      0.006   1019    221      0.548
    -2      0.178     -0.203     -0.078      0.006   1019    221
     1      0.012     -0.086     -0.018      0.010   1020    113      0.771
    -1      0.548     -0.173     -0.087      0.010   1020    113
     1      0.081      0.087     -0.066      0.010   1021    223      0.776
    -1      0.210     -0.274     -0.355      0.010   1021    223
     2      0.510     -0.236      0.001      0.006   1022   2224      1.268
     2      0.369     -0.073      0.858      0.006   1022   2224
     2      0.113      0.029     -0.475      0.006   1022   2224
     2     -0.130     -0.144      0.925      0.006   1023   2212      0.938
     2     -0.018     -0.494      2.916      0.006   1023   2212
     1     -0.082     -0.037      0.915      0.010   1023   2212
     1     -0.116     -0.128     -1.421      0.010   1024    113      0.751
    -1      0.134      0.035     -1.728      0.010   1024    113
     1      0.056      0.108      0.887      0.010   1025   -211      0.140
    -2      0.005     -0.217      0.405      0.006   1025   -211
     2      0.115      0.035      0.111      0.006   1026    211      0.140
    -1      0.037     -0.024     -0.020      0.010   1026    211
     1     -0.048      0.211     -0.061      0.010   1027    221      0.548
    -1     -0.063     -0.006      0.250      0.010   1027    221
     1     -0.092      0.121      0.411      0.010   1028    311      0.498
    -3     -0.213     -0.135      1.961      0.199   1028    311
     2     -0.014     -0.015      0.112      0.006   1029    223      0.781
    -2     -0.089     -0.350      0.093      0.006   1029    223
     1     -0.181     -0.165     -0.165      0.010   1030   2112      0.940
     1      0.316     -0.370     -0.429      0.010   1030   2112
     2      0.088     -0.333     -0.318      0.006   1030   2112
     2      0.115      0.021     -2.172      0.006   1031    211      0.140
    -1     -0.002      0.005     -0.614      0.010   1031    211
    -3      0.040     -0.924      0.168      0.199   1032  -3312      1.321
    -3      0.066     -0.112      0.417      0.199   1032  -3312
    -1      0.062     -0.392      0.302      0.010   1032  -3312
     3      0.069      0.068     -0.179      0.199   1033   3122      1.116
     2      0.091     -0.019     -0.067      0.006   1033   3122
     1      0.108      0.088     -0.305      0.010   1033   3122
    -2      0.074     -0.060      0.315      0.006   1034  -2212      0.938
    -1      0.379     -0.201      1.499      0.010   1034  -2212
    -2      0.431      0.043      1.147      0.006   1034  -2212
     1     -0.413     -0.028     -0.256      0.010   1035   1114      1.225
     1      0.123     -0.263     -0.530      0.010   1035   1114
     1     -0.040     -0.106     -0.557      0.010   1035   1114
     2      0.151      0.162      0.516      0.006   1036    223      0.784
    -2     -0.055     -0.109      0.509      0.006   1036    223
     1      0.585     -0.203      0.954      0.010   1037    223      0.778
    -1      0.087     -0.187      0.719      0.010   1037    223
     1      0.110      0.179     -0.893      0.010   1038   -211      0.140
    -2     -0.235      0.165     -2.227      0.006   1038   -211
     2      0.060     -0.092     -0.033      0.006   1039    111      0.135
    -2      0.222      0.018     -0.050      0.006   1039    111
     2     -0.021     -0.514      2.571      0.006   1040   2214      1.165
     1     -0.192      0.070      1.131      0.010   1040   2214
     2     -0.200      0.014     -2.670      0.006   1040   2214
     1     -0.216      0.012     -0.501      0.010   1041    221      0.548
    -1     -0.011      0.099     -0.613      0.010   1041    221
     2      0.098     -0.139      0.304      0.006   1042    223      0.789
    -2      0.019      0.233      0.969      0.006   1042    223
     1     -0.090     -0.025      0.090      0.010   1043    111      0.135
    -1     -0.092     -0.169      0.381      0.010   1043    111
     1      0.112     -0.277      1.919      0.010   1044    111      0.135
    -1      0.109     -0.029      0.426      0.010   1044    111
     1      0.069      0.228     -0.049      0.010   1045    111      0.135
    -1      0.078     -0.031     -0.012      0.010   1045    111
     2      0.300      0.181      0.165      0.006   1046    321      0.494
    -3      0.024      0.339     -0.217      0.199   1046    321
     3     -0.625      0.117     -0.594      0.199   1047   -321      0.494
    -2      0.043      0.033      0.100      0.006   1047   -321
     2      0.053      0.742     -0.441      0.006   1048    221      0.548
    -2      0.020      0.040     -0.139      0.006   1048    221
     2      0.024     -0.108     -0.803      0.006   1049   2212      0.938
     2      0.112     -0.093     -0.589      0.006   1049   2212
     1      0.409     -0.086     -1.638      0.010   1049   2212
     2     -0.019      0.117      0.025      0.006   1050    211      0.140
    -1      0.331      0.081      0.051      0.010   1050    211
     2      0.046      0.017      0.195      0.006   1051   2112      0.940
     1     -0.137     -0.076      0.116      0.010   1051   2112
     1      0.345      0.195      0.250      0.010   1051   2112
     2     -0.117      0.032     -0.385      0.006   1052    211      0.140
    -1      0.030     -0.007     -0.285      0.010   1052    211
     1     -0.019      0.009     -0.022      0.010   1053    311      0.498
    -3     -0.224     -0.401     -0.445      0.199   1053    311
     2     -0.292     -0.289     -1.927      0.006   1054    211      0.140
    -1      0.054     -0.002     -0.247      0.010   1054    211
     2      0.120     -0.099     -0.902      0.006   1055   2212      0.938
     2      0.231      0.230     -0.755      0.006   1055   2212
     1      0.277     -0.003     -0.385      0.010   1055   2212
     1      0.150      0.131     -0.075      0.010   1056    111      0.135
    -1      0.046      0.151      0.106      0.010   1056    111
     2      0.070      0.032     -0.181      0.006   1057    211      0.140
    -1     -0.006      0.067     -0.146      0.010   1057    211
     1      0.135      0.105     -0.020      0.010   1058   -211      0.140
    -2     -0.047      0.055     -0.027      0.006   1058   -211
     2     -0.166      0.110     -0.037      0.006   1059   2112      0.940
     1     -0.494     -0.174     -0.073      0.010   1059   2112
     1      0.009      0.080     -0.125      0.010   1059   2112
    -1     -0.000      0.776      0.776      0.010   1060  -1114      1.318
    -1     -0.020      0.196      0.221      0.010   1060  -1114
    -1      0.086      0.048     -0.105      0.010   1060  -1114
     2      0.171     -0.007     -0.202      0.006   1061    111      0.135
    -2     -0.015     -0.073     -0.154      0.006   1061    111
     2     -0.193      0.709     -3.153      0.006   1062    111      0.135
    -2     -0.007     -0.008     -0.062      0.006   1062    111
     1     -0.159      0.088     -0.096      0.010   1063   1114      1.160
     1     -0.377      0.278     -0.252      0.010   1063   1114
     1     -0.193     -0.098     -0.497      0.010   1063   1114
     2     -0.115      0.120     -0.358      0.006   1064    321      0.494
    -3     -0.001     -0.204     -0.373      0.199   1064    321
     1      0.192      0.182     -0.237      0.010   1065   1114      1.215
     1      0.190      0.318      1.182      0.010   1065   1114
     1      0.058      0.269     -1.479      0.010   1065   1114
     2     -0.010     -0.015     -0.010      0.006   1066    321      0.494
    -3      0.333     -0.270     -0.442      0.199   1066    321
     1     -0.031      0.180     -0.666      0.010   1067    311      0.498
    -3     -0.213      0.089     -1.096      0.199   1067    311
     3     -0.013     -0.266     -0.981      0.199   1068   -311      0.498
    -1     -0.114      0.002     -0.230      0.010   1068   -311
     1      0.057     -0.095     -0.299      0.010   1069   -211      0.140
    -2      0.112     -0.037     -0.539      0.006   1069   -211
     3     -0.498      0.019     -3.600      0.199   1070   3112      1.197
     1     -0.254     -0.173     -1.445      0.010   1070   3112
     1     -0.218      0.069     -0.782      0.010   1070   3112
     2      0.245      0.022      0.242      0.006   1071    211      0.140
    -1      0.248      0.072      0.203      0.010   1071    211
     1     -0.191     -0.187     -0.180      0.010   1072   -211      0.140
    -2      0.202     -0.127     -0.276      0.006   1072   -211
     2     -0.326      0.475      0.519      0.006   1073   2112      0.940
     1     -0.039     -0.057      0.227      0.010   1073   2112
     1     -0.109      0.133      0.118      0.010   1073   2112
     2     -0.035     -0.170     -0.329      0.006   1074   2112      0.940
     1     -0.597      0.062     -0.895      0.010   1074   2112
     1      0.046     -0.151     -0.578      0.010   1074   2112
     2     -0.208     -0.226      0.325      0.006   1075    221      0.548
    -2      0.083     -0.094      0.192      0.006   1075    221
     2      0.102      0.225     -0.093      0.006   1076    221      0.548
    -2     -0.083      0.191      0.097      0.006   1076    221
     1      0.589     -0.346     -0.442      0.010   1077    311      0.498
    -3      0.275     -0.475     -0.432      0.199   1077    311
     1      0.163     -0.042     -0.707      0.010   1078    111      0.135
    -1      0.100     -0.087     -0.223      0.010   1078    111
     2      0.064      0.119     -0.420      0.006   1079    221      0.548
    -2      0.348     -0.183     -1.536      0.006   1079    221
     1     -0.175     -0.210     -0.315      0.010   1080   3112      1.197
     3     -0.171     -0.054     -0.392      0.199   1080   3112
     1      0.007     -0.022      0.092      0.010   1080   3112
     1     -0.052     -0.089     -0.088      0.010   1081    221      0.548
    -1      0.130      0.140     -0.799      0.010   1081    221
     2      0.205      0.047      0.281      0.006   1082    321      0.494
    -3     -0.283     -0.021      0.240      0.199   1082    321
     1      0.062     -0.050      0.204      0.010   1083    223      0.787
    -1     -0.118      0.175      0.003      0.010   1083    223
     2      0.001      0.040     -0.004      0.006   1084    211      0.140
    -1      0.013     -0.125     -0.042      0.010   1084    211
     1     -0.372     -0.190      0.446      0.010   1085    221      0.548
    -1     -0.148      0.132      0.588      0.010   1085    221
     1     -0.275     -0.587     -0.351      0.010   1086    113      0.769
    -1      0.200     -0.228     -0.487      0.010   1086    113
     2      0.090      0.072     -0.620      0.006   1087    111      0.135
    -2      0.090      0.076     -0.225      0.006   1087    111
     2      0.140     -0.118     -1.531      0.006   1088   2212      0.938
     2      0.041     -0.641     -1.809      0.006   1088   2212
     1      0.339     -0.015     -0.661      0.010   1088   2212
     2      0.176      0.069     -2.296      0.006   1089    111      0.135
    -2      0.110     -0.050     -2.871      0.006   1089    111
     2     -0.134      0.069      0.769      0.006   1090    213      0.833
    -1      0.222     -0.299      1.603      0.010   1090    213
     2     -0.401     -0.041     -6.361      0.006   1091   3212      1.193
     1      0.137      0.189     -2.301      0.010   1091   3212
     3      0.288     -0.379     -3.350      0.199   1091   3212
     2     -0.338     -0.303      0.549      0.006   1092    111      0.135
    -2     -0.311     -0.458      0.415      0.006   1092    111
     1      0.039     -0.108     -0.148      0.010   1093    113      0.768
    -1     -0.307     -0.092     -0.760      0.010   1093    113
     1     -0.396      0.730     -0.697      0.010   1094    221      0.548
    -1     -0.328      0.216     -0.418      0.010   1094    221
     1     -0.178     -0.491     -2.170      0.010   1095   -213      0.703
    -2      0.034      0.082     -1.381      0.006   1095   -213
     1     -0.173     -0.123      0.235      0.010   1096    221      0.548
    -1      0.085      0.241      0.017      0.010   1096    221
     2     -0.031      0.064     -0.420      0.006   1097    111      0.135
    -2     -0.068     -0.027     -0.146      0.006   1097    111
     1     -0.172      0.288     -0.929      0.010   1098   1114      1.303
     1     -0.066     -0.007     -0.281      0.010   1098   1114
     1      0.014      0.013     -0.298      0.010   1098   1114
     2     -0.264     -0.292     -0.937      0.006   1099    211      0.140
    -1     -0.123     -0.327     -0.855      0.010   1099    211
     1      0.085      0.056     -0.169      0.010   1100    113      0.829
    -1      0.033      0.172      0.009      0.010   1100    113
     1     -0.236      0.091     -2.038      0.010   1101    223      0.775
    -1      0.021      0.101     -1.046      0.010   1101    223
     2      0.295     -0.130      0.160      0.006   1102   2224      1.201
     2      0.064     -0.071      0.554      0.006   1102   2224
     2      0.576     -0.443      1.081      0.006   1102   2224
     2     -0.056      0.194     -0.900      0.006   1103    211      0.140
    -1     -0.118      0.439     -0.500      0.010   1103    211
     2     -0.045     -0.073      0.046      0.006   1104    211      0.140
    -1     -0.046      0.134     -0.011      0.010   1104    211
     1      0.081      0.336     -0.761      0.010   1105    221      0.548
    -1     -0.363     -0.098     -0.091      0.010   1105    221
     1      0.171      0.238     -0.418      0.010   1106   -213      1.011
    -2     -0.122      0.243      0.331      0.006   1106   -213
     2     -0.061      0.335     -2.066      0.006   1107    221      0.548
    -2      0.131     -0.088     -1.802      0.006   1107    221
     1     -0.259     -0.191      0.465      0.010   1108   3112      1.197
     1     -0.175     -0.182      0.384      0.010   1108   3112
     3     -0.305     -0.459      0.233      0.199   1108   3112
     2      0.071      0.028      0.591      0.006   1109    111      0.135
    -2      0.126     -0.158      1.926      0.006   1109    111
     1     -0.047      0.072     -1.064      0.010   1110   -213      0.767
    -2     -0.334     -0.458     -0.750      0.006   1110   -213
     2     -0.006      0.172     -1.860      0.006   1111   2112      0.940
     1     -0.191     -0.058     -0.437      0.010   1111   2112
     1     -0.070     -0.052      0.065      0.010   1111   2112
     1      0.108     -0.224     -1.096      0.010   1112    221      0.548
    -1     -0.095     -0.145     -0.492      0.010   1112    221
     2     -0.044     -0.048      0.027      0.006   1113    221      0.548
    -2     -0.615     -0.407      1.385      0.006   1113    221
     1     -0.199     -0.206     -0.183      0.010   1114   -213      0.687
    -2     -0.156      0.310     -0.045      0.006   1114   -213
     1     -0.022     -0.193      0.095      0.010   1115    221      0.548
    -1     -0.191     -0.307     -0.171      0.010   1115    221
     2      0.024     -0.034      0.031      0.006   1116    211      0.140
    -1      0.144     -0.007      0.143      0.010   1116    211
     1     -0.463      0.107     -0.629      0.010   1117   2112      0.940
     2     -0.087     -0.049     -0.067      0.006   1117   2112
     1     -0.241     -0.311     -0.652      0.010   1117   2112
     2      0.458      0.270     -0.330      0.006   1118    223      0.775
    -2      0.019     -0.001     -0.226      0.006   1118    223
     2     -0.048      0.096      0.145      0.006   1119    223      0.784
    -2     -0.048     -0.195      0.227      0.006   1119    223
     1      0.181     -0.585      0.572      0.010   1120    221      0.548
    -1     -0.359      0.177      0.060      0.010   1120    221
     3     -0.015     -0.298      0.096      0.199   1121   -321      0.494
    -2     -0.014     -0.008      0.002      0.006   1121   -321
     1     -0.005      0.001      0.166      0.010   1122    221      0.548
    -1     -0.007      0.032     -0.194      0.010   1122    221
     1     -0.158     -0.068     -0.103      0.010   1123   -211      0.140
    -2     -0.011     -0.002     -0.020      0.006   1123   -211
     2     -0.302     -0.122     -0.368      0.006   1124    323      0.877
    -3      0.557     -0.430     -1.544      0.199   1124    323
     3     -0.050      0.389     -0.885      0.199   1125   -321      0.494
    -2     -0.084      0.008     -0.026      0.006   1125   -321
     1     -0.694     -0.364     -1.576      0.010   1126    113      0.770
    -1      0.088     -0.163     -2.807      0.010   1126    113
     2     -0.210     -0.122     -0.953      0.006   1127   2114      1.233
     1      0.136      0.190     -3.177      0.010   1127   2114
     1      0.018     -0.507     -1.553      0.010   1127   2114
     2     -0.309     -0.049     -0.196      0.006   1128    221      0.548
    -2     -0.303      0.699     -1.653      0.006   1128    221
     1     -0.009      0.018      0.082      0.010   1129    111      0.135
    -1     -0.011      0.045     -0.013      0.010   1129    111
     2     -0.164     -0.022      0.103      0.006   1130    211      0.140
    -1     -0.011     -0.016     -0.069      0.010   1130    211
     1     -0.025      0.025      0.093      0.010   1131    111      0.135
    -1     -0.307      0.064      0.109      0.010   1131    111
     2     -0.152     -0.000      0.244      0.006   1132    321      0.494
    -3     -0.134     -0.098      0.385      0.199   1132    321
     2      0.221     -0.027     -1.624      0.006   1133    213      0.792
    -1      0.191     -0.677     -3.310      0.010   1133    213
     1      0.032     -0.134     -0.243      0.010   1134   -211      0.140
    -2      0.036     -0.075     -0.315      0.006   1134   -211
     2      0.084     -0.014     -0.616      0.006   1135   2224      1.207
     2      0.025     -0.191     -0.634      0.006   1135   2224
     2      0.430      0.810     -3.224      0.006   1135   2224
     1     -0.024     -0.056     -0.786      0.010   1136   -211      0.140
    -2      0.137     -0.232     -1.930      0.006   1136   -211
     2     -0.208     -0.138     -0.461      0.006   1137    223      0.788
    -2      0.051     -0.224     -0.464      0.006   1137    223
     2     -0.039      0.013     -0.176      0.006   1138    111      0.135
    -2      0.068     -0.096     -0.705      0.006   1138    111
     1     -0.160     -0.295     -0.529      0.010   1139   -213      0.693
    -2     -0.190      0.290     -6.221      0.006   1139   -213
     1      0.031     -0.236     -2.742      0.010   1140   2212      0.938
     2     -0.064     -0.065     -0.025      0.006   1140   2212
     2     -0.285      0.053     -2.352      0.006   1140   2212
     2     -0.145     -0.159     -0.160      0.006   1141    321      0.494
    -3     -0.091     -0.337     -0.105      0.199   1141    321
     2      0.015      0.028      0.274      0.006   1142    211      0.140
    -1     -0.231      0.131      0.198      0.010   1142    211
     2     -0.425      0.081      0.229      0.006   1143    321      0.494
    -3     -0.707      0.161      0.390      0.199   1143    321
     1      0.104     -0.176     -0.615      0.010   1144   2112      0.940
     1     -0.151     -0.133      0.157      0.010   1144   2112
     2      0.069     -0.069     -0.110      0.006   1144   2112
     1     -0.084      0.077      0.154      0.010   1145   -211      0.140
    -2     -0.003     -0.029      0.542      0.006   1145   -211
     2     -0.063     -0.022      0.029      0.006   1146    221      0.548
    -2      0.403     -0.208      0.377      0.006   1146    221
     1     -0.387      0.520      1.546      0.010   1147   -211      0.140
    -2     -0.136      0.033      0.409      0.006   1147   -211
     1     -0.562     -0.244      0.198      0.010   1148    311      0.498
    -3     -0.140      0.094     -0.007      0.199   1148    311
     1      0.061      0.659     -1.731      0.010   1149    221      0.548
    -1      0.231      0.210     -1.452      0.010   1149    221
     2     -0.133     -0.029     -0.393      0.006   1150    211      0.140
    -1      0.012      0.006     -0.268      0.010   1150    211
     2     -0.368     -0.171     -0.843      0.006   1151    211      0.140
    -1     -0.064      0.036     -0.868      0.010   1151    211
     1     -0.180     -0.061     -2.358      0.010   1152   -211      0.140
    -2     -0.293      0.130     -1.412      0.006   1152   -211
     1      0.161      0.012     -0.108      0.010   1153   2112      0.940
     1      0.256      0.219     -0.575      0.010   1153   2112
     2      0.346      0.462     -0.666      0.006   1153   2112
     1     -0.184     -0.292     -2.111      0.010   1154   -211      0.140
    -2      0.015     -0.363     -2.426      0.006   1154   -211
     2     -0.280      0.152      0.108      0.006   1155    221      0.548
    -2      0.031      0.584     -2.057      0.006   1155    221
     1      0.015      0.025      0.243      0.010   1156    311      0.498
    -3     -0.060      0.272      1.232      0.199   1156    311
     3      0.272      0.027     -1.459      0.199   1157   -321      0.494
    -2      0.261      0.209     -2.270      0.006   1157   -321
     1      0.146      0.242     -0.659      0.010   1158    111      0.135
    -1      0.091      0.101     -0.425      0.010   1158    111
     2     -0.111      0.241      0.226      0.006   1159   3222      1.189
     2      0.004      0.068      0.406      0.006   1159   3222
     3     -0.136      0.160      0.056      0.199   1159   3222
     2     -0.085     -0.038     -0.337      0.006   1160    223      0.780
    -2     -0.105      0.261     -1.336      0.006   1160    223
     2      0.017     -0.132      0.433      0.006   1161    321      0.494
    -3      0.053      0.131      0.162      0.199   1161    321
     1     -0.097      0.152     -0.092      0.010   1162   -211      0.140
    -2      0.039     -0.140     -0.118      0.006   1162   -211
     2      0.164     -0.197     -4.936      0.006   1163   2114      1.325
     1      0.048      0.211     -3.939      0.010   1163   2114
     1     -0.101     -0.378     -1.146      0.010   1163   2114
     1     -0.116     -0.006     -0.699      0.010   1164    311      0.498
    -3      0.209      0.041     -0.402      0.199   1164    311
     2     -0.193      0.056      0.881      0.006   1165    221      0.548
    -2     -0.051      0.041      0.028      0.006   1165    221
     1     -0.223      0.325     -0.142      0.010   1166    223      0.789
    -1      0.486      0.565      0.135      0.010   1166    223
     1      0.129     -0.464     -3.670      0.010   1167   2214      1.188
     2     -0.371      0.466     -5.489      0.006   1167   2214
     2     -0.230     -0.100     -0.925      0.006   1167   2214
    -1      0.068      0.541      1.070      0.010   1168  -2212      0.938
    -2      0.280     -0.056      0.514      0.006   1168  -2212
    -2      0.036     -0.102      0.404      0.006   1168  -2212
     2     -0.148      0.083      0.113      0.006   1169    211      0.140
    -1      0.045      0.058      0.248      0.010   1169    211
     1      0.169      0.225     -0.338      0.010   1170   -213      0.777
    -2      0.013     -0.175     -1.123      0.006   1170   -213
     2     -0.149      0.285     -0.283      0.006   1171    221      0.548
    -2     -0.026      0.024     -0.400      0.006   1171    221
     3     -0.223      0.214      0.032      0.199   1172   -311      0.498
    -1     -0.406      0.009     -0.089      0.010   1172   -311
     1     -0.048      0.283     -0.391      0.010   1173    221      0.548
    -1      0.614      0.287     -0.723      0.010   1173    221
     2      0.029      0.450      1.027      0.006   1174   2224      1.196
     2      0.696      0.286     -2.275      0.006   1174   2224
     2      0.121      0.317      0.417      0.006   1174   2224
     1     -0.070      0.031      0.318      0.010   1175    113      0.876
    -1      0.126      0.153      0.154      0.010   1175    113
     2      0.041     -0.012      0.049      0.006   1176    321      0.494
    -3     -0.147     -0.274      1.631      0.199   1176    321
     1     -0.005      0.055      0.185      0.010   1177   -211      0.140
    -2     -0.222      0.432      0.683      0.006   1177   -211
     2      0.039     -0.037     -0.072      0.006   1178    211      0.140
    -1     -0.086     -0.255     -0.446      0.010   1178    211
     1     -0.110      0.223     -0.052      0.010   1179   -211      0.140
    -2     -0.174     -0.093     -0.071      0.006   1179   -211
     3     -0.166     -0.346     -0.932      0.199   1180   -311      0.498
    -1      0.071     -0.016      0.011      0.010   1180   -311
     2     -0.243     -0.080     -0.034      0.006   1181    213      0.842
    -1      0.245     -0.317     -0.495      0.010   1181    213
     2      0.264     -0.497     -3.589      0.006   1182   2212      0.938
     2     -0.012     -0.255     -0.501      0.006   1182   2212
     1     -0.110      0.010     -0.485      0.010   1182   2212
     2      0.327     -0.102     -0.232      0.006   1183    211      0.140
    -1      0.086     -0.077     -0.123      0.010   1183    211
     1      0.025     -0.039     -0.545      0.010   1184   -213      0.625
    -2      0.461     -0.420     -0.525      0.006   1184   -213
     2      0.171     -0.144     -2.482      0.006   1185    221      0.548
    -2     -0.123      0.088     -0.615      0.006   1185    221
     2      0.027      0.435     -2.436      0.006   1186   2112      0.940
     1      0.129     -0.110     -3.989      0.010   1186   2112
     1      0.239      0.042     -6.886      0.010   1186   2112
     2      0.191     -0.072      0.057      0.006   1187    213      0.488
    -1      0.064      0.093     -0.852      0.010   1187    213
     1     -0.068     -0.058     -0.059      0.010   1188   2212      0.938
     2     -0.200     -0.239     -1.197      0.006   1188   2212
     2      0.008      0.003      0.002      0.006   1188   2212
     2      0.196      0.097     -4.724      0.006   1189    213      0.773
    -1     -0.262      0.355     -2.940      0.010   1189    213
     2     -0.080     -0.142      0.274      0.006   1190    211      0.140
    -1      0.022     -0.170      0.695      0.010   1190    211
     1     -0.020      0.275      0.636      0.010   1191   -211      0.140
    -2     -0.063      0.128      0.144      0.006   1191   -211
     3     -0.256     -0.435     -0.374      0.199   1192   -323      0.877
    -2     -0.013      0.355     -0.132      0.006   1192   -323
     2     -0.008      0.019      0.013      0.006   1193    321      0.494
    -3      0.263     -0.772     -0.473      0.199   1193    321
     1      0.194      0.282      0.126      0.010   1194   2112      0.940
     1     -0.238     -0.092      0.121      0.010   1194   2112
     2     -0.035     -0.109     -0.124      0.006   1194   2112
     1     -0.636      0.757     -0.916      0.010   1195    313      0.909
    -3     -0.111      0.103      0.062      0.199   1195    313
     2     -0.294     -0.085     -0.008      0.006   1196    211      0.140
    -1     -0.061      0.102      0.187      0.010   1196    211
     2     -0.062      0.190     -0.216      0.006   1197    221      0.548
    -2     -0.126     -0.290     -0.837      0.006   1197    221
     1     -0.415      0.079     -0.610      0.010   1198    223      0.793
    -1     -0.412     -0.379      0.200      0.010   1198    223
     2     -0.249      0.121     -0.088      0.006   1199    211      0.140
    -1     -0.211      0.055     -0.644      0.010   1199    211
     1     -0.104     -0.092     -0.024      0.010   1200    111      0.135
    -1     -0.079     -0.042     -0.088      0.010   1200    111
     3     -0.185     -0.232     -0.368      0.199   1201   -311      0.498
    -1     -0.069      0.049      0.056      0.010   1201   -311
     2     -0.396      0.360     -1.930      0.006   1202   2112      0.940
     1     -0.158     -0.020     -0.757      0.010   1202   2112
     1     -0.149      0.076     -0.949      0.010   1202   2112
     2     -0.291      0.142     -0.229      0.006   1203    221      0.548
    -2     -0.237     -0.106     -0.236      0.006   1203    221
     2     -0.164     -0.107     -0.069      0.006   1204    223      0.772
    -2      0.170      0.091     -0.294      0.006   1204    223
     3      0.683      0.050     -1.202      0.199   1205    333      1.024
    -3      0.533     -0.352     -0.986      0.199   1205    333
     3     -0.620     -0.031      0.173      0.199   1206   -321      0.494
    -2     -0.028     -0.312      0.065      0.006   1206   -321
     2      0.063     -0.199     -0.010      0.006   1207    221      0.548
    -2      0.317      0.042     -0.234      0.006   1207    221
     1     -0.050      0.098     -3.194      0.010   1208   3112      1.197
     1      0.109      0.075     -0.736      0.010   1208   3112
     3      0.317     -0.253     -3.121      0.199   1208   3112
     1     -0.104      0.133     -0.080      0.010   1209    221      0.548
    -1      0.092     -0.019     -1.280      0.010   1209    221
     2      0.065     -0.053     -0.057      0.006   1210    321      0.494
    -3     -0.020      0.021     -0.307      0.199   1210    321
     1      0.048      0.090     -0.427      0.010   1211    113      1.035
    -1      0.132      0.106     -0.089      0.010   1211    113
     2     -0.051     -0.249      0.027      0.006   1212    211      0.140
    -1     -0.084     -0.040      0.330      0.010   1212    211
     1      0.014      0.170     -1.874      0.010   1213   -211      0.140
    -2     -0.058      0.115     -0.669      0.006   1213   -211
     2     -0.076     -0.197     -1.774      0.006   1214    213      0.771
    -1      0.326      0.371     -1.291      0.010   1214    213
     1     -0.680      0.312      0.372      0.010   1215    223      0.788
    -1      0.006     -0.001      0.164      0.010   1215    223
     2     -0.041     -0.035     -1.559      0.006   1216    211      0.140
    -1     -0.011      0.028     -0.544      0.010   1216    211
     1      0.006      0.208     -0.611      0.010   1217   -211      0.140
    -2     -0.017      0.205     -0.177      0.006   1217   -211
     2     -0.222     -0.538     -0.310      0.006   1218   2224      1.088
     2     -0.442     -0.002      1.215      0.006   1218   2224
     2     -0.220      0.204     -0.181      0.006   1218   2224
     3      0.211      0.222     -1.154      0.199   1219   3122      1.116
     1     -0.046      0.047     -0.190      0.010   1219   3122
     2      0.081     -0.077     -0.080      0.006   1219   3122
     2      0.162     -0.502     -0.120      0.006   1220    221      0.548
    -2     -0.170     -0.248     -0.490      0.006   1220    221
     1      0.013      0.007     -0.281      0.010   1221    111      0.135
    -1     -0.095     -0.125     -2.072      0.010   1221    111
     2     -0.337      0.002     -2.263      0.006   1222    211      0.140
    -1      0.006     -0.120     -0.946      0.010   1222    211
     2      0.296      0.125      0.252      0.006   1223   2224      1.376
     2      0.031      0.010     -0.071      0.006   1223   2224
     2      0.058      0.216     -0.030      0.006   1223   2224
     1      0.033      0.150     -3.683      0.010   1224    223      0.790
    -1      0.040     -0.162     -1.807      0.010   1224    223
     2     -0.078      0.031     -0.055      0.006   1225   2212      0.938
     1     -0.052     -0.062      0.074      0.010   1225   2212
     2     -0.027      0.167     -0.040      0.006   1225   2212
     1      0.022      0.014     -0.031      0.010   1226   -211      0.140
    -2      0.062     -0.031     -0.160      0.006   1226   -211
     2     -0.248     -0.190      0.531      0.006   1227    211      0.140
    -1      0.089     -0.106     -0.010      0.010   1227    211
     1     -0.104      0.391      0.087      0.010   1228    113      0.709
    -1      0.061     -0.165      0.138      0.010   1228    113
     2      0.001      0.005     -0.025      0.006   1229    211      0.140
    -1     -0.153     -0.284     -0.934      0.010   1229    211
     2     -0.268     -0.175     -1.744      0.006   1230   2112      0.940
     1      0.137     -0.346     -2.212      0.010   1230   2112
     1     -0.180     -0.044     -0.749      0.010   1230   2112
     1      0.097      0.168      0.204      0.010   1231    223      0.781
    -1      0.080      0.099      0.571      0.010   1231    223
    -1     -0.177     -0.164      0.066      0.010   1232  -2112      0.940
    -1     -0.322     -0.026      0.529      0.010   1232  -2112
    -2      0.102      0.054     -0.026      0.006   1232  -2112
     1     -0.428      0.190     -0.073      0.010   1233    111      0.135
    -1     -0.381      0.138      0.023      0.010   1233    111
     2      0.286      0.161     -0.278      0.006   1234    213      0.818
    -1     -0.514      0.484     -1.369      0.010   1234    213
     1      0.275      0.166     -0.320      0.010   1235   -211      0.140
    -2      0.195      0.065     -0.060      0.006   1235   -211
     1      0.097     -0.468     -1.448      0.010   1236   2114      1.438
     1     -0.231      0.173     -2.152      0.010   1236   2114
     2     -0.170     -0.058     -3.923      0.006   1236   2114
     2     -0.330     -0.072     -1.424      0.006   1237    213      0.846
    -1     -0.278      0.526     -0.047      0.010   1237    213
     2     -0.086     -0.180     -0.136      0.006   1238    321      0.494
    -3      0.181      0.064     -0.397      0.199   1238    321
     1      0.270     -0.134     -0.668      0.010   1239   2112      0.940
     1      0.313     -0.319     -1.312      0.010   1239   2112
     2      0.011      0.068     -0.049      0.006   1239   2112
     2     -0.006      0.104      0.744      0.006   1240   2114      1.168
     1      0.423      0.538     -3.261      0.010   1240   2114
     1     -0.231      0.029      0.713      0.010   1240   2114
     1      0.242      0.184     -2.859      0.010   1241   -211      0.140
    -2      0.256      0.219     -4.850      0.006   1241   -211
     2      0.209     -0.211     -0.107      0.006   1242    223      0.785
    -2     -0.067      0.088     -0.059      0.006   1242    223
     1      0.253     -0.206     -0.804      0.010   1243   2212      0.938
     2     -0.005     -0.104     -0.317      0.006   1243   2212
     2     -0.136     -0.127     -1.389      0.006   1243   2212
     2      0.058     -0.217     -0.263      0.006   1244    113      0.800
    -2     -0.087     -0.125     -0.918      0.006   1244    113
     2     -0.223     -0.150     -0.250      0.006   1245    111      0.135
    -2     -0.200      0.014     -0.130      0.006   1245    111
     2     -0.054     -0.048     -0.090      0.006   1246    111      0.135
    -2     -0.253     -0.173     -0.041      0.006   1246    111
     1     -0.181     -0.163     -0.454      0.010   1247   -211      0.140
    -2      0.026      0.120     -0.477      0.006   1247   -211
     1      0.305     -0.058      0.048      0.010   1248    311      0.498
    -3     -0.180      0.039     -0.149      0.199   1248    311
     2      0.123      0.100      0.992      0.006   1249   2212      0.938
     2     -0.065     -0.048      2.454      0.006   1249   2212
     1     -0.328      0.407      1.631      0.010   1249   2212
     3     -0.003     -0.295      0.242      0.199   1250   -321      0.494
    -2     -0.129      0.078     -0.054      0.006   1250   -321
     1      0.257     -0.348     -0.019      0.010   1251   -211      0.140
    -2      0.087     -0.140      0.161      0.006   1251   -211
     1      0.392     -0.057     -2.045      0.010   1252    223      0.780
    -1      0.205      0.274     -1.639      0.010   1252    223
     2     -0.025     -0.002     -0.307      0.006   1253    221      0.548
    -2      0.217      0.183     -0.736      0.006   1253    221
     2      0.001      0.018      0.243      0.006   1254    111      0.135
    -2      0.091     -0.156      0.867      0.006   1254    111
     1     -0.105      0.502      1.931      0.010   1255    221      0.548
    -1      0.154     -0.397      0.944      0.010   1255    221
     1      0.134     -0.283     -0.604      0.010   1256    223      0.785
    -1      0.053      0.121      0.057      0.010   1256    223
     2     -0.213      0.046      1.175      0.006   1257    321      0.494
    -3      0.063     -0.268      0.457      0.199   1257    321
     2     -0.014     -0.010      0.038      0.006   1258    221      0.548
    -2      0.098     -0.216     -0.330      0.006   1258    221
     1      0.154      0.022     -0.446      0.010   1259    223      0.786
    -1      0.017     -0.338     -0.812      0.010   1259    223
     3      0.181      0.179     -0.440      0.199   1260   -321      0.494
    -2      0.198     -0.026     -0.118      0.006   1260   -321
     2     -0.103     -0.113      0.065      0.006   1261   2212      0.938
     1     -0.201     -0.093     -0.002      0.010   1261   2212
     2     -0.130      0.001      0.002      0.006   1261   2212
     2     -0.157     -0.085     -0.071      0.006   1262    211      0.140
    -1     -0.110     -0.015     -0.503      0.010   1262    211
     1     -0.101     -0.024     -0.332      0.010   1263    221      0.548
    -1      0.291     -0.011      0.177      0.010   1263    221
     2     -0.612      0.079      1.344      0.006   1264    211      0.140
    -1     -0.245     -0.272      0.820      0.010   1264    211
     2     -0.262      0.226     -0.029      0.006   1265    111      0.135
    -2     -0.071     -0.003      0.070      0.006   1265    111
     2      0.053     -0.910     -3.205      0.006   1266   2214      1.278
     1     -0.082     -0.027     -0.103      0.010   1266   2214
     2      0.013      0.477     -2.455      0.006   1266   2214
     1     -0.676      0.095     -7.809      0.010   1267    223      0.766
    -1     -0.075     -0.085     -1.579      0.010   1267    223
     1     -0.007      0.088     -0.085      0.010   1268    111      0.135
    -1     -0.203      0.135     -0.316      0.010   1268    111
     2     -0.431      0.166     -1.834      0.006   1269   2112      0.940
     1      0.001     -0.027     -0.617      0.010   1269   2112
     1     -0.280      0.169     -0.512      0.010   1269   2112
     2      0.096      0.018     -0.397      0.006   1270    111      0.135
    -2     -0.013     -0.165     -0.513      0.006   1270    111
     1     -0.079      0.094     -0.322      0.010   1271   -211      0.140
    -2      0.087      0.150     -0.899      0.006   1271   -211
     1      0.002      0.097     -0.728      0.010   1272    111      0.135
    -1     -0.013      0.117     -0.359      0.010   1272    111
     2     -0.036      0.073      0.115      0.006   1273    321      0.494
    -3     -0.211      0.117     -0.702      0.199   1273    321
     1      0.033      0.142     -3.749      0.010   1274   -213      0.777
    -2      0.192     -0.234     -1.775      0.006   1274   -213
     1      0.165      0.046     -0.113      0.010   1275   1114      1.324
     1      0.139      0.144     -0.032      0.010   1275   1114
     1      0.070      0.019      0.070      0.010   1275   1114
     2      0.208     -0.141     -3.628      0.006   1276   2224      1.218
     2      0.062     -0.037     -1.543      0.006   1276   2224
     2     -0.119     -0.162     -1.925      0.006   1276   2224
     1      0.211     -0.132     -1.536      0.010   1277    113      0.840
    -1      0.136     -0.053     -2.785      0.010   1277    113
     2     -0.056     -0.018     -1.980      0.006   1278   2212      0.938
     1     -0.063      0.094     -0.121      0.010   1278   2212
     2     -0.015      0.263     -1.440      0.006   1278   2212
     3      0.166     -0.144      0.242      0.199   1279   -311      0.498
    -1      0.106     -0.135      0.668      0.010   1279   -311
     1     -0.314      0.172     -0.766      0.010   1280   -213      0.919
    -2      0.692      0.618     -0.155      0.006   1280   -213
     2      0.382      0.153      0.115      0.006   1281    223      0.777
    -2      0.082     -0.018     -0.122      0.006   1281    223
     2      0.224     -0.067     -0.079      0.006   1282    221      0.548
    -2      0.039      0.640      0.416      0.006   1282    221
     1     -0.232     -0.325     -0.724      0.010   1283    221      0.548
    -1      0.255      0.186     -0.665      0.010   1283    221
     1     -0.252      0.248     -0.330      0.010   1284   2112      0.940
     1     -0.080      0.081      0.078      0.010   1284   2112
     2      0.110      0.280      0.018      0.006   1284   2112
     2     -0.088     -0.147      0.063      0.006   1285    223      0.783
    -2     -0.196      0.080      0.235      0.006   1285    223
     2     -0.108     -0.204     -0.234      0.006   1286    211      0.140
    -1      0.253     -0.204     -0.628      0.010   1286    211
     1     -0.065     -0.262      0.572      0.010   1287    223      0.776
    -1     -0.264     -0.044      0.040      0.010   1287    223
     2      0.012     -0.032     -0.258      0.006   1288    221      0.548
    -2     -0.127     -0.051     -0.006      0.006   1288    221
     1      0.072     -0.103     -0.096      0.010   1289    113      0.799
    -1      0.002     -0.035      0.215      0.010   1289    113
     1      0.061     -0.442     -1.611      0.010   1290   -213      0.940
    -2     -0.092      0.237     -1.016      0.006   1290   -213
     1      0.095      0.315     -1.036      0.010   1291   -213      0.689
    -2     -0.196     -0.051     -1.343      0.006   1291   -213
     2      0.046      0.023     -0.124      0.006   1292    211      0.140
    -1     -0.089     -0.039     -0.075      0.010   1292    211
     1     -0.043     -0.056     -0.980      0.010   1293   -211      0.140
    -2      0.011     -0.013      0.010      0.006   1293   -211
     3     -0.193      0.064     -0.073      0.199   1294   -321      0.494
    -2     -0.178      0.130      0.235      0.006   1294   -321
     1     -0.065      0.156     -0.200      0.010   1295   -213      0.725
    -2      0.242     -0.322     -0.491      0.006   1295   -213
     1     -0.089      0.114     -0.634      0.010   1296   3122      1.116
     3      0.395      0.310     -1.097      0.199   1296   3122
     2      0.124     -0.003     -0.691      0.006   1296   3122
     1     -0.257      0.228      0.245      0.010   1297    113      0.812
    -1     -0.101      0.051     -0.108      0.010   1297    113
     2     -0.212     -0.216     -0.037      0.006   1298    223      0.786
    -2     -0.287      0.046      0.037      0.006   1298    223
     1     -0.205      0.128     -0.636      0.010   1299    111      0.135
    -1     -0.463      0.359     -0.883      0.010   1299    111
     2     -0.180      0.089      0.009      0.006   1300    213      0.634
    -1     -0.152     -0.044     -2.676      0.010   1300    213
     2     -0.166      0.074     -0.651      0.006   1301    211      0.140
    -1      0.006      0.015     -0.628      0.010   1301    211
     2      0.152     -0.265      0.339      0.006   1302   2212      0.938
     2      0.045      0.004     -0.052      0.006   1302   2212
     1      0.142      0.112      0.408      0.010   1302   2212
     1     -0.369      0.090     -1.845      0.010   1303    221      0.548
    -1     -0.076      0.104     -0.020      0.010   1303    221
     2     -0.506      0.075     -0.863      0.006   1304   2224      1.266
     2     -0.076     -0.065      0.113      0.006   1304   2224
     2     -0.226      0.116      0.557      0.006   1304   2224
     2      0.059     -0.173     -0.097      0.006   1305    211      0.140
    -1      0.552     -0.468      0.320      0.010   1305    211
     2      0.032     -0.021      0.078      0.006   1306    221      0.548
    -2     -0.500      0.102      1.101      0.006   1306    221
     2     -0.637     -0.126     -0.287      0.006   1307    111      0.135
    -2     -0.253     -0.193     -0.113      0.006   1307    111
     3      0.091      0.146      0.177      0.199   1308   -321      0.494
    -2     -0.236     -0.321      0.176      0.006   1308   -321
     2     -0.479     -0.319     -0.282      0.006   1309    223      0.780
    -2      0.193     -0.346     -0.403      0.006   1309    223
     1     -0.288     -0.133     -0.137      0.010   1310   -211      0.140
    -2      0.036     -0.149     -0.034      0.006   1310   -211
     2     -0.277      0.143     -0.548      0.006   1311   2112      0.940
     1     -0.155     -0.079     -0.180      0.010   1311   2112
     1     -0.115     -0.273     -3.130      0.010   1311   2112
     1      0.051     -0.104     -0.839      0.010   1312    111      0.135
    -1     -0.012      0.013     -1.127      0.010   1312    111
     2     -0.095     -0.031     -0.429      0.006   1313   2212      0.938
     2     -0.145     -0.077     -4.104      0.006   1313   2212
     1     -0.127      0.028     -2.172      0.010   1313   2212
     1     -0.263     -0.348      1.816      0.010   1314    113      0.756
    -1      0.073     -0.205      1.374      0.010   1314    113
     2     -0.342     -0.261     -1.047      0.006   1315   2224      1.382
     2      0.088     -0.319     -1.219      0.006   1315   2224
     2     -0.033     -0.110      0.011      0.006   1315   2224
     2     -0.033      0.215      0.880      0.006   1316    211      0.140
    -1      0.066      0.006      0.034      0.010   1316    211
     1      0.111     -0.249      0.143      0.010   1317   -211      0.140
    -2      0.292      0.037     -0.002      0.006   1317   -211
     1      0.002      0.178      0.246      0.010   1318    221      0.548
    -1     -0.130     -0.051      0.283      0.010   1318    221
     1      0.177     -0.309      0.156      0.010   1319   -213      0.736
    -2     -0.091      0.236      0.228      0.006   1319   -213
     2      0.068     -0.077     -0.101      0.006   1320    211      0.140
    -1      0.123     -0.147     -0.596      0.010   1320    211
     1      0.050     -0.059     -0.252      0.010   1321   -211      0.140
    -2      0.192      0.012     -0.361      0.006   1321   -211
     2      0.216     -0.431     -3.576      0.006   1322    211      0.140
    -1      0.006     -0.176     -3.325      0.010   1322    211
     1     -0.119      0.077     -1.332      0.010   1323    111      0.135
    -1      0.026     -0.013     -0.106      0.010   1323    111
     2      0.092     -0.048     -0.019      0.006   1324    213      0.746
    -1      0.020      0.173     -1.140      0.010   1324    213
     1      0.095     -0.196      0.057      0.010   1325   3112      1.197
     3     -0.202     -0.102      0.210      0.199   1325   3112
     1     -0.186     -0.153      0.207      0.010   1325   3112
     2     -0.496      0.090     -4.550      0.006   1326    213      0.776
    -1      0.101      0.074     -1.289      0.010   1326    213
     2     -0.108     -0.053      0.186      0.006   1327    211      0.140
    -1      0.072      0.213      0.496      0.010   1327    211
     1     -0.224     -0.469      0.512      0.010   1328   -213      0.934
    -2     -0.366      0.147      0.308      0.006   1328   -213
     1     -0.418      0.286      0.419      0.010   1329    221      0.548
    -1     -0.283     -0.089      0.226      0.010   1329    221
     2     -0.234      0.323     -1.568      0.006   1330    321      0.494
    -3      0.025      0.136     -1.240      0.199   1330    321
     2      0.072      0.306     -0.026      0.006   1331    221      0.548
    -2     -0.555     -0.018     -1.022      0.006   1331    221
     1      0.092      0.070     -0.275      0.010   1332   -211      0.140
    -2     -0.040      0.057     -0.075      0.006   1332   -211
     2     -0.227      0.534     -1.142      0.006   1333    213      0.922
    -1      0.194      0.159     -0.926      0.010   1333    213
     1     -0.369      0.183     -0.192      0.010   1334   2212      0.938
     2     -0.045     -0.024     -0.048      0.006   1334   2212
     2     -0.186      0.392     -0.114      0.006   1334   2212
     1     -0.070      0.116      0.023      0.010   1335   -211      0.140
    -2      0.098      0.149     -0.161      0.006   1335   -211
     1      0.241     -0.139      0.037      0.010   1336   -211      0.140
    -2      0.301     -0.100     -0.093      0.006   1336   -211
     2     -0.206      0.078     -0.032      0.006   1337    321      0.494
    -3     -0.175     -0.360      0.179      0.199   1337    321
     1      0.109      0.543      4.599      0.010   1338   2114      1.153
     1      0.264     -0.006     -1.618      0.010   1338   2114
     2      0.140      0.070     -0.645      0.006   1338   2114
     2      0.093      0.154     -0.214      0.006   1339    211      0.140
    -1      0.611     -0.094     -0.902      0.010   1339    211
     1      0.195     -0.258     -0.181      0.010   1340    223      0.767
    -1      0.175     -0.388      0.709      0.010   1340    223
     2     -0.062     -0.069      1.057      0.006   1341    211      0.140
    -1     -0.292     -0.081      0.830      0.010   1341    211
     3      0.120     -0.198     -0.203      0.199   1342   -321      0.494
    -2      0.123     -0.095     -0.041      0.006   1342   -321
     1      0.040      0.029     -0.040      0.010   1343   3112      1.197
     1     -0.294      0.019     -0.309      0.010   1343   3112
     3     -0.299     -0.132     -0.812      0.199   1343   3112
     2     -0.111     -0.362     -2.890      0.006   1344    111      0.135
    -2     -0.037     -0.004     -0.251      0.006   1344    111
     2      0.278     -0.309     -0.024      0.006   1345    221      0.548
    -2     -0.197     -0.629     -0.592      0.006   1345    221
     2     -0.076     -0.053     -0.046      0.006   1346    221      0.548
    -2      0.131     -0.204     -1.572      0.006   1346    221
     1      0.085     -0.289     -0.118      0.010   1347    221      0.548
    -1     -0.217     -0.247      0.725      0.010   1347    221
     2      0.410     -0.078     -0.508      0.006   1348    221      0.548
    -2     -0.020     -0.268     -0.266      0.006   1348    221
     2      0.019     -0.054      0.081      0.006   1349    111      0.135
    -2     -0.073     -0.234      0.150      0.006   1349    111
     1     -0.073     -0.288     -4.383      0.010   1350   2112      0.940
     1     -0.197     -0.054     -2.232      0.010   1350   2112
     2     -0.115     -0.141     -1.069      0.006   1350   2112
     1     -0.005      0.133     -0.881      0.010   1351    111      0.135
    -1      0.066      0.057     -0.720      0.010   1351    111
     1      0.022      0.221      0.205      0.010   1352    221      0.548
    -1      0.190      0.076      0.298      0.010   1352    221
     1      0.005     -0.892      1.509      0.010   1353   -213      0.781
    -2      0.057      0.114      0.163      0.006   1353   -213
     2      0.132      0.206      0.147      0.006   1354    223      0.782
    -2      0.128     -0.114      0.176      0.006   1354    223
     1      0.289      0.441     -0.137      0.010   1355    223      0.782
    -1      0.307      0.214     -0.288      0.010   1355    223
     1      0.071      0.377     -0.183      0.010   1356   -211      0.140
    -2      0.251      0.460     -0.584      0.006   1356   -211
     2      0.106      0.317     -0.931      0.006   1357    211      0.140
    -1      0.205      0.136     -0.633      0.010   1357    211
     2      0.360     -0.003     -0.406      0.006   1358   2114      1.185
     1     -0.336     -0.530     -0.304      0.010   1358   2114
     1      0.404     -0.225     -0.787      0.010   1358   2114
     1      0.283     -0.017     -0.323      0.010   1359   -211      0.140
    -2      0.016      0.093     -0.357      0.006   1359   -211
     1     -0.114     -0.072      0.020      0.010   1360   2112      0.940
     2     -0.231     -0.035      0.195      0.006   1360   2112
     1     -0.029     -0.160      0.298      0.010   1360   2112
    -1      0.143      0.157      3.001      0.010   1361  -1114      1.380
    -1     -0.125      0.426      7.779      0.010   1361  -1114
    -1      0.213     -0.029      0.090      0.010   1361  -1114
     2     -0.052     -0.012      0.099      0.006   1362    211      0.140
    -1     -0.240      0.111      0.297      0.010   1362    211
     3     -0.190      0.250      0.221      0.199   1363   -311      0.498
    -1     -0.059     -0.014      0.168      0.010   1363   -311
     1      0.290     -0.369      0.027      0.010   1364   1114      1.293
     1     -0.140     -0.404     -0.167      0.010   1364   1114
     1      0.117     -0.412     -1.008      0.010   1364   1114
     1      0.259      0.011     -2.870      0.010   1365   2212      0.938
     2      0.016     -0.020     -0.098      0.006   1365   2212
     2     -0.069     -0.179     -2.085      0.006   1365   2212
     1     -0.273     -0.089     -0.222      0.010   1366    221      0.548
    -1      0.093      0.548      0.058      0.010   1366    221
     2      0.030      0.038     -0.031      0.006   1367    211      0.140
    -1      0.025      0.052      0.108      0.010   1367    211
     1     -0.006      0.031      0.007      0.010   1368    111      0.135
    -1     -0.172      0.088      0.283      0.010   1368    111
     2     -0.057     -0.007     -0.008      0.006   1369    211      0.140
    -1      0.019      0.047      0.000      0.010   1369    211
     1      0.235     -0.424     -1.635      0.010   1370   -213      0.701
    -2      0.230      0.262     -1.050      0.006   1370   -213
     2      0.002      0.018     -0.325      0.006   1371    211      0.140
    -1     -0.028      0.321     -1.312      0.010   1371    211
     2     -0.160      0.039     -3.059      0.006   1372    213      0.664
    -1      0.164     -0.189     -1.070      0.010   1372    213
     2      0.032     -0.238      0.053      0.006   1373    213      0.684
    -1     -0.395     -0.435      1.014      0.010   1373    213
     2      0.091      0.045     -5.880      0.006   1374    223      0.777
    -2     -0.181     -0.193     -2.097      0.006   1374    223
     1     -0.037      0.205     -0.043      0.010   1375   1114      1.241
     1      0.031      0.196      0.192      0.010   1375   1114
     1      0.107      0.341      0.236      0.010   1375   1114
     1      0.035     -0.046     -0.671      0.010   1376   -211      0.140
    -2      0.008      0.086     -0.701      0.006   1376   -211
     2      0.295     -0.191      0.152      0.006   1377    323      0.872
    -3     -0.304     -0.705      1.526      0.199   1377    323
     2      0.141      0.095      0.337      0.006   1378    213      0.879
    -1      0.875      0.146      0.067      0.010   1378    213
     2      0.231     -0.018     -2.092      0.006   1379    211      0.140
    -1     -0.138     -0.125     -1.086      0.010   1379    211
     1      0.103      0.114     -5.444      0.010   1380   2112      0.940
     1      0.132      0.262     -2.509      0.010   1380   2112
     2     -0.310      0.006     -1.218      0.006   1380   2112
     2      0.149     -0.049      0.041      0.006   1381    213      0.659
    -1      0.094     -0.310     -0.929      0.010   1381    213
     2      0.040     -0.077     -0.355      0.006   1382    221      0.548
    -2      0.510     -0.087     -0.973      0.006   1382    221
     1      0.434      0.078     -1.136      0.010   1383   -211      0.140
    -2     -0.017     -0.046     -0.459      0.006   1383   -211
     1     -0.561      0.734      1.019      0.010   1384   -213      0.774
    -2     -0.346      0.135     -0.484      0.006   1384   -213
     1      0.290     -0.440     -0.607      0.010   1385    223      0.786
    -1     -0.203      0.157      0.188      0.010   1385    223
     2      0.021     -0.018      0.244      0.006   1386    211      0.140
    -1     -0.063     -0.098     -0.063      0.010   1386    211
     1     -0.001     -0.138      0.050      0.010   1387   -211      0.140
    -2     -0.107     -0.329     -0.226      0.006   1387   -211
     2     -0.083     -0.245     -0.796      0.006   1388    321      0.494
    -3     -0.119     -0.268     -0.375      0.199   1388    321
     2     -0.234      0.060     -0.084      0.006   1389   2212      0.938
     1     -0.321     -0.039     -0.741      0.010   1389   2212
     2     -0.081      0.073     -0.083      0.006   1389   2212
     1     -0.971     -0.022     -5.636      0.010   1390    113      0.787
    -1      0.015     -0.197     -1.291      0.010   1390    113
     1     -0.174      0.041     -0.080      0.010   1391    111      0.135
    -1     -0.160      0.103     -0.044      0.010   1391    111
     2      0.206      0.042     -1.048      0.006   1392    221      0.548
    -2     -0.145      0.231     -0.910      0.006   1392    221
     2      0.002      0.398     -0.314      0.006   1393    111      0.135
    -2     -0.031      0.076      0.013      0.006   1393    111
     1     -0.672     -0.182     -3.748      0.010   1394   3122      1.116
     2      0.029     -0.178     -0.375      0.006   1394   3122
     3     -0.054     -0.042     -0.160      0.199   1394   3122
     2      0.036      0.025     -0.078      0.006   1395    211      0.140
    -1      0.002     -0.108     -1.420      0.010   1395    211
     1      0.073      0.508      0.171      0.010   1396    221      0.548
    -1      0.234      0.104     -0.044      0.010   1396    221
     1      0.036      0.085     -0.969      0.010   1397   2212      0.938
     2     -0.102      0.127     -0.405      0.006   1397   2212
     2      0.220      0.085     -0.945      0.006   1397   2212
     1     -0.120      0.058      0.167      0.010   1398    221      0.548
    -1      0.164      0.124     -0.167      0.010   1398    221
     1     -0.004     -0.014     -0.296      0.010   1399    221      0.548
    -1      0.048      0.087      0.062      0.010   1399    221
     2     -0.137      0.069      0.026      0.006   1400    321      0.494
    -3     -0.157      0.025     -0.426      0.199   1400    321
     2      0.045      0.079     -0.033      0.006   1401    111      0.135
    -2      0.163      0.104     -0.221      0.006   1401    111
     1      0.112      0.448      0.496      0.010   1402   -213      0.910
    -2     -0.322      0.054      0.302      0.006   1402   -213
     3     -0.006      0.215      0.097      0.199   1403   -321      0.494
    -2      0.034      0.041     -0.021      0.006   1403   -321
     1      0.290     -0.178     -0.932      0.010   1404   -211      0.140
    -2      0.050      0.061     -0.503      0.006   1404   -211
     2     -0.304     -0.422     -0.332      0.006   1405    113      0.719
    -2      0.142      0.188     -0.056      0.006   1405    113
     2      0.242     -0.163     -0.534      0.006   1406    223      0.781
    -2      0.058      0.106     -1.041      0.006   1406    223
     1      0.005      0.045      0.118      0.010   1407   -211      0.140
    -2     -0.058      0.472      0.285      0.006   1407   -211
     2     -0.282      0.228      3.711      0.006   1408    221      0.548
    -2     -0.072     -0.044      0.441      0.006   1408    221
     2      0.230      0.225     -0.172      0.006   1409    211      0.140
    -1      0.124     -0.016      0.026      0.010   1409    211
     2     -0.091      0.157      0.728      0.006   1410    223      0.779
    -2      0.201     -0.069      1.925      0.006   1410    223
     2     -0.235     -0.101     -1.759      0.006   1411    213      0.813
    -1      0.029      0.259     -1.202      0.010   1411    213
     1     -0.361     -0.159     -0.337      0.010   1412    221      0.548
    -1      0.076      0.161     -0.113      0.010   1412    221
     3     -0.026      0.515      1.173      0.199   1413   3122      1.116
     2      0.190      0.012      0.551      0.006   1413   3122
     1      0.007     -0.066      0.067      0.010   1413   3122
     2     -0.097      0.166     -0.210      0.006   1414    111      0.135
    -2     -0.192      0.117     -0.189      0.006   1414    111
     1     -0.389      0.483     -0.425      0.010   1415   -213      0.650
    -2      0.085     -0.113     -0.135      0.006   1415   -213
     1     -0.113      0.044      2.208      0.010   1416   -211      0.140
    -2     -0.137      0.298      1.966      0.006   1416   -211
     2      0.024      0.019      0.029      0.006   1417    211      0.140
    -1      0.016     -0.031     -0.029      0.010   1417    211
     2     -0.170     -0.037      0.022      0.006   1418    211      0.140
    -1      0.071     -0.032      0.103      0.010   1418    211
     3     -0.007      0.105      0.122      0.199   1419   -311      0.498
    -1     -0.187      0.181      0.025      0.010   1419   -311
     3     -0.341      0.165     -0.386      0.199   1420   -311      0.498
    -1     -0.014      0.004     -0.031      0.010   1420   -311
     2      0.093      0.340     -0.238      0.006   1421    113      0.757
    -2     -0.188     -0.103     -0.012      0.006   1421    113
     1     -0.234      0.182     -0.040      0.010   1422    221      0.548
    -1     -0.038     -0.055      0.422      0.010   1422    221
     2     -0.004     -0.238     -0.096      0.006   1423    211      0.140
    -1     -0.294     -0.130      0.087      0.010   1423    211
     1     -0.084     -0.006     -0.249      0.010   1424   2112      0.940
     2      0.241     -0.142     -2.062      0.006   1424   2112
     1      0.094     -0.231     -1.707      0.010   1424   2112
     2      0.036     -0.247     -0.202      0.006   1425    113      0.692
    -2      0.064      0.318     -1.389      0.006   1425    113
     1     -0.030     -0.129      0.073      0.010   1426   -211      0.140
    -2      0.051      0.091      0.068      0.006   1426   -211
     1     -0.010     -0.084     -0.151      0.010   1427    311      0.498
    -3     -0.105     -0.208     -0.732      0.199   1427    311
     1      0.512      0.764     -0.049      0.010   1428    223      0.781
    -1      0.354      0.091      0.014      0.010   1428    223
     1      0.689      0.048     -2.843      0.010   1429   2112      0.940
     2      0.274      0.241     -0.654      0.006   1429   2112
     1      0.064      0.193     -0.805      0.010   1429   2112
     1     -0.013     -0.002     -0.083      0.010   1430   -211      0.140
    -2      0.030      0.201     -1.034      0.006   1430   -211
     1      0.077     -0.081     -0.092      0.010   1431    111      0.135
    -1     -0.029     -0.119     -0.035      0.010   1431    111
     2      0.023     -0.039     -0.714      0.006   1432    321      0.494
    -3      0.438     -0.058     -6.785      0.199   1432    321
     1     -0.048      0.068     -0.017      0.010   1433   2212      0.938
     2     -0.050      0.238      0.066      0.006   1433   2212
     2     -0.542      0.026      0.002      0.006   1433   2212
     1      0.094      0.183      0.239      0.010   1434   -213      0.821
    -2      0.131     -0.063     -4.811      0.006   1434   -213
     2      0.169     -0.190     -0.047      0.006   1435    211      0.140
    -1      0.230      0.032     -0.252      0.010   1435    211
     1      0.332      0.187     -0.711      0.010   1436   -211      0.140
    -2      0.153      0.329     -1.442      0.006   1436   -211
     2      0.048      0.264      0.140      0.006   1437    221      0.548
    -2     -0.474     -0.015      2.885      0.006   1437    221
     1      0.075      0.043      0.009      0.010   1438    111      0.135
    -1      0.089     -0.048     -0.123      0.010   1438    111
     2      0.174      0.215     -0.344      0.006   1439    213      0.679
    -1      0.219      0.327     -2.891      0.010   1439    213
     1     -0.075      0.123     -0.156      0.010   1440   2112      0.940
     2     -0.090     -0.073     -0.059      0.006   1440   2112
     1     -0.002     -0.006     -0.084      0.010   1440   2112
     1     -0.232      0.126      0.342      0.010   1441   -211      0.140
    -2      0.116      0.159      0.035      0.006   1441   -211
     2      0.390      0.428      0.115      0.006   1442    213      0.858
    -1      0.238      0.122     -0.400      0.010   1442    213
     1      0.035      0.242     -0.127      0.010   1443    221      0.548
    -1      0.195     -0.190     -0.941      0.010   1443    221
     2      0.154      0.103     -0.954      0.006   1444   2212      0.938
     2      0.311     -0.163     -0.897      0.006   1444   2212
     1      0.640     -0.315     -1.354      0.010   1444   2212
     2     -0.637      0.184     -3.908      0.006   1445    111      0.135
    -2     -0.071      0.005     -0.748      0.006   1445    111
     1     -0.040      0.047      0.066      0.010   1446    221      0.548
    -1     -0.467     -0.371      1.023      0.010   1446    221
     2     -0.274     -0.096     -2.858      0.006   1447    213      0.809
    -1     -0.047     -0.089     -0.078      0.010   1447    213
     2     -0.373      0.395     -0.130      0.006   1448   2112      0.940
     1     -0.055      0.056     -0.192      0.010   1448   2112
     1      0.182      0.182     -0.233      0.010   1448   2112
     2     -0.048     -0.047     -1.676      0.006   1449    321      0.494
    -3      0.210      0.351     -6.277      0.199   1449    321
     1     -0.071     -0.139      0.211      0.010   1450    111      0.135
    -1     -0.171     -0.008      0.169      0.010   1450    111
     2     -0.025     -0.440     -1.655      0.006   1451   2212      0.938
     1     -0.230      0.087     -1.609      0.010   1451   2212
     2      0.460     -0.376     -2.025      0.006   1451   2212
     1      0.049     -0.052     -0.136      0.010   1452   -211      0.140
    -2      0.035     -0.032     -0.095      0.006   1452   -211
     1     -0.163      0.128     -0.880      0.010   1453   -211      0.140
    -2     -0.086      0.031     -0.031      0.006   1453   -211
     2     -0.090     -0.065      0.084      0.006   1454    211      0.140
    -1     -0.042      0.011      0.185      0.010   1454    211
     2     -0.527     -0.416      0.802      0.006   1455    211      0.140
    -1     -0.025      0.068      0.007      0.010   1455    211
     1      0.154     -0.325     -0.001      0.010   1456   -211      0.140
    -2     -0.142     -0.066      0.055      0.006   1456   -211
     1     -0.164     -0.116      0.276      0.010   1457    223      0.786
    -1     -0.018      0.180     -0.123      0.010   1457    223
     2     -0.166      0.128     -0.764      0.006   1458    211      0.140
    -1     -0.024     -0.266     -0.726      0.010   1458    211
     1     -0.428      0.412     -0.172      0.010   1459   -211      0.140
    -2      0.022      0.170     -0.218      0.006   1459   -211
     1     -0.219      0.101     -0.233      0.010   1460   3122      1.116
     3      0.158     -0.136     -0.084      0.199   1460   3122
     2     -0.272     -0.425     -0.242      0.006   1460   3122
     1      0.062     -0.190     -0.692      0.010   1461    311      0.498
    -3      0.006     -0.157     -0.924      0.199   1461    311
     1      0.033     -0.402      0.134      0.010   1462    223      0.779
    -1     -0.702      0.021     -0.337      0.010   1462    223
     2     -0.733      0.452     -4.588      0.006   1463   2114      1.109
     1      0.282      0.096     -1.138      0.010   1463   2114
     1      0.044      0.379     -2.482      0.010   1463   2114
     2     -0.037      0.149      0.146      0.006   1464    111      0.135
    -2     -0.069      0.055      0.227      0.006   1464    111
     1     -0.228     -0.387      2.131      0.010   1465   -213      0.585
    -2      0.090      0.083      1.328      0.006   1465   -213
     1     -0.029     -0.150     -0.475      0.010   1466   -213      0.772
    -2      0.244      0.562     -1.370      0.006   1466   -213
     3     -0.621     -0.043     -1.834      0.199   1467   -323      0.952
    -2      0.100      0.123     -0.120      0.006   1467   -323
     1      0.278     -0.015     -1.048      0.010   1468   -211      0.140
    -2      0.300     -0.312     -0.857      0.006   1468   -211
     3      0.530     -0.042     -0.376      0.199   1469   -313      0.855
    -1      0.208     -0.151     -1.398      0.010   1469   -313
     2      0.397      0.235     -2.185      0.006   1470    223      0.781
    -2     -0.065     -0.033     -0.883      0.006   1470    223
     1     -0.263      0.073     -0.533      0.010   1471   2112      0.940
     2     -0.084      0.066      0.022      0.006   1471   2112
     1     -0.410     -0.011     -0.222      0.010   1471   2112
     2     -0.142      0.109      0.324      0.006   1472    221      0.548
    -2      0.114      0.198      0.080      0.006   1472    221
     1     -0.012      0.039     -0.035      0.010   1473   -211      0.140
    -2      0.135      0.079     -0.169      0.006   1473   -211
     2      0.021     -0.035      0.056      0.006   1474    223      0.773
    -2      0.203     -0.027     -0.193      0.006   1474    223
     3      0.048     -0.193      0.083      0.199   1475   -311      0.498
    -1     -0.052     -0.139      0.128      0.010   1475   -311
     2      0.019     -0.089     -0.409      0.006   1476    113      0.683
    -2      0.390      0.038     -1.541      0.006   1476    113
     1     -0.043     -0.247      0.297      0.010   1477    223      0.781
    -1      0.250     -0.048      0.355      0.010   1477    223
     1     -0.024     -0.178     -1.801      0.010   1478    111      0.135
    -1     -0.019      0.011     -0.765      0.010   1478    111
     1     -0.588      0.007     -1.407      0.010   1479   1114      1.285
     1     -0.529      0.193     -3.249      0.010   1479   1114
     1     -0.039     -0.319     -1.438      0.010   1479   1114
     2      0.030     -0.033      0.214      0.006   1480    211      0.140
    -1     -0.034      0.503      1.054      0.010   1480    211
     1      0.038     -0.078      0.141      0.010   1481   -211      0.140
    -2      0.041      0.101      0.337      0.006   1481   -211
     1     -0.005      0.052      0.195      0.010   1482   -211      0.140
    -2     -0.114      0.183      1.060      0.006   1482   -211
     2     -0.121      0.042      0.125      0.006   1483    321      0.494
    -3     -0.637      0.347      0.048      0.199   1483    321
     1      0.334     -0.222     -2.688      0.010   1484   2112      0.940
     2     -0.018     -0.168     -0.944      0.006   1484   2112
     1     -0.208      0.025     -0.209      0.010   1484   2112
     1     -0.170      0.010      0.091      0.010   1485    111      0.135
    -1     -0.202      0.010     -0.008      0.010   1485    111
     1      0.617     -0.028     -0.192      0.010   1486   -211      0.140
    -2     -0.065      0.040     -0.009      0.006   1486   -211
     1     -0.214      0.040     -0.151      0.010   1487    221      0.548
    -1     -0.113      0.544     -1.940      0.010   1487    221
     2      0.020      0.058     -0.065      0.006   1488   2212      0.938
     2     -0.263      0.032      0.032      0.006   1488   2212
     1     -0.274      0.351     -0.269      0.010   1488   2212
     2     -0.125      0.265     -0.852      0.006   1489    213      0.917
    -1     -0.573      0.020     -0.563      0.010   1489    213
     2     -0.384      0.209     -0.640      0.006   1490    211      0.140
    -1     -0.095      0.026     -0.140      0.010   1490    211
     1      0.090      0.051      0.128      0.010   1491    111      0.135
    -1     -0.026      0.056      0.040      0.010   1491    111
     2      0.022      0.700     -0.774      0.006   1492    221      0.548
    -2     -0.382     -0.157     -1.057      0.006   1492    221
     1     -0.157     -0.007     -0.052      0.010   1493   -211      0.140
    -2     -0.203      0.259     -0.476      0.006   1493   -211
     2     -0.123     -0.037     -1.199      0.006   1494    111      0.135
    -2     -0.029      0.096     -0.651      0.006   1494    111
     2     -0.222      0.011     -1.101      0.006   1495   2112      0.940
     1     -0.380     -0.247     -1.252      0.010   1495   2112
     1     -0.108      0.121     -0.301      0.010   1495   2112
     2     -0.016     -0.064     -0.040      0.006   1496    321      0.494
    -3     -0.302      0.399     -1.782      0.199   1496    321
     2      0.187      0.418     -0.677      0.006   1497   2212      0.938
     2      0.402     -0.068     -1.804      0.006   1497   2212
     1     -0.021      0.077     -0.355      0.010   1497   2212
     2     -0.131      0.107      0.197      0.006   1498    211      0.140
    -1     -0.348     -0.310      0.075      0.010   1498    211
    -2     -0.049     -0.021     -0.051      0.006   1499  -2112      0.940
    -1      0.232      0.007      0.068      0.010   1499  -2112
    -1     -0.077      0.105     -0.005      0.010   1499  -2112
     2      0.041     -0.119     -1.614      0.006   1500    221      0.548
    -2     -0.260     -0.100     -1.613      0.006   1500    221
     2      0.099      0.522     -1.027      0.006   1501   2212      0.938
     1     -0.275      0.134     -0.836      0.010   1501   2212
     2     -0.363     -0.032     -0.522      0.006   1501   2212
     1     -0.222      0.066     -0.992      0.010   1502    223      0.778
    -1     -0.201      0.016     -0.230      0.010   1502    223
     2      0.212     -0.113      0.435      0.006   1503    113      0.517
    -2     -0.147     -0.019      0.132      0.006   1503    113
     1     -0.222      0.044     -0.530      0.010   1504   2112      0.940
     2      0.160     -0.145     -0.312      0.006   1504   2112
     1      0.095     -0.028     -0.135      0.010   1504   2112
     1      0.193      0.184      0.249      0.010   1505    111      0.135
    -1     -0.032      0.049      0.001      0.010   1505    111
     1      0.139      0.365     -1.778      0.010   1506    111      0.135
    -1      0.080      0.094     -0.593      0.010   1506    111
     2      0.122     -0.266      0.143      0.006   1507    223      0.789
    -2      0.154     -0.215     -0.235      0.006   1507    223
     1      0.038      0.080     -2.659      0.010   1508   -211      0.140
    -2      0.288      0.081     -1.206      0.006   1508   -211
     1     -0.178      0.015     -0.446      0.010   1509   2212      0.938
     2     -0.314      0.024     -0.317      0.006   1509   2212
     2     -0.210      0.045     -0.133      0.006   1509   2212
     1     -0.019      0.175     -0.180      0.010   1510    223      0.788
    -1      0.134     -0.065      0.037      0.010   1510    223
     2     -0.119     -0.456      0.620      0.006   1511   3212      1.193
     3     -0.459     -0.069     -0.305      0.199   1511   3212
     1     -0.373     -0.031      0.001      0.010   1511   3212
     2      0.223     -0.066     -0.423      0.006   1512    221      0.548
    -2      0.228     -0.127      0.114      0.006   1512    221
     1      0.269     -0.152     -2.048      0.010   1513   -211      0.140
    -2      0.333      0.104     -0.887      0.006   1513   -211
     1      0.140     -0.296     -0.207      0.010   1514   -211      0.140
    -2     -0.006     -0.173      0.117      0.006   1514   -211
     1      0.109     -0.259     -0.350      0.010   1515    221      0.548
    -1     -0.165     -0.304     -0.601      0.010   1515    221
     2     -0.046      0.067      0.002      0.006   1516   2112      0.940
     1     -0.139      0.177      0.091      0.010   1516   2112
     1     -0.185      0.299      0.422      0.010   1516   2112
     2     -0.338     -0.614     -2.060      0.006   1517    211      0.140
    -1     -0.092     -0.117     -0.554      0.010   1517    211
     1      0.214      0.097      0.074      0.010   1518    113      0.834
    -1      0.350     -0.393      0.225      0.010   1518    113
     1     -0.006      0.007      0.173      0.010   1519    111      0.135
    -1      0.184     -0.080      3.081      0.010   1519    111
     2      0.011     -0.279      0.229      0.006   1520    211      0.140
    -1      0.244     -0.294      0.893      0.010   1520    211
     1     -0.222     -0.297     -0.437      0.010   1521   2212      0.938
     2     -0.043      0.006     -0.001      0.006   1521   2212
     2     -0.116     -0.196     -0.545      0.006   1521   2212
     1      0.117     -0.598     -0.688      0.010   1522    221      0.548
    -1      0.017     -0.898     -2.315      0.010   1522    221
     1      0.050     -0.248      0.169      0.010   1523    221      0.548
    -1      0.045      0.049      1.534      0.010   1523    221
     1     -0.121     -0.287      0.079      0.010   1524   -213      0.738
    -2      0.242      0.033     -0.140      0.006   1524   -213
     2      0.020     -0.596      0.496      0.006   1525    213      0.670
    -1      0.013     -0.108     -1.030      0.010   1525    213
     2      0.177      0.088     -2.786      0.006   1526   2212      0.938
     1      0.008     -0.205     -0.439      0.010   1526   2212
     2      0.364     -0.059     -0.694      0.006   1526   2212
     1      0.225      0.505     -0.725      0.010   1527   -213      0.794
    -2      0.129     -0.087      0.018      0.006   1527   -213
     2      0.028      0.389      1.573      0.006   1528    113      0.755
    -2      0.404     -0.077      0.136      0.006   1528    113
     1     -0.172      0.158      0.351      0.010   1529   -211      0.140
    -2      0.113     -0.019      0.379      0.006   1529   -211
     3      0.046      0.292      1.971      0.199   1530   -321      0.494
    -2      0.026      0.045      0.153      0.006   1530   -321
     1      0.002     -0.091     -0.010      0.010   1531   1114      1.267
     1     -0.151      0.119     -0.032      0.010   1531   1114
     1     -0.091     -0.002     -0.024      0.010   1531   1114
     2      0.181      0.022     -4.199      0.006   1532   2212      0.938
     1     -0.354      0.102     -1.526      0.010   1532   2212
     2     -0.041      0.048     -2.018      0.006   1532   2212
     1     -0.023      0.099     -0.075      0.010   1533    111      0.135
    -1     -0.143      0.007      0.028      0.010   1533    111
     1     -0.046      0.019     -0.038      0.010   1534    311      0.498
    -3     -0.077      0.235      0.546      0.199   1534    311
     1      0.230     -0.034     -0.428      0.010   1535   -211      0.140
    -2      0.060      0.300     -0.177      0.006   1535   -211
     1     -0.054      0.014     -0.007      0.010   1536   -211      0.140
    -2      0.401     -0.254      0.069      0.006   1536   -211
     1      0.067     -0.038      0.131      0.010   1537    223      0.781
    -1      0.008      0.228      0.224      0.010   1537    223
     2     -0.176     -0.022     -0.421      0.006   1538    111      0.135
    -2     -0.055      0.008     -0.259      0.006   1538    111
     2     -0.014     -0.066     -0.381      0.006   1539    223      0.773
    -2     -0.110      0.041      0.047      0.006   1539    223
     2      0.202     -0.030     -0.216      0.006   1540   2212      0.938
     1      0.077      0.024      0.029      0.010   1540   2212
     2      0.223      0.354      0.091      0.006   1540   2212
     1      0.163     -0.161     -0.814      0.010   1541   -211      0.140
    -2      0.003      0.165     -0.503      0.006   1541   -211
     1      0.294     -0.059     -0.303      0.010   1542    223      0.778
    -1     -0.361     -0.184     -0.154      0.010   1542    223
     1      0.065     -0.059     -0.142      0.010   1543   2212      0.938
     2      0.390     -0.046     -0.042      0.006   1543   2212
     2      0.233      0.303      0.039      0.006   1543   2212
     1      0.001      0.128      0.828      0.010   1544    311      0.498
    -3     -0.114      0.587      2.425      0.199   1544    311
     1      0.388      0.128     -2.560      0.010   1545   2212      0.938
     2      0.000      0.182     -4.188      0.006   1545   2212
     2      0.422     -0.076     -1.574      0.006   1545   2212
     2     -0.287     -0.020     -1.266      0.006   1546    211      0.140
    -1      0.057     -0.005     -0.442      0.010   1546    211
     1     -0.081     -0.310     -1.208      0.010   1547    113      0.848
    -1      0.352      0.227     -1.003      0.010   1547    113
     2      0.010     -0.009     -0.047      0.006   1548    111      0.135
    -2     -0.185     -0.203     -0.870      0.006   1548    111
     1      0.122     -0.126     -0.647      0.010   1549   2112      0.940
     1     -0.060     -0.131     -0.477      0.010   1549   2112
     2     -0.031     -0.125     -0.113      0.006   1549   2112
     1     -0.017     -0.078      0.032      0.010   1550   -211      0.140
    -2      0.250      0.378     -0.059      0.006   1550   -211
     1      0.203      0.237     -0.449      0.010   1551   -213      0.790
    -2     -0.198      0.418     -2.501      0.006   1551   -213
     1     -0.165      0.049      0.029      0.010   1552   -211      0.140
    -2     -0.024      0.365      0.132      0.006   1552   -211
     2     -0.127      0.391     -0.248      0.006   1553    223      0.782
    -2      0.130      0.089     -0.451      0.006   1553    223
     2      0.269      0.434      0.855      0.006   1554   2224      1.334
     2      0.188      0.153      0.559      0.006   1554   2224
     2      0.301      0.235      3.463      0.006   1554   2224
     2      0.044     -0.054      1.252      0.006   1555    111      0.135
    -2      0.330     -0.008      2.663      0.006   1555    111
     1      0.078      0.039      0.233      0.010   1556    223      0.787
    -1      0.196     -0.254      0.085      0.010   1556    223
     3      0.513      0.114      0.076      0.199   1557   -313      0.885
    -1      0.167      0.115     -1.898      0.010   1557   -313
     1      0.038     -0.011     -2.555      0.010   1558   2112      0.940
     2     -0.087      0.058     -2.367      0.006   1558   2112
     1      0.211     -0.029     -1.733      0.010   1558   2112
    -1     -0.119      0.332      0.457      0.010   1559  -2112      0.940
    -1     -0.108     -0.021      0.597      0.010   1559  -2112
    -2      0.178      0.240      0.280      0.006   1559  -2112
     2      0.422     -0.061      2.366      0.006   1560   2214      1.342
     1      0.061      0.079     -1.017      0.010   1560   2214
     2      0.501      0.183     -4.155      0.006   1560   2214
     1     -0.008     -0.059     -0.022      0.010   1561    111      0.135
    -1      0.158      0.003     -0.209      0.010   1561    111
     1     -0.053      0.064     -0.015      0.010   1562    111      0.135
    -1     -0.399      0.263     -0.517      0.010   1562    111
     1      0.095      0.124     -0.267      0.010   1563   2212      0.938
     2      0.198     -0.047     -0.387      0.006   1563   2212
     2      0.243     -0.189     -0.796      0.006   1563   2212
     2     -0.049      0.092     -0.337      0.006   1564    211      0.140
    -1     -0.264     -0.281     -1.645      0.010   1564    211
     2      0.023     -0.021      0.008      0.006   1565    111      0.135
    -2     -0.032     -0.024      0.165      0.006   1565    111
     2     -0.122      0.023      0.051      0.006   1566    221      0.548
    -2     -0.063      0.163      0.383      0.006   1566    221
     1     -0.106      0.067     -0.283      0.010   1567   3122      1.116
     3     -0.041      0.210     -1.642      0.199   1567   3122
     2      0.240     -0.272     -2.556      0.006   1567   3122
    -3      1.065      0.764     -0.456      0.199   1568  -3122      1.116
    -1      0.050     -0.009     -0.201      0.010   1568  -3122
    -2      0.074     -0.098     -0.089      0.006   1568  -3122
     2      0.113     -0.125     -0.657      0.006   1569    221      0.548
    -2     -0.061     -0.217     -0.064      0.006   1569    221
     2     -0.139      0.098     -0.343      0.006   1570   2112      0.940
     1     -0.349     -0.133     -0.761      0.010   1570   2112
     1     -0.264      0.192      0.124      0.010   1570   2112
     1     -0.358     -0.338     -1.730      0.010   1571    113      0.653
    -1     -0.097     -0.063     -0.052      0.010   1571    113
     2     -0.104      0.064     -0.188      0.006   1572    221      0.548
    -2      0.146      0.450     -0.183      0.006   1572    221
     1     -0.009     -0.130     -0.718      0.010   1573    221      0.548
    -1      0.002      0.101     -0.367      0.010   1573    221
     1     -0.217     -0.493     -5.576      0.010   1574   2114      1.262
     1     -0.034      0.275     -1.044      0.010   1574   2114
     2     -0.139      0.189     -0.433      0.006   1574   2114
     2      0.016     -0.128     -0.536      0.006   1575    221      0.548
    -2      0.010      0.074     -0.115      0.006   1575    221
     1      0.008     -0.167     -0.098      0.010   1576   -211      0.140
    -2      0.311     -0.184     -0.211      0.006   1576   -211
     2      0.027     -0.037      0.059      0.006   1577    211      0.140
    -1      0.359     -0.288      0.054      0.010   1577    211
     1      0.027     -0.030      0.047      0.010   1578    221      0.548
    -1      0.000      0.229     -0.101      0.010   1578    221
     2     -0.343      0.356     -0.863      0.006   1579    113      0.705
    -2      0.070     -0.176     -0.190      0.006   1579    113
     1     -0.036      0.067     -0.006      0.010   1580    223      0.782
    -1      0.364     -0.010     -1.421      0.010   1580    223
     1     -0.074      0.125      0.082      0.010   1581   2112      0.940
     2     -0.155      0.192     -0.128      0.006   1581   2112
     1     -0.077      0.209     -0.008      0.010   1581   2112
     2      0.206     -0.130     -0.176      0.006   1582    211      0.140
    -1      0.062     -0.007     -0.110      0.010   1582    211
     1     -0.085      0.091      0.319      0.010   1583   -211      0.140
    -2     -0.033      0.058      0.618      0.006   1583   -211
     1      0.283     -0.047      0.835      0.010   1584   -213      0.845
    -2     -0.144      0.579      2.770      0.006   1584   -213
     2     -0.078     -0.131      2.373      0.006   1585    321      0.494
    -3     -0.185      0.363      3.296      0.199   1585    321
     1     -0.231     -0.218      0.633      0.010   1586    113      0.754
    -1     -0.247      0.537      0.650      0.010   1586    113
     1     -0.048     -0.050     -0.086      0.010   1587   -211      0.140
    -2     -0.222      0.139     -0.046      0.006   1587   -211
     1     -0.070     -0.035     -0.000      0.010   1588    111      0.135
    -1      0.033      0.078      0.045      0.010   1588    111
     3     -0.152      0.112      0.192      0.199   1589   -311      0.498
    -1     -0.520      0.779      0.603      0.010   1589   -311
     2      0.028     -0.016     -1.417      0.006   1590    211      0.140
    -1      0.227      0.082     -0.517      0.010   1590    211
     1      0.129     -0.076     -4.767      0.010   1591   2212      0.938
     2     -0.237     -0.244     -4.149      0.006   1591   2212
     2     -0.252      0.009     -1.981      0.006   1591   2212
     1     -0.107     -0.315      0.292      0.010   1592    223      0.782
    -1      0.125      0.238      0.198      0.010   1592    223
     1      0.282      0.047     -0.304      0.010   1593   -211      0.140
    -2     -0.084     -0.054     -0.358      0.006   1593   -211
     1     -0.070     -0.200      0.741      0.010   1594   2112      0.940
     2      0.226     -0.150      0.562      0.006   1594   2112
     1      0.170      0.140      0.219      0.010   1594   2112
     1     -0.041      0.001      0.106      0.010   1595    111      0.135
    -1     -0.039      0.047      0.223      0.010   1595    111
     2     -0.028     -0.121      0.190      0.006   1596   2224      1.294
     2     -0.196     -0.239     -0.081      0.006   1596   2224
     2      0.069     -0.361     -0.695      0.006   1596   2224
     2      0.018      0.075     -0.347      0.006   1597    223      0.777
    -2     -0.350     -0.537     -0.374      0.006   1597    223
     2     -0.001      0.081     -0.022      0.006   1598   2212      0.938
     1     -0.196      0.206     -0.090      0.010   1598   2212
     2     -0.011      0.020      0.021      0.006   1598   2212
     2     -0.028      0.115     -2.096      0.006   1599    213      0.625
    -1     -0.001     -0.198     -0.355      0.010   1599    213
     1      0.001     -0.024      0.344      0.010   1600    111      0.135
    -1     -0.027     -0.050      0.102      0.010   1600    111
     2      0.126     -0.027     -0.533      0.006   1601   2112      0.940
     1      0.035     -0.021     -1.672      0.010   1601   2112
     1     -0.124      0.034     -0.634      0.010   1601   2112
     1     -0.412      0.117     -0.214      0.010   1602   -211      0.140
    -2     -0.191      0.173     -0.061      0.006   1602   -211
    -2     -0.282     -0.058     -0.198      0.006   1603  -3222      1.189
    -2      0.000      0.128      0.011      0.006   1603  -3222
    -3     -0.204     -0.395      0.385      0.199   1603  -3222
     2     -0.627      0.344     -1.169      0.006   1604    113      0.855
    -2     -0.359      0.179     -6.302      0.006   1604    113
     1     -0.187     -0.197     -0.021      0.010   1605    223      0.781
    -1     -0.029     -0.028     -0.248      0.010   1605    223
     2      0.762     -0.115     -2.410      0.006   1606   2224      1.238
     2      0.041     -0.027     -0.674      0.006   1606   2224
     2      0.334     -0.186     -0.556      0.006   1606   2224
     1     -0.057     -0.245     -0.916      0.010   1607    221      0.548
    -1     -0.149      0.025     -0.186      0.010   1607    221
     1      0.138     -0.057     -0.464      0.010   1608   3112      1.197
     3      0.267      0.054     -1.417      0.199   1608   3112
     1     -0.035      0.032     -0.198      0.010   1608   3112
     2      0.120     -0.010     -0.173      0.006   1609    111      0.135
    -2      0.033     -0.019     -0.450      0.006   1609    111
     2      0.073     -0.012     -0.110      0.006   1610    111      0.135
    -2     -0.031      0.123     -0.166      0.006   1610    111
     1      0.267      0.012      0.013      0.010   1611    311      0.498
    -3      0.825     -0.259      0.150      0.199   1611    311
     1     -0.026     -0.412     -0.313      0.010   1612    311      0.498
    -3      0.079      0.174     -0.433      0.199   1612    311
     1      0.025     -0.056     -1.464      0.010   1613    111      0.135
    -1      0.009     -0.085     -0.295      0.010   1613    111
     2     -0.061     -0.022      0.153      0.006   1614   2212      0.938
     1      0.091     -0.085      0.093      0.010   1614   2212
     2      0.028     -0.097      0.231      0.006   1614   2212
     1      0.414      0.244     -4.777      0.010   1615    223      0.797
    -1      0.199     -0.454     -1.013      0.010   1615    223
     1     -0.027     -0.052      0.093      0.010   1616   -211      0.140
    -2      0.077      0.072      0.008      0.006   1616   -211
     1      0.135      0.006     -0.065      0.010   1617    111      0.135
    -1      0.121      0.174     -0.268      0.010   1617    111
     2      0.140      0.385     -1.441      0.006   1618   2214      1.215
     1      0.256     -0.190     -5.547      0.010   1618   2214
     2      0.248      0.359     -4.248      0.006   1618   2214
     1      0.161     -0.179      0.257      0.010   1619   -211      0.140
    -2     -0.033     -0.047     -0.004      0.006   1619   -211
     2     -0.355      0.101      0.016      0.006   1620    213      0.847
    -1      0.054     -0.023     -0.592      0.010   1620    213
     2      0.184      0.267     -0.666      0.006   1621   3122      1.116
     3      0.361     -0.066     -3.332      0.199   1621   3122
     1     -0.087     -0.013     -0.596      0.010   1621   3122
     2      0.222      0.024      1.005      0.006   1622    211      0.140
    -1     -0.117      0.273      1.296      0.010   1622    211
     2     -0.329     -0.074     -0.086      0.006   1623   2212      0.938
     1     -0.046     -0.076     -0.427      0.010   1623   2212
     2      0.023     -0.191     -0.254      0.006   1623   2212
     3      0.090      0.011      0.693      0.199   1624   -311      0.498
    -1      0.003      0.137      0.237      0.010   1624   -311
     1     -0.137     -0.050     -0.058      0.010   1625   -211      0.140
    -2     -0.086     -0.025     -0.126      0.006   1625   -211
     2     -0.316     -0.085     -1.697      0.006   1626    221      0.548
    -2      0.039      0.003     -1.162      0.006   1626    221
    -1      0.119     -0.084      0.219      0.010   1627  -2112      0.940
    -1      0.130      0.350      0.607      0.010   1627  -2112
    -2     -0.148      0.244      0.319      0.006   1627  -2112
     2      0.050      0.127     -0.207      0.006   1628    211      0.140
    -1      0.014      0.053     -0.331      0.010   1628    211
     2      0.282     -0.314     -1.674      0.006   1629   2112      0.940
     1      0.255     -0.121     -1.359      0.010   1629   2112
     1      0.320      0.039     -1.271      0.010   1629   2112
     2      0.325      0.307     -0.557      0.006   1630    321      0.494
    -3      0.232      0.147     -0.389      0.199   1630    321
     1     -0.260      0.386      0.486      0.010   1631    111      0.135
    -1     -0.302      0.385      0.561      0.010   1631    111
     2      0.153      0.018     -0.263      0.006   1632   3222      1.189
     2      0.018      0.107     -1.260      0.006   1632   3222
     3     -0.009     -0.007     -0.297      0.199   1632   3222
     2      0.209      0.026     -0.195      0.006   1633    223      0.785
    -2     -0.067     -0.132     -0.683      0.006   1633    223
     1      0.021     -0.123      0.312      0.010   1634   -211      0.140
    -2     -0.131     -0.147     -0.049      0.006   1634   -211
     2     -0.657     -0.481     -0.399      0.006   1635    211      0.140
    -1     -0.396     -0.056     -0.251      0.010   1635    211
     3      0.179     -0.129     -5.897      0.199   1636   -311      0.498
    -1      0.102     -0.022     -2.169      0.010   1636   -311
     1      0.105      0.054     -0.211      0.010   1637   3112      1.197
     1     -0.148      0.066     -0.255      0.010   1637   3112
     3     -0.055      0.131     -0.289      0.199   1637   3112
     2     -0.450      0.598     -0.539      0.006   1638    213      0.785
    -1      0.091     -0.039     -0.062      0.010   1638    213
     1      0.128     -0.187      0.631      0.010   1639   -211      0.140
    -2     -0.014     -0.079      0.266      0.006   1639   -211
     1      0.133     -0.157     -0.200      0.010   1640    223      0.786
    -1      0.338      0.013     -0.855      0.010   1640    223
     2     -0.010      0.312      0.345      0.006   1641    223      0.770
    -2      0.192     -0.028     -0.012      0.006   1641    223
     2      0.033      0.260      0.120      0.006   1642   2212      0.938
     1      0.084     -0.114     -0.096      0.010   1642   2212
     2     -0.061      0.304      0.907      0.006   1642   2212
     1     -0.027     -0.007     -0.006      0.010   1643   -211      0.140
    -2      0.123     -0.058      0.031      0.006   1643   -211
     2      0.195      0.017     -0.426      0.006   1644    111      0.135
    -2      0.016     -0.061     -0.323      0.006   1644    111
     1      0.031     -0.097     -0.193      0.010   1645   -213      0.901
    -2     -0.319      0.460     -1.178      0.006   1645   -213
     2     -0.080      0.043     -0.505      0.006   1646    211      0.140
    -1      0.002      0.052     -1.873      0.010   1646    211
     2      0.099      0.045     -1.021      0.006   1647    111      0.135
    -2      0.231     -0.017     -0.693      0.006   1647    111
     1     -0.061      0.085      0.145      0.010   1648   2212      0.938
     2      0.119      0.161      0.207      0.006   1648   2212
     2     -0.007     -0.009      0.310      0.006   1648   2212
     1     -0.143     -0.013     -0.236      0.010   1649    113      0.734
    -1     -0.072      0.280     -0.430      0.010   1649    113
     2     -0.304     -0.185     -0.190      0.006   1650    211      0.140
    -1      0.034     -0.264      0.069      0.010   1650    211
     1     -0.038     -0.058     -0.334      0.010   1651    311      0.498
    -3     -0.573     -0.450     -1.509      0.199   1651    311
     2     -0.055     -0.020      0.036      0.006   1652    211      0.140
    -1     -0.367     -0.040     -0.055      0.010   1652    211
     1      0.283     -0.313     -5.055      0.010   1653   1114      1.223
     1     -0.399      0.580     -1.854      0.010   1653   1114
     1     -0.335      0.364     -4.269      0.010   1653   1114
     1      0.146     -0.072     -0.191      0.010   1654    111      0.135
    -1     -0.016     -0.058     -0.099      0.010   1654    111
     1     -0.029      0.392      0.150      0.010   1655   -213      0.843
    -2     -0.581      0.443     -1.282      0.006   1655   -213
     2     -0.182     -0.213     -0.365      0.006   1656   2112      0.940
     1      0.024     -0.011     -0.038      0.010   1656   2112
     1      0.395     -0.112     -0.168      0.010   1656   2112
     2     -0.328     -0.062     -0.458      0.006   1657    213      0.716
    -1      0.285      0.351     -0.690      0.010   1657    213
     2     -0.010     -0.701     -0.131      0.006   1658    213      0.697
    -1     -0.200      0.122      0.159      0.010   1658    213
     1     -0.208     -0.055      0.093      0.010   1659   2112      0.940
     1     -0.108     -0.232      0.106      0.010   1659   2112
     2     -0.054      0.196     -0.032      0.006   1659   2112
     2     -0.006      0.002     -1.529      0.006   1660    111      0.135
    -2      0.009     -0.108     -1.029      0.006   1660    111
     1      0.039     -0.023     -0.259      0.010   1661   -211      0.140
    -2     -0.332      0.301     -5.677      0.006   1661   -211
     1     -0.210      0.196     -0.910      0.010   1662    223      0.788
    -1     -0.159      0.010     -1.313      0.010   1662    223
     1      0.140      0.171     -0.656      0.010   1663    311      0.498
    -3     -0.014      0.505     -0.908      0.199   1663    311
     2      0.766      0.024     -3.140      0.006   1664    213      0.840
    -1     -0.029      0.253     -0.086      0.010   1664    213
     1     -0.029      0.001     -0.252      0.010   1665   -211      0.140
    -2      0.018     -0.054     -0.672      0.006   1665   -211
     2      0.050     -0.022     -1.001      0.006   1666   2112      0.940
     1      0.293      0.341     -0.934      0.010   1666   2112
     1     -0.090      0.283     -1.946      0.010   1666   2112
     2      0.030      0.088     -0.046      0.006   1667    111      0.135
    -2      0.073      0.111     -0.355      0.006   1667    111
     2     -0.253     -0.011      0.319      0.006   1668    223      0.787
    -2     -0.070      0.140      0.360      0.006   1668    223
     2      0.276     -0.217      0.490      0.006   1669    213      0.945
    -1     -0.157      0.205      0.380      0.010   1669    213
     1      0.143     -0.257     -0.558      0.010   1670    111      0.135
    -1     -0.046     -0.134     -0.149      0.010   1670    111
     2     -0.004     -0.027      0.133      0.006   1671    111      0.135
    -2     -0.011     -0.023      0.014      0.006   1671    111
     1     -0.025     -0.059     -0.076      0.010   1672    311      0.498
    -3     -0.082      0.324     -0.458      0.199   1672    311
     2     -0.039      0.081     -0.571      0.006   1673   2112      0.940
     1      0.370      0.298     -1.329      0.010   1673   2112
     1      0.069      0.220     -0.916      0.010   1673   2112
     1     -0.322      0.254     -4.672      0.010   1674    311      0.498
    -3      0.174      0.188     -5.551      0.199   1674    311
     2      0.022     -0.020     -0.057      0.006   1675    321      0.494
    -3     -0.030     -0.038      0.109      0.199   1675    321
     1      0.077     -0.104     -0.179      0.010   1676   -211      0.140
    -2      0.028      0.105     -0.170      0.006   1676   -211
     1     -0.079      0.158      0.319      0.010   1677   1114      1.230
     1     -0.049     -0.050     -0.008      0.010   1677   1114
     1     -0.136      0.105      0.142      0.010   1677   1114
     1      0.085      0.060     -0.339      0.010   1678   -211      0.140
    -2      0.043      0.025     -0.539      0.006   1678   -211
    -2      0.062     -0.320      0.079      0.006   1679  -2214      1.320
    -2      0.239     -0.265     -0.044      0.006   1679  -2214
    -1      0.324      0.149      3.175      0.010   1679  -2214
     2     -0.137      0.099      0.053      0.006   1680   2212      0.938
     2     -0.292     -0.025     -0.054      0.006   1680   2212
     1     -0.365      0.105     -0.377      0.010   1680   2212
     1      0.125     -0.204     -0.804      0.010   1681   -213      0.521
    -2     -0.337     -0.093     -0.643      0.006   1681   -213
     1     -0.034      0.241     -0.003      0.010   1682    223      0.785
    -1     -0.498      0.039      0.068      0.010   1682    223
     2     -0.079     -0.154     -2.445      0.006   1683    211      0.140
    -1     -0.009      0.123     -0.959      0.010   1683    211
     2     -0.251      0.350     -2.664      0.006   1684    211      0.140
    -1     -0.117      0.056     -0.889      0.010   1684    211
     2      0.026      0.177     -0.270      0.006   1685   2212      0.938
     1      0.149     -0.351     -0.773      0.010   1685   2212
     2     -0.012     -0.038     -0.138      0.006   1685   2212
     2      0.321      0.327     -5.259      0.006   1686    213      0.609
    -1     -0.250      0.085     -0.500      0.010   1686    213
     1     -0.067     -0.090     -0.013      0.010   1687   -211      0.140
    -2      0.014      0.033      0.116      0.006   1687   -211
     1     -0.335     -0.040     -0.127      0.010   1688   -213      0.526
    -2      0.060     -0.504     -0.274      0.006   1688   -213
     3      0.283     -0.637     -0.807      0.199   1689   -311      0.498
    -1      0.260     -0.335     -0.707      0.010   1689   -311
     2      0.013     -0.085      0.064      0.006   1690    211      0.140
    -1      0.028     -0.068     -0.037      0.010   1690    211
     2      0.088     -0.014     -0.372      0.006   1691    321      0.494
    -3      0.218     -0.127     -3.759      0.199   1691    321
     1      0.063     -0.383      0.037      0.010   1692    311      0.498
    -3      0.393     -0.581      0.421      0.199   1692    311
     2     -0.222      0.003     -0.322      0.006   1693   2212      0.938
     1     -0.137     -0.052     -0.983      0.010   1693   2212
     2     -0.090      0.494     -0.877      0.006   1693   2212
     1     -0.035      0.191     -0.548      0.010   1694    111      0.135
    -1     -0.270      0.393     -0.842      0.010   1694    111
     1     -0.196     -0.004     -0.441      0.010   1695   2212      0.938
     2      0.045      0.015     -0.600      0.006   1695   2212
     2      0.058      0.243     -2.220      0.006   1695   2212
     1      0.111      0.001     -1.173      0.010   1696    223      0.774
    -1     -0.174      0.059     -1.247      0.010   1696    223
     2      0.108      0.172     -0.248      0.006   1697    223      0.781
    -2      0.010      0.129     -1.691      0.006   1697    223
     2     -0.075      0.033     -0.148      0.006   1698    211      0.140
    -1     -0.021     -0.160      0.050      0.010   1698    211
     2     -0.188     -0.060     -0.183      0.006   1699   3122      1.116
     3     -0.047     -0.283     -0.876      0.199   1699   3122
     1     -0.138      0.175     -0.173      0.010   1699   3122
     1     -0.176      0.149     -1.737      0.010   1700    311      0.498
    -3      0.021      0.148     -2.871      0.199   1700    311
     1      0.104     -0.479      0.226      0.010   1701   -213      0.836
    -2     -0.118      0.199      0.133      0.006   1701   -213
     2      0.015      0.038     -0.040      0.006   1702    111      0.135
    -2      0.158     -0.069     -0.340      0.006   1702    111
     1     -0.018      0.309     -1.314      0.010   1703    223      0.771
    -1      0.153     -0.351     -1.274      0.010   1703    223
     2      0.069      0.130      0.215      0.006   1704    221      0.548
    -2     -0.045     -0.033     -0.084      0.006   1704    221
     1      0.071     -0.290      0.473      0.010   1705   -211      0.140
    -2      0.049     -0.039      0.175      0.006   1705   -211
     2      0.149      0.114      1.998      0.006   1706    321      0.494
    -3      0.120      0.071      1.409      0.199   1706    321
     2     -0.018      0.003     -0.037      0.006   1707    211      0.140
    -1     -0.162     -0.344      0.486      0.010   1707    211
     1     -0.378      0.310      0.193      0.010   1708    111      0.135
    -1     -0.103      0.136      0.010      0.010   1708    111
     2      0.035      0.027     -0.171      0.006   1709    211      0.140
    -1      0.069     -0.129      0.034      0.010   1709    211
     1     -0.183     -0.120      0.112      0.010   1710   2112      0.940
     1     -0.023     -0.100      0.185      0.010   1710   2112
     2     -0.214     -0.211      0.208      0.006   1710   2112
     2      0.110      0.311     -0.312      0.006   1711    223      0.789
    -2     -0.239      0.036      0.354      0.006   1711    223
     2      0.027      0.012      0.024      0.006   1712    211      0.140
    -1     -0.030     -0.126      0.396      0.010   1712    211
     1     -0.035      0.119     -1.548      0.010   1713   2112      0.940
     1     -0.128     -0.178     -1.726      0.010   1713   2112
     2      0.175     -0.035     -1.357      0.006   1713   2112
     2     -0.117     -0.259      0.400      0.006   1714    223      0.784
    -2     -0.247     -0.296      0.011      0.006   1714    223
     1     -0.151      0.328     -0.163      0.010   1715   -213      0.922
    -2     -1.225      0.007     -2.304      0.006   1715   -213
     2     -0.010     -0.137     -0.225      0.006   1716    111      0.135
    -2     -0.096     -0.047     -0.125      0.006   1716    111
     3     -0.204      0.007      0.025      0.199   1717   -311      0.498
    -1     -0.340     -0.101     -0.058      0.010   1717   -311
     1     -0.053     -0.021     -0.041      0.010   1718   -211      0.140
    -2     -0.148     -0.102      0.072      0.006   1718   -211
     2     -0.282     -0.025     -1.712      0.006   1719    213      0.479
    -1     -0.306     -0.063     -0.245      0.010   1719    213
     2      0.128      0.100     -0.573      0.006   1720    211      0.140
    -1      0.489      0.050     -0.749      0.010   1720    211
     2     -0.228     -0.315      0.054      0.006   1721   2214      1.133
     2     -0.460      0.146     -1.469      0.006   1721   2214
     1      0.096     -0.100     -0.878      0.010   1721   2214
     2     -0.083     -0.374     -0.151      0.006   1722    113      0.751
    -2      0.166     -0.185      0.005      0.006   1722    113
     1     -0.103     -0.049      0.192      0.010   1723    111      0.135
    -1     -0.120     -0.008     -0.015      0.010   1723    111
     1     -0.177      0.009     -0.251      0.010   1724   -211      0.140
    -2      0.009     -0.004     -0.525      0.006   1724   -211
     3     -0.020      0.181     -4.401      0.199   1725   -313      0.918
    -1     -0.448      0.014     -1.462      0.010   1725   -313
     2     -0.053     -0.043     -1.030      0.006   1726    111      0.135
    -2     -0.027     -0.005     -4.557      0.006   1726    111
     1     -0.068     -0.187      1.031      0.010   1727   2212      0.938
     2     -0.038     -0.181     -0.109      0.006   1727   2212
     2      0.033     -0.084      0.547      0.006   1727   2212
     1      0.136     -0.269      0.498      0.010   1728   -211      0.140
    -2      0.006     -0.062     -0.070      0.006   1728   -211
     2     -0.350      0.111     -1.690      0.006   1729    213      0.714
    -1      0.205     -0.153     -1.581      0.010   1729    213
     3     -0.003     -0.123     -0.325      0.199   1730   -321      0.494
    -2     -0.339      0.049     -0.119      0.006   1730   -321
     2      0.105     -0.112     -0.655      0.006   1731    211      0.140
    -1     -0.036     -0.126     -1.298      0.010   1731    211
     1     -0.030     -0.038     -0.616      0.010   1732    111      0.135
    -1     -0.134     -0.098     -0.290      0.010   1732    111
     2     -0.118      0.052     -0.345      0.006   1733    223      0.783
    -2      0.051      0.403      0.318      0.006   1733    223
     2     -0.311     -0.377     -3.016      0.006   1734    223      0.779
    -2     -0.071      0.038     -0.894      0.006   1734    223
     1     -0.444      0.065     -0.282      0.010   1735   -213      0.753
    -2     -0.136     -0.022      0.256      0.006   1735   -213
     2     -0.081     -0.480     -1.464      0.006   1736    211      0.140
    -1     -0.197     -0.241     -0.402      0.010   1736    211
     2     -0.126     -0.173     -0.158      0.006   1737    211      0.140
    -1     -0.027     -0.213     -0.114      0.010   1737    211
     2     -0.024      0.021     -0.019      0.006   1738    321      0.494
    -3     -0.015     -0.358     -1.347      0.199   1738    321
     1      0.768     -0.162     -0.759      0.010   1739   -213      0.499
    -2      0.033     -0.239     -0.092      0.006   1739   -213
     2     -0.099      0.338     -0.610      0.006   1740    223      0.783
    -2     -0.304      0.304     -1.732      0.006   1740    223
     1     -0.101      0.043     -0.959      0.010   1741   2112      0.940
     1     -0.118     -0.028     -0.373      0.010   1741   2112
     2      0.165      0.064     -0.607      0.006   1741   2112
     2     -0.144      0.007     -0.290      0.006   1742    211      0.140
    -1     -0.054      0.125     -0.809      0.010   1742    211
     2      0.107      0.086     -2.700      0.006   1743    223      0.777
    -2     -0.022      0.189      5.921      0.006   1743    223
     2      0.004      0.074     -0.034      0.006   1744    111      0.135
    -2     -0.012     -0.101     -0.192      0.006   1744    111
     1      0.233     -0.288     -1.681      0.010   1745    311      0.498
    -3      0.328     -0.317     -1.412      0.199   1745    311
     2      0.124     -0.203     -0.035      0.006   1746    213      0.499
    -1     -0.162      0.160     -0.025      0.010   1746    213
     1     -0.322     -0.117     -1.073      0.010   1747   2112      0.940
     1     -0.013     -0.191     -0.175      0.010   1747   2112
     2      0.361     -0.308     -1.020      0.006   1747   2112
     2     -0.170     -0.006      0.212      0.006   1748    211      0.140
    -1      0.067      0.012      0.113      0.010   1748    211
     2     -0.078      0.043     -0.199      0.006   1749   2212      0.938
     1     -0.089     -0.084     -0.054      0.010   1749   2212
     2     -0.006      0.028     -0.123      0.006   1749   2212
    -2      0.343      0.102      0.320      0.006   1750  -2112      0.940
    -1      0.429     -0.023      0.314      0.010   1750  -2112
    -1      0.080     -0.012      0.201      0.010   1750  -2112
     1     -0.072     -0.164      0.672      0.010   1751   -211      0.140
    -2     -0.050      0.015      0.335      0.006   1751   -211
     2     -0.030      0.130      0.109      0.006   1752    223      0.779
    -2     -0.255      0.237     -0.096      0.006   1752    223
     1      0.544     -0.215     -0.281      0.010   1753    311      0.498
    -3      0.237      0.021     -0.039      0.199   1753    311
     2     -0.156      0.053      3.491      0.006   1754   2224      1.319
     2      0.003     -0.124      0.289      0.006   1754   2224
     2     -0.130     -0.007      0.164      0.006   1754   2224
     1     -0.169      0.206     -0.758      0.010   1755   -213      0.779
    -2     -0.026     -0.272     -0.244      0.006   1755   -213
    -1     -0.077      0.060      0.132      0.010   1756  -3122      1.116
    -2      0.195      0.074     -0.063      0.006   1756  -3122
    -3     -0.288      0.091      0.722      0.199   1756  -3122
     1      0.146     -0.611     -0.572      0.010   1757   2214      1.224
     2     -0.204     -0.042     -3.955      0.006   1757   2214
     2     -0.195     -0.180     -2.690      0.006   1757   2214
     2      0.007      0.021     -0.139      0.006   1758    211      0.140
    -1      0.100      0.018     -0.126      0.010   1758    211
     1      0.004      0.035     -0.118      0.010   1759    311      0.498
    -3     -0.133      0.239     -0.581      0.199   1759    311
     1      0.113      0.007     -0.008      0.010   1760   2112      0.940
     2     -0.070     -0.230      0.825      0.006   1760   2112
     1      0.011     -0.166      0.818      0.010   1760   2112
     1      0.441      0.363     -1.008      0.010   1761   -213      0.752
    -2      0.106      0.067     -2.636      0.006   1761   -213
     1      0.010     -0.019     -0.004      0.010   1762    311      0.498
    -3     -0.032     -0.012      0.398      0.199   1762    311
     1     -0.027     -0.354     -0.359      0.010   1763    221      0.548
    -1     -0.127      0.266      1.204      0.010   1763    221
     2      0.012     -0.037     -0.310      0.006   1764   2224      1.093
     2      0.229     -0.226     -1.042      0.006   1764   2224
     2     -0.075     -0.185     -0.223      0.006   1764   2224
     2     -0.297     -0.051      1.136      0.006   1765    111      0.135
    -2     -0.110     -0.145      0.988      0.006   1765    111
     2     -0.028      0.001      0.461      0.006   1766    111      0.135
    -2      0.156     -0.023      0.332      0.006   1766    111
     2     -0.296      0.116     -0.066      0.006   1767   2214      1.210
     2      0.380      0.144     -0.567      0.006   1767   2214
     1     -0.050      0.034      0.809      0.010   1767   2214
    -2     -0.058      0.270      2.384      0.006   1768  -2112      0.940
    -1     -0.099     -0.235      0.450      0.010   1768  -2112
    -1      0.130      0.199      0.495      0.010   1768  -2112
     1     -0.003     -0.188     -0.253      0.010   1769    311      0.498
    -3     -0.236     -0.349     -0.553      0.199   1769    311
     3     -0.230     -0.721     -1.839      0.199   1770   -313      0.910
    -1     -0.014     -0.629     -4.055      0.010   1770   -313
     1     -0.299     -0.300     -0.236      0.010   1771   2212      0.938
     2      0.324     -0.173     -0.480      0.006   1771   2212
     2     -0.068     -0.189     -0.075      0.006   1771   2212
     1     -0.107      0.271     -3.859      0.010   1772    221      0.548
    -1      0.403     -0.049     -0.451      0.010   1772    221
     2     -0.012     -0.021      0.004      0.006   1773    111      0.135
    -2      0.104     -0.210     -0.000      0.006   1773    111
     2      0.413     -0.123     -0.169      0.006   1774    221      0.548
    -2     -0.034     -0.422      0.373      0.006   1774    221
     1      0.137     -0.329     -0.093      0.010   1775   -213      0.669
    -2      0.057     -0.002     -2.491      0.006   1775   -213
     1      0.154     -0.137      0.098      0.010   1776    113      0.758
    -1      0.271      0.199      0.287      0.010   1776    113
     2     -0.065     -0.016     -0.345      0.006   1777    221      0.548
    -2      0.167     -0.146      0.094      0.006   1777    221
     2     -0.116     -0.093      0.060      0.006   1778    211      0.140
    -1     -0.169     -0.026      0.132      0.010   1778    211
     1      0.103      0.339     -0.546      0.010   1779   2112      0.940
     2      0.084     -0.100     -0.036      0.006   1779   2112
     1      0.453      0.206     -0.840      0.010   1779   2112
     2     -0.086     -0.198     -0.219      0.006   1780    321      0.494
    -3     -0.154     -0.077      0.008      0.199   1780    321
