           1           0        3957         397        1383        1876          96
  3    0.97    0.77    -0.44  0.199    -3.05     0.48    -0.03     0.10     3   -3.13    0.43
 -2    0.72    0.21    -0.10  0.006    -3.05     0.48    -0.03     0.10     3   -3.13    0.43
 -2   -1.34   -0.63     0.47  0.006     4.76     3.61     0.02     0.11 10036    4.85    3.64
  2   -0.25    0.18    -0.07  0.006     4.76     3.61     0.02     0.11 10036    4.85    3.64
  2   -0.02   -0.31    -0.27  0.006    -0.06     1.42    -0.03     0.11 20011   -0.02    1.48
  1   -0.60    0.01     0.18  0.010    -0.06     1.42    -0.03     0.11 20011   -0.02    1.48
  2   -0.12   -0.71    -0.34  0.006    -0.06     1.42    -0.03     0.11 20011   -0.02    1.48
  1    0.47    0.99     0.05  0.010    -0.10     3.03    -0.02     0.12 10176   -0.10    2.94
 -2   -0.45    0.32    -0.30  0.006    -0.10     3.03    -0.02     0.12 10176   -0.10    2.94
  1   -0.12    0.12     0.07  0.010     1.50     0.12    -0.01     0.12 10028    1.48    0.20
  1    0.61   -1.04    -0.24  0.010     1.50     0.12    -0.01     0.12 10028    1.48    0.20
  1   -0.22   -0.16    -0.03  0.010     1.50     0.12    -0.01     0.12 10028    1.48    0.20
 -1   -0.21    0.99     0.03  0.010    -3.47    -0.28    -0.01     0.12 20008   -3.42   -0.39
  1   -0.47    0.38    -0.11  0.010    -3.47    -0.28    -0.01     0.12 20008   -3.42   -0.39
 -1    0.27   -0.25     0.20  0.010    -0.80     0.80     0.00     0.12 20032   -0.81    0.88
 -2   -0.13   -0.76    -0.41  0.006    -0.80     0.80     0.00     0.12 20032   -0.81    0.88
 -3    0.02   -0.08     0.25  0.199    -0.80     0.80     0.00     0.12 20032   -0.81    0.88
 -2    0.22   -0.04    -0.22  0.006    -4.21     1.97     0.00     0.12 10159   -4.22    2.07
  3   -0.08   -1.23     0.23  0.199    -4.21     1.97     0.00     0.12 10159   -4.22    2.07
  3    0.14   -0.76    -0.01  0.199     0.71     0.71     0.06     0.13 10151    0.71    0.80
 -1   -0.01   -0.72     0.90  0.010     0.71     0.71     0.06     0.13 10151    0.71    0.80
 -3    1.07    0.76    -0.46  0.199     5.12    -1.00    -0.03     0.13 10015    5.03   -1.04
  1    0.08   -0.18     0.09  0.010     5.12    -1.00    -0.03     0.13 10015    5.03   -1.04
 -2   -0.40   -0.14    -0.03  0.006    -3.26     0.41    -0.02     0.13     3   -3.13    0.43
  2   -1.12   -0.18    -0.18  0.006    -3.26     0.41    -0.02     0.13     3   -3.13    0.43
  2   -0.32    0.02    -0.44  0.006     0.35     2.26    -0.01     0.13 20159    0.39    2.33
  2   -0.07   -0.63     0.04  0.006     0.35     2.26    -0.01     0.13 20159    0.39    2.33
  1   -0.06   -0.22     0.27  0.010     0.35     2.26    -0.01     0.13 20159    0.39    2.33
  1   -0.02   -0.20     0.06  0.010    -0.81     0.96     0.04     0.13 20032   -0.81    0.88
  3   -0.12    0.45     0.45  0.199    -0.81     0.96     0.04     0.13 20032   -0.81    0.88
  1    0.10    0.71    -0.05  0.010    -0.81     0.96     0.04     0.13 20032   -0.81    0.88
  2   -0.07   -0.40    -0.04  0.006    -4.24     1.12     0.05     0.13 20161   -4.20    1.18
  2   -0.23    0.12     0.56  0.006    -4.24     1.12     0.05     0.13 20161   -4.20    1.18
  3   -0.32   -0.59     0.15  0.199    -4.24     1.12     0.05     0.13 20161   -4.20    1.18
  2    0.22    0.04     0.04  0.006     6.73     0.83     0.03     0.13 10064    6.80    0.82
  1   -0.63    0.19    -0.16  0.010     6.73     0.83     0.03     0.13 10064    6.80    0.82
  1   -0.39   -0.11     0.51  0.010     6.73     0.83     0.03     0.13 10064    6.80    0.82
 -1    0.26    0.04    -0.06  0.010    -3.47    -2.37    -0.02     0.14 20103   -3.52   -2.26
  1    0.23   -1.14    -0.18  0.010    -3.47    -2.37    -0.02     0.14 20103   -3.52   -2.26
  1    0.29    0.18     0.05  0.010     0.84    -3.06    -0.01     0.14 20025    0.88   -3.07
  1   -0.26   -0.36    -0.17  0.010     0.84    -3.06    -0.01     0.14 20025    0.88   -3.07
  1   -0.50    0.29    -0.03  0.010     0.84    -3.06    -0.01     0.14 20025    0.88   -3.07
  2   -0.27    0.32    -0.21  0.006    -4.01    -3.80     0.00     0.14 10106   -4.01   -3.87
  1   -0.06    0.48    -0.05  0.010    -4.01    -3.80     0.00     0.14 10106   -4.01   -3.87
  2    0.33   -0.12     0.26  0.006    -4.01    -3.80     0.00     0.14 10106   -4.01   -3.87
  1    0.11   -0.70     0.26  0.010     1.26     1.11     0.08     0.14 20169    1.23    1.18
  1    0.21   -0.47     1.05  0.010     1.26     1.11     0.08     0.14 20169    1.23    1.18
  2    0.18    0.09    -0.05  0.006     1.26     1.11     0.08     0.14 20169    1.23    1.18
  1   -0.22    0.40     0.22  0.010    -3.25    -0.04     0.01     0.14 10095   -3.20   -0.05
  1    0.14    0.12    -0.25  0.010    -3.25    -0.04     0.01     0.14 10095   -3.20   -0.05
  1   -0.36   -0.40     0.11  0.010    -3.25    -0.04     0.01     0.14 10095   -3.20   -0.05
  1   -0.38    0.28    -0.25  0.010    -4.40    -0.37    -0.02     0.14 20186   -4.34   -0.38
  1   -0.09    0.25     0.25  0.010    -4.40    -0.37    -0.02     0.14 20186   -4.34   -0.38
  1   -0.10   -0.44    -0.22  0.010    -4.40    -0.37    -0.02     0.14 20186   -4.34   -0.38
  2    0.01   -0.11     0.25  0.006    -2.13     1.51    -0.02     0.14 20176   -2.15    1.62
  1   -0.08   -0.22     0.05  0.010    -2.13     1.51    -0.02     0.14 20176   -2.15    1.62
  1    0.25   -0.66    -0.53  0.010    -2.13     1.51    -0.02     0.14 20176   -2.15    1.62
  2    0.08    0.30     0.04  0.006     0.80     5.04     0.08     0.15 10017    0.72    5.06
  2    0.22   -0.43     0.42  0.006     0.80     5.04     0.08     0.15 10017    0.72    5.06
  3    0.68   -0.20     0.49  0.199     0.80     5.04     0.08     0.15 10017    0.72    5.06
  1    0.04   -0.22     0.32  0.010    -2.10    -3.47     0.06     0.15 10078   -2.09   -3.36
  2   -0.31   -0.35    -0.14  0.006    -2.10    -3.47     0.06     0.15 10078   -2.09   -3.36
  1    0.16   -0.54     0.42  0.010    -2.10    -3.47     0.06     0.15 10078   -2.09   -3.36
 -2   -0.07    0.10    -0.18  0.006     0.89    -3.14    -0.04     0.15 20025    0.88   -3.07
 -1    0.31   -0.95    -0.22  0.010     0.89    -3.14    -0.04     0.15 20025    0.88   -3.07
 -1   -0.16    0.15    -0.00  0.010     0.89    -3.14    -0.04     0.15 20025    0.88   -3.07
  3   -0.97   -0.22    -0.16  0.199     3.80     4.21    -0.02     0.15 20027    3.91    4.20
 -2   -0.10    0.32    -0.01  0.006     3.80     4.21    -0.02     0.15 20027    3.91    4.20
 -2    0.09    0.20     0.53  0.006    -2.83    -3.00     0.03     0.15 20192   -2.79   -3.04
 -1   -0.24   -0.24    -0.11  0.010    -2.83    -3.00     0.03     0.15 20192   -2.79   -3.04
 -1   -0.24    0.37    -0.15  0.010    -2.83    -3.00     0.03     0.15 20192   -2.79   -3.04
  1   -0.36   -0.19     0.20  0.010     1.20     2.99     0.03     0.15 10156    1.21    2.92
  1    0.12    0.52     0.05  0.010     1.20     2.99     0.03     0.15 10156    1.21    2.92
  1    0.13    0.39     0.07  0.010     1.20     2.99     0.03     0.15 10156    1.21    2.92
 -1    0.38   -0.34    -0.39  0.010     1.14    -1.69    -0.07     0.15 10016    1.15   -1.63
 -1    0.15   -0.09     0.09  0.010     1.14    -1.69    -0.07     0.15 10016    1.15   -1.63
 -1   -0.63   -0.36    -0.57  0.010     1.14    -1.69    -0.07     0.15 10016    1.15   -1.63
 -1    0.95   -0.20    -0.81  0.010    -3.29    -5.52    -0.08     0.15 20066   -3.38   -5.47
  2    0.16   -0.50    -0.12  0.006    -3.29    -5.52    -0.08     0.15 20066   -3.38   -5.47
  1    0.31   -0.02    -0.24  0.010    -5.87    -0.79     0.04     0.15 10090   -5.87   -0.74
  1   -0.19    0.02     0.42  0.010    -5.87    -0.79     0.04     0.15 10090   -5.87   -0.74
  1   -0.11   -0.53     0.21  0.010    -5.87    -0.79     0.04     0.15 10090   -5.87   -0.74
  1    0.31    0.07     0.00  0.010     3.87     2.07     0.06     0.15 20045    3.94    2.07
  1   -0.57   -0.16     0.36  0.010     3.87     2.07     0.06     0.15 20045    3.94    2.07
  1   -0.47    0.09     0.21  0.010     3.87     2.07     0.06     0.15 20045    3.94    2.07
  2   -0.21   -0.08     0.08  0.006     1.41     1.10    -0.04     0.15 10007    1.36    1.06
  2    0.65    0.09    -0.11  0.006     1.41     1.10    -0.04     0.15 10007    1.36    1.06
  2   -0.05    0.35    -0.35  0.006     1.41     1.10    -0.04     0.15 10007    1.36    1.06
 -2    0.49   -0.58     0.40  0.006    -2.37     6.28     0.07     0.15 10010   -2.45    6.39
  2    0.35   -0.61     0.34  0.006    -2.37     6.28     0.07     0.15 10010   -2.45    6.39
 -1    0.21   -0.88    -0.48  0.010    -3.38     1.24    -0.03     0.15 20050   -3.43    1.35
  1    0.22   -0.08     0.21  0.010    -3.38     1.24    -0.03     0.15 20050   -3.43    1.35
 -2   -0.36    0.51    -0.17  0.006     3.80     1.99    -0.01     0.15 10152    3.79    1.98
 -2    0.17   -0.35    -0.04  0.006     3.80     1.99    -0.01     0.15 10152    3.79    1.98
 -1    0.24   -0.05     0.10  0.010     3.80     1.99    -0.01     0.15 10152    3.79    1.98
 -2   -1.08   -0.25     0.19  0.006     3.79     4.17     0.01     0.15 20027    3.91    4.20
  2    0.07    0.00    -0.15  0.006     3.79     4.17     0.01     0.15 20027    3.91    4.20
  2   -0.62   -0.76     0.03  0.006     0.68    -4.80     0.01     0.15 20086    0.73   -4.71
 -3    0.22   -0.03     0.06  0.199     0.68    -4.80     0.01     0.15 20086    0.73   -4.71
 -1    0.14    0.19     0.04  0.010     1.33     0.33     0.08     0.15 10137    1.31    0.39
 -1    0.20   -0.56     0.91  0.010     1.33     0.33     0.08     0.15 10137    1.31    0.39
 -2   -0.07   -0.36    -0.09  0.006     1.33     0.33     0.08     0.15 10137    1.31    0.39
 -2   -0.50    0.33     0.39  0.006     2.06    -2.59     0.04     0.16 10182    2.12   -2.70
  2    0.03    0.61    -0.09  0.006     2.06    -2.59     0.04     0.16 10182    2.12   -2.70
 -3   -0.40    0.16     0.01  0.199     0.89     5.96    -0.01     0.16 10099    0.95    6.01
 -1   -0.26   -0.12     0.09  0.010     0.89     5.96    -0.01     0.16 10099    0.95    6.01
 -2    0.20   -0.42    -0.17  0.006     0.89     5.96    -0.01     0.16 10099    0.95    6.01
  1    0.08    0.56     0.34  0.010    -2.61    -1.05     0.00     0.16 20003   -2.58   -1.15
 -3   -0.37    0.26    -0.33  0.199    -2.61    -1.05     0.00     0.16 20003   -2.58   -1.15
  3    0.20    0.19    -0.48  0.199     0.92    -0.10    -0.03     0.16 20005    0.92   -0.21
 -2   -0.23    0.65     0.21  0.006     0.92    -0.10    -0.03     0.16 20005    0.92   -0.21
  1    0.19   -0.26    -0.18  0.010    -0.29    -5.55     0.03     0.16 20094   -0.39   -5.58
 -1    0.68    0.48     0.39  0.010    -0.29    -5.55     0.03     0.16 20094   -0.39   -5.58
  1    0.04    0.03    -0.26  0.010     1.27     1.11    -0.04     0.16 20169    1.23    1.18
  2   -0.14   -0.16     0.27  0.006     1.27     1.11    -0.04     0.16 20169    1.23    1.18
  3    0.42   -0.44    -0.37  0.199     1.27     1.11    -0.04     0.16 20169    1.23    1.18
  2    0.13   -0.21     0.00  0.006     4.15     0.86     0.07     0.16 20023    4.19    0.82
  2   -0.34    0.66     0.15  0.006     4.15     0.86     0.07     0.16 20023    4.19    0.82
  2   -0.13   -0.06     0.47  0.006     4.15     0.86     0.07     0.16 20023    4.19    0.82
  2   -0.00   -0.30    -0.00  0.006     1.59    -5.38    -0.01     0.16 10120    1.62   -5.32
  1    0.13    0.25     0.10  0.010     1.59    -5.38    -0.01     0.16 10120    1.62   -5.32
  3   -0.40   -0.43    -0.18  0.199     1.59    -5.38    -0.01     0.16 10120    1.62   -5.32
  2   -0.20   -0.32    -0.26  0.006     4.02    -3.41    -0.06     0.16 20134    4.07   -3.42
  1   -0.52    0.16    -0.32  0.010     4.02    -3.41    -0.06     0.16 20134    4.07   -3.42
  1    0.24    0.25     0.04  0.010     4.02    -3.41    -0.06     0.16 20134    4.07   -3.42
 -2    0.14   -0.11     0.52  0.006    -2.26    -1.34     0.09     0.16 20012   -2.29   -1.27
 -1   -0.09   -0.10     0.64  0.010    -2.26    -1.34     0.09     0.16 20012   -2.29   -1.27
 -1    0.30   -0.61    -0.06  0.010    -2.26    -1.34     0.09     0.16 20012   -2.29   -1.27
  1   -0.20    0.24     0.14  0.010    -0.34     2.10    -0.01     0.16 10004   -0.35    2.11
  1    0.28   -0.02    -0.46  0.010    -0.34     2.10    -0.01     0.16 10004   -0.35    2.11
  1   -0.02   -0.28     0.23  0.010    -0.34     2.10    -0.01     0.16 10004   -0.35    2.11
 -2   -0.32    0.31     0.28  0.006     3.25    -3.26     0.05     0.16 10022    3.20   -3.33
  1    0.79    0.29     0.17  0.010     3.25    -3.26     0.05     0.16 10022    3.20   -3.33
  1   -0.22    0.26     0.15  0.010     3.26    -3.35     0.06     0.16 10022    3.20   -3.33
  1    0.49   -0.06     0.11  0.010     3.26    -3.35     0.06     0.16 10022    3.20   -3.33
  2    0.27   -0.41     0.31  0.006     3.26    -3.35     0.06     0.16 10022    3.20   -3.33
  2    0.53   -0.24    -0.86  0.006    -1.88    -1.29    -0.07     0.16 10125   -1.93   -1.26
  2    0.13    0.02     0.23  0.006    -1.88    -1.29    -0.07     0.16 10125   -1.93   -1.26
  2   -0.18   -0.06     0.02  0.006    -1.88    -1.29    -0.07     0.16 10125   -1.93   -1.26
  1   -0.33   -0.09     0.35  0.010    -2.10     1.99     0.06     0.16 10005   -2.14    1.94
  3    0.39    0.25     0.17  0.199    -2.10     1.99     0.06     0.16 10005   -2.14    1.94
  1    0.22    0.30    -0.04  0.010    -2.10     1.99     0.06     0.16 10005   -2.14    1.94
 -2    0.37   -0.52     0.30  0.006     0.90     2.33     0.04     0.16 10136    0.78    2.38
  2    0.57    0.16     0.01  0.006     0.90     2.33     0.04     0.16 10136    0.78    2.38
  3   -0.10   -0.23     0.02  0.199     3.07     2.15    -0.09     0.16 10029    3.05    2.22
  2   -0.01   -0.52    -0.98  0.006     3.07     2.15    -0.09     0.16 10029    3.05    2.22
  2    0.36   -0.12    -0.07  0.006     3.07     2.15    -0.09     0.16 10029    3.05    2.22
  2    0.12   -0.10    -0.44  0.006     0.85    -5.05    -0.06     0.16 20001    0.86   -5.05
  2   -0.05   -0.42    -0.02  0.006     0.85    -5.05    -0.06     0.16 20001    0.86   -5.05
  2   -0.19    0.47    -0.02  0.006     0.85    -5.05    -0.06     0.16 20001    0.86   -5.05
  1   -0.25   -0.18     0.07  0.010    -3.99    -4.00    -0.04     0.16 10106   -4.01   -3.87
 -1    0.42   -0.80    -0.36  0.010    -3.99    -4.00    -0.04     0.16 10106   -4.01   -3.87
  1    0.03   -0.29    -0.01  0.010    -0.15    -4.98    -0.04     0.16 10147   -0.20   -5.04
  3    0.13    0.55    -0.06  0.199    -0.15    -4.98    -0.04     0.16 10147   -0.20   -5.04
  2    0.22    0.19    -0.29  0.006    -0.15    -4.98    -0.04     0.16 10147   -0.20   -5.04
  1   -0.04   -0.29     0.18  0.010     3.89     3.20     0.06     0.16 10146    3.78    3.22
 -3    0.97    0.15     0.32  0.199     3.89     3.20     0.06     0.16 10146    3.78    3.22
  1    0.37    0.20     0.01  0.010     2.50    -4.58     0.05     0.16 10139    2.47   -4.58
  1   -0.14   -0.39    -0.06  0.010     2.50    -4.58     0.05     0.16 10139    2.47   -4.58
  2   -0.02    0.14     0.50  0.006     2.50    -4.58     0.05     0.16 10139    2.47   -4.58
  2    1.00    0.54    -0.24  0.006    -4.77     1.39    -0.04     0.16 10062   -4.91    1.31
 -1    0.08    0.06    -0.06  0.010    -4.77     1.39    -0.04     0.16 10062   -4.91    1.31
  2   -0.07    0.29    -0.11  0.006     4.02     2.19    -0.03     0.16 20045    3.94    2.07
 -2    0.69    0.62    -0.16  0.006     4.02     2.19    -0.03     0.16 20045    3.94    2.07
 -1    0.32    0.04     0.02  0.010     0.78     6.52     0.02     0.16 20068    0.77    6.56
 -1    0.10   -0.46     0.13  0.010     0.78     6.52     0.02     0.16 20068    0.77    6.56
 -1   -0.38    0.14     0.02  0.010     0.78     6.52     0.02     0.16 20068    0.77    6.56
  2    0.50   -0.23    -0.52  0.006    -2.44    -2.06    -0.07     0.16 20188   -2.49   -1.97
  1    0.16   -0.32    -0.13  0.010    -2.44    -2.06    -0.07     0.16 20188   -2.49   -1.97
  1   -0.19   -0.25     0.04  0.010    -2.44    -2.06    -0.07     0.16 20188   -2.49   -1.97
  1   -0.15   -0.13    -0.90  0.010     1.13    -1.57    -0.10     0.16 10016    1.15   -1.63
  1   -0.22    0.31     0.10  0.010     1.13    -1.57    -0.10     0.16 10016    1.15   -1.63
  1    0.13    0.43    -0.31  0.010     1.13    -1.57    -0.10     0.16 10016    1.15   -1.63
 -3    0.53    0.44     0.27  0.199    -1.61     1.74     0.10     0.17 10104   -1.64    1.64
  1   -0.11    0.69     0.93  0.010    -1.61     1.74     0.10     0.17 10104   -1.64    1.64
 -3    0.00    0.16     0.21  0.199     5.98     2.85    -0.04     0.17 10150    6.00    2.82
 -1    0.22   -0.13     0.05  0.010     5.98     2.85    -0.04     0.17 10150    6.00    2.82
 -2   -0.35    0.19    -0.53  0.006     5.98     2.85    -0.04     0.17 10150    6.00    2.82
  1    0.06   -0.17     0.28  0.010    -3.18     2.94    -0.09     0.17 20052   -3.18    3.00
  1   -0.28   -0.24    -0.74  0.010    -3.18     2.94    -0.09     0.17 20052   -3.18    3.00
  1    0.14   -0.18    -0.52  0.010    -3.18     2.94    -0.09     0.17 20052   -3.18    3.00
  2   -0.18    0.38     0.08  0.006     0.39    -2.73    -0.04     0.17 20009    0.42   -2.75
  3    0.24    0.09    -0.13  0.199     0.39    -2.73    -0.04     0.17 20009    0.42   -2.75
  2   -0.26   -0.31    -0.24  0.006     0.39    -2.73    -0.04     0.17 20009    0.42   -2.75
  2    0.08    0.02    -0.01  0.006     1.45     1.23     0.01     0.17 20092    1.57    1.31
 -1   -0.94   -0.58     0.05  0.010     1.45     1.23     0.01     0.17 20092    1.57    1.31
  1   -0.07    0.35    -0.27  0.010    -3.11     1.43    -0.01     0.17 20108   -3.13    1.40
  1   -0.14   -0.24     0.23  0.010    -3.11     1.43    -0.01     0.17 20108   -3.13    1.40
  2    0.37    0.08    -0.03  0.006    -3.11     1.43    -0.01     0.17 20108   -3.13    1.40
  1    0.22   -0.07    -0.46  0.010    -3.86     5.37     0.00     0.17 20125   -3.91    5.35
  3    0.20    0.11     0.38  0.199    -3.86     5.37     0.00     0.17 20125   -3.91    5.35
  2   -0.08    0.12     0.11  0.006    -3.86     5.37     0.00     0.17 20125   -3.91    5.35
  2   -0.17   -0.08    -0.24  0.006     1.73    -1.79    -0.10     0.17 10001    1.79   -1.87
  2   -0.37    1.04    -0.98  0.006     1.73    -1.79    -0.10     0.17 10001    1.79   -1.87
  1   -0.07    0.02     0.07  0.010     1.73    -1.79    -0.10     0.17 10001    1.79   -1.87
 -1   -0.25   -0.34    -0.39  0.010     1.47    -2.80    -0.04     0.17 20035    1.56   -2.69
  1   -0.41   -0.50     0.12  0.010     1.47    -2.80    -0.04     0.17 20035    1.56   -2.69
  1    0.10   -0.44     1.18  0.010    -2.30    -0.76     0.09     0.17 10084   -2.32   -0.71
  1    0.00    0.11    -0.16  0.010    -2.30    -0.76     0.09     0.17 10084   -2.32   -0.71
  1    0.10   -0.20    -0.08  0.010    -2.30    -0.76     0.09     0.17 10084   -2.32   -0.71
  1   -0.37   -0.33     0.04  0.010    -2.92     1.09     0.08     0.17 20170   -2.95    1.14
  1    0.21    0.00     0.42  0.010    -2.92     1.09     0.08     0.17 20170   -2.95    1.14
  2    0.43   -0.19     0.27  0.006    -2.92     1.09     0.08     0.17 20170   -2.95    1.14
 -2   -0.67    0.76    -0.55  0.006    -1.77    -1.17    -0.11     0.17     2   -1.72   -1.26
  3    0.06    0.34    -0.79  0.199    -1.77    -1.17    -0.11     0.17     2   -1.72   -1.26
  2    0.06   -0.07     0.55  0.006     3.50    -2.09     0.08     0.17 10012    3.54   -2.05
  1   -0.44   -0.02    -0.21  0.010     3.50    -2.09     0.08     0.17 10012    3.54   -2.05
  1   -0.02   -0.25     0.40  0.010     3.50    -2.09     0.08     0.17 10012    3.54   -2.05
  1    0.15    0.10    -0.04  0.010     3.68    -1.98    -0.07     0.17 10012    3.54   -2.05
 -2    0.98    0.48    -0.56  0.006     3.68    -1.98    -0.07     0.17 10012    3.54   -2.05
  2   -0.21   -0.13    -0.12  0.006    -3.30     0.01    -0.00     0.17 10144   -3.36    0.10
  1   -0.01   -0.03    -0.13  0.010    -3.30     0.01    -0.00     0.17 10144   -3.36    0.10
  2    0.58   -0.41     0.23  0.006    -3.30     0.01    -0.00     0.17 10144   -3.36    0.10
  1    0.52    0.19    -0.49  0.010     2.12    -4.26    -0.06     0.17 10086    2.09   -4.25
  2   -0.15   -0.26    -0.17  0.006     2.12    -4.26    -0.06     0.17 10086    2.09   -4.25
  1   -0.16   -0.02     0.18  0.010     2.12    -4.26    -0.06     0.17 10086    2.09   -4.25
 -1    0.04    0.76    -0.22  0.010    -0.38     2.17    -0.04     0.17 10004   -0.35    2.11
  1   -0.24   -0.35    -0.10  0.010    -0.38     2.17    -0.04     0.17 10004   -0.35    2.11
  2    0.26    0.13    -0.35  0.006    -1.36    -5.49    -0.07     0.17 20039   -1.31   -5.48
  3   -0.39    0.10    -0.24  0.199    -1.36    -5.49    -0.07     0.17 20039   -1.31   -5.48
  2   -0.23   -0.32     0.05  0.006    -1.36    -5.49    -0.07     0.17 20039   -1.31   -5.48
 -1    0.17    0.07    -0.04  0.010    -0.13     1.46    -0.06     0.17 20011   -0.02    1.48
  3   -1.00   -0.25    -0.46  0.199    -0.13     1.46    -0.06     0.17 20011   -0.02    1.48
  2    0.28    0.85    -0.12  0.006    -1.58     1.80    -0.03     0.17 10104   -1.64    1.64
 -2    0.14    0.22    -0.06  0.006    -1.58     1.80    -0.03     0.17 10104   -1.64    1.64
  1    0.17    0.02     0.28  0.010    -3.01    -1.22    -0.00     0.17     1   -2.97   -1.32
 -3   -0.40    0.62    -0.28  0.199    -3.01    -1.22    -0.00     0.17     1   -2.97   -1.32
  1   -0.16    0.38    -0.23  0.010     1.35     0.41     0.02     0.17 10137    1.31    0.39
  3    0.34   -0.17     0.25  0.199     1.35     0.41     0.02     0.17 10137    1.31    0.39
  2    0.06   -0.13     0.10  0.006     1.35     0.41     0.02     0.17 10137    1.31    0.39
  3    0.23   -0.54     0.07  0.199     1.41     1.52     0.05     0.17 20124    1.32    1.55
 -1    0.40    0.36     0.27  0.010     1.41     1.52     0.05     0.17 20124    1.32    1.55
  1   -0.36    0.82     0.39  0.010     0.34     1.64     0.11     0.17 10134    0.39    1.54
 -2   -0.23    0.37     0.93  0.006     0.34     1.64     0.11     0.17 10134    0.39    1.54
 -1   -0.81    0.21    -0.26  0.010    -2.96    -1.30    -0.05     0.17 20190   -2.80   -1.33
  2   -0.35    0.00    -0.13  0.006    -2.96    -1.30    -0.05     0.17 20190   -2.80   -1.33
  1   -0.13   -0.27     0.52  0.010    -1.12    -3.59     0.10     0.18 10131   -1.05   -3.61
  1    0.12   -0.09     0.24  0.010    -1.12    -3.59     0.10     0.18 10131   -1.05   -3.61
  1   -0.66    0.47     0.27  0.010    -1.12    -3.59     0.10     0.18 10131   -1.05   -3.61
  1   -0.20   -0.21    -0.46  0.010     1.21    -4.20    -0.02     0.18 20076    1.17   -4.18
 -1    0.46    0.06     0.36  0.010     1.21    -4.20    -0.02     0.18 20076    1.17   -4.18
 -2    1.00   -0.16    -0.54  0.006     2.87     2.67    -0.11     0.18 20144    2.76    2.70
  1    0.26   -0.17    -0.68  0.010     2.87     2.67    -0.11     0.18 20144    2.76    2.70
 -1    0.22    0.43    -0.72  0.010    -0.31    -2.64    -0.12     0.18 20158   -0.42   -2.69
  1    0.99    0.06    -0.69  0.010    -0.31    -2.64    -0.12     0.18 20158   -0.42   -2.69
 -2    0.54   -0.00    -0.34  0.006    -0.52     3.23    -0.01     0.18 10191   -0.64    3.28
  1    0.20   -0.32     0.30  0.010    -0.52     3.23    -0.01     0.18 10191   -0.64    3.28
  3    0.22   -0.03    -0.05  0.199    -1.43    -5.02     0.07     0.18 10057   -1.43   -4.98
  1   -0.25   -0.27     0.80  0.010    -1.43    -5.02     0.07     0.18 10057   -1.43   -4.98
  2    0.00   -0.01    -0.18  0.006    -1.43    -5.02     0.07     0.18 10057   -1.43   -4.98
 -2   -0.33    0.50    -0.03  0.006     1.16    -1.51     0.04     0.18 10016    1.15   -1.63
  2    0.38    0.31     0.28  0.006     1.16    -1.51     0.04     0.18 10016    1.15   -1.63
 -1   -0.26    0.64     0.00  0.010    -0.83     1.23     0.08     0.18 20179   -0.81    1.11
  2    0.07    0.30     0.64  0.006    -0.83     1.23     0.08     0.18 20179   -0.81    1.11
  2   -0.18   -0.13     0.16  0.006    -0.64     3.26    -0.08     0.18 10191   -0.64    3.28
  2   -0.24   -0.02    -0.01  0.006    -0.64     3.26    -0.08     0.18 10191   -0.64    3.28
  2    0.40   -0.02    -0.75  0.006    -0.64     3.26    -0.08     0.18 10191   -0.64    3.28
 -2   -0.42    0.66    -0.10  0.006     4.46    -5.71    -0.00     0.18 20136    4.55   -5.77
  1   -0.12   -0.29     0.08  0.010     4.46    -5.71    -0.00     0.18 20136    4.55   -5.77
  2   -0.25    0.31     0.71  0.006    -1.07    -3.57     0.08     0.18 10131   -1.05   -3.61
  1    0.28   -0.02     0.04  0.010    -1.07    -3.57     0.08     0.18 10131   -1.05   -3.61
  2   -0.18   -0.05    -0.17  0.006    -1.07    -3.57     0.08     0.18 10131   -1.05   -3.61
 -2    0.52    0.55    -0.25  0.006     1.69    -4.49    -0.06     0.18 20067    1.58   -4.62
  1    0.20    0.35    -0.14  0.010     1.69    -4.49    -0.06     0.18 20067    1.58   -4.62
  2   -0.20    0.16     0.01  0.006     0.84     4.85     0.04     0.18 20156    0.94    4.83
  1   -0.31   -0.09    -0.25  0.010     0.84     4.85     0.04     0.18 20156    0.94    4.83
  1   -0.09    0.09     0.47  0.010     0.84     4.85     0.04     0.18 20156    0.94    4.83
  2   -0.27   -0.57     0.30  0.006    -2.31     3.00     0.00     0.18 10110   -2.27    3.05
 -1    0.02    0.27    -0.29  0.010    -2.31     3.00     0.00     0.18 10110   -2.27    3.05
  2    0.16   -0.09     0.02  0.006    -3.35     2.19    -0.01     0.18 20149   -3.26    2.23
  1   -0.38    0.08    -0.28  0.010    -3.35     2.19    -0.01     0.18 20149   -3.26    2.23
  1   -0.30   -0.23     0.21  0.010    -3.35     2.19    -0.01     0.18 20149   -3.26    2.23
 -1   -0.40   -0.17     0.06  0.010     0.81    -0.20    -0.10     0.18 20005    0.92   -0.21
  3   -0.57    0.25    -0.94  0.199     0.81    -0.20    -0.10     0.18 20005    0.92   -0.21
 -2    0.45   -0.63    -0.41  0.006    -3.43    -1.75    -0.03     0.18 10112   -3.52   -1.66
  2    0.13    0.10     0.19  0.006    -3.43    -1.75    -0.03     0.18 10112   -3.52   -1.66
  1   -0.02   -0.17     0.12  0.010    -5.80    -0.80     0.06     0.18 10090   -5.87   -0.74
  1    0.48    0.11    -0.06  0.010    -5.80    -0.80     0.06     0.18 10090   -5.87   -0.74
  2    0.06   -0.38     0.36  0.006    -5.80    -0.80     0.06     0.18 10090   -5.87   -0.74
  3   -0.08   -0.34    -0.15  0.199    -3.95    -3.77    -0.08     0.18 20002   -3.97   -3.74
  2   -0.28    0.07    -0.27  0.006    -3.95    -3.77    -0.08     0.18 20002   -3.97   -3.74
  1    0.50    0.07    -0.18  0.010    -3.95    -3.77    -0.08     0.18 20002   -3.97   -3.74
  1    0.03   -0.22     0.06  0.010    -4.14     2.10     0.01     0.18 10159   -4.22    2.07
  1    0.12    0.17    -0.27  0.010    -4.14     2.10     0.01     0.18 10159   -4.22    2.07
  2    0.35    0.24     0.28  0.006    -4.14     2.10     0.01     0.18 10159   -4.22    2.07
 -3    0.07   -0.14    -0.19  0.199     1.41    -1.11    -0.01     0.18 10171    1.35   -1.20
  1    0.26    0.71     0.15  0.010     1.41    -1.11    -0.01     0.18 10171    1.35   -1.20
  1    0.10    0.01    -0.04  0.010     3.27    -0.31     0.10     0.18 20155    3.38   -0.27
 -2   -1.09   -0.34     0.90  0.006     3.27    -0.31     0.10     0.18 20155    3.38   -0.27
  2    0.04   -0.25    -0.13  0.006     5.06    -1.05     0.05     0.18 10015    5.03   -1.04
  1    0.07   -0.13     0.48  0.010     5.06    -1.05     0.05     0.18 10015    5.03   -1.04
  3    0.05    0.34    -0.01  0.199     5.06    -1.05     0.05     0.18 10015    5.03   -1.04
  1   -0.34    0.17     0.13  0.010    -0.40    -2.59     0.04     0.18 20158   -0.42   -2.69
  1    0.27    0.41     0.13  0.010    -0.40    -2.59     0.04     0.18 20158   -0.42   -2.69
  2    0.22   -0.01    -0.02  0.006    -0.40    -2.59     0.04     0.18 20158   -0.42   -2.69
 -1    0.11    0.77    -0.36  0.010    -5.00     0.61    -0.03     0.18 20021   -5.02    0.50
  1   -0.00   -0.13     0.20  0.010    -5.00     0.61    -0.03     0.18 20021   -5.02    0.50
 -1    0.62   -0.04     0.19  0.010    -4.12     1.22     0.01     0.18 20161   -4.20    1.18
 -1   -0.20    0.11    -0.06  0.010    -4.12     1.22     0.01     0.18 20161   -4.20    1.18
 -2    0.04    0.15    -0.09  0.006    -4.12     1.22     0.01     0.18 20161   -4.20    1.18
  2    0.36   -0.14    -0.10  0.006     1.55     0.95    -0.09     0.18 20026    1.54    0.96
  1    0.28   -0.03    -0.21  0.010     1.55     0.95    -0.09     0.18 20026    1.54    0.96
  2   -0.52    0.09    -0.33  0.006     1.55     0.95    -0.09     0.18 20026    1.54    0.96
 -1   -0.04   -0.59    -0.73  0.010     1.62     1.19    -0.09     0.18 20092    1.57    1.31
  1    0.36   -0.29     0.04  0.010     1.62     1.19    -0.09     0.18 20092    1.57    1.31
  1   -0.10   -0.07    -0.78  0.010     0.04     0.22    -0.11     0.18 20185    0.07    0.19
  1   -0.28    0.34     0.16  0.010     0.04     0.22    -0.11     0.18 20185    0.07    0.19
  1    0.15   -0.07    -0.34  0.010     0.04     0.22    -0.11     0.18 20185    0.07    0.19
  1    0.02    0.04     0.27  0.010    -4.25     0.74    -0.02     0.18 20129   -4.17    0.79
  1   -0.27   -0.37    -0.40  0.010    -4.25     0.74    -0.02     0.18 20129   -4.17    0.79
  2   -0.19    0.06    -0.01  0.006    -4.25     0.74    -0.02     0.18 20129   -4.17    0.79
  1   -0.07    0.16    -0.02  0.010     2.63    -4.47     0.08     0.19 10108    2.62   -4.37
  2    0.08   -0.04     0.21  0.006     2.63    -4.47     0.08     0.19 10108    2.62   -4.37
  1    0.09   -0.82     0.37  0.010     2.63    -4.47     0.08     0.19 10108    2.62   -4.37
  3    0.24    0.15     0.31  0.199    -3.07     1.38    -0.04     0.19 20108   -3.13    1.40
 -3    0.12   -0.27    -0.55  0.199    -3.07     1.38    -0.04     0.19 20108   -3.13    1.40
 -2   -0.51   -0.24     0.59  0.006    -0.92     2.43     0.09     0.19 10030   -0.85    2.54
  1    0.00   -0.59     0.13  0.010    -0.92     2.43     0.09     0.19 10030   -0.85    2.54
 -1    0.26    0.75     0.36  0.010    -2.94     1.32     0.04     0.19 20019   -2.98    1.22
  3    0.00   -0.13    -0.09  0.199    -2.94     1.32     0.04     0.19 20019   -2.98    1.22
 -2    0.20   -0.20    -0.56  0.006     2.12    -4.28    -0.09     0.19 10086    2.09   -4.25
 -1    0.20    0.22    -0.28  0.010     2.12    -4.28    -0.09     0.19 10086    2.09   -4.25
 -2   -0.19   -0.27     0.15  0.006     2.12    -4.28    -0.09     0.19 10086    2.09   -4.25
  1   -0.24    0.24     0.20  0.010    -5.56     2.07    -0.03     0.19 20084   -5.43    2.06
 -1   -0.54   -0.21    -0.37  0.010    -5.56     2.07    -0.03     0.19 20084   -5.43    2.06
  1   -0.26   -0.22     0.25  0.010     0.74     0.76     0.10     0.19 10151    0.71    0.80
  1    0.17    0.05    -0.17  0.010     0.74     0.76     0.10     0.19 10151    0.71    0.80
  1    0.35   -0.15     0.78  0.010     0.74     0.76     0.10     0.19 10151    0.71    0.80
  1   -0.73   -0.02     0.48  0.010    -0.79    -2.91     0.13     0.19 10153   -0.71   -2.84
  2    0.03   -0.17     0.27  0.006    -0.79    -2.91     0.13     0.19 10153   -0.71   -2.84
  1   -0.15   -0.47     0.56  0.010    -0.79    -2.91     0.13     0.19 10153   -0.71   -2.84
 -2    0.03    0.52     0.03  0.006     0.07     1.54     0.04     0.19 20011   -0.02    1.48
  3    0.48   -0.17     0.23  0.199     0.07     1.54     0.04     0.19 20011   -0.02    1.48
 -2   -0.02   -0.13     0.02  0.006     0.82     0.84     0.11     0.19 10151    0.71    0.80
  2    1.08    0.43     0.99  0.006     0.82     0.84     0.11     0.19 10151    0.71    0.80
  3    0.69   -0.04     0.85  0.199     2.75    -4.38     0.12     0.19 10108    2.62   -4.37
 -1    0.55   -0.09     0.20  0.010     2.75    -4.38     0.12     0.19 10108    2.62   -4.37
  2   -0.20    0.08    -0.12  0.006    -2.09     2.91    -0.02     0.19 10019   -2.01    2.89
  1   -0.26   -0.00    -0.36  0.010    -2.09     2.91    -0.02     0.19 10019   -2.01    2.89
  1   -0.00    0.08     0.36  0.010    -2.09     2.91    -0.02     0.19 10019   -2.01    2.89
  1   -0.93   -0.14     0.05  0.010    -2.08    -1.28     0.02     0.19 10125   -1.93   -1.26
 -2    0.09    0.00     0.08  0.006    -2.08    -1.28     0.02     0.19 10125   -1.93   -1.26
  1   -0.14    0.12    -0.55  0.010    -1.80    -1.33    -0.09     0.19     2   -1.72   -1.26
 -3   -0.45   -0.63    -0.14  0.199    -1.80    -1.33    -0.09     0.19     2   -1.72   -1.26
 -2    0.12    0.67    -0.15  0.006    -1.37    -3.10    -0.06     0.19 20062   -1.40   -3.28
  2    0.05    0.41    -0.20  0.006    -1.37    -3.10    -0.06     0.19 20062   -1.40   -3.28
  3    0.51    0.11     0.08  0.199     3.52    -3.74     0.04     0.19 20148    3.48   -3.70
 -3   -0.29   -0.36     0.15  0.199     3.52    -3.74     0.04     0.19 20148    3.48   -3.70
  2   -0.32    0.57     1.08  0.006    -2.19     0.65     0.15     0.19 10035   -2.17    0.57
  2   -0.28    0.12     0.62  0.006    -2.19     0.65     0.15     0.19 10035   -2.17    0.57
  1    0.36    0.45     0.34  0.010    -2.19     0.65     0.15     0.19 10035   -2.17    0.57
 -3   -0.20    0.50     0.54  0.199     0.18    -5.28     0.09     0.19 10079    0.28   -5.32
  1   -0.51   -0.22     0.11  0.010     0.18    -5.28     0.09     0.19 10079    0.28   -5.32
 -3   -0.41   -0.07     0.13  0.199    -0.34    -4.82     0.12     0.19 10013   -0.27   -4.82
 -2   -0.39    0.30     0.70  0.006    -0.34    -4.82     0.12     0.19 10013   -0.27   -4.82
 -2    0.16   -0.26     0.30  0.006    -0.34    -4.82     0.12     0.19 10013   -0.27   -4.82
 -2    0.84    0.26     0.12  0.006     0.23     0.23    -0.00     0.19 20185    0.07    0.19
  2    0.02   -0.08    -0.13  0.006     0.23     0.23    -0.00     0.19 20185    0.07    0.19
  2   -0.01    0.11     0.43  0.006     2.63    -0.48     0.12     0.19 10177    2.59   -0.44
  1    0.31    0.19     0.50  0.010     2.63    -0.48     0.12     0.19 10177    2.59   -0.44
  2    0.06   -0.63     0.14  0.006     2.63    -0.48     0.12     0.19 10177    2.59   -0.44
  1    0.03   -0.13     0.19  0.010     1.33     1.13    -0.09     0.19 20169    1.23    1.18
 -3    0.66   -0.24    -0.82  0.199     1.33     1.13    -0.09     0.19 20169    1.23    1.18
 -2    0.76    0.19     0.16  0.006     2.93    -3.54     0.03     0.19 20101    2.75   -3.57
  2    0.25    0.01    -0.01  0.006     2.93    -3.54     0.03     0.19 20101    2.75   -3.57
 -2   -0.31    0.07     0.20  0.006    -4.23    -3.93     0.02     0.19 20151   -4.19   -4.00
 -1    0.12    0.01     0.22  0.010    -4.23    -3.93     0.02     0.19 20151   -4.19   -4.00
 -2   -0.04    0.29    -0.30  0.006    -4.23    -3.93     0.02     0.19 20151   -4.19   -4.00
  1   -0.23   -0.00    -0.46  0.010    -3.38    -1.40    -0.16     0.19 10044   -3.37   -1.49
  2   -0.16    0.77    -0.91  0.006    -3.38    -1.40    -0.16     0.19 10044   -3.37   -1.49
  1    0.09    0.79    -1.37  0.010    -3.38    -1.40    -0.16     0.19 10044   -3.37   -1.49
 -2   -0.05    0.03     0.33  0.006    -2.71    -1.29    -0.01     0.19 20190   -2.80   -1.33
  1    0.54    0.19    -0.39  0.010    -2.71    -1.29    -0.01     0.19 20190   -2.80   -1.33
  1    0.30    0.33    -0.52  0.010     2.72    -4.36    -0.07     0.19 10108    2.62   -4.37
 -3    0.36   -0.27     0.09  0.199     2.72    -4.36    -0.07     0.19 10108    2.62   -4.37
  1    0.13    0.20    -0.27  0.010    -2.85     4.63    -0.03     0.19 10081   -2.86    4.47
 -1   -0.08    0.69     0.10  0.010    -2.85     4.63    -0.03     0.19 10081   -2.86    4.47
 -2    0.48   -0.21     0.05  0.006    -1.78     4.30     0.11     0.19 10050   -1.84    4.38
 -2   -0.12   -0.40     0.51  0.006    -1.78     4.30     0.11     0.19 10050   -1.84    4.38
 -1    0.08   -0.12     0.33  0.010    -1.78     4.30     0.11     0.19 10050   -1.84    4.38
 -1    0.06   -0.10    -0.32  0.010    -1.77    -0.84    -0.05     0.19 20083   -1.66   -0.88
  2   -0.72    0.30     0.00  0.006    -1.77    -0.84    -0.05     0.19 20083   -1.66   -0.88
  1    0.32   -0.57     0.39  0.010     0.46    -0.10     0.04     0.19 20075    0.43   -0.01
 -3   -0.16    0.10    -0.15  0.199     0.46    -0.10     0.04     0.19 20075    0.43   -0.01
  1    0.12   -0.32     0.04  0.010    -2.54     3.05    -0.05     0.19 20138   -2.46    3.09
  2   -0.34    0.02    -0.03  0.006    -2.54     3.05    -0.05     0.19 20138   -2.46    3.09
  2   -0.26    0.10    -0.33  0.006    -2.54     3.05    -0.05     0.19 20138   -2.46    3.09
  2    0.13   -0.11    -0.06  0.006    -3.21     1.47     0.09     0.19 20108   -3.13    1.40
 -3   -0.65    0.62     0.72  0.199    -3.21     1.47     0.09     0.19 20108   -3.13    1.40
  3    0.16    0.38    -0.42  0.199    -2.24    -4.86    -0.11     0.19 10043   -2.26   -4.90
  2   -0.29   -0.09    -0.49  0.006    -2.24    -4.86    -0.11     0.19 10043   -2.26   -4.90
  2    0.30    0.02     0.06  0.006    -2.24    -4.86    -0.11     0.19 10043   -2.26   -4.90
 -2   -0.54    0.83     0.45  0.006    -1.11    -3.49     0.09     0.19 10131   -1.05   -3.61
  2    0.12   -0.08     0.11  0.006    -1.11    -3.49     0.09     0.19 10131   -1.05   -3.61
  1   -0.01   -0.22     0.12  0.010     0.67     2.16    -0.13     0.19 20139    0.63    2.22
  1    0.35   -0.46    -0.97  0.010     0.67     2.16    -0.13     0.19 20139    0.63    2.22
  3    0.07    0.15    -0.40  0.199     0.67     2.16    -0.13     0.19 20139    0.63    2.22
  2    0.41   -0.69    -0.15  0.006     1.36     1.64    -0.10     0.19 20154    1.30    1.76
 -2    0.01   -0.10    -0.55  0.006     1.36     1.64    -0.10     0.19 20154    1.30    1.76
  2   -0.18    0.08    -0.43  0.006     0.49    -0.04    -0.13     0.19 20075    0.43   -0.01
  1    0.34    0.07    -0.72  0.010     0.49    -0.04    -0.13     0.19 20075    0.43   -0.01
  2    0.36   -0.40    -0.06  0.006     0.49    -0.04    -0.13     0.19 20075    0.43   -0.01
 -3    0.99   -0.06     0.76  0.199    -1.33    -2.79     0.11     0.19 20175   -1.44   -2.80
  2   -0.12    0.18     0.09  0.006    -1.33    -2.79     0.11     0.19 20175   -1.44   -2.80
 -2   -0.29    0.13    -0.01  0.006     0.81    -3.60    -0.05     0.19 20196    0.90   -3.59
 -1    0.12   -0.03    -0.40  0.010     0.81    -3.60    -0.05     0.19 20196    0.90   -3.59
 -1   -0.31   -0.16     0.10  0.010     0.81    -3.60    -0.05     0.19 20196    0.90   -3.59
  1    0.76    0.09    -0.37  0.010    -0.74    -2.11    -0.10     0.19 20022   -0.86   -2.06
 -2    0.05   -0.39    -0.29  0.006    -0.74    -2.11    -0.10     0.19 20022   -0.86   -2.06
  1    0.22   -0.05    -0.05  0.010     5.03     1.26    -0.01     0.19 10135    5.02    1.19
  1    0.13    0.31    -0.23  0.010     5.03     1.26    -0.01     0.19 10135    5.02    1.19
  2   -0.28    0.12     0.23  0.006     5.03     1.26    -0.01     0.19 10135    5.02    1.19
 -2   -0.20    0.12    -0.11  0.006     0.94    -3.14    -0.06     0.19 20025    0.88   -3.07
 -2    0.50   -0.39    -0.29  0.006     0.94    -3.14    -0.06     0.19 20025    0.88   -3.07
 -1    0.00   -0.11     0.09  0.010     0.94    -3.14    -0.06     0.19 20025    0.88   -3.07
  2    0.15    0.36     0.57  0.006     0.65    -4.43     0.12     0.19 20036    0.58   -4.56
 -3    0.42    0.65     0.37  0.199     0.65    -4.43     0.12     0.19 20036    0.58   -4.56
  2    0.04    0.10    -0.43  0.006    -0.95     2.68    -0.09     0.19 20060   -1.04    2.65
  1    0.21    0.18     0.20  0.010    -0.95     2.68    -0.09     0.19 20060   -1.04    2.65
  2    0.33   -0.06    -0.33  0.006    -0.95     2.68    -0.09     0.19 20060   -1.04    2.65
  1    0.49   -0.49     0.01  0.010     0.68    -4.18     0.08     0.20 10124    0.62   -4.07
 -1   -0.07   -0.17     0.49  0.010     0.68    -4.18     0.08     0.20 10124    0.62   -4.07
 -2   -0.20   -0.24     0.15  0.006    -1.42     4.11    -0.02     0.20 20106   -1.50    4.17
  1    0.61   -0.05    -0.25  0.010    -1.42     4.11    -0.02     0.20 20106   -1.50    4.17
  2    0.38   -0.07    -0.04  0.006     0.70     0.70     0.04     0.20 10151    0.71    0.80
 -1   -0.40   -0.45     0.25  0.010     0.70     0.70     0.04     0.20 10151    0.71    0.80
 -1   -0.20   -0.09    -0.21  0.010    -3.48     0.08     0.08     0.20 10144   -3.36    0.10
  2   -0.56   -0.03     0.70  0.006    -3.48     0.08     0.08     0.20 10144   -3.36    0.10
 -3    0.13    0.62     0.11  0.199     4.16    -1.22    -0.02     0.20 20123    4.17   -1.31
  1   -0.17   -0.18    -0.22  0.010     4.16    -1.22    -0.02     0.20 20123    4.17   -1.31
  1   -0.26   -0.06     0.71  0.010     1.43    -2.70     0.12     0.20 10169    1.45   -2.68
  1   -0.20   -0.37     0.19  0.010     1.43    -2.70     0.12     0.20 10169    1.45   -2.68
  1    0.27    0.24     0.07  0.010     1.43    -2.70     0.12     0.20 10169    1.45   -2.68
  2    0.13    0.25     0.04  0.006     1.67    -2.54     0.07     0.20 20035    1.56   -2.69
 -1    0.45    0.62     0.33  0.010     1.67    -2.54     0.07     0.20 20035    1.56   -2.69
 -2   -0.26   -0.27    -0.55  0.006    -4.11     0.78    -0.14     0.20 20129   -4.17    0.79
 -1    0.49    0.05    -0.19  0.010    -4.11     0.78    -0.14     0.20 20129   -4.17    0.79
 -2    0.37    0.17    -0.62  0.006    -4.11     0.78    -0.14     0.20 20129   -4.17    0.79
 -1   -0.24   -0.24     0.09  0.010     0.52     1.53     0.05     0.20 10068    0.63    1.69
  2   -0.34   -0.60     0.21  0.006     0.52     1.53     0.05     0.20 10068    0.63    1.69
 -1    0.09   -0.28     0.02  0.010     1.29    -0.39    -0.09     0.20 10193    1.40   -0.32
  2   -0.73   -0.14    -0.60  0.006     1.29    -0.39    -0.09     0.20 10193    1.40   -0.32
 -1    0.24    0.92    -0.82  0.010    -1.49     4.95    -0.14     0.20 20107   -1.49    4.82
  1   -0.22    0.37    -0.60  0.010    -1.49     4.95    -0.14     0.20 20107   -1.49    4.82
  1    0.10   -0.07    -0.02  0.010     3.80     2.04    -0.04     0.20 10152    3.79    1.98
  2    0.06    0.02    -0.41  0.006     3.80     2.04    -0.04     0.20 10152    3.79    1.98
  2   -0.14    0.38     0.25  0.006     3.80     2.04    -0.04     0.20 10152    3.79    1.98
  1    0.31   -0.37    -0.16  0.010    -1.47     4.09     0.09     0.20 20106   -1.50    4.17
 -1   -0.08   -0.12     0.71  0.010    -1.47     4.09     0.09     0.20 20106   -1.50    4.17
  2   -0.07   -0.26    -0.42  0.006     3.31    -0.32    -0.09     0.20 20155    3.38   -0.27
  1   -0.19   -0.19    -0.29  0.010     3.31    -0.32    -0.09     0.20 20155    3.38   -0.27
  2   -0.20    0.16     0.18  0.006     3.31    -0.32    -0.09     0.20 20155    3.38   -0.27
  1    0.10   -0.07    -0.02  0.010    -0.27     3.73     0.12     0.20 10166   -0.19    3.66
  1   -0.29    0.44     0.22  0.010    -0.27     3.73     0.12     0.20 10166   -0.19    3.66
  2   -0.41    0.13     0.69  0.006    -0.27     3.73     0.12     0.20 10166   -0.19    3.66
 -2   -0.25   -0.12    -0.18  0.006    -1.56     3.40    -0.06     0.20 10142   -1.62    3.50
  2    0.58   -0.43    -0.11  0.006    -1.56     3.40    -0.06     0.20 10142   -1.62    3.50
  1    0.37   -0.03     0.16  0.010     1.23     2.36     0.10     0.20 10122    1.17    2.28
  2    0.21    0.03     0.11  0.006     1.23     2.36     0.10     0.20 10122    1.17    2.28
  1   -0.19    0.53     0.41  0.010     1.23     2.36     0.10     0.20 10122    1.17    2.28
 -3   -0.78    0.19     0.34  0.199     2.43     4.92     0.11     0.20 10196    2.52    4.86
  1    0.18    0.19     0.40  0.010     2.43     4.92     0.11     0.20 10196    2.52    4.86
  3   -0.03   -0.18    -0.41  0.199     1.12    -4.23     0.01     0.20 20076    1.17   -4.18
 -2   -0.22   -0.07     0.43  0.006     1.12    -4.23     0.01     0.20 20076    1.17   -4.18
  2    0.38   -0.09    -0.59  0.006     3.49    -3.76    -0.14     0.20 20148    3.48   -3.70
  2   -0.08   -0.61    -0.45  0.006     3.49    -3.76    -0.14     0.20 20148    3.48   -3.70
  2   -0.25    0.19    -0.31  0.006     3.49    -3.76    -0.14     0.20 20148    3.48   -3.70
  2    0.00    0.45     0.19  0.006     0.82    -4.68     0.04     0.20 20086    0.73   -4.71
 -2    0.44   -0.27     0.00  0.006     0.82    -4.68     0.04     0.20 20086    0.73   -4.71
 -1    0.55    0.55     0.21  0.010     4.17    -3.34     0.04     0.20 20134    4.07   -3.42
  1   -0.10   -0.17    -0.02  0.010     4.17    -3.34     0.04     0.20 20134    4.07   -3.42
  3    0.06   -0.76     0.28  0.199     3.59    -2.22     0.04     0.20 10012    3.54   -2.05
 -1    0.15   -0.06    -0.05  0.010     3.59    -2.22     0.04     0.20 10012    3.54   -2.05
 -1   -0.20   -0.51     1.15  0.010    -0.32     1.54     0.16     0.20 20038   -0.30    1.66
  1   -0.06   -0.91     0.80  0.010    -0.32     1.54     0.16     0.20 20038   -0.30    1.66
 -3    0.67   -0.12     0.43  0.199    -2.90     0.40     0.11     0.20 10140   -3.05    0.38
  1    0.32    0.25     0.24  0.010    -2.90     0.40     0.11     0.20 10140   -3.05    0.38
 -2    0.18    0.38     0.03  0.006    -1.63    -5.26    -0.10     0.20 20053   -1.60   -5.39
  1   -0.34    0.42    -0.66  0.010    -1.63    -5.26    -0.10     0.20 20053   -1.60   -5.39
  1    0.21    0.15     0.43  0.010     0.76     6.68     0.07     0.20 20068    0.77    6.56
 -1   -0.28    0.53    -0.05  0.010     0.76     6.68     0.07     0.20 20068    0.77    6.56
 -3    0.42   -0.16    -0.32  0.199    -1.03    -3.56    -0.08     0.21 10131   -1.05   -3.61
  3   -0.31    0.39    -0.15  0.199    -1.03    -3.56    -0.08     0.21 10131   -1.05   -3.61
 -2   -0.19   -0.49     0.01  0.006     0.12    -0.17    -0.01     0.21 10056    0.09   -0.00
  2    0.32   -0.28    -0.04  0.006     0.12    -0.17    -0.01     0.21 10056    0.09   -0.00
  2   -0.24    0.20     0.05  0.006     3.59    -1.99    -0.08     0.21 10012    3.54   -2.05
  2    0.14    0.06     0.05  0.006     3.59    -1.99    -0.08     0.21 10012    3.54   -2.05
  1    0.36    0.08    -0.53  0.010     3.59    -1.99    -0.08     0.21 10012    3.54   -2.05
  2    0.15    0.13     0.17  0.006    -0.05     0.23     0.12     0.21 20185    0.07    0.19
 -2   -0.95    0.14     0.63  0.006    -0.05     0.23     0.12     0.21 20185    0.07    0.19
  1    0.15   -0.45     1.03  0.010     0.15     2.71     0.12     0.21 10162    0.14    2.77
 -2   -0.04    0.01    -0.25  0.006     0.15     2.71     0.12     0.21 10162    0.14    2.77
  2   -0.30   -0.06     0.12  0.006     0.80    -3.02    -0.12     0.21 20025    0.88   -3.07
  2   -0.26    0.28    -0.72  0.006     0.80    -3.02    -0.12     0.21 20025    0.88   -3.07
  1   -0.03    0.17    -0.25  0.010     0.80    -3.02    -0.12     0.21 20025    0.88   -3.07
 -1    0.58   -0.40    -0.15  0.010    -2.05     1.56    -0.01     0.21 20176   -2.15    1.62
  1   -0.15    0.16     0.09  0.010    -2.05     1.56    -0.01     0.21 20176   -2.15    1.62
 -2   -0.65   -0.06     0.35  0.006     5.43     1.34     0.11     0.21 10143    5.60    1.35
  2   -0.46   -0.00     0.37  0.006     5.43     1.34     0.11     0.21 10143    5.60    1.35
 -1    0.34    0.13     0.48  0.010     1.42    -1.19     0.04     0.21 10171    1.35   -1.20
  3   -0.01   -0.07    -0.31  0.199     1.42    -1.19     0.04     0.21 10171    1.35   -1.20
 -1    0.24    0.14    -0.04  0.010     0.64    -4.72    -0.02     0.21 20086    0.73   -4.71
  2   -0.65   -0.18    -0.08  0.006     0.64    -4.72    -0.02     0.21 20086    0.73   -4.71
  2   -0.09    0.05     0.16  0.006     2.41    -3.64     0.03     0.21 20172    2.43   -3.68
  1   -0.11   -0.13    -0.30  0.010     2.41    -3.64     0.03     0.21 20172    2.43   -3.68
  2    0.13    0.28     0.31  0.006     2.41    -3.64     0.03     0.21 20172    2.43   -3.68
  1    0.29   -0.01     0.23  0.010    -0.99    -0.81     0.12     0.21 10049   -1.08   -0.78
  2    0.53   -0.38     0.33  0.006    -0.99    -0.81     0.12     0.21 10049   -1.08   -0.78
  1   -0.13    0.15     0.32  0.010    -0.99    -0.81     0.12     0.21 10049   -1.08   -0.78
  1   -0.16   -0.24    -0.01  0.010    -4.89     1.34     0.03     0.21 10062   -4.91    1.31
  2    0.04    0.29    -0.12  0.006    -4.89     1.34     0.03     0.21 10062   -4.91    1.31
  1    0.22    0.09     0.26  0.010    -4.89     1.34     0.03     0.21 10062   -4.91    1.31
  2    0.52   -0.01     0.66  0.006     5.62     1.41     0.15     0.21 10143    5.60    1.35
  2   -0.14    0.35     0.11  0.006     5.62     1.41     0.15     0.21 10143    5.60    1.35
  2   -0.22    0.25     0.57  0.006     5.62     1.41     0.15     0.21 10143    5.60    1.35
 -1    0.04    0.08    -0.12  0.010    -5.89    -0.75    -0.01     0.21 10090   -5.87   -0.74
 -2   -0.23   -0.34     0.28  0.006    -5.89    -0.75    -0.01     0.21 10090   -5.87   -0.74
 -1    0.10    0.20    -0.20  0.010    -5.89    -0.75    -0.01     0.21 10090   -5.87   -0.74
 -1   -0.28    0.26    -0.30  0.010     3.50    -2.00    -0.14     0.21 10012    3.54   -2.05
 -2    0.28    0.27    -0.51  0.006     3.50    -2.00    -0.14     0.21 10012    3.54   -2.05
 -3   -0.39   -0.12    -0.28  0.199     3.50    -2.00    -0.14     0.21 10012    3.54   -2.05
  2    0.26    0.15     0.50  0.006     0.51     0.19     0.07     0.21 10052    0.44    0.18
  2   -0.03    0.03    -0.27  0.006     0.51     0.19     0.07     0.21 10052    0.44    0.18
  1    0.11   -0.12     0.12  0.010     0.51     0.19     0.07     0.21 10052    0.44    0.18
 -1    0.95    0.33     0.70  0.010     1.52    -0.30     0.14     0.21 10193    1.40   -0.32
  1    0.02   -0.18     0.41  0.010     1.52    -0.30     0.14     0.21 10193    1.40   -0.32
  2   -0.22    0.37    -0.23  0.006     1.12     0.78    -0.14     0.21 20024    1.09    0.81
  2    0.16   -0.24    -0.51  0.006     1.12     0.78    -0.14     0.21 20024    1.09    0.81
  2    0.37   -0.32    -0.43  0.006     1.12     0.78    -0.14     0.21 20024    1.09    0.81
  2    0.02    0.70    -0.77  0.006    -2.47     5.21    -0.14     0.21 20127   -2.54    5.11
 -1    0.53    0.08    -0.34  0.010    -2.47     5.21    -0.14     0.21 20127   -2.54    5.11
 -2   -0.05    0.21     0.57  0.006     4.96     1.27     0.12     0.21 10135    5.02    1.19
 -1   -0.06   -0.17     0.07  0.010     4.96     1.27     0.12     0.21 10135    5.02    1.19
 -2   -0.26    0.48     0.12  0.006     4.96     1.27     0.12     0.21 10135    5.02    1.19
  2   -0.17   -0.35    -0.57  0.006     1.34    -0.43    -0.06     0.21 10193    1.40   -0.32
 -2   -0.10   -0.21     0.26  0.006     1.34    -0.43    -0.06     0.21 10193    1.40   -0.32
  2    0.17    0.18     0.56  0.006     1.67     0.57     0.05     0.21 10009    1.63    0.52
 -3    0.04    0.06    -0.32  0.199     1.67     0.57     0.05     0.21 10009    1.63    0.52
  2    0.02   -0.60     0.50  0.006     4.60    -5.88     0.07     0.21 20136    4.55   -5.77
 -2    0.24    0.03    -0.14  0.006     4.60    -5.88     0.07     0.21 20136    4.55   -5.77
  2    0.52   -0.19    -0.90  0.006    -3.30    -1.22    -0.14     0.21 20055   -3.40   -1.26
 -1    0.35    0.54    -0.31  0.010    -3.30    -1.22    -0.14     0.21 20055   -3.40   -1.26
 -1    0.55   -0.05     0.64  0.010    -2.01    -0.14     0.08     0.21 20014   -2.10   -0.11
  2   -0.08   -0.11    -0.21  0.006    -2.01    -0.14     0.08     0.21 20014   -2.10   -0.11
  1    0.17   -0.02    -0.01  0.010     0.19    -4.53     0.14     0.21 20132    0.28   -4.47
  2   -0.16   -0.22     0.35  0.006     0.19    -4.53     0.14     0.21 20132    0.28   -4.47
  1   -0.69   -0.21     0.75  0.010     0.19    -4.53     0.14     0.21 20132    0.28   -4.47
 -2   -0.06    0.27    -0.04  0.006    -1.17     2.65    -0.10     0.21 20060   -1.04    2.65
  2   -0.71   -0.27    -0.52  0.006    -1.17     2.65    -0.10     0.21 20060   -1.04    2.65
 -2    0.44    0.11     0.04  0.006     0.93     4.87     0.03     0.21 20156    0.94    4.83
  3   -0.44    0.08     0.12  0.199     0.93     4.87     0.03     0.21 20156    0.94    4.83
  1    0.30   -0.08     0.35  0.010     1.35     4.51     0.07     0.21 10117    1.33    4.45
  2   -0.15    0.01    -0.11  0.006     1.35     4.51     0.07     0.21 10117    1.33    4.45
  1   -0.08    0.38     0.12  0.010     1.35     4.51     0.07     0.21 10117    1.33    4.45
  1    0.17    0.24    -0.42  0.010    -7.20     3.52    -0.02     0.21 20043   -7.21    3.41
 -2   -0.12    0.24     0.33  0.006    -7.20     3.52    -0.02     0.21 20043   -7.21    3.41
 -3   -0.21   -0.35    -0.03  0.199    -2.85     4.36    -0.14     0.21 10081   -2.86    4.47
  1    0.27   -0.47    -1.00  0.010    -2.85     4.36    -0.14     0.21 10081   -2.86    4.47
 -2    0.52   -0.32     0.06  0.006     4.84     2.77     0.04     0.21 20081    4.66    2.87
  2    0.30   -0.13     0.12  0.006     4.84     2.77     0.04     0.21 20081    4.66    2.87
  2    0.11    0.03    -0.48  0.006     5.79     0.92    -0.05     0.21 20137    5.84    0.91
  2   -0.12   -0.11    -0.01  0.006     5.79     0.92    -0.05     0.21 20137    5.84    0.91
  1   -0.20    0.15     0.24  0.010     5.79     0.92    -0.05     0.21 20137    5.84    0.91
 -2    0.47   -0.26     0.01  0.006     2.06     4.69    -0.02     0.21 20113    1.88    4.80
  2    0.32   -0.21    -0.10  0.006     2.06     4.69    -0.02     0.21 20113    1.88    4.80
 -2   -0.41   -0.19     0.23  0.006    -1.38    -0.34     0.01     0.21 10195   -1.21   -0.33
  2   -0.34    0.16    -0.20  0.006    -1.38    -0.34     0.01     0.21 10195   -1.21   -0.33
  1    0.19   -0.08     0.15  0.010    -1.64     3.54     0.15     0.21 10142   -1.62    3.50
  1    0.09   -0.25     0.32  0.010    -1.64     3.54     0.15     0.21 10142   -1.62    3.50
  1   -0.43    0.67     0.74  0.010    -1.64     3.54     0.15     0.21 10142   -1.62    3.50
 -3    0.62    0.10    -0.27  0.199    -3.16    -0.65    -0.09     0.21 20171   -3.24   -0.62
  2   -0.23   -0.26    -0.20  0.006    -3.16    -0.65    -0.09     0.21 20171   -3.24   -0.62
  2   -0.21   -0.35    -0.23  0.006    -2.72    -1.17    -0.07     0.21 20003   -2.58   -1.15
 -1   -0.50    0.24    -0.10  0.010    -2.72    -1.17    -0.07     0.21 20003   -2.58   -1.15
 -2   -0.77    0.03     0.88  0.006     3.81     4.23     0.13     0.21 20027    3.91    4.20
  1    0.07    0.23    -0.05  0.010     3.81     4.23     0.13     0.21 20027    3.91    4.20
 -3    0.54   -0.05     0.15  0.199    -1.30    -5.48     0.11     0.21 20039   -1.31   -5.48
  2   -0.44    0.04     0.51  0.006    -1.30    -5.48     0.11     0.21 20039   -1.31   -5.48
  2   -0.43    0.12    -0.03  0.006    -4.22    -3.97    -0.06     0.21 20151   -4.19   -4.00
  2    0.29   -0.14    -0.17  0.006    -4.22    -3.97    -0.06     0.21 20151   -4.19   -4.00
  1   -0.00    0.18    -0.07  0.010    -4.22    -3.97    -0.06     0.21 20151   -4.19   -4.00
  1   -0.30   -0.23    -0.09  0.010     7.04     1.78     0.06     0.21 10100    7.08    1.76
  1    0.05    0.38     0.24  0.010     7.04     1.78     0.06     0.21 10100    7.08    1.76
  2    0.09   -0.01     0.14  0.006     7.04     1.78     0.06     0.21 10100    7.08    1.76
  1    0.13    0.08     0.10  0.010    -1.58    -0.68    -0.04     0.21 10192   -1.45   -0.72
 -1   -0.72    0.08    -0.30  0.010    -1.58    -0.68    -0.04     0.21 10192   -1.45   -0.72
  1    0.28    0.35     0.14  0.010     0.87     4.27     0.16     0.21 10178    0.82    4.23
  1    0.12    0.14    -0.00  0.010     0.87     4.27     0.16     0.21 10178    0.82    4.23
  2    0.10   -0.13     1.58  0.006     0.87     4.27     0.16     0.21 10178    0.82    4.23
  2   -0.08    0.15    -0.22  0.006     3.17     2.94     0.07     0.21 10082    3.18    2.89
  1   -0.06   -0.20     0.19  0.010     3.17     2.94     0.07     0.21 10082    3.18    2.89
  1    0.10    0.28     0.35  0.010     3.17     2.94     0.07     0.21 10082    3.18    2.89
 -1   -0.11   -0.42     0.13  0.010    -0.40     0.30    -0.04     0.21 10164   -0.31    0.33
  1   -0.28    0.28    -0.32  0.010    -0.40     0.30    -0.04     0.21 10164   -0.31    0.33
  2    0.18   -0.31     0.24  0.006    -0.63    -2.03    -0.07     0.21 20004   -0.64   -1.98
 -1   -0.12    0.08    -0.60  0.010    -0.63    -2.03    -0.07     0.21 20004   -0.64   -1.98
 -1    0.16    0.13     0.27  0.010    -1.02    -3.73     0.10     0.21 10131   -1.05   -3.61
  1    0.00   -0.79     0.28  0.010    -1.02    -3.73     0.10     0.21 10131   -1.05   -3.61
  2    0.31   -0.26     0.44  0.006     0.02    -4.29     0.04     0.21 10024   -0.06   -4.28
 -2    0.05    0.21    -0.28  0.006     0.02    -4.29     0.04     0.21 10024   -0.06   -4.28
  1    0.43   -0.08     0.30  0.010    -0.84    -1.31     0.15     0.22 20074   -0.86   -1.31
  1   -0.13    0.04     1.02  0.010    -0.84    -1.31     0.15     0.22 20074   -0.86   -1.31
  1   -0.13    0.06    -0.12  0.010    -0.84    -1.31     0.15     0.22 20074   -0.86   -1.31
 -1   -0.33   -0.09    -0.25  0.010    -3.49     2.46     0.03     0.22 20098   -3.47    2.44
  3    0.24    0.17     0.37  0.199    -3.49     2.46     0.03     0.22 20098   -3.47    2.44
 -3    0.11    0.18     0.19  0.199     4.63     2.94    -0.10     0.22 20081    4.66    2.87
  1   -0.31    0.17    -0.77  0.010     4.63     2.94    -0.10     0.22 20081    4.66    2.87
 -1    0.64    0.22     0.01  0.010    -5.73    -0.72     0.07     0.22 10090   -5.87   -0.74
  1    0.01   -0.13     0.30  0.010    -5.73    -0.72     0.07     0.22 10090   -5.87   -0.74
  2   -0.27    0.40    -0.19  0.006     3.65     4.02     0.02     0.22 10093    3.77    3.90
 -2   -0.25    0.12     0.29  0.006     3.65     4.02     0.02     0.22 10093    3.77    3.90
 -2    0.37    0.31    -0.92  0.006    -0.75    -1.32    -0.17     0.22 20074   -0.86   -1.31
  2    0.90   -0.37    -1.03  0.006    -0.75    -1.32    -0.17     0.22 20074   -0.86   -1.31
  2    0.16    0.02     0.37  0.006     1.17    -2.89     0.16     0.22 10105    1.20   -2.85
  2    0.05    0.00     0.80  0.006     1.17    -2.89     0.16     0.22 10105    1.20   -2.85
  2   -0.54   -0.39     0.20  0.006     1.17    -2.89     0.16     0.22 10105    1.20   -2.85
 -2    0.19    0.58     0.05  0.006    -4.13     0.86     0.00     0.22 20129   -4.17    0.79
  2   -0.02   -0.29    -0.04  0.006    -4.13     0.86     0.00     0.22 20129   -4.17    0.79
  1   -0.04    0.12     0.58  0.010     3.47     3.05     0.07     0.22 10046    3.52    2.99
 -3   -0.21    0.17    -0.26  0.199     3.47     3.05     0.07     0.22 10046    3.52    2.99
  2   -0.42   -0.25     0.18  0.006     1.27     1.45    -0.01     0.22 20124    1.32    1.55
 -3    0.20   -0.15    -0.23  0.199     1.27     1.45    -0.01     0.22 20124    1.32    1.55
 -1    0.42    0.25    -0.14  0.010     0.81     2.49    -0.01     0.22 10136    0.78    2.38
  1   -0.33    0.21     0.10  0.010     0.81     2.49    -0.01     0.22 10136    0.78    2.38
 -2    0.29   -0.41     0.14  0.006     3.94     1.02     0.05     0.22 10128    3.97    1.10
  1   -0.42    0.06     0.07  0.010     3.94     1.02     0.05     0.22 10128    3.97    1.10
 -1    0.03    0.62    -0.07  0.010    -1.47    -4.88    -0.09     0.22 10057   -1.43   -4.98
  1   -0.26   -0.10    -0.40  0.010    -1.47    -4.88    -0.09     0.22 10057   -1.43   -4.98
 -2   -0.57   -0.19    -0.02  0.006    -2.45     2.78    -0.03     0.22 10165   -2.34    2.75
  2    0.08    0.30    -0.11  0.006    -2.45     2.78    -0.03     0.22 10165   -2.34    2.75
 -2    0.06   -0.12     0.23  0.006     0.51    -2.71    -0.07     0.22 20009    0.42   -2.75
  2    0.37    0.32    -0.58  0.006     0.51    -2.71    -0.07     0.22 20009    0.42   -2.75
  3   -0.47   -0.01     0.47  0.199     3.44    -3.67     0.14     0.22 20148    3.48   -3.70
  2    0.30    0.35     0.44  0.006     3.44    -3.67     0.14     0.22 20148    3.48   -3.70
  1   -0.10   -0.13     0.03  0.010     3.44    -3.67     0.14     0.22 20148    3.48   -3.70
  2   -0.16   -0.40     0.51  0.006    -3.14    -0.09     0.06     0.22 20077   -3.13    0.03
 -2    0.12   -0.12    -0.25  0.006    -3.14    -0.09     0.06     0.22 20077   -3.13    0.03
 -1   -0.41   -0.38     0.20  0.010    -6.23    -3.22    -0.02     0.22 20061   -6.16   -3.15
  2    0.12    0.08    -0.28  0.006    -6.23    -3.22    -0.02     0.22 20061   -6.16   -3.15
  1    0.20    0.28    -0.37  0.010     1.59    -4.58    -0.07     0.22 20067    1.58   -4.62
  2    0.10    0.10     0.04  0.006     1.59    -4.58    -0.07     0.22 20067    1.58   -4.62
  1   -0.28   -0.22    -0.00  0.010     1.59    -4.58    -0.07     0.22 20067    1.58   -4.62
 -2    0.32   -0.30    -0.23  0.006    -2.35     3.07     0.02     0.22 20138   -2.46    3.09
  1    0.14    0.23     0.32  0.010    -2.35     3.07     0.02     0.22 20138   -2.46    3.09
  1   -0.01    0.89    -0.65  0.010    -0.84    -2.00    -0.17     0.22 20022   -0.86   -2.06
  1    0.01   -0.14    -0.69  0.010    -0.84    -2.00    -0.17     0.22 20022   -0.86   -2.06
  1    0.17   -0.08    -0.40  0.010    -0.84    -2.00    -0.17     0.22 20022   -0.86   -2.06
  3    0.06    0.33    -0.97  0.199    -5.86    -4.17    -0.14     0.22 20046   -5.94   -4.22
 -1    0.49    0.05    -0.03  0.010    -5.86    -4.17    -0.14     0.22 20046   -5.94   -4.22
  2    0.44    0.51     0.27  0.006     3.54     3.06     0.17     0.22 10046    3.52    2.99
  1   -0.09    0.13     0.85  0.010     3.54     3.06     0.17     0.22 10046    3.52    2.99
  1   -0.17    0.12     0.57  0.010     3.54     3.06     0.17     0.22 10046    3.52    2.99
  1    0.15   -0.30     0.41  0.010    -1.85     4.41     0.16     0.22 10050   -1.84    4.38
  1   -0.07    0.74     0.75  0.010    -1.85     4.41     0.16     0.22 10050   -1.84    4.38
  1   -0.17   -0.18     0.26  0.010    -1.85     4.41     0.16     0.22 10050   -1.84    4.38
 -1    0.17   -0.15    -0.08  0.010    -2.80    -2.93     0.04     0.22 20192   -2.79   -3.04
  2   -0.19    0.60     0.26  0.006    -2.80    -2.93     0.04     0.22 20192   -2.79   -3.04
  3    0.03   -0.28    -0.24  0.199    -1.47     4.21    -0.03     0.22 20106   -1.50    4.17
 -1    0.12    0.47     0.11  0.010    -1.47     4.21    -0.03     0.22 20106   -1.50    4.17
 -2   -0.39   -0.15     0.49  0.006    -2.13     4.42     0.10     0.22 20054   -2.08    4.46
 -1   -0.08    0.15    -0.10  0.010    -2.13     4.42     0.10     0.22 20054   -2.08    4.46
 -2    0.17   -0.19     0.12  0.006    -2.13     4.42     0.10     0.22 20054   -2.08    4.46
  1   -0.28   -0.02     0.24  0.010     3.00     2.18    -0.07     0.22 10029    3.05    2.22
 -3    0.06   -0.18    -0.57  0.199     3.00     2.18    -0.07     0.22 10029    3.05    2.22
 -1    0.10    0.21     0.07  0.010     1.82     4.68     0.05     0.22 10114    1.82    4.79
  2   -0.09   -0.68     0.17  0.006     1.82     4.68     0.05     0.22 10114    1.82    4.79
  1   -0.22   -0.00    -0.10  0.010    -1.52     1.25     0.16     0.22 10175   -1.45    1.23
  2    0.09    0.25     0.79  0.006    -1.52     1.25     0.16     0.22 10175   -1.45    1.23
  2   -0.47   -0.04     0.80  0.006    -1.52     1.25     0.16     0.22 10175   -1.45    1.23
  1    0.24   -0.08    -0.22  0.010     0.68     6.51    -0.15     0.22 20068    0.77    6.56
 -2   -0.90   -0.30    -0.86  0.006     0.68     6.51    -0.15     0.22 20068    0.77    6.56
  1    0.67    0.43    -0.55  0.010     0.66    -0.81    -0.12     0.22 20131    0.58   -0.91
 -1   -0.23    0.10    -0.12  0.010     0.66    -0.81    -0.12     0.22 20131    0.58   -0.91
 -2    0.24   -0.13    -0.19  0.006     2.39    -4.59    -0.06     0.22 10139    2.47   -4.58
  1   -0.62    0.10    -0.08  0.010     2.39    -4.59    -0.06     0.22 10139    2.47   -4.58
 -2   -0.62    0.05    -0.22  0.006     0.62     2.40    -0.12     0.22 10136    0.78    2.38
  3   -0.32    0.06    -0.50  0.199     0.62     2.40    -0.12     0.22 10136    0.78    2.38
  1   -0.24    0.00     0.22  0.010    -5.89    -0.63     0.17     0.22 10090   -5.87   -0.74
  2    0.11    0.67     1.26  0.006    -5.89    -0.63     0.17     0.22 10090   -5.87   -0.74
  1   -0.05    0.26     0.03  0.010    -5.89    -0.63     0.17     0.22 10090   -5.87   -0.74
  2   -0.00    0.26     0.40  0.006    -0.06    -4.26     0.02     0.22 10024   -0.06   -4.28
 -3    0.01   -0.17    -0.32  0.199    -0.06    -4.26     0.02     0.22 10024   -0.06   -4.28
  1   -0.14    0.21    -0.13  0.010     2.14    -2.65    -0.09     0.22 10182    2.12   -2.70
  2    0.10   -0.33    -0.18  0.006     2.14    -2.65    -0.09     0.22 10182    2.12   -2.70
  1    0.14    0.35    -0.14  0.010     2.14    -2.65    -0.09     0.22 10182    2.12   -2.70
 -1   -0.01   -0.24    -0.18  0.010    -0.33     1.74    -0.01     0.22 20038   -0.30    1.66
  1   -0.08    0.56     0.15  0.010    -0.33     1.74    -0.01     0.22 20038   -0.30    1.66
  1    0.03   -0.46    -0.71  0.010    -1.98    -0.16    -0.10     0.22 20082   -2.02   -0.04
 -1    0.19   -0.12     0.18  0.010    -1.98    -0.16    -0.10     0.22 20082   -2.02   -0.04
  2    0.80    0.20    -1.30  0.006     0.85     6.62    -0.17     0.22 20068    0.77    6.56
  1   -0.06    0.09    -0.12  0.010     0.85     6.62    -0.17     0.22 20068    0.77    6.56
  2    0.00    0.29    -0.08  0.006     0.85     6.62    -0.17     0.22 20068    0.77    6.56
  2   -0.20   -0.18    -0.08  0.006     0.54     0.73     0.07     0.22 10151    0.71    0.80
 -3   -0.53   -0.14     0.41  0.199     0.54     0.73     0.07     0.22 10151    0.71    0.80
 -1    0.59   -0.04     0.94  0.010     2.63    -0.43     0.14     0.22 10177    2.59   -0.44
  2   -0.34    0.14     0.01  0.006     2.63    -0.43     0.14     0.22 10177    2.59   -0.44
  3    0.10   -0.24     0.09  0.199     0.55    -4.61     0.16     0.22 20036    0.58   -4.56
  2   -0.34   -0.46     1.06  0.006     0.55    -4.61     0.16     0.22 20036    0.58   -4.56
  1    0.02    0.26     0.23  0.010     0.55    -4.61     0.16     0.22 20036    0.58   -4.56
  2   -0.14    0.14     0.50  0.006     1.00     6.04     0.10     0.22 10099    0.95    6.01
  2    0.29    0.12    -0.16  0.006     1.00     6.04     0.10     0.22 10099    0.95    6.01
  1    0.08   -0.11     0.14  0.010     1.00     6.04     0.10     0.22 10099    0.95    6.01
 -2    0.19    0.41    -0.09  0.006    -0.65    -0.90    -0.06     0.22 20010   -0.59   -0.99
  2   -0.46   -0.01    -0.16  0.006    -0.65    -0.90    -0.06     0.22 20010   -0.59   -0.99
  1   -0.52    0.06    -0.24  0.010    -1.19    -1.91    -0.15     0.22 20182   -1.10   -1.84
 -3   -0.08   -0.56    -0.85  0.199    -1.19    -1.91    -0.15     0.22 20182   -1.10   -1.84
  1    0.10   -0.34    -0.08  0.010     3.51    -2.10    -0.09     0.22 20089    3.39   -2.11
 -2    0.46    0.38    -0.35  0.006     3.51    -2.10    -0.09     0.22 20089    3.39   -2.11
 -1    0.04   -0.27    -0.18  0.010     1.23     1.26    -0.12     0.22 20169    1.23    1.18
 -2    0.15    0.31    -0.21  0.006     1.23     1.26    -0.12     0.22 20169    1.23    1.18
 -2   -0.18    0.37    -0.23  0.006     1.23     1.26    -0.12     0.22 20169    1.23    1.18
 -1    0.36    0.05    -0.60  0.010     3.23     2.83    -0.11     0.23 10082    3.18    2.89
  3   -0.09   -0.36     0.06  0.199     3.23     2.83    -0.11     0.23 10082    3.18    2.89
 -3   -0.33   -0.38     0.05  0.199     3.91     4.15     0.05     0.23 20027    3.91    4.20
  2    0.30    0.18     0.17  0.006     3.91     4.15     0.05     0.23 20027    3.91    4.20
 -1    0.20    0.02    -0.18  0.010     0.67     1.83     0.03     0.23 10068    0.63    1.69
  1   -0.05    0.53     0.31  0.010     0.67     1.83     0.03     0.23 10068    0.63    1.69
 -3   -0.47    0.05    -0.04  0.199     1.11    -4.11    -0.09     0.23 20076    1.17   -4.18
  1    0.22    0.28    -0.41  0.010     1.11    -4.11    -0.09     0.23 20076    1.17   -4.18
  1   -0.51   -0.00    -0.26  0.010     1.71    -1.79    -0.07     0.23 10001    1.79   -1.87
 -1    0.17    0.36    -0.06  0.010     1.71    -1.79    -0.07     0.23 10001    1.79   -1.87
 -1   -0.17    0.03    -0.05  0.010     4.07    -0.64    -0.14     0.23 20037    3.98   -0.55
  1    0.71   -0.57    -0.83  0.010     4.07    -0.64    -0.14     0.23 20037    3.98   -0.55
  1   -0.32    0.05     0.52  0.010    -2.48     6.35     0.10     0.23 10010   -2.45    6.39
  1    0.25   -0.07    -0.09  0.010    -2.48     6.35     0.10     0.23 10010   -2.45    6.39
  2   -0.10   -0.17     0.07  0.006    -2.48     6.35     0.10     0.23 10010   -2.45    6.39
  1    0.43    0.20    -1.50  0.010     1.60     5.06    -0.20     0.23 20031    1.51    5.06
  2    1.13   -0.27    -1.65  0.006     1.60     5.06    -0.20     0.23 20031    1.51    5.06
  1    0.09    0.11    -0.57  0.010     1.60     5.06    -0.20     0.23 20031    1.51    5.06
 -2   -0.19   -0.05     0.21  0.006    -3.47     2.42     0.09     0.23 20098   -3.47    2.44
 -1    0.34   -0.26     0.02  0.010    -3.47     2.42     0.09     0.23 20098   -3.47    2.44
 -2   -0.16    0.21     0.17  0.006    -3.47     2.42     0.09     0.23 20098   -3.47    2.44
 -2   -0.25   -0.31    -0.25  0.006     1.05    -1.70     0.03     0.23 10016    1.15   -1.63
  1   -0.15    0.01     0.39  0.010     1.05    -1.70     0.03     0.23 10016    1.15   -1.63
 -2   -0.34    0.13     0.25  0.006     5.83     1.01     0.18     0.23 20137    5.84    0.91
  3    0.26    0.96     1.66  0.199     5.83     1.01     0.18     0.23 20137    5.84    0.91
  2   -0.27    0.36    -0.14  0.006    -4.97    -1.10    -0.12     0.23 20195   -5.00   -1.17
  2    0.32    0.17    -0.41  0.006    -4.97    -1.10    -0.12     0.23 20195   -5.00   -1.17
  1    0.13   -0.12    -0.13  0.010    -4.97    -1.10    -0.12     0.23 20195   -5.00   -1.17
 -1    0.19   -0.78     0.94  0.010    -2.26    -0.83     0.15     0.23 10084   -2.32   -0.71
  3    0.22   -0.01     0.08  0.199    -2.26    -0.83     0.15     0.23 10084   -2.32   -0.71
 -2   -0.66   -0.01     0.24  0.006     0.36     0.14     0.13     0.23 10052    0.44    0.18
  3    0.17   -0.17     0.49  0.199     0.36     0.14     0.13     0.23 10052    0.44    0.18
 -1    0.13    0.28    -0.11  0.010    -0.58    -2.04     0.02     0.23 20004   -0.64   -1.98
  1    0.09   -0.50     0.20  0.010    -0.58    -2.04     0.02     0.23 20004   -0.64   -1.98
  2   -0.15    0.29    -0.28  0.006    -1.98     4.50    -0.14     0.23 20054   -2.08    4.46
 -3    0.76   -0.06    -0.61  0.199    -1.98     4.50    -0.14     0.23 20054   -2.08    4.46
  3    0.22    0.64     0.53  0.199    -2.47     6.47     0.14     0.23 10010   -2.45    6.39
 -2   -0.38   -0.10     0.35  0.006    -2.47     6.47     0.14     0.23 10010   -2.45    6.39
  2    0.30    0.00     0.42  0.006     1.56    -4.55     0.09     0.23 20067    1.58   -4.62
 -1   -0.41    0.31    -0.00  0.010     1.56    -4.55     0.09     0.23 20067    1.58   -4.62
  2   -0.03   -0.26    -0.08  0.006    -3.22     1.18     0.11     0.23 20118   -3.10    1.25
 -1   -0.57   -0.07     0.65  0.010    -3.22     1.18     0.11     0.23 20118   -3.10    1.25
 -3    0.08   -0.09    -0.64  0.199    -0.20    -5.08    -0.08     0.23 10147   -0.20   -5.04
  2   -0.07   -0.07     0.29  0.006    -0.20    -5.08    -0.08     0.23 10147   -0.20   -5.04
  3    0.05   -0.24    -0.58  0.199    -1.53    -0.53    -0.16     0.23 20090   -1.54   -0.53
  1    0.27   -0.08    -0.50  0.010    -1.53    -0.53    -0.16     0.23 20090   -1.54   -0.53
  1   -0.21    0.38    -0.09  0.010    -1.53    -0.53    -0.16     0.23 20090   -1.54   -0.53
 -1   -0.13    0.70     0.54  0.010     0.73     2.49     0.11     0.23 10136    0.78    2.38
  1   -0.15   -0.17     0.00  0.010     0.73     2.49     0.11     0.23 10136    0.78    2.38
  1    0.20    0.31     0.25  0.010    -2.27    -1.24     0.15     0.23 20012   -2.29   -1.27
  1   -0.02   -0.43     0.38  0.010    -2.27    -1.24     0.15     0.23 20012   -2.29   -1.27
  2   -0.11    0.32     0.37  0.006    -2.27    -1.24     0.15     0.23 20012   -2.29   -1.27
  3    0.22    0.42     0.32  0.199     0.90     6.10     0.16     0.23 10099    0.95    6.01
 -2   -0.58    0.30     0.89  0.006     0.90     6.10     0.16     0.23 10099    0.95    6.01
  1   -0.20   -0.18    -0.23  0.010     1.24     2.28    -0.02     0.23 10122    1.17    2.28
 -1    0.47    0.15     0.16  0.010     1.24     2.28    -0.02     0.23 10122    1.17    2.28
  3   -0.22    0.42     0.46  0.199     0.72    -4.60     0.07     0.23 20086    0.73   -4.71
 -2    0.21    0.05    -0.16  0.006     0.72    -4.60     0.07     0.23 20086    0.73   -4.71
  2    0.30   -0.19     0.15  0.006     2.76    -3.55    -0.06     0.23 20101    2.75   -3.57
 -2   -0.24    0.27    -0.41  0.006     2.76    -3.55    -0.06     0.23 20101    2.75   -3.57
 -2    0.19   -0.03     0.59  0.006    -1.75     4.41     0.08     0.23 10050   -1.84    4.38
  1    0.19    0.13    -0.26  0.010    -1.75     4.41     0.08     0.23 10050   -1.84    4.38
  2   -0.02   -0.20     0.72  0.006     8.11     0.47     0.13     0.23 10073    8.17    0.57
 -2   -0.36   -0.39     0.01  0.006     8.11     0.47     0.13     0.23 10073    8.17    0.57
  2   -0.40   -0.08     0.03  0.006     3.73     2.65     0.04     0.23 10157    3.73    2.61
 -1    0.41    0.21     0.10  0.010     3.73     2.65     0.04     0.23 10157    3.73    2.61
  1   -0.02   -0.10     0.04  0.010    -4.09     5.41     0.02     0.23 20125   -3.91    5.35
 -3   -0.64    0.35     0.05  0.199    -4.09     5.41     0.02     0.23 20125   -3.91    5.35
 -2   -0.09    0.52    -0.03  0.006     3.66     2.67     0.01     0.23 10157    3.73    2.61
  1   -0.14   -0.29     0.06  0.010     3.66     2.67     0.01     0.23 10157    3.73    2.61
 -1    0.30    0.20    -0.28  0.010    -1.63    -0.93    -0.08     0.23 20083   -1.66   -0.88
  3   -0.17   -0.42    -0.04  0.199    -1.63    -0.93    -0.08     0.23 20083   -1.66   -0.88
  2    0.10    0.49    -0.28  0.006    -3.09     0.05    -0.11     0.23 20077   -3.13    0.03
  2    0.15   -0.30    -0.16  0.006    -3.09     0.05    -0.11     0.23 20077   -3.13    0.03
  1   -0.08   -0.10    -0.06  0.010    -3.09     0.05    -0.11     0.23 20077   -3.13    0.03
 -2    0.27    0.24     0.20  0.006    -1.94     4.62     0.09     0.23 20054   -2.08    4.46
  1    0.32    0.46     0.19  0.010    -1.94     4.62     0.09     0.23 20054   -2.08    4.46
  1   -0.18    0.07     0.15  0.010     4.33    -6.40    -0.04     0.23 10129    4.24   -6.36
 -1    0.50   -0.23    -0.32  0.010     4.33    -6.40    -0.04     0.23 10129    4.24   -6.36
  1    0.50   -0.01    -0.53  0.010     0.93    -3.59    -0.12     0.23 20196    0.90   -3.59
 -3   -0.35    0.01    -0.04  0.199     0.93    -3.59    -0.12     0.23 20196    0.90   -3.59
  1    0.29    0.27    -0.05  0.010    -1.47    -0.60     0.08     0.23 10192   -1.45   -0.72
 -2   -0.36    0.21     0.39  0.006    -1.47    -0.60     0.08     0.23 10192   -1.45   -0.72
 -3   -0.66   -0.19     0.11  0.199    -1.79     3.41     0.05     0.23 10142   -1.62    3.50
  2    0.03   -0.14     0.07  0.006    -1.79     3.41     0.05     0.23 10142   -1.62    3.50
  1   -0.49    0.14     0.21  0.010    -2.32    -4.85     0.04     0.23 10043   -2.26   -4.90
 -2    0.30    0.05    -0.08  0.006    -2.32    -4.85     0.04     0.23 10043   -2.26   -4.90
  2    0.27    0.04    -0.06  0.006    -2.31     3.16     0.05     0.23 10110   -2.27    3.05
 -2   -0.40    0.39     0.27  0.006    -2.31     3.16     0.05     0.23 10110   -2.27    3.05
 -2   -0.12    0.44     0.31  0.006     1.18    -2.85     0.10     0.23 10105    1.20   -2.85
  2    0.04   -0.46     0.13  0.006     1.18    -2.85     0.10     0.23 10105    1.20   -2.85
  1   -0.05   -0.23     0.35  0.010     1.50     0.21     0.01     0.23 10028    1.48    0.20
 -1    0.10    0.29    -0.30  0.010     1.50     0.21     0.01     0.23 10028    1.48    0.20
  1   -0.08   -0.07     0.45  0.010    -1.54     4.27     0.18     0.23 20106   -1.50    4.17
  2   -0.09    0.22     0.00  0.006    -1.54     4.27     0.18     0.23 20106   -1.50    4.17
  2   -0.14    0.76     1.20  0.006    -1.54     4.27     0.18     0.23 20106   -1.50    4.17
  2    0.20    0.09     0.15  0.006     1.17    -4.28    -0.05     0.23 20076    1.17   -4.18
 -2   -0.18   -0.47    -0.34  0.006     1.17    -4.28    -0.05     0.23 20076    1.17   -4.18
 -3    0.16    0.17    -0.37  0.199    -0.11    -3.92    -0.14     0.23 10011   -0.12   -3.82
  2   -0.06   -0.70    -0.37  0.006    -0.11    -3.92    -0.14     0.23 10011   -0.12   -3.82
  2   -0.11    0.17     0.20  0.006     5.14     1.18     0.07     0.23 10135    5.02    1.19
 -2    0.59   -0.22     0.07  0.006     5.14     1.18     0.07     0.23 10135    5.02    1.19
 -1   -0.07   -0.45    -0.27  0.010    -3.27     2.92    -0.04     0.23 20052   -3.18    3.00
  2   -0.28    0.15     0.11  0.006    -3.27     2.92    -0.04     0.23 20052   -3.18    3.00
  2   -0.20    0.02     0.38  0.006    -2.03    -0.32     0.14     0.23 10154   -2.11   -0.30
  1    0.13    0.03     0.29  0.010    -2.03    -0.32     0.14     0.23 10154   -2.11   -0.30
  2    0.48   -0.19     0.07  0.006    -2.03    -0.32     0.14     0.23 10154   -2.11   -0.30
 -1   -0.15    0.88    -0.57  0.010     1.55    -4.48    -0.14     0.23 20067    1.58   -4.62
  2   -0.03   -0.12    -0.25  0.006     1.55    -4.48    -0.14     0.23 20067    1.58   -4.62
  2    0.67   -0.38    -0.76  0.006    -1.35     4.10    -0.16     0.23 20106   -1.50    4.17
 -2    0.36   -0.11    -0.31  0.006    -1.35     4.10    -0.16     0.23 20106   -1.50    4.17
 -1   -0.33    0.17     0.35  0.010    -2.23     3.12     0.12     0.23 10110   -2.27    3.05
  3    0.52    0.20     0.25  0.199    -2.23     3.12     0.12     0.23 10110   -2.27    3.05
 -1   -0.40    0.11    -0.14  0.010     0.87     4.77     0.02     0.23 20156    0.94    4.83
  1    0.16   -0.32     0.20  0.010     0.87     4.77     0.02     0.23 20156    0.94    4.83
 -2    0.13   -0.50     0.44  0.006    -0.29    -1.43     0.14     0.23 10194   -0.33   -1.43
  1    0.13    0.52     0.36  0.010    -0.29    -1.43     0.14     0.23 10194   -0.33   -1.43
  2    0.46    0.20     0.05  0.006    -1.35    -3.21     0.11     0.23 20062   -1.40   -3.28
 -3   -0.26    0.12     0.45  0.199    -1.35    -3.21     0.11     0.23 20062   -1.40   -3.28
  1   -0.27    0.55    -0.44  0.010     1.83     4.91    -0.08     0.23 20113    1.88    4.80
 -1    0.06   -0.12     0.13  0.010     1.83     4.91    -0.08     0.23 20113    1.88    4.80
  2    0.04    0.04    -0.53  0.006     4.35    -6.37    -0.10     0.24 10129    4.24   -6.36
 -3    0.40   -0.07     0.12  0.199     4.35    -6.37    -0.10     0.24 10129    4.24   -6.36
 -1   -0.56   -0.07     0.15  0.010    -1.16    -0.85     0.09     0.24 10049   -1.08   -0.78
  2    0.23   -0.23     0.24  0.006    -1.16    -0.85     0.09     0.24 10049   -1.08   -0.78
  1   -0.09    0.19     0.00  0.010     0.94     5.92    -0.15     0.24 10099    0.95    6.01
  2   -0.01   -0.10    -0.35  0.006     0.94     5.92    -0.15     0.24 10099    0.95    6.01
  1    0.04   -0.61    -0.53  0.010     0.94     5.92    -0.15     0.24 10099    0.95    6.01
 -2    0.40   -0.29     0.37  0.006    -0.57    -1.03     0.10     0.24 20010   -0.59   -0.99
  3   -0.31    0.14     0.05  0.199    -0.57    -1.03     0.10     0.24 20010   -0.59   -0.99
  2    0.15    0.54    -0.07  0.006     3.50     3.08    -0.12     0.24 10046    3.52    2.99
 -1   -0.23   -0.07    -0.51  0.010     3.50     3.08    -0.12     0.24 10046    3.52    2.99
  2   -0.40   -0.27     0.01  0.006     6.78     0.77    -0.01     0.24 10064    6.80    0.82
 -2    0.33    0.09    -0.05  0.006     6.78     0.77    -0.01     0.24 10064    6.80    0.82
 -1    0.32    0.23    -0.10  0.010    -1.82     4.42     0.06     0.24 10050   -1.84    4.38
  3   -0.28   -0.09     0.34  0.199    -1.82     4.42     0.06     0.24 10050   -1.84    4.38
  2    0.00    0.21    -0.31  0.006     0.82     6.51    -0.03     0.24 20068    0.77    6.56
 -1    0.19   -0.38     0.20  0.010     0.82     6.51    -0.03     0.24 20068    0.77    6.56
  1   -0.36   -0.09     0.46  0.010    -0.21    -0.31     0.11     0.24 20189   -0.18   -0.33
  2    0.21    0.19     0.19  0.006    -0.21    -0.31     0.11     0.24 20189   -0.18   -0.33
  2    0.06   -0.03    -0.13  0.006    -0.21    -0.31     0.11     0.24 20189   -0.18   -0.33
  2   -0.20    0.45    -0.73  0.006     1.28     1.65    -0.12     0.24 20124    1.32    1.55
 -2   -0.02    0.04     0.20  0.006     1.28     1.65    -0.12     0.24 20124    1.32    1.55
  2   -0.37   -0.01    -0.18  0.006    -0.67    -1.91     0.00     0.24 20004   -0.64   -1.98
 -1    0.26    0.27     0.19  0.010    -0.67    -1.91     0.00     0.24 20004   -0.64   -1.98
  1    0.02   -0.29    -0.81  0.010    -1.75    -1.69    -0.18     0.24 10061   -1.79   -1.65
  1   -0.22   -0.22    -0.12  0.010    -1.75    -1.69    -0.18     0.24 10061   -1.79   -1.65
  1    0.46    0.14    -0.44  0.010    -1.75    -1.69    -0.18     0.24 10061   -1.79   -1.65
  1   -0.19   -0.10     0.46  0.010     2.09     2.11     0.15     0.24 10089    2.18    2.12
  2   -0.37   -0.26     0.40  0.006     2.09     2.11     0.15     0.24 10089    2.18    2.12
  2    0.06    0.27     0.02  0.006     2.09     2.11     0.15     0.24 10089    2.18    2.12
  1    0.24    0.33    -0.57  0.010    -0.58    -1.92    -0.15     0.24 20004   -0.64   -1.98
  1    0.05    0.21    -0.35  0.010    -0.58    -1.92    -0.15     0.24 20004   -0.64   -1.98
  2    0.03   -0.19     0.10  0.006    -0.58    -1.92    -0.15     0.24 20004   -0.64   -1.98
 -1   -0.18   -0.22    -0.15  0.010    -3.03     4.41     0.05     0.24 10081   -2.86    4.47
  1   -0.43    0.01     0.33  0.010    -3.03     4.41     0.05     0.24 10081   -2.86    4.47
  3    0.11   -0.43     0.66  0.199    -0.26    -4.87     0.18     0.24 10013   -0.27   -4.82
  2   -0.08   -0.30     0.08  0.006    -0.26    -4.87     0.18     0.24 10013   -0.27   -4.82
  1    0.03    0.32     0.72  0.010    -0.26    -4.87     0.18     0.24 10013   -0.27   -4.82
 -2    0.27   -0.18    -0.28  0.006     2.54    -0.32    -0.06     0.24 10008    2.57   -0.33
  1   -0.39    0.23     0.05  0.010     2.54    -0.32    -0.06     0.24 10008    2.57   -0.33
 -3    0.32    0.33     0.69  0.199     0.78     5.10     0.12     0.24 10017    0.72    5.06
  2   -0.05   -0.18    -0.15  0.006     0.78     5.10     0.12     0.24 10017    0.72    5.06
 -1    0.19    0.28    -0.39  0.010    -3.10     1.34    -0.03     0.24 20118   -3.10    1.25
  1   -0.18    0.03     0.27  0.010    -3.10     1.34    -0.03     0.24 20118   -3.10    1.25
  2    0.48   -0.30     0.16  0.006    -1.32    -5.12     0.01     0.24 10057   -1.43   -4.98
 -2   -0.09   -0.18    -0.13  0.006    -1.32    -5.12     0.01     0.24 10057   -1.43   -4.98
 -1    0.17   -0.26     0.02  0.010     0.84     4.77     0.10     0.24 20156    0.94    4.83
  1   -0.57    0.01     0.42  0.010     0.84     4.77     0.10     0.24 20156    0.94    4.83
  1   -0.10    0.20    -0.02  0.010     3.54     2.88    -0.09     0.24 10046    3.52    2.99
 -1    0.19   -0.62    -0.34  0.010     3.54     2.88    -0.09     0.24 10046    3.52    2.99
  2    0.27   -0.42     0.23  0.006    -2.41     1.39     0.03     0.24 10091   -2.48    1.44
 -2   -0.02    0.26    -0.12  0.006    -2.41     1.39     0.03     0.24 10091   -2.48    1.44
 -2   -0.57    0.44    -1.11  0.006    -3.24     1.44    -0.17     0.24 20108   -3.13    1.40
  3   -0.14   -0.18    -0.03  0.199    -3.24     1.44    -0.17     0.24 20108   -3.13    1.40
 -1    0.29   -0.06    -0.05  0.010     4.29    -1.30     0.17     0.24 20123    4.17   -1.31
  1    0.57    0.13     1.21  0.010     4.29    -1.30     0.17     0.24 20123    4.17   -1.31
  2   -0.45    0.01     0.53  0.006    -2.51     6.44     0.10     0.24 10010   -2.45    6.39
 -1    0.21    0.22    -0.09  0.010    -2.51     6.44     0.10     0.24 10010   -2.45    6.39
  3   -0.49   -0.18     0.07  0.199     3.45     2.92     0.13     0.24 10046    3.52    2.99
 -2    0.15   -0.14     0.58  0.006     3.45     2.92     0.13     0.24 10046    3.52    2.99
  3    0.13    0.03     0.96  0.199     2.56     4.84     0.17     0.24 10196    2.52    4.86
  1    0.22   -0.14    -0.15  0.010     2.56     4.84     0.17     0.24 10196    2.52    4.86
  2   -0.05   -0.04     0.36  0.006     2.56     4.84     0.17     0.24 10196    2.52    4.86
 -3    0.32   -0.23    -0.16  0.199    -0.58    -0.97    -0.09     0.24 20010   -0.59   -0.99
  1   -0.29    0.34    -0.20  0.010    -0.58    -0.97    -0.09     0.24 20010   -0.59   -0.99
 -3   -0.33    0.29     0.18  0.199    -5.98    -4.25     0.11     0.24 20046   -5.94   -4.22
  1    0.16   -0.40     0.29  0.010    -5.98    -4.25     0.11     0.24 20046   -5.94   -4.22
 -1    0.04    0.20     0.12  0.010    -0.63    -1.11     0.12     0.24 20010   -0.59   -0.99
  2   -0.21   -0.71     0.44  0.006    -0.63    -1.11     0.12     0.24 20010   -0.59   -0.99
  1   -0.41   -0.06     0.34  0.010    -1.72     5.99     0.04     0.24 20091   -1.65    5.98
 -2    0.18    0.10    -0.22  0.006    -1.72     5.99     0.04     0.24 20091   -1.65    5.98
 -1   -0.04   -0.11     0.05  0.010    -2.41    -0.93    -0.00     0.24 10084   -2.32   -0.71
  1   -0.25   -0.64    -0.06  0.010    -2.41    -0.93    -0.00     0.24 10084   -2.32   -0.71
 -3    0.14   -0.26    -0.16  0.199     1.34     0.41     0.05     0.24 10137    1.31    0.39
  2   -0.02    0.32     0.32  0.006     1.34     0.41     0.05     0.24 10137    1.31    0.39
 -2   -0.16   -0.26    -0.23  0.006     1.50     0.38    -0.14     0.24 10009    1.63    0.52
  1   -0.51   -0.46    -0.47  0.010     1.50     0.38    -0.14     0.24 10009    1.63    0.52
  1    0.46    0.03     0.53  0.010    -2.97     0.39     0.09     0.24 10140   -3.05    0.38
 -2   -0.13    0.02    -0.19  0.006    -2.97     0.39     0.09     0.24 10140   -3.05    0.38
 -2   -0.01   -0.17     1.09  0.006     1.38    -0.43     0.20     0.24 10193    1.40   -0.32
  1   -0.18   -1.03     1.05  0.010     1.38    -0.43     0.20     0.24 10193    1.40   -0.32
 -3    0.70    0.49     1.06  0.199    -1.33    -4.95     0.17     0.24 10057   -1.43   -4.98
  1   -0.03   -0.27     0.16  0.010    -1.33    -4.95     0.17     0.24 10057   -1.43   -4.98
 -2   -0.27   -0.22     0.30  0.006    -0.58     3.29     0.01     0.24 20064   -0.57    3.36
  2    0.24   -0.00    -0.26  0.006    -0.58     3.29     0.01     0.24 20064   -0.57    3.36
 -1    0.01   -0.05    -0.33  0.010    -5.93    -4.29     0.03     0.24 20046   -5.94   -4.22
  1    0.02   -0.18     0.45  0.010    -5.93    -4.29     0.03     0.24 20046   -5.94   -4.22
 -2    0.28   -0.11    -0.44  0.006    -5.30     1.94    -0.15     0.24 20084   -5.43    2.06
  2    0.39   -0.54    -0.35  0.006    -5.30     1.94    -0.15     0.24 20084   -5.43    2.06
 -2   -0.03    0.27    -0.11  0.006     1.33    -1.27     0.01     0.24 10171    1.35   -1.20
  2   -0.06   -0.49     0.16  0.006     1.33    -1.27     0.01     0.24 10171    1.35   -1.20
 -1   -0.02   -0.06     0.13  0.010    -3.03     1.50    -0.10     0.24 20108   -3.13    1.40
  2    0.42    0.46    -0.52  0.006    -3.03     1.50    -0.10     0.24 20108   -3.13    1.40
  2   -0.47    0.39    -0.17  0.006    -2.59    -1.92    -0.16     0.24 20188   -2.49   -1.97
 -1   -0.12   -0.12    -0.81  0.010    -2.59    -1.92    -0.16     0.24 20188   -2.49   -1.97
 -2   -0.12   -0.18    -0.34  0.006    -3.08    -1.36    -0.02     0.24     1   -2.97   -1.32
  3   -0.23    0.04     0.27  0.199    -3.08    -1.36    -0.02     0.24     1   -2.97   -1.32
 -1   -0.28    0.38     0.13  0.010     0.23     5.42     0.02     0.24 10096    0.27    5.39
  1    0.16   -0.28    -0.05  0.010     0.23     5.42     0.02     0.24 10096    0.27    5.39
  1   -0.20   -0.09    -0.14  0.010    -3.15     1.17    -0.17     0.24 20118   -3.10    1.25
  1   -0.41   -0.10    -0.32  0.010    -3.15     1.17    -0.17     0.24 20118   -3.10    1.25
  2    0.30   -0.33    -0.61  0.006    -3.15     1.17    -0.17     0.24 20118   -3.10    1.25
  2    0.62    0.24    -0.22  0.006     3.66    -2.01    -0.16     0.24 10012    3.54   -2.05
 -2    0.08   -0.01    -0.72  0.006     3.66    -2.01    -0.16     0.24 10012    3.54   -2.05
 -2   -0.04   -0.38     0.59  0.006     1.39     3.91     0.11     0.25 10021    1.45    3.99
  2   -0.23    0.06    -0.16  0.006     1.39     3.91     0.11     0.25 10021    1.45    3.99
 -1    0.08   -0.17     0.08  0.010    -0.94    -3.75    -0.11     0.25 10131   -1.05   -3.61
  3    0.38   -0.41    -0.52  0.199    -0.94    -3.75    -0.11     0.25 10131   -1.05   -3.61
 -2   -0.28    0.36     0.17  0.006    -1.08    -3.59     0.19     0.25 10131   -1.05   -3.61
 -2    0.24   -0.13     0.27  0.006    -1.08    -3.59     0.19     0.25 10131   -1.05   -3.61
 -1   -0.20   -0.08     0.98  0.010    -1.08    -3.59     0.19     0.25 10131   -1.05   -3.61
  2   -0.39    0.01    -0.47  0.006    -0.76    -1.99    -0.06     0.25 20004   -0.64   -1.98
 -2   -0.01   -0.01     0.24  0.006    -0.76    -1.99    -0.06     0.25 20004   -0.64   -1.98
  2   -0.22   -0.04     0.21  0.006     2.63    -0.31     0.14     0.25 10008    2.57   -0.33
  1    0.37   -0.17     0.37  0.010     2.63    -0.31     0.14     0.25 10008    2.57   -0.33
  1    0.11    0.30     0.12  0.010     2.63    -0.31     0.14     0.25 10008    2.57   -0.33
 -2    0.33   -0.36     0.62  0.006     0.06     0.07     0.16     0.25 20185    0.07    0.19
  2   -0.39   -0.30     0.22  0.006     0.06     0.07     0.16     0.25 20185    0.07    0.19
  2    0.01    0.19     0.28  0.006     3.87     2.07    -0.03     0.25 10152    3.79    1.98
 -2    0.24    0.11    -0.40  0.006     3.87     2.07    -0.03     0.25 10152    3.79    1.98
  3   -0.57    0.17     0.55  0.199    -0.18    -4.68     0.13     0.25 10189   -0.10   -4.68
 -2    0.23   -0.15     0.03  0.006    -0.18    -4.68     0.13     0.25 10189   -0.10   -4.68
 -2   -0.05   -0.20     0.23  0.006    -3.59    -2.16     0.15     0.25 20103   -3.52   -2.26
  1   -0.32    0.71     0.51  0.010    -3.59    -2.16     0.15     0.25 20103   -3.52   -2.26
 -1   -0.01   -0.23     0.06  0.010     2.26     2.21     0.07     0.25 10089    2.18    2.12
  2    0.30    0.52     0.17  0.006     2.26     2.21     0.07     0.25 10089    2.18    2.12
 -2    0.05   -0.35    -0.54  0.006    -1.61     5.89    -0.09     0.25 20091   -1.65    5.98
  2    0.11    0.05     0.23  0.006    -1.61     5.89    -0.09     0.25 20091   -1.65    5.98
 -2    0.14    0.39    -0.03  0.006     3.91     1.27    -0.03     0.25 10128    3.97    1.10
  2   -0.35    0.15    -0.06  0.006     3.91     1.27    -0.03     0.25 10128    3.97    1.10
  2   -0.21   -0.22     0.15  0.006     4.91     3.61    -0.01     0.25 10036    4.85    3.64
 -1    0.40    0.13    -0.17  0.010     4.91     3.61    -0.01     0.25 10036    4.85    3.64
  3   -0.46    0.14     0.82  0.199     1.08     1.23     0.17     0.25 20169    1.23    1.18
 -2   -0.48    0.16     0.25  0.006     1.08     1.23     0.17     0.25 20169    1.23    1.18
  2   -0.12   -0.48    -0.18  0.006     3.85     4.13    -0.04     0.25 20027    3.91    4.20
 -1   -0.08    0.28     0.04  0.010     3.85     4.13    -0.04     0.25 20027    3.91    4.20
  2   -0.07   -0.15     0.07  0.006     4.98     1.01    -0.12     0.25 10135    5.02    1.19
 -3   -0.08   -0.60    -0.58  0.199     4.98     1.01    -0.12     0.25 10135    5.02    1.19
 -1   -0.19    0.31    -0.08  0.010     1.90     4.86    -0.12     0.25 10114    1.82    4.79
  1    0.51    0.00    -0.41  0.010     1.90     4.86    -0.12     0.25 10114    1.82    4.79
  1   -0.36    0.14    -0.32  0.010    -3.21     1.20    -0.06     0.25 20118   -3.10    1.25
 -2   -0.01   -0.31     0.13  0.006    -3.21     1.20    -0.06     0.25 20118   -3.10    1.25
  1   -0.33    0.14     0.08  0.010     1.24    -1.23    -0.14     0.25 10171    1.35   -1.20
 -1   -0.21   -0.25    -0.70  0.010     1.24    -1.23    -0.14     0.25 10171    1.35   -1.20
 -2   -0.55   -0.25    -0.49  0.006    -1.02    -2.16    -0.16     0.25 20022   -0.86   -2.06
  1   -0.32   -0.27    -0.34  0.010    -1.02    -2.16    -0.16     0.25 20022   -0.86   -2.06
  1    0.22    0.06    -0.14  0.010     3.98    -1.75     0.00     0.25 10042    3.94   -1.92
 -1   -0.10    0.50     0.14  0.010     3.98    -1.75     0.00     0.25 10042    3.94   -1.92
  3    0.07    0.15     0.91  0.199     4.00    -0.65     0.19     0.25 10020    4.06   -0.69
  2   -0.47   -0.10     0.65  0.006     4.00    -0.65     0.19     0.25 10020    4.06   -0.69
  1   -0.12    0.22     0.00  0.010     4.00    -0.65     0.19     0.25 10020    4.06   -0.69
 -1    0.26   -0.53     0.42  0.010     4.26     0.66     0.08     0.25 20023    4.19    0.82
  1   -0.02   -0.05    -0.14  0.010     4.26     0.66     0.08     0.25 20023    4.19    0.82
  1    0.22   -0.09    -0.04  0.010    -1.18    -1.92    -0.17     0.25 20182   -1.10   -1.84
 -2   -0.68   -0.39    -1.05  0.006    -1.18    -1.92    -0.17     0.25 20182   -1.10   -1.84
  1    0.28    0.16    -0.89  0.010    -0.25     1.67    -0.19     0.25 20038   -0.30    1.66
  1   -0.32   -0.11    -0.22  0.010    -0.25     1.67    -0.19     0.25 20038   -0.30    1.66
  1    0.44    0.04    -0.38  0.010    -0.25     1.67    -0.19     0.25 20038   -0.30    1.66
 -3   -0.26    0.12     0.79  0.199     1.37    -6.24     0.15     0.25 10092    1.35   -6.27
  1    0.37    0.01    -0.05  0.010     1.37    -6.24     0.15     0.25 10092    1.35   -6.27
 -1   -0.25   -0.16     0.15  0.010     0.32    -4.48    -0.02     0.25 20132    0.28   -4.47
  1    0.39    0.15    -0.20  0.010     0.32    -4.48    -0.02     0.25 20132    0.28   -4.47
  2   -0.51    0.08    -0.86  0.006    -5.10     0.51    -0.16     0.25 20021   -5.02    0.50
  2   -0.08   -0.07     0.11  0.006    -5.10     0.51    -0.16     0.25 20021   -5.02    0.50
  1    0.15    0.01    -0.12  0.010    -5.10     0.51    -0.16     0.25 20021   -5.02    0.50
  2    0.20   -0.29    -0.91  0.006     0.42     5.17    -0.16     0.25 20099    0.36    5.23
  1    0.22   -0.12     0.04  0.010     0.42     5.17    -0.16     0.25 20099    0.36    5.23
  1   -0.11    0.10    -0.03  0.010     0.42     5.17    -0.16     0.25 20099    0.36    5.23
 -2    0.28   -0.02     0.12  0.006     3.67     2.59     0.00     0.25 10157    3.73    2.61
  2   -0.46   -0.06    -0.11  0.006     3.67     2.59     0.00     0.25 10157    3.73    2.61
 -1    0.09   -0.20    -0.17  0.010     7.44     2.03     0.01     0.25 20016    7.30    1.99
  2    0.35    0.30     0.21  0.006     7.44     2.03     0.01     0.25 20016    7.30    1.99
 -1   -0.14   -0.05    -0.27  0.010    -2.19    -3.39     0.07     0.25 10078   -2.09   -3.36
  2   -0.20   -0.05     0.50  0.006    -2.19    -3.39     0.07     0.25 10078   -2.09   -3.36
  2    0.13   -0.37     0.46  0.006     3.46    -2.15     0.22     0.25 20089    3.39   -2.11
  2    0.18    0.31     1.20  0.006     3.46    -2.15     0.22     0.25 20089    3.39   -2.11
  2    0.58   -0.44     1.08  0.006     3.46    -2.15     0.22     0.25 20089    3.39   -2.11
 -1   -0.01    0.18     0.62  0.010     3.83     1.97     0.11     0.25 10152    3.79    1.98
  2    0.15   -0.22    -0.19  0.006     3.83     1.97     0.11     0.25 10152    3.79    1.98
 -2    0.22   -0.27    -0.30  0.006     0.71     6.54    -0.10     0.25 20068    0.77    6.56
  1   -0.43    0.19    -0.07  0.010     0.71     6.54    -0.10     0.25 20068    0.77    6.56
  2    0.17    0.35     0.84  0.006     0.19     0.22     0.19     0.25 20185    0.07    0.19
 -1    0.69   -0.16     0.53  0.010     0.19     0.22     0.19     0.25 20185    0.07    0.19
  2   -0.51    0.08    -0.07  0.006     2.25    -0.04    -0.15     0.25 20069    2.33   -0.06
 -3    0.15   -0.00    -0.61  0.199     2.25    -0.04    -0.15     0.25 20069    2.33   -0.06
 -2    0.35    0.19     0.03  0.006    -2.10    -3.32     0.06     0.25 10078   -2.09   -3.36
  2   -0.38   -0.06     0.16  0.006    -2.10    -3.32     0.06     0.25 10078   -2.09   -3.36
 -2    0.67    0.02    -0.31  0.006     0.14    -2.39    -0.17     0.25 20184    0.02   -2.43
  2   -0.01    0.21    -0.64  0.006     0.14    -2.39    -0.17     0.25 20184    0.02   -2.43
  2   -0.53    0.22    -0.35  0.006    -2.47    -1.17    -0.14     0.25 20012   -2.29   -1.27
 -2   -0.28    0.22    -0.26  0.006    -2.47    -1.17    -0.14     0.25 20012   -2.29   -1.27
 -2    0.52   -0.34     0.76  0.006     2.58     5.52     0.17     0.25 10033    2.46    5.52
  1    0.15    0.38     0.22  0.010     2.58     5.52     0.17     0.25 10033    2.46    5.52
  1    0.17   -0.40    -0.19  0.010     1.41    -0.35    -0.05     0.25 10193    1.40   -0.32
 -1   -0.13    0.31     0.03  0.010     1.41    -0.35    -0.05     0.25 10193    1.40   -0.32
 -2    0.02    0.69     0.47  0.006     4.20    -1.20     0.14     0.25 20123    4.17   -1.31
  2    0.12   -0.21     0.13  0.006     4.20    -1.20     0.14     0.25 20123    4.17   -1.31
  1    0.40   -0.24    -0.55  0.010     0.54     5.75    -0.11     0.25 20041    0.47    5.80
 -2   -0.13    0.06     0.16  0.006     0.54     5.75    -0.11     0.25 20041    0.47    5.80
 -1    0.11   -0.09    -0.18  0.010     2.50    -4.62     0.20     0.25 10139    2.47   -4.58
 -1   -0.05   -0.13     0.86  0.010     2.50    -4.62     0.20     0.25 10139    2.47   -4.58
 -1    0.14   -0.09     0.78  0.010     2.50    -4.62     0.20     0.25 10139    2.47   -4.58
  2    0.40   -0.06    -0.13  0.006    -0.81    -3.60    -0.09     0.26 10131   -1.05   -3.61
 -1    0.41    0.07    -0.17  0.010    -0.81    -3.60    -0.09     0.26 10131   -1.05   -3.61
 -2   -0.24   -0.22    -0.06  0.006    -1.28    -5.50     0.17     0.26 20039   -1.31   -5.48
  2    0.39    0.11     1.01  0.006    -1.28    -5.50     0.17     0.26 20039   -1.31   -5.48
 -3   -0.07   -0.07     0.80  0.199     3.12     2.84     0.14     0.26 10082    3.18    2.89
  1   -0.19   -0.15    -0.17  0.010     3.12     2.84     0.14     0.26 10082    3.18    2.89
  1   -0.16    0.35    -0.23  0.010     0.74     2.59    -0.09     0.26 20096    0.82    2.60
 -1   -0.12   -0.41    -0.08  0.010     0.74     2.59    -0.09     0.26 20096    0.82    2.60
  2    0.05    0.70    -0.05  0.006    -5.00     0.75    -0.03     0.26 20021   -5.02    0.50
 -2    0.02    0.06    -0.04  0.006    -5.00     0.75    -0.03     0.26 20021   -5.02    0.50
 -2    0.03   -0.08     0.20  0.006    -0.10    -4.35    -0.15     0.26 10024   -0.06   -4.28
  3   -0.22   -0.21    -0.85  0.199    -0.10    -4.35    -0.15     0.26 10024   -0.06   -4.28
  1   -0.03   -0.35    -0.36  0.010    -5.11    -1.20    -0.21     0.26 20195   -5.00   -1.17
 -1   -0.92    0.09    -1.38  0.010    -5.11    -1.20    -0.21     0.26 20195   -5.00   -1.17
 -2   -0.21    0.42    -0.19  0.006    -3.26    -0.57    -0.06     0.26 20171   -3.24   -0.62
  1    0.14   -0.26     0.02  0.010    -3.26    -0.57    -0.06     0.26 20171   -3.24   -0.62
 -3    0.09   -0.63     0.02  0.199     7.34     1.80     0.04     0.26 20016    7.30    1.99
  1    0.04    0.05     0.11  0.010     7.34     1.80     0.04     0.26 20016    7.30    1.99
 -2   -0.18   -0.05    -0.89  0.006    -0.93     1.06    -0.19     0.26 20179   -0.81    1.11
  1   -0.68   -0.28    -0.44  0.010    -0.93     1.06    -0.19     0.26 20179   -0.81    1.11
 -1    0.19    0.16    -0.93  0.010    -3.79     5.36    -0.18     0.26 20125   -3.91    5.35
  1    0.57   -0.11    -0.21  0.010    -3.79     5.36    -0.18     0.26 20125   -3.91    5.35
  1    0.37    0.27     0.13  0.010    -2.98     0.35     0.12     0.26 10140   -3.05    0.38
 -1   -0.08   -0.38     0.31  0.010    -2.98     0.35     0.12     0.26 10140   -3.05    0.38
  1   -0.28    0.12    -0.32  0.010     2.36    -3.78    -0.20     0.26 20172    2.43   -3.68
 -1   -0.25   -0.85    -1.10  0.010     2.36    -3.78    -0.20     0.26 20172    2.43   -3.68
 -3    0.34    0.36    -0.33  0.199     0.77     4.24    -0.13     0.26 20168    0.75    4.21
  2   -0.28   -0.22    -0.21  0.006     0.77     4.24    -0.13     0.26 20168    0.75    4.21
  2   -0.09   -0.59     0.30  0.006    -4.39    -0.61     0.10     0.26 20186   -4.34   -0.38
 -1   -0.10   -0.21     0.07  0.010    -4.39    -0.61     0.10     0.26 20186   -4.34   -0.38
  2    0.07   -0.14    -0.07  0.006     3.96    -1.88     0.22     0.26 10042    3.94   -1.92
  2   -0.30    0.34     1.08  0.006     3.96    -1.88     0.22     0.26 10042    3.94   -1.92
  2    0.37    0.24     1.14  0.006     3.96    -1.88     0.22     0.26 10042    3.94   -1.92
  2    0.08    0.14    -0.22  0.006    -1.49     4.69    -0.19     0.26 20107   -1.49    4.82
 -2   -0.10   -0.95    -0.98  0.006    -1.49     4.69    -0.19     0.26 20107   -1.49    4.82
  1    0.03    0.21    -0.44  0.010    -3.41    -0.48    -0.18     0.26 20008   -3.42   -0.39
  2    0.17   -0.32    -0.27  0.006    -3.41    -0.48    -0.18     0.26 20008   -3.42   -0.39
  2   -0.15   -0.43    -0.39  0.006    -3.41    -0.48    -0.18     0.26 20008   -3.42   -0.39
  1    0.34    0.16     0.33  0.010     2.20    -2.73     0.06     0.26 10182    2.12   -2.70
 -2   -0.09   -0.26    -0.14  0.006     2.20    -2.73     0.06     0.26 10182    2.12   -2.70
  2   -0.32    0.08    -0.49  0.006    -1.87     3.48    -0.22     0.26 20180   -1.91    3.42
  1    0.22    0.47    -1.31  0.010    -1.87     3.48    -0.22     0.26 20180   -1.91    3.42
  1    0.44    0.05    -0.34  0.010    -1.87     3.48    -0.22     0.26 20180   -1.91    3.42
  1    0.10    0.17    -0.02  0.010    -1.25    -1.79     0.10     0.26 20182   -1.10   -1.84
 -1   -0.59    0.01     0.35  0.010    -1.25    -1.79     0.10     0.26 20182   -1.10   -1.84
 -3    0.36   -0.57     0.27  0.199     4.10     0.96     0.10     0.26 10128    3.97    1.10
  1    0.08    0.09     0.07  0.010     4.10     0.96     0.10     0.26 10128    3.97    1.10
 -1    0.02    0.51    -1.15  0.010     4.26    -6.33    -0.19     0.26 10129    4.24   -6.36
  2    0.09   -0.30     0.02  0.006     4.26    -6.33    -0.19     0.26 10129    4.24   -6.36
 -1   -0.34    0.23     0.28  0.010     0.28    -5.30     0.09     0.26 10079    0.28   -5.32
  2    0.33   -0.17     0.03  0.006     0.28    -5.30     0.09     0.26 10079    0.28   -5.32
 -2    0.03   -0.08     0.10  0.006    -0.63    -1.18    -0.09     0.26 20010   -0.59   -0.99
  3   -0.18   -0.54    -0.41  0.199    -0.63    -1.18    -0.09     0.26 20010   -0.59   -0.99
  1   -0.09   -0.52    -0.51  0.010     1.28    -6.35    -0.13     0.26 10092    1.35   -6.27
 -1   -0.16    0.21     0.02  0.010     1.28    -6.35    -0.13     0.26 10092    1.35   -6.27
 -2    0.09   -0.07    -0.05  0.006     2.13     2.13     0.21     0.26 10089    2.18    2.12
 -2   -0.50   -0.24     1.55  0.006     2.13     2.13     0.21     0.26 10089    2.18    2.12
 -1   -0.01    0.34     0.29  0.010     2.13     2.13     0.21     0.26 10089    2.18    2.12
  3    0.30   -0.13     0.20  0.199     0.62     0.02     0.07     0.26 20075    0.43   -0.01
 -2    0.29    0.23     0.00  0.006     0.62     0.02     0.07     0.26 20075    0.43   -0.01
  3   -0.17   -0.33    -0.02  0.199    -1.38    -3.47     0.03     0.26 20062   -1.40   -3.28
 -1    0.22   -0.23     0.10  0.010    -1.38    -3.47     0.03     0.26 20062   -1.40   -3.28
  2   -0.06    0.46    -0.23  0.006     0.56     2.28    -0.07     0.26 20139    0.63    2.22
 -1   -0.14   -0.26     0.01  0.010     0.56     2.28    -0.07     0.26 20139    0.63    2.22
  1    0.12   -0.00     0.24  0.010     4.58    -5.42     0.18     0.26 10119    4.62   -5.49
  2   -0.57    0.40     0.62  0.006     4.58    -5.42     0.18     0.26 10119    4.62   -5.49
  2    0.21    0.02     0.16  0.006     4.58    -5.42     0.18     0.26 10119    4.62   -5.49
 -1    0.02   -0.90    -2.31  0.010     4.08    -3.53    -0.23     0.26 20134    4.07   -3.42
  1    0.12   -0.60    -0.69  0.010     4.08    -3.53    -0.23     0.26 20134    4.07   -3.42
  2   -0.25   -0.24     0.61  0.006    -0.16    -4.66     0.13     0.26 10189   -0.10   -4.68
 -1    0.02    0.30    -0.09  0.010    -0.16    -4.66     0.13     0.26 10189   -0.10   -4.68
  1   -0.04    0.06    -0.16  0.010    -4.18     1.08     0.11     0.26 20161   -4.20    1.18
 -3    0.10   -0.44     0.56  0.199    -4.18     1.08     0.11     0.26 20161   -4.20    1.18
  1   -0.05    0.08     0.18  0.010     1.46    -0.24    -0.14     0.26 10193    1.40   -0.32
 -1    0.32    0.25    -0.75  0.010     1.46    -0.24    -0.14     0.26 10193    1.40   -0.32
 -2   -0.39    0.27    -0.04  0.006     3.62     2.03     0.09     0.26 10152    3.79    1.98
  2   -0.15   -0.10     0.31  0.006     3.62     2.03     0.09     0.26 10152    3.79    1.98
  2    0.21   -0.21     0.45  0.006     4.17    -3.54     0.21     0.26 20134    4.07   -3.42
 -1    0.52   -0.79     1.19  0.010     4.17    -3.54     0.21     0.26 20134    4.07   -3.42
  1   -0.07    0.00     0.33  0.010     3.97    -2.05     0.06     0.26 10042    3.94   -1.92
 -2    0.13   -0.38    -0.17  0.006     3.97    -2.05     0.06     0.26 10042    3.94   -1.92
  2    0.20   -0.19    -0.19  0.006    -4.29    -0.29    -0.09     0.26 20186   -4.34   -0.38
 -2   -0.04    0.50    -0.11  0.006    -4.29    -0.29    -0.09     0.26 20186   -4.34   -0.38
  2    0.15   -0.21    -0.28  0.006     3.40    -0.17    -0.16     0.26 20155    3.38   -0.27
 -2   -0.06    0.65    -0.39  0.006     3.40    -0.17    -0.16     0.26 20155    3.38   -0.27
 -2    0.33    0.07    -0.23  0.006    -5.88    -4.22     0.02     0.26 20046   -5.94   -4.22
  2   -0.16   -0.06     0.29  0.006    -5.88    -4.22     0.02     0.26 20046   -5.94   -4.22
  1    0.12   -0.19     0.16  0.010     1.10     2.96     0.16     0.27 10156    1.21    2.92
 -1   -0.58    0.39     0.54  0.010     1.10     2.96     0.16     0.27 10156    1.21    2.92
 -2    0.49    0.39     0.25  0.006    -2.05     0.61     0.16     0.27 10035   -2.17    0.57
  1    0.05   -0.19     0.49  0.010    -2.05     0.61     0.16     0.27 10035   -2.17    0.57
  1    0.24    0.12    -0.58  0.010     0.21     4.03    -0.21     0.27 20178    0.21    3.89
 -2   -0.19    0.84    -0.85  0.006     0.21     4.03    -0.21     0.27 20178    0.21    3.89
  2    0.39   -0.27     0.74  0.006     4.95    -1.71     0.18     0.27 10051    4.92   -1.58
 -2   -0.25   -0.37     0.17  0.006     4.95    -1.71     0.18     0.27 10051    4.92   -1.58
  1   -0.07   -0.05     0.07  0.010    -6.38     2.31    -0.23     0.27 20040   -6.43    2.26
  1    0.17    0.55    -1.43  0.010    -6.38     2.31    -0.23     0.27 20040   -6.43    2.26
  1    0.55    0.09    -1.38  0.010    -6.38     2.31    -0.23     0.27 20040   -6.43    2.26
  2   -0.14    0.10     0.05  0.006    -5.38     2.01    -0.18     0.27 20084   -5.43    2.06
  1    0.36   -0.08    -0.50  0.010    -5.38     2.01    -0.18     0.27 20084   -5.43    2.06
  1    0.03   -0.31    -0.51  0.010    -5.38     2.01    -0.18     0.27 20084   -5.43    2.06
 -3    0.12   -0.42     0.65  0.199     4.16    -0.69     0.20     0.27 10020    4.06   -0.69
  1    0.52    0.40     0.69  0.010     4.16    -0.69     0.20     0.27 10020    4.06   -0.69
 -2   -0.18    0.18     0.08  0.006     7.29     1.90     0.19     0.27 20016    7.30    1.99
  3    0.10   -0.69     0.96  0.199     7.29     1.90     0.19     0.27 20016    7.30    1.99
  1   -0.06   -0.42    -0.26  0.010    -6.18    -3.17    -0.10     0.27 20061   -6.16   -3.15
 -1    0.01    0.35    -0.05  0.010    -6.18    -3.17    -0.10     0.27 20061   -6.16   -3.15
  2    0.79    0.27    -0.71  0.006     1.33     1.22    -0.21     0.27 20169    1.23    1.18
 -3   -0.01    0.06    -0.85  0.199     1.33     1.22    -0.21     0.27 20169    1.23    1.18
 -2    0.24   -0.18     0.61  0.006    -0.22    -5.05     0.15     0.27 10147   -0.20   -5.04
  1   -0.32    0.16    -0.04  0.010    -0.22    -5.05     0.15     0.27 10147   -0.20   -5.04
  1    0.07    0.32     0.22  0.010     0.38    -5.32     0.06     0.27 10079    0.28   -5.32
 -2    0.21   -0.31    -0.05  0.006     0.38    -5.32     0.06     0.27 10079    0.28   -5.32
  2   -0.89   -0.15    -1.11  0.006     2.39     4.83    -0.20     0.27 10196    2.52    4.86
 -2    0.15   -0.01    -0.06  0.006     2.39     4.83    -0.20     0.27 10196    2.52    4.86
 -1    0.09    0.07    -0.13  0.010    -0.72    -2.04     0.17     0.27 20022   -0.86   -2.06
  2    0.53    0.01     0.86  0.006    -0.72    -2.04     0.17     0.27 20022   -0.86   -2.06
 -1    0.04   -0.11     0.73  0.010    -2.40     2.98     0.16     0.27 20138   -2.46    3.09
  1    0.21   -0.33    -0.05  0.010    -2.40     2.98     0.16     0.27 20138   -2.46    3.09
  1    0.04   -0.25    -0.64  0.010     3.99    -0.58    -0.13     0.27 20037    3.98   -0.55
 -2   -0.02    0.15     0.20  0.006     3.99    -0.58    -0.13     0.27 20037    3.98   -0.55
 -2   -0.15    0.22     0.36  0.006     1.52    -0.62     0.14     0.27 20007    1.51   -0.55
  2    0.20   -0.47     0.14  0.006     1.52    -0.62     0.14     0.27 20007    1.51   -0.55
 -2   -0.10   -0.14    -0.07  0.006    -3.29     0.15     0.19     0.27 10144   -3.36    0.10
  1    0.46    0.42     1.06  0.010    -3.29     0.15     0.19     0.27 10144   -3.36    0.10
 -1   -0.32    0.39    -0.13  0.010    -1.03    -1.88    -0.09     0.27 20022   -0.86   -2.06
  2   -0.22    0.15    -0.14  0.006    -1.03    -1.88    -0.09     0.27 20022   -0.86   -2.06
 -2   -0.15    0.20     0.22  0.006     4.89     3.75    -0.03     0.27 10036    4.85    3.64
  1    0.25    0.09    -0.31  0.010     4.89     3.75    -0.03     0.27 10036    4.85    3.64
  2   -0.06   -0.03    -0.27  0.006     1.61    -2.67    -0.18     0.27 20035    1.56   -2.69
  1   -0.25    0.12    -0.31  0.010     1.61    -2.67    -0.18     0.27 20035    1.56   -2.69
  1    0.53    0.00    -0.27  0.010     1.61    -2.67    -0.18     0.27 20035    1.56   -2.69
 -1   -0.36    0.09    -0.70  0.010     3.86    -2.01    -0.22     0.27 10042    3.94   -1.92
  1   -0.27   -0.77    -0.93  0.010     3.86    -2.01    -0.22     0.27 10042    3.94   -1.92
 -1    0.10    0.08     0.72  0.010     0.55    -4.14     0.18     0.27 10124    0.62   -4.07
  2   -0.43   -0.41     0.20  0.006     0.55    -4.14     0.18     0.27 10124    0.62   -4.07
 -3   -0.28    0.38    -0.75  0.199     1.09     2.33    -0.16     0.27 10122    1.17    2.28
  2   -0.06   -0.17     0.09  0.006     1.09     2.33    -0.16     0.27 10122    1.17    2.28
  1    0.12    0.02    -0.08  0.010    -2.02     4.55     0.22     0.27 20054   -2.08    4.46
  2   -0.01    0.10     0.74  0.006    -2.02     4.55     0.22     0.27 20054   -2.08    4.46
  2    0.26    0.52     0.92  0.006    -2.02     4.55     0.22     0.27 20054   -2.08    4.46
 -3   -0.04    0.56     0.34  0.199    -0.03     1.54     0.17     0.27 20011   -0.02    1.48
  2   -0.03   -0.30     0.38  0.006    -0.03     1.54     0.17     0.27 20011   -0.02    1.48
 -1   -0.44   -0.67    -0.82  0.010     3.43    -2.21    -0.19     0.27 10012    3.54   -2.05
  1   -0.13   -0.13    -0.12  0.010     3.43    -2.21    -0.19     0.27 10012    3.54   -2.05
 -1    0.09   -0.04     0.62  0.010     1.15    -1.51     0.22     0.27 10016    1.15   -1.63
  1   -0.15    1.02     1.15  0.010     1.15    -1.51     0.22     0.27 10016    1.15   -1.63
 -2    0.36   -0.18     0.00  0.006     2.48    -3.67     0.11     0.27 20172    2.43   -3.68
  2   -0.22    0.21     0.36  0.006     2.48    -3.67     0.11     0.27 20172    2.43   -3.68
  3   -0.22   -0.03    -0.97  0.199     0.75     4.20    -0.21     0.27 20168    0.75    4.21
  1    0.15   -0.28    -0.18  0.010     0.75     4.20    -0.21     0.27 20168    0.75    4.21
  2    0.07    0.29    -0.16  0.006     0.75     4.20    -0.21     0.27 20168    0.75    4.21
 -3   -0.29   -0.22     0.44  0.199     2.02    -4.39     0.21     0.27 10086    2.09   -4.25
  1   -0.16   -0.71     0.96  0.010     2.02    -4.39     0.21     0.27 10086    2.09   -4.25
  1   -0.02   -0.17    -0.06  0.010    -6.14    -3.04    -0.21     0.27 20061   -6.16   -3.15
 -3    0.17    0.86    -1.25  0.199    -6.14    -3.04    -0.21     0.27 20061   -6.16   -3.15
  3   -0.06   -0.66    -0.92  0.199    -3.27    -0.70    -0.25     0.27 20171   -3.24   -0.62
  2   -0.06    0.03    -1.15  0.006    -3.27    -0.70    -0.25     0.27 20171   -3.24   -0.62
  1   -0.33   -0.72    -2.11  0.010    -3.27    -0.70    -0.25     0.27 20171   -3.24   -0.62
  2    0.08   -0.29     1.04  0.006     1.30    -6.36     0.22     0.27 10092    1.35   -6.27
  1   -0.22    0.08     0.23  0.010     1.30    -6.36     0.22     0.27 10092    1.35   -6.27
  1   -0.20   -0.49     0.43  0.010     1.30    -6.36     0.22     0.27 10092    1.35   -6.27
  1   -0.08   -0.11     0.09  0.010    -0.07    -3.85     0.22     0.27 10011   -0.12   -3.82
  2    0.33    0.16     1.44  0.006    -0.07    -3.85     0.22     0.27 10011   -0.12   -3.82
  3    0.15   -0.24     0.08  0.199    -0.07    -3.85     0.22     0.27 10011   -0.12   -3.82
  2   -0.50   -0.05    -0.53  0.006     4.50    -5.73    -0.19     0.27 20136    4.55   -5.77
  1    0.04    0.01    -0.31  0.010     4.50    -5.73    -0.19     0.27 20136    4.55   -5.77
  2    0.20    0.26    -0.13  0.006     4.50    -5.73    -0.19     0.27 20136    4.55   -5.77
 -1    0.37   -0.93     1.11  0.010     1.37     1.40     0.21     0.28 20124    1.32    1.55
  1   -0.09    0.02     0.14  0.010     1.37     1.40     0.21     0.28 20124    1.32    1.55
  1   -0.14   -0.89     1.60  0.010     0.75     6.45     0.23     0.28 20068    0.77    6.56
  2    0.07   -0.07     0.44  0.006     0.75     6.45     0.23     0.28 20068    0.77    6.56
  1   -0.07    0.06    -0.04  0.010     0.75     6.45     0.23     0.28 20068    0.77    6.56
  1    0.16   -0.13    -0.52  0.010    -4.06    -4.01    -0.18     0.28 10106   -4.01   -3.87
 -2   -0.36   -0.48    -0.25  0.006    -4.06    -4.01    -0.18     0.28 10106   -4.01   -3.87
  1   -0.21   -0.10     0.00  0.010     0.56     5.55     0.17     0.28 10138    0.55    5.44
 -2    0.22    0.54     0.68  0.006     0.56     5.55     0.17     0.28 10138    0.55    5.44
  2    0.34    0.09    -0.32  0.006     2.67     4.85    -0.04     0.28 10196    2.52    4.86
 -2    0.06   -0.12     0.22  0.006     2.67     4.85    -0.04     0.28 10196    2.52    4.86
 -1   -0.30   -0.29    -0.13  0.010     1.48     0.16    -0.11     0.28 10028    1.48    0.20
  2    0.29    0.19    -0.20  0.006     1.48     0.16    -0.11     0.28 10028    1.48    0.20
 -1    0.23    0.35     0.02  0.010     0.67     1.88    -0.05     0.28 10068    0.63    1.69
  3   -0.11    0.16    -0.15  0.199     0.67     1.88    -0.05     0.28 10068    0.63    1.69
  1   -0.52    0.06    -0.83  0.010    -0.92     1.24    -0.23     0.28 20191   -0.86    1.28
  2   -0.04   -0.26    -0.94  0.006    -0.92     1.24    -0.23     0.28 20191   -0.86    1.28
  3    0.09   -0.12    -0.05  0.199    -0.92     1.24    -0.23     0.28 20191   -0.86    1.28
 -2    0.20   -0.04    -0.04  0.006    -2.59     2.11    -0.16     0.28 10121   -2.49    2.18
  2   -0.60   -0.22    -0.57  0.006    -2.59     2.11    -0.16     0.28 10121   -2.49    2.18
  2    0.20    0.34    -1.09  0.006    -0.21    -0.08    -0.25     0.28 20140   -0.22   -0.18
  1   -0.25    0.29    -0.35  0.010    -0.21    -0.08    -0.25     0.28 20140   -0.22   -0.18
  2    0.11    0.79    -2.28  0.006    -0.21    -0.08    -0.25     0.28 20140   -0.22   -0.18
  3   -0.01    0.11     0.03  0.199     4.34     1.50     0.23     0.28 10174    4.38    1.47
  1   -0.21    0.28     0.29  0.010     4.34     1.50     0.23     0.28 10174    4.38    1.47
  1   -0.11   -0.21     1.53  0.010     4.34     1.50     0.23     0.28 10174    4.38    1.47
  1   -0.05   -0.13     0.23  0.010     2.63    -4.36    -0.10     0.28 10108    2.62   -4.37
 -2    0.09    0.14    -0.52  0.006     2.63    -4.36    -0.10     0.28 10108    2.62   -4.37
 -3   -0.38   -0.12    -0.06  0.199    -2.33    -4.95    -0.21     0.28 10043   -2.26   -4.90
  1    0.01   -0.13    -1.06  0.010    -2.33    -4.95    -0.21     0.28 10043   -2.26   -4.90
  2   -0.38    0.49     0.98  0.006     1.70     3.67     0.21     0.28 10161    1.75    3.60
  1   -0.01   -0.20     0.19  0.010     1.70     3.67     0.21     0.28 10161    1.75    3.60
  1    0.10    0.06    -0.02  0.010     1.70     3.67     0.21     0.28 10161    1.75    3.60
  1   -0.22   -0.47    -0.78  0.010     2.27    -1.20    -0.24     0.28 20110    2.35   -1.13
  2   -0.56   -0.01    -0.68  0.006     2.27    -1.20    -0.24     0.28 20110    2.35   -1.13
  2   -0.02   -0.17    -0.94  0.006     2.27    -1.20    -0.24     0.28 20110    2.35   -1.13
  3   -0.14    0.03    -0.04  0.199    -0.82     0.86    -0.23     0.28 20032   -0.81    0.88
  2   -0.22    0.22    -0.82  0.006    -0.82     0.86    -0.23     0.28 20032   -0.81    0.88
  1    0.28   -0.38    -0.82  0.010    -0.82     0.86    -0.23     0.28 20032   -0.81    0.88
 -2    0.03    0.26     0.47  0.006     0.78     4.17     0.14     0.28 20168    0.75    4.21
  1    0.08   -0.37    -0.03  0.010     0.78     4.17     0.14     0.28 20168    0.75    4.21
 -2   -0.50    0.08    -0.12  0.006     7.19     2.04    -0.20     0.28 20016    7.30    1.99
  1   -0.06    0.13    -0.86  0.010     7.19     2.04    -0.20     0.28 20016    7.30    1.99
  2    0.57    0.07     0.91  0.006     6.96     0.82     0.23     0.28 10064    6.80    0.82
 -1    0.68   -0.05     0.97  0.010     6.96     0.82     0.23     0.28 10064    6.80    0.82
 -1    0.01    0.03    -0.03  0.010    -3.35    -2.04     0.01     0.28 20103   -3.52   -2.26
  2    0.40    0.52     0.05  0.006    -3.35    -2.04     0.01     0.28 20103   -3.52   -2.26
  1   -0.05   -0.42     0.25  0.010     3.25    -0.18     0.24     0.28 10083    3.27   -0.08
  2   -0.26   -0.58     1.51  0.006     3.25    -0.18     0.24     0.28 10083    3.27   -0.08
  1    0.05    0.07     0.48  0.010     3.25    -0.18     0.24     0.28 10083    3.27   -0.08
  2    0.04    0.03    -0.08  0.006     2.59    -3.76    -0.16     0.28 10190    2.37   -3.82
 -1    0.76    0.19    -0.49  0.010     2.59    -3.76    -0.16     0.28 10190    2.37   -3.82
  1   -0.29   -0.62     0.48  0.010    -0.36     2.01     0.21     0.28 10004   -0.35    2.11
 -2    0.24    0.04     0.74  0.006    -0.36     2.01     0.21     0.28 10004   -0.35    2.11
  1   -0.45   -0.32    -0.33  0.010     0.08    -0.08    -0.21     0.28 10056    0.09   -0.00
  2    0.15   -0.04    -0.28  0.006     0.08    -0.08    -0.21     0.28 10056    0.09   -0.00
  1    0.22   -0.04    -0.50  0.010     0.08    -0.08    -0.21     0.28 10056    0.09   -0.00
 -1   -0.07    0.21    -0.15  0.010     1.07     6.16    -0.17     0.28 10099    0.95    6.01
  2    0.51    0.38    -0.48  0.006     1.07     6.16    -0.17     0.28 10099    0.95    6.01
  2   -0.06   -0.17    -0.30  0.006    -2.73     2.39    -0.24     0.28 20143   -2.64    2.52
 -2   -0.60   -0.88    -1.56  0.006    -2.73     2.39    -0.24     0.28 20143   -2.64    2.52
 -2    0.04   -0.09     0.48  0.006     1.31     1.11     0.11     0.28 10007    1.36    1.06
  1   -0.19    0.22    -0.16  0.010     1.31     1.11     0.11     0.28 10007    1.36    1.06
  1    0.14    0.25     0.88  0.010    -3.43     0.14     0.21     0.29 20006   -3.47    0.08
  1   -0.03   -0.20     0.20  0.010    -3.43     0.14     0.21     0.29 20006   -3.47    0.08
  2    0.14    0.22    -0.00  0.006    -3.43     0.14     0.21     0.29 20006   -3.47    0.08
  2   -0.26   -0.41    -0.57  0.006    -1.49     4.65    -0.19     0.29 20107   -1.49    4.82
 -2    0.25   -0.33    -0.24  0.006    -1.49     4.65    -0.19     0.29 20107   -1.49    4.82
  2   -0.12   -0.44     0.38  0.006     0.89     2.53     0.17     0.29 20096    0.82    2.60
 -1    0.37    0.16     0.27  0.010     0.89     2.53     0.17     0.29 20096    0.82    2.60
  2   -0.19   -0.20     0.69  0.006     4.66     2.88     0.24     0.29 20081    4.66    2.87
  1    0.53    0.17     1.03  0.010     4.66     2.88     0.24     0.29 20081    4.66    2.87
  1   -0.41    0.11     0.42  0.010     4.66     2.88     0.24     0.29 20081    4.66    2.87
 -2    0.33   -0.91     1.06  0.006     4.74     0.43     0.22     0.29 10180    4.68    0.60
  1    0.03   -0.07     0.16  0.010     4.74     0.43     0.22     0.29 10180    4.68    0.60
  2   -0.51   -0.12     0.45  0.006     1.52    -5.28     0.24     0.29 10120    1.62   -5.32
  2   -0.29    0.36     1.44  0.006     1.52    -5.28     0.24     0.29 10120    1.62   -5.32
  1    0.03    0.05     0.00  0.010     1.52    -5.28     0.24     0.29 10120    1.62   -5.32
 -1   -0.04   -0.26    -0.45  0.010    -2.88    -1.47    -0.15     0.29     1   -2.97   -1.32
  1    0.36   -0.24    -0.06  0.010    -2.88    -1.47    -0.15     0.29     1   -2.97   -1.32
 -2   -0.21   -0.44     1.04  0.006     0.60     1.60     0.20     0.29 10068    0.63    1.69
  2    0.10    0.04    -0.13  0.006     0.60     1.60     0.20     0.29 10068    0.63    1.69
  2    0.12    0.48    -1.79  0.006    -4.33    -1.72    -0.26     0.29 20029   -4.33   -1.82
  2   -0.18    0.34    -0.20  0.006    -4.33    -1.72    -0.26     0.29 20029   -4.33   -1.82
  1    0.01    0.37    -0.98  0.010    -4.33    -1.72    -0.26     0.29 20029   -4.33   -1.82
  2   -0.19    0.16     0.67  0.006     4.15     0.81     0.15     0.29 20023    4.19    0.82
 -1    0.06   -0.20    -0.14  0.010     4.15     0.81     0.15     0.29 20023    4.19    0.82
 -2   -0.31   -0.24    -0.44  0.006     5.72     4.57    -0.20     0.29 10113    5.70    4.53
  1    0.42    0.38    -0.51  0.010     5.72     4.57    -0.20     0.29 10113    5.70    4.53
  2    0.20    0.40     0.18  0.006     1.18     3.09     0.09     0.29 10156    1.21    2.92
 -2   -0.27    0.07     0.07  0.006     1.18     3.09     0.09     0.29 10156    1.21    2.92
 -3    0.21   -0.29    -1.30  0.199     1.42    -2.78    -0.24     0.29 10169    1.45   -2.68
  2   -0.43   -0.59    -0.71  0.006     1.42    -2.78    -0.24     0.29 10169    1.45   -2.68
  1   -0.09    0.31    -0.18  0.010    -1.15    -3.62    -0.23     0.29 10131   -1.05   -3.61
 -3   -0.59   -0.44    -1.44  0.199    -1.15    -3.62    -0.23     0.29 10131   -1.05   -3.61
 -2    0.01   -0.27     0.05  0.006    -0.65     4.89    -0.16     0.29 20145   -0.72    5.06
  2    0.23   -0.29    -0.61  0.006    -0.65     4.89    -0.16     0.29 20145   -0.72    5.06
 -1    0.25    0.22     0.76  0.010     7.21     1.73     0.21     0.29 10100    7.08    1.76
  1    0.41   -0.36     0.29  0.010     7.21     1.73     0.21     0.29 10100    7.08    1.76
 -2    0.29   -0.07    -0.41  0.006     6.97     2.84    -0.09     0.29 10116    6.93    2.87
  2   -0.18   -0.02     0.17  0.006     6.97     2.84    -0.09     0.29 10116    6.93    2.87
 -1   -0.01    0.36     0.21  0.010    -3.10    -3.71     0.04     0.29 20048   -3.16   -3.79
  2    0.17   -0.17    -0.13  0.006    -3.10    -3.71     0.04     0.29 20048   -3.16   -3.79
 -1    0.16    0.73     0.71  0.010     8.23     0.68     0.21     0.29 10073    8.17    0.57
  1    0.11   -0.21     0.32  0.010     8.23     0.68     0.21     0.29 10073    8.17    0.57
 -1    0.34   -0.44    -1.26  0.010     1.27    -1.70    -0.23     0.29 10016    1.15   -1.63
  2    0.34    0.03    -0.09  0.006     1.27    -1.70    -0.23     0.29 10016    1.15   -1.63
  2   -0.25    0.21     0.23  0.006    -0.06    -2.67     0.18     0.29 10045   -0.09   -2.62
 -2    0.37   -0.40     0.47  0.006    -0.06    -2.67     0.18     0.29 10045   -0.09   -2.62
 -2   -0.84   -0.55     1.50  0.006     0.77    -3.17     0.23     0.29 20025    0.88   -3.07
  1    0.06   -0.12     0.08  0.010     0.77    -3.17     0.23     0.29 20025    0.88   -3.07
 -1    0.29    0.11     0.54  0.010     0.89    -3.01     0.15     0.29 20025    0.88   -3.07
  2   -0.27    0.07    -0.08  0.006     0.89    -3.01     0.15     0.29 20025    0.88   -3.07
 -2    0.05    0.11     0.06  0.006     7.02     0.76     0.10     0.29 10064    6.80    0.82
  1    0.54   -0.27     0.21  0.010     7.02     0.76     0.10     0.29 10064    6.80    0.82
  2    0.45    0.18    -1.30  0.006     1.27    -0.52    -0.26     0.29 20193    1.25   -0.57
  2   -0.23   -0.07    -0.04  0.006     1.27    -0.52    -0.26     0.29 20193    1.25   -0.57
  2   -0.03    0.43    -1.27  0.006     1.27    -0.52    -0.26     0.29 20193    1.25   -0.57
  2   -0.06    0.86     1.40  0.006     2.15    -5.61     0.26     0.29 10031    2.15   -5.67
  3    0.07   -0.10     0.58  0.199     2.15    -5.61     0.26     0.29 10031    2.15   -5.67
  3   -0.03   -0.23     0.62  0.199     2.15    -5.61     0.26     0.29 10031    2.15   -5.67
  3    0.28    0.27    -0.19  0.199    -1.04    -1.65    -0.06     0.29 20182   -1.10   -1.84
 -2   -0.13    0.19     0.04  0.006    -1.04    -1.65    -0.06     0.29 20182   -1.10   -1.84
  1    0.35    0.09    -0.86  0.010    -2.09    -0.09    -0.25     0.29 20014   -2.10   -0.11
  1   -0.25    0.39    -0.36  0.010    -2.09    -0.09    -0.25     0.29 20014   -2.10   -0.11
  1    0.02   -0.35    -1.07  0.010    -2.09    -0.09    -0.25     0.29 20014   -2.10   -0.11
 -3   -0.12    0.04    -0.25  0.199    -2.44     2.96    -0.16     0.29 10110   -2.27    3.05
  1   -0.44   -0.34    -0.29  0.010    -2.44     2.96    -0.16     0.29 10110   -2.27    3.05
 -3   -0.42    0.10    -0.59  0.199    -1.38    -3.22    -0.23     0.29 20062   -1.40   -3.28
  3    0.51    0.20    -0.69  0.199    -1.38    -3.22    -0.23     0.29 20062   -1.40   -3.28
 -2    0.04   -0.13    -0.06  0.006    -1.24     3.93     0.24     0.29 10077   -1.15    4.00
  3   -0.63   -0.32     1.68  0.199    -1.24     3.93     0.24     0.29 10077   -1.15    4.00
 -2    0.58    0.06    -0.26  0.006     1.45    -1.21    -0.21     0.29 10171    1.35   -1.20
  2   -0.12   -0.08    -0.72  0.006     1.45    -1.21    -0.21     0.29 10171    1.35   -1.20
 -2    0.41    0.05    -0.22  0.006     0.95    -5.10    -0.09     0.29 20001    0.86   -5.05
  2   -0.20   -0.20    -0.02  0.006     0.95    -5.10    -0.09     0.29 20001    0.86   -5.05
 -3    0.59    0.32     0.47  0.199     1.10    -0.12     0.15     0.29 20005    0.92   -0.21
  1   -0.05   -0.05     0.00  0.010     1.10    -0.12     0.15     0.29 20005    0.92   -0.21
 -1   -0.01   -0.05     0.52  0.010     0.69     5.42     0.17     0.29 10138    0.55    5.44
  2    0.50   -0.04     0.09  0.006     0.69     5.42     0.17     0.29 10138    0.55    5.44
 -1    0.19    0.10     0.07  0.010    -1.59     1.52     0.22     0.29 10104   -1.64    1.64
  1    0.12   -0.74     1.14  0.010    -1.59     1.52     0.22     0.29 10104   -1.64    1.64
 -1    0.01   -0.23     0.16  0.010    -0.75     5.04    -0.11     0.29 20145   -0.72    5.06
  1   -0.10    0.18    -0.46  0.010    -0.75     5.04    -0.11     0.29 20145   -0.72    5.06
  1    0.48   -0.04     1.19  0.010     0.98    -3.61     0.22     0.29 20196    0.90   -3.59
  2   -0.05   -0.12     0.13  0.006     0.98    -3.61     0.22     0.29 20196    0.90   -3.59
  1   -0.02    0.05    -0.11  0.010     0.98    -3.61     0.22     0.29 20196    0.90   -3.59
 -2    0.19   -0.31    -0.06  0.006    -0.04     3.56     0.11     0.29 10166   -0.19    3.66
  2    0.20    0.04     0.37  0.006    -0.04     3.56     0.11     0.29 10166   -0.19    3.66
 -2    0.04    0.65     0.22  0.006    -2.49     2.45     0.09     0.29 10121   -2.49    2.18
  2   -0.03    0.05     0.02  0.006    -2.49     2.45     0.09     0.29 10121   -2.49    2.18
  1    0.33    0.48    -1.40  0.010    -1.22     0.51    -0.27     0.29 20130   -1.22    0.43
  1   -0.46    0.75    -3.12  0.010    -1.22     0.51    -0.27     0.29 20130   -1.22    0.43
  1    0.09    0.15    -0.09  0.010    -1.22     0.51    -0.27     0.29 20130   -1.22    0.43
  3   -0.17    0.19    -0.05  0.199     4.11    -6.21     0.12     0.30 10129    4.24   -6.36
 -2   -0.20    0.21     0.38  0.006     4.11    -6.21     0.12     0.30 10129    4.24   -6.36
  1   -0.04    0.08    -0.02  0.010    -3.56    -1.38     0.15     0.30 20055   -3.40   -1.26
 -3   -0.45   -0.44     0.50  0.199    -3.56    -1.38     0.15     0.30 20055   -3.40   -1.26
  2    0.05    0.06     0.16  0.006    -3.62     3.65    -0.21     0.30 20078   -3.60    3.62
  2   -0.22    0.09    -0.84  0.006    -3.62     3.65    -0.21     0.30 20078   -3.60    3.62
  1    0.09    0.01    -0.31  0.010    -3.62     3.65    -0.21     0.30 20078   -3.60    3.62
 -2    0.28   -0.34     1.18  0.006    -1.48     4.78     0.22     0.30 20107   -1.49    4.82
  1   -0.23    0.15    -0.02  0.010    -1.48     4.78     0.22     0.30 20107   -1.49    4.82
  1    0.11   -0.08     0.60  0.010     8.11     0.61     0.22     0.30 10073    8.17    0.57
  2   -0.31   -0.09     0.11  0.006     8.11     0.61     0.22     0.30 10073    8.17    0.57
  2   -0.14    0.35     0.46  0.006     8.11     0.61     0.22     0.30 10073    8.17    0.57
 -3   -0.59   -0.48    -1.19  0.199    -2.15    -0.20    -0.24     0.30 20014   -2.10   -0.11
  2    0.28   -0.10    -0.27  0.006    -2.15    -0.20    -0.24     0.30 20014   -2.10   -0.11
 -2    0.73    0.81     1.74  0.006     2.64    -0.38     0.27     0.30 10177    2.59   -0.44
 -1    0.11   -0.10     1.03  0.010     2.64    -0.38     0.27     0.30 10177    2.59   -0.44
 -2   -0.13    0.15     0.87  0.006     2.64    -0.38     0.27     0.30 10177    2.59   -0.44
  1   -0.30    0.09     0.57  0.010     0.67     1.78     0.25     0.30 10068    0.63    1.69
  2    0.42    0.54     1.07  0.006     0.67     1.78     0.25     0.30 10068    0.63    1.69
  1    0.18    0.07     0.18  0.010     0.67     1.78     0.25     0.30 10068    0.63    1.69
  2    0.22   -0.01     0.70  0.006     3.78     3.79     0.20     0.30 10093    3.77    3.90
 -1   -0.17   -0.43     0.11  0.010     3.78     3.79     0.20     0.30 10093    3.77    3.90
 -2    0.52   -0.36     0.41  0.006     5.80     4.49     0.20     0.30 10113    5.70    4.53
  2   -0.11    0.18     0.36  0.006     5.80     4.49     0.20     0.30 10113    5.70    4.53
 -2   -0.19   -0.13    -0.16  0.006    -1.42     1.26     0.02     0.30 10175   -1.45    1.23
  1    0.26    0.20     0.21  0.010    -1.42     1.26     0.02     0.30 10175   -1.45    1.23
 -2   -0.10   -0.11    -0.21  0.006     1.67     4.85     0.00     0.30 10114    1.82    4.79
  2   -0.24    0.25     0.21  0.006     1.67     4.85     0.00     0.30 10114    1.82    4.79
 -2    0.27    0.11    -0.18  0.006    -1.39     4.88     0.08     0.30 20107   -1.49    4.82
  2   -0.04    0.04     0.36  0.006    -1.39     4.88     0.08     0.30 20107   -1.49    4.82
 -1    0.02    0.03     0.52  0.010    -3.16     0.03     0.13     0.30 10095   -3.20   -0.05
  2    0.10    0.19    -0.18  0.006    -3.16     0.03     0.13     0.30 10095   -3.20   -0.05
  1    0.11    0.09     0.02  0.010     2.91    -2.58     0.24     0.30 10006    2.95   -2.67
  2   -0.48    0.50     0.99  0.006     2.91    -2.58     0.24     0.30 10006    2.95   -2.67
  1    0.14    0.01     0.60  0.010     2.91    -2.58     0.24     0.30 10006    2.95   -2.67
  1   -0.50    0.60    -1.51  0.010    -3.46    -0.29    -0.24     0.30 20008   -3.42   -0.39
 -1    0.26    0.04    -0.11  0.010    -3.46    -0.29    -0.24     0.30 20008   -3.42   -0.39
  2   -0.58   -0.08    -0.82  0.006    -0.95     1.23    -0.28     0.30 20191   -0.86    1.28
 -2   -0.84   -0.68    -3.73  0.006    -0.95     1.23    -0.28     0.30 20191   -0.86    1.28
 -1    0.36   -0.09    -0.69  0.010    -5.85    -0.64    -0.25     0.30 10090   -5.87   -0.74
  2   -0.16    0.80    -1.13  0.006    -5.85    -0.64    -0.25     0.30 10090   -5.87   -0.74
 -1   -0.52    0.11    -1.14  0.010    -3.13    -1.32    -0.22     0.30 10026   -3.01   -1.34
  1   -0.01   -0.03     0.13  0.010    -3.13    -1.32    -0.22     0.30 10026   -3.01   -1.34
  1   -0.25    0.10     0.05  0.010     3.79     3.93     0.25     0.30 10093    3.77    3.90
  1    0.19    0.32     1.18  0.010     3.79     3.93     0.25     0.30 10093    3.77    3.90
  1    0.27   -0.19     0.73  0.010     3.79     3.93     0.25     0.30 10093    3.77    3.90
 -2    0.11    0.03    -0.57  0.006    -0.05     3.08    -0.24     0.30 10176   -0.10    2.94
  1    0.20    0.82    -0.82  0.010    -0.05     3.08    -0.24     0.30 10176   -0.10    2.94
 -1    0.47   -0.55    -0.66  0.010    -1.88    -3.25    -0.23     0.30 20044   -1.99   -3.19
  1    0.13    0.20    -0.64  0.010    -1.88    -3.25    -0.23     0.30 20044   -1.99   -3.19
 -1    0.26   -0.02    -0.27  0.010    -0.53     3.15    -0.06     0.30 10191   -0.64    3.28
  1   -0.02   -0.27     0.14  0.010    -0.53     3.15    -0.06     0.30 10191   -0.64    3.28
 -2   -0.17   -0.07    -0.33  0.006    -3.02     1.33    -0.16     0.30 20118   -3.10    1.25
  1    0.41    0.31    -0.17  0.010    -3.02     1.33    -0.16     0.30 20118   -3.10    1.25
 -1    0.20    0.05    -0.05  0.010     1.23    -2.95     0.21     0.30 10105    1.20   -2.85
  1   -0.09   -0.49     0.92  0.010     1.23    -2.95     0.21     0.30 10105    1.20   -2.85
 -3    0.16    0.43     0.62  0.199    -1.03     4.13     0.20     0.30 10077   -1.15    4.00
  1    0.33    0.10     0.18  0.010    -1.03     4.13     0.20     0.30 10077   -1.15    4.00
 -2    0.12    0.10     0.10  0.006     7.27    -0.11     0.20     0.30 10185    7.11   -0.02
  3    0.52   -0.45     0.71  0.199     7.27    -0.11     0.20     0.30 10185    7.11   -0.02
  2    0.36    0.20    -0.27  0.006    -0.77     1.19    -0.24     0.30 20179   -0.81    1.11
  2   -0.34    0.14    -0.70  0.006    -0.77     1.19    -0.24     0.30 20179   -0.81    1.11
  1    0.17    0.11    -0.38  0.010    -0.77     1.19    -0.24     0.30 20179   -0.81    1.11
 -1   -0.27    0.28     0.25  0.010     2.26     5.66     0.17     0.30 10033    2.46    5.52
  2   -0.35    0.18     0.28  0.006     2.26     5.66     0.17     0.30 10033    2.46    5.52
 -2   -0.17    0.05    -0.28  0.006    -3.06     0.00    -0.07     0.30 20077   -3.13    0.03
  1    0.32   -0.11     0.12  0.010    -3.06     0.00    -0.07     0.30 20077   -3.13    0.03
  1    0.07    0.16     0.30  0.010    -1.91     4.35     0.24     0.30 10050   -1.84    4.38
  2   -0.50   -0.13     0.33  0.006    -1.91     4.35     0.24     0.30 10050   -1.84    4.38
  2    0.04   -0.22     0.64  0.006    -1.91     4.35     0.24     0.30 10050   -1.84    4.38
 -1    0.14   -0.36    -0.04  0.010     2.03     4.72     0.01     0.30 20113    1.88    4.80
  1    0.17    0.19     0.07  0.010     2.03     4.72     0.01     0.30 20113    1.88    4.80
  1   -0.31   -0.01     1.01  0.010     5.97     0.65     0.26     0.30 10088    6.00    0.70
  1   -0.08    0.23     0.26  0.010     5.97     0.65     0.26     0.30 10088    6.00    0.70
  1    0.16   -0.60     0.83  0.010     5.97     0.65     0.26     0.30 10088    6.00    0.70
 -1    0.33   -0.10    -1.60  0.010    -2.79    -3.07    -0.26     0.30 20192   -2.79   -3.04
 -1   -0.24   -0.32    -0.47  0.010    -2.79    -3.07    -0.26     0.30 20192   -2.79   -3.04
 -1   -0.07    0.17    -0.01  0.010    -2.79    -3.07    -0.26     0.30 20192   -2.79   -3.04
 -3    0.15    0.36     0.54  0.199     0.56     1.73     0.22     0.31 10068    0.63    1.69
  1   -0.47   -0.17     0.46  0.010     0.56     1.73     0.22     0.31 10068    0.63    1.69
 -3    0.22   -0.04    -0.17  0.199     0.60    -2.82     0.03     0.31 20009    0.42   -2.75
  1    0.17   -0.09     0.23  0.010     0.60    -2.82     0.03     0.31 20009    0.42   -2.75
 -1    0.23    0.21    -0.05  0.010    -2.00     0.81    -0.02     0.31 10035   -2.17    0.57
  2    0.14    0.30     0.01  0.006    -2.00     0.81    -0.02     0.31 10035   -2.17    0.57
 -2    0.24    0.45    -0.55  0.006     3.57    -3.65    -0.26     0.31 20148    3.48   -3.70
 -2    0.16   -0.29    -0.77  0.006     3.57    -3.65    -0.26     0.31 20148    3.48   -3.70
 -1    0.19    0.21    -0.46  0.010     3.57    -3.65    -0.26     0.31 20148    3.48   -3.70
  1   -0.57    0.11     1.25  0.010     0.20     5.36     0.25     0.31 10096    0.27    5.39
 -3    0.13   -0.30     0.20  0.199     0.20     5.36     0.25     0.31 10096    0.27    5.39
 -1   -0.04    0.14    -0.11  0.010     3.31    -2.26    -0.10     0.31 20089    3.39   -2.11
  1   -0.16   -0.50    -0.14  0.010     3.31    -2.26    -0.10     0.31 20089    3.39   -2.11
 -1   -0.07    0.28    -0.64  0.010     0.77    -4.69    -0.18     0.31 20086    0.73   -4.71
  1    0.20   -0.22     0.04  0.010     0.77    -4.69    -0.18     0.31 20086    0.73   -4.71
  2   -0.37   -0.09     0.22  0.006     0.29    -5.38     0.19     0.31 10079    0.28   -5.32
 -2    0.39   -0.12     0.40  0.006     0.29    -5.38     0.19     0.31 10079    0.28   -5.32
 -1   -0.57    0.02    -0.56  0.010    -4.25     0.87    -0.24     0.31 20129   -4.17    0.79
  2    0.17    0.40    -0.71  0.006    -4.25     0.87    -0.24     0.31 20129   -4.17    0.79
 -1   -0.36    0.45     0.75  0.010    -5.93     2.31     0.22     0.31 10107   -5.87    2.26
  3    0.09   -0.25     0.24  0.199    -5.93     2.31     0.22     0.31 10107   -5.87    2.26
  1    0.35   -0.04     0.29  0.010     1.35     0.46     0.28     0.31 10137    1.31    0.39
  1   -0.03    0.62     1.09  0.010     1.35     0.46     0.28     0.31 10137    1.31    0.39
  1    0.07    0.09     1.63  0.010     1.35     0.46     0.28     0.31 10137    1.31    0.39
 -2   -0.14   -0.35    -0.49  0.006    -3.63    -2.28    -0.19     0.31 20103   -3.52   -2.26
  1   -0.22    0.30    -0.11  0.010    -3.63    -2.28    -0.19     0.31 20103   -3.52   -2.26
  3   -0.03   -0.22    -0.23  0.199    -0.16    -0.52    -0.03     0.31 20189   -0.18   -0.33
 -2    0.08   -0.19     0.18  0.006    -0.16    -0.52    -0.03     0.31 20189   -0.18   -0.33
 -1    0.41    0.66     0.86  0.010    -2.17    -1.11     0.23     0.31 20012   -2.29   -1.27
  1    0.14    0.12     0.25  0.010    -2.17    -1.11     0.23     0.31 20012   -2.29   -1.27
 -2   -0.36   -0.15    -0.45  0.006    -0.49     0.03    -0.22     0.31 20197   -0.43   -0.05
  2    0.09    0.50    -0.44  0.006    -0.49     0.03    -0.22     0.31 20197   -0.43   -0.05
 -2    0.08    0.01    -0.04  0.006    -3.01     1.26     0.26     0.31 20170   -2.95    1.14
  1   -0.48    0.76     1.79  0.010    -3.01     1.26     0.26     0.31 20170   -2.95    1.14
 -1   -0.20    0.16     0.19  0.010    -2.14    -3.24     0.02     0.31 20044   -1.99   -3.19
  1   -0.10   -0.27    -0.14  0.010    -2.14    -3.24     0.02     0.31 20044   -1.99   -3.19
 -2    0.32    0.42    -0.39  0.006    -3.10    -3.72    -0.18     0.31 20048   -3.16   -3.79
  2   -0.13   -0.20    -0.14  0.006    -3.10    -3.72    -0.18     0.31 20048   -3.16   -3.79
 -3   -0.08    0.39    -1.22  0.199    -3.43     1.45    -0.23     0.31 20050   -3.43    1.35
  2    0.07    0.08     0.12  0.006    -3.43     1.45    -0.23     0.31 20050   -3.43    1.35
 -1    0.01   -0.30     0.99  0.010     3.32     4.29     0.23     0.31 10149    3.25    4.33
  3    0.32    0.13     0.09  0.199     3.32     4.29     0.23     0.31 10149    3.25    4.33
 -2   -0.14    0.01     0.22  0.006     2.39     4.77    -0.04     0.31 10196    2.52    4.86
  2   -0.13   -0.20    -0.30  0.006     2.39     4.77    -0.04     0.31 10196    2.52    4.86
 -1    0.12    0.86    -1.11  0.010    -3.51    -1.48    -0.25     0.31 10112   -3.52   -1.66
  1   -0.02    0.19    -0.33  0.010    -3.51    -1.48    -0.25     0.31 10112   -3.52   -1.66
 -1    0.29    0.39     0.15  0.010    -1.38    -0.55     0.20     0.31 10192   -1.45   -0.72
  1   -0.06    0.16     0.51  0.010    -1.38    -0.55     0.20     0.31 10192   -1.45   -0.72
 -1    0.10   -0.17    -0.44  0.010    -0.54     3.47    -0.24     0.31 20064   -0.57    3.36
  1    0.10    0.78    -0.84  0.010    -0.54     3.47    -0.24     0.31 20064   -0.57    3.36
  2    0.21    0.11     2.57  0.006    -2.08     2.53     0.29     0.31 10055   -2.16    2.52
  2    0.56    0.15     0.94  0.006    -2.08     2.53     0.29     0.31 10055   -2.16    2.52
  2    0.55   -0.01     0.92  0.006    -2.08     2.53     0.29     0.31 10055   -2.16    2.52
 -1    0.07    0.23     0.67  0.010     6.13     2.81     0.23     0.31 10150    6.00    2.82
  2    0.49   -0.26     0.32  0.006     6.13     2.81     0.23     0.31 10150    6.00    2.82
  2    0.31   -0.17     0.09  0.006    -1.65     5.88     0.14     0.31 20091   -1.65    5.98
 -1   -0.32   -0.07     0.29  0.010    -1.65     5.88     0.14     0.31 20091   -1.65    5.98
 -3    0.13   -0.17     0.05  0.199     1.11    -0.27    -0.11     0.31 20005    0.92   -0.21
  2    0.30    0.01    -0.30  0.006     1.11    -0.27    -0.11     0.31 20005    0.92   -0.21
 -1   -0.30   -0.18    -0.01  0.010    -3.51    -0.01     0.16     0.31 20006   -3.47    0.08
  2    0.20   -0.09     0.46  0.006    -3.51    -0.01     0.16     0.31 20006   -3.47    0.08
  2    0.53   -0.24     0.40  0.006     3.60     2.95     0.21     0.31 10046    3.52    2.99
 -2   -0.22    0.10     0.37  0.006     3.60     2.95     0.21     0.31 10046    3.52    2.99
  1    0.08    0.34    -0.76  0.010    -7.28     3.47    -0.22     0.31 20043   -7.21    3.41
 -1   -0.36   -0.10    -0.09  0.010    -7.28     3.47    -0.22     0.31 20043   -7.21    3.41
 -2    0.04    0.13    -0.76  0.006    -0.53    -0.10    -0.24     0.31 20197   -0.43   -0.05
  2   -0.52   -0.36    -0.42  0.006    -0.53    -0.10    -0.24     0.31 20197   -0.43   -0.05
 -1   -0.14   -0.12    -0.15  0.010    -3.65    -1.57     0.03     0.31 10112   -3.52   -1.66
  1   -0.11    0.32     0.22  0.010    -3.65    -1.57     0.03     0.31 10112   -3.52   -1.66
 -2    0.32    0.25    -0.27  0.006     0.07     3.12    -0.19     0.31 10176   -0.10    2.94
  2    0.22    0.32    -0.34  0.006     0.07     3.12    -0.19     0.31 10176   -0.10    2.94
  1    0.52   -0.18    -0.29  0.010     3.81     2.56    -0.21     0.31 10157    3.73    2.61
 -2   -0.20   -0.00    -0.52  0.006     3.81     2.56    -0.21     0.31 10157    3.73    2.61
  1    0.02   -0.20     1.09  0.010    -3.53     2.45     0.24     0.31 20098   -3.47    2.44
  2   -0.05    0.06    -0.03  0.006    -3.53     2.45     0.24     0.31 20098   -3.47    2.44
  1   -0.26    0.19     0.12  0.010    -3.53     2.45     0.24     0.31 20098   -3.47    2.44
 -1    0.45   -0.09     0.23  0.010    -0.95    -0.88     0.23     0.31 10049   -1.08   -0.78
  2    0.16   -0.33     0.79  0.006    -0.95    -0.88     0.23     0.31 10049   -1.08   -0.78
  2   -0.14    0.08    -0.12  0.006     4.35     1.50     0.26     0.31 10174    4.38    1.47
 -3   -0.05    0.12     1.80  0.199     4.35     1.50     0.26     0.31 10174    4.38    1.47
 -1    0.44    0.02    -0.78  0.010    -2.04     4.41    -0.23     0.31 20054   -2.08    4.46
  3   -0.27   -0.25    -0.24  0.199    -2.04     4.41    -0.23     0.31 20054   -2.08    4.46
 -1    0.04   -0.17     0.15  0.010     4.20     1.45     0.20     0.31 10174    4.38    1.47
  1   -0.62    0.11     0.49  0.010     4.20     1.45     0.20     0.31 10174    4.38    1.47
 -2    0.07   -0.06     0.01  0.006     8.40     0.40    -0.11     0.31 10073    8.17    0.57
  1    0.44   -0.34    -0.26  0.010     8.40     0.40    -0.11     0.31 10073    8.17    0.57
 -2    0.02    0.13    -0.03  0.006    -1.43     6.31     0.24     0.32 10048   -1.33    6.37
  2   -0.52   -0.47     1.24  0.006    -1.43     6.31     0.24     0.32 10048   -1.33    6.37
  1    0.59   -0.00     1.99  0.010    -0.05     2.92     0.28     0.32 10176   -0.10    2.94
  2   -0.12    0.12     0.08  0.006    -0.05     2.92     0.28     0.32 10176   -0.10    2.94
  1   -0.08   -0.31     0.29  0.010    -0.05     2.92     0.28     0.32 10176   -0.10    2.94
 -3   -0.68    0.16     0.81  0.199     7.04    -0.01     0.25     0.32 10185    7.11   -0.02
  2    0.27   -0.13     0.60  0.006     7.04    -0.01     0.25     0.32 10185    7.11   -0.02
  2    0.32    0.22     0.23  0.006     5.21    -0.87     0.19     0.32 10015    5.03   -1.04
 -1    0.24    0.30     0.33  0.010     5.21    -0.87     0.19     0.32 10015    5.03   -1.04
 -2    0.19   -0.15     0.10  0.006     0.79     4.17    -0.13     0.32 10178    0.82    4.23
  1   -0.26   -0.01    -0.42  0.010     0.79     4.17    -0.13     0.32 10178    0.82    4.23
  2    0.01    0.11    -0.07  0.006     3.47     2.88     0.23     0.32 10046    3.52    2.99
 -2   -0.22   -0.56     1.08  0.006     3.47     2.88     0.23     0.32 10046    3.52    2.99
 -2    0.10    0.09    -0.18  0.006     0.96     2.80    -0.20     0.32 20096    0.82    2.60
  1    0.36    0.56    -0.50  0.010     0.96     2.80    -0.20     0.32 20096    0.82    2.60
 -2    0.17    0.45     0.15  0.006    -0.54    -1.72     0.13     0.32 20004   -0.64   -1.98
  1    0.08    0.17     0.15  0.010    -0.54    -1.72     0.13     0.32 20004   -0.64   -1.98
 -1    0.09    0.06     0.10  0.010     2.10    -4.07    -0.17     0.32 10086    2.09   -4.25
  1   -0.08    0.43    -0.57  0.010     2.10    -4.07    -0.17     0.32 10086    2.09   -4.25
 -1    0.10    0.32    -0.03  0.010     0.96     4.90     0.20     0.32 20156    0.94    4.83
  1   -0.04   -0.10     0.70  0.010     0.96     4.90     0.20     0.32 20156    0.94    4.83
 -2   -0.45    0.30     0.71  0.006     2.34    -3.74     0.23     0.32 10190    2.37   -3.82
  2    0.32    0.03     0.21  0.006     2.34    -3.74     0.23     0.32 10190    2.37   -3.82
 -1   -0.01   -0.00    -0.00  0.010    -1.78    -5.15     0.11     0.32 20053   -1.60   -5.39
  2   -0.38    0.51     0.23  0.006    -1.78    -5.15     0.11     0.32 20053   -1.60   -5.39
 -2    0.06    0.00    -0.17  0.006    -2.89     4.42     0.21     0.32 10081   -2.86    4.47
  2   -0.16   -0.15     0.84  0.006    -2.89     4.42     0.21     0.32 10081   -2.86    4.47
  1   -0.17    0.11    -0.05  0.010    -0.23     0.30    -0.02     0.32 20185    0.07    0.19
 -1   -0.39    0.08     0.01  0.010    -0.23     0.30    -0.02     0.32 20185    0.07    0.19
  2    0.12   -0.10    -0.66  0.006     1.52    -2.20    -0.28     0.32 20166    1.62   -2.16
  1   -0.06   -0.17    -0.49  0.010     1.52    -2.20    -0.28     0.32 20166    1.62   -2.16
  2   -0.79   -0.03    -0.97  0.006     1.52    -2.20    -0.28     0.32 20166    1.62   -2.16
 -1   -0.03    0.62    -0.83  0.010     0.44    -2.67    -0.24     0.32 20009    0.42   -2.75
  2    0.11   -0.25    -0.17  0.006     0.44    -2.67    -0.24     0.32 20009    0.42   -2.75
 -2    0.06    0.12     0.16  0.006    -1.28     6.61     0.21     0.32 10048   -1.33    6.37
  1    0.08    0.65     0.51  0.010    -1.28     6.61     0.21     0.32 10048   -1.33    6.37
 -3   -0.54   -0.01    -0.29  0.199    -0.32    -3.87    -0.18     0.32 10011   -0.12   -3.82
  2    0.01   -0.13    -0.21  0.006    -0.32    -3.87    -0.18     0.32 10011   -0.12   -3.82
 -2    0.15    0.31     0.11  0.006    -2.29     3.18     0.27     0.32 10110   -2.27    3.05
  2   -0.24    0.42     1.47  0.006    -2.29     3.18     0.27     0.32 10110   -2.27    3.05
  2   -0.03    0.01     0.12  0.006    -2.86    -3.04    -0.26     0.33 20192   -2.79   -3.04
  1   -0.18   -0.09    -0.22  0.010    -2.86    -3.04    -0.26     0.33 20192   -2.79   -3.04
  2   -0.14    0.06    -1.22  0.006    -2.86    -3.04    -0.26     0.33 20192   -2.79   -3.04
  1    0.09   -0.03    -0.41  0.010     0.18    -2.39    -0.14     0.33 20184    0.02   -2.43
 -1    0.28    0.11     0.10  0.010     0.18    -2.39    -0.14     0.33 20184    0.02   -2.43
 -1   -0.12    0.07     0.02  0.010     3.36    -1.79    -0.01     0.33 10012    3.54   -2.05
  2   -0.23    0.40    -0.04  0.006     3.36    -1.79    -0.01     0.33 10012    3.54   -2.05
 -2   -0.02   -0.14    -0.12  0.006    -2.62     4.83    -0.12     0.33 20127   -2.54    5.11
  2   -0.15   -0.47    -0.15  0.006    -2.62     4.83    -0.12     0.33 20127   -2.54    5.11
 -3   -0.00    0.25    -0.09  0.199    -3.92    -3.86    -0.26     0.33 10106   -4.01   -3.87
  2    0.45   -0.16    -1.20  0.006    -3.92    -3.86    -0.26     0.33 10106   -4.01   -3.87
  2    0.34   -0.43     0.66  0.006     2.41    -3.85     0.29     0.33 10190    2.37   -3.82
  1   -0.14   -0.09     1.41  0.010     2.41    -3.85     0.29     0.33 10190    2.37   -3.82
  1    0.18    0.27     0.42  0.010     2.41    -3.85     0.29     0.33 10190    2.37   -3.82
 -1    0.23   -0.19     0.00  0.010    -2.79     4.38     0.25     0.33 10081   -2.86    4.47
  3    0.08   -0.24     1.19  0.199    -2.79     4.38     0.25     0.33 10081   -2.86    4.47
  1    0.08    0.22    -0.27  0.010    -3.12     0.96    -0.30     0.33 20051   -3.07    0.92
  2   -0.82   -0.05    -1.91  0.006    -3.12     0.96    -0.30     0.33 20051   -3.07    0.92
  2    0.17    0.25    -0.75  0.006    -3.12     0.96    -0.30     0.33 20051   -3.07    0.92
 -1    0.06    0.04     0.04  0.010    -1.85    -0.27     0.19     0.33 10154   -2.11   -0.30
  2    0.67    0.04     0.51  0.006    -1.85    -0.27     0.19     0.33 10154   -2.11   -0.30
 -1   -0.70   -0.02     1.19  0.010     4.93    -1.07     0.28     0.33 10015    5.03   -1.04
 -2    0.07    0.09     0.55  0.006     4.93    -1.07     0.28     0.33 10015    5.03   -1.04
 -2   -0.05   -0.27     0.26  0.006     4.93    -1.07     0.28     0.33 10015    5.03   -1.04
 -3    0.53   -0.35    -0.99  0.199    -1.52    -0.92    -0.29     0.33 20083   -1.66   -0.88
  1    0.54    0.02    -1.20  0.010    -1.52    -0.92    -0.29     0.33 20083   -1.66   -0.88
  2   -0.02   -0.13    -0.03  0.006     2.50    -0.48     0.28     0.33 10177    2.59   -0.44
  2   -0.51    0.06     1.69  0.006     2.50    -0.48     0.28     0.33 10177    2.59   -0.44
  1   -0.07   -0.17     0.19  0.010     2.50    -0.48     0.28     0.33 10177    2.59   -0.44
  1   -0.22    0.38    -0.66  0.010    -3.05    -1.25    -0.28     0.33 10026   -3.01   -1.34
  2    0.30    0.09    -0.50  0.006    -3.05    -1.25    -0.28     0.33 10026   -3.01   -1.34
  2   -0.38    0.15    -0.77  0.006    -3.05    -1.25    -0.28     0.33 10026   -3.01   -1.34
  2   -0.12   -0.27     0.64  0.006    -1.97    -0.06     0.26     0.33 20082   -2.02   -0.04
  1    0.02    0.12    -0.05  0.010    -1.97    -0.06     0.26     0.33 20082   -2.02   -0.04
  1    0.34    0.07     0.67  0.010    -1.97    -0.06     0.26     0.33 20082   -2.02   -0.04
 -2    0.26   -0.39     0.11  0.006    -3.93    -4.01     0.12     0.33 10106   -4.01   -3.87
  2   -0.10    0.11     0.13  0.006    -3.93    -4.01     0.12     0.33 10106   -4.01   -3.87
 -1    0.21   -0.07    -0.06  0.010    -1.94     3.42    -0.29     0.33 20180   -1.91    3.42
 -2    0.06    0.11    -1.04  0.006    -1.94     3.42    -0.29     0.33 20180   -1.91    3.42
 -1   -0.52    0.00    -0.91  0.010    -1.94     3.42    -0.29     0.33 20180   -1.91    3.42
 -2   -0.18    0.07    -0.22  0.006     1.95     2.15    -0.23     0.33 10089    2.18    2.12
  1   -0.64    0.00    -0.62  0.010     1.95     2.15    -0.23     0.33 10089    2.18    2.12
  1   -0.30   -0.18    -0.42  0.010    -1.35    -3.37    -0.29     0.33 20062   -1.40   -3.28
  2    0.21   -0.18    -0.43  0.006    -1.35    -3.37    -0.29     0.33 20062   -1.40   -3.28
  1    0.42   -0.38    -1.43  0.010    -1.35    -3.37    -0.29     0.33 20062   -1.40   -3.28
 -1    0.13    0.02    -1.06  0.010     0.02    -4.23    -0.25     0.33 10024   -0.06   -4.28
  1    0.21    0.18     0.05  0.010     0.02    -4.23    -0.25     0.33 10024   -0.06   -4.28
 -2   -0.17   -0.42     0.93  0.006     0.83     4.14     0.24     0.33 10178    0.82    4.23
  2    0.20    0.07    -0.02  0.006     0.83     4.14     0.24     0.33 10178    0.82    4.23
 -3    0.22    0.11    -0.51  0.199    -3.28     2.51    -0.19     0.33 20098   -3.47    2.44
  2    0.29    0.08    -0.01  0.006    -3.28     2.51    -0.19     0.33 20098   -3.47    2.44
 -1   -0.32    0.56     0.35  0.010     1.26    -0.06     0.16     0.33 10193    1.40   -0.32
  2    0.01    0.02     0.00  0.006     1.26    -0.06     0.16     0.33 10193    1.40   -0.32
  1    0.03    0.10     0.08  0.010    -4.77    -1.64     0.06     0.33 20119   -4.75   -1.45
 -3   -0.06   -0.43     0.03  0.199    -4.77    -1.64     0.06     0.33 20119   -4.75   -1.45
 -1   -0.16    0.08     0.05  0.010    -1.50     3.49    -0.04     0.33 10142   -1.62    3.50
  1    0.39   -0.09    -0.12  0.010    -1.50     3.49    -0.04     0.33 10142   -1.62    3.50
 -1   -0.58   -0.23     0.82  0.010    -1.68     3.48     0.27     0.33 10142   -1.62    3.50
  3    0.29    0.10     0.50  0.199    -1.68     3.48     0.27     0.33 10142   -1.62    3.50
 -1   -0.55   -0.37     0.79  0.010    -0.79     3.17     0.23     0.33 10191   -0.64    3.28
  1    0.07    0.02    -0.03  0.010    -0.79     3.17     0.23     0.33 10191   -0.64    3.28
  1   -0.27   -0.45    -0.44  0.010    -2.49     2.16    -0.29     0.33 10121   -2.49    2.18
  2   -0.00    0.21    -0.74  0.006    -2.49     2.16    -0.29     0.33 10121   -2.49    2.18
  1    0.29    0.07    -1.16  0.010    -2.49     2.16    -0.29     0.33 10121   -2.49    2.18
  1    0.25    0.22    -0.12  0.010    -3.43     1.36    -0.28     0.33 20050   -3.43    1.35
  2    0.08   -0.05    -0.76  0.006    -3.43     1.36    -0.28     0.33 20050   -3.43    1.35
  3   -0.34   -0.09    -0.93  0.199    -3.43     1.36    -0.28     0.33 20050   -3.43    1.35
 -1   -0.03    0.12     0.35  0.010     1.29     6.51     0.20     0.33 10118    1.46    6.56
  1   -0.42   -0.25     0.17  0.010     1.29     6.51     0.20     0.33 10118    1.46    6.56
  1   -0.11    0.08    -0.01  0.010     1.20    -0.36     0.30     0.33 10173    1.22   -0.35
  2    0.11   -0.53     1.57  0.006     1.20    -0.36     0.30     0.33 10173    1.22   -0.35
  2   -0.20    0.38     1.24  0.006     1.20    -0.36     0.30     0.33 10173    1.22   -0.35
  1    0.06    0.60     0.95  0.010     2.27    -5.50     0.28     0.34 10041    2.34   -5.60
 -1   -0.48    0.00     0.69  0.010     2.27    -5.50     0.28     0.34 10041    2.34   -5.60
 -3   -0.17   -0.00     0.11  0.199    -5.93     2.44     0.12     0.34 10107   -5.87    2.26
  1    0.04    0.37     0.14  0.010    -5.93     2.44     0.12     0.34 10107   -5.87    2.26
 -1    0.31   -0.16    -0.04  0.010     3.25    -3.47    -0.12     0.34 10022    3.20   -3.33
  1   -0.21   -0.13    -0.22  0.010     3.25    -3.47    -0.12     0.34 10022    3.20   -3.33
  2    0.09   -0.29    -0.02  0.006    -3.27    -1.79     0.06     0.34 10044   -3.37   -1.49
 -1    0.09   -0.26     0.12  0.010    -3.27    -1.79     0.06     0.34 10044   -3.37   -1.49
  1    0.37   -0.14    -0.13  0.010     0.99    -3.68    -0.07     0.34 20196    0.90   -3.59
 -1   -0.20   -0.04    -0.01  0.010     0.99    -3.68    -0.07     0.34 20196    0.90   -3.59
 -1    0.41   -0.01     0.06  0.010     7.06     2.85     0.07     0.34 10116    6.93    2.87
  1   -0.18   -0.03     0.07  0.010     7.06     2.85     0.07     0.34 10116    6.93    2.87
 -2   -0.25    0.27     0.13  0.006    -3.08     1.36     0.26     0.34 20118   -3.10    1.25
  2    0.32    0.17     0.93  0.006    -3.08     1.36     0.26     0.34 20118   -3.10    1.25
  1   -0.30    0.05    -2.21  0.010     1.36    -1.23    -0.30     0.34 10171    1.35   -1.20
  2    0.20   -0.01    -0.15  0.006     1.36    -1.23    -0.30     0.34 10171    1.35   -1.20
  1    0.18   -0.30    -0.24  0.010     1.36    -1.23    -0.30     0.34 10171    1.35   -1.20
 -2   -0.32   -0.17     0.02  0.006    -4.48    -0.49     0.02     0.34 20186   -4.34   -0.38
  3    0.08   -0.02     0.01  0.199    -4.48    -0.49     0.02     0.34 20186   -4.34   -0.38
 -1    0.11    0.03    -0.18  0.010    -1.80     0.06    -0.23     0.34 20082   -2.02   -0.04
  2    0.60    0.29    -0.56  0.006    -1.80     0.06    -0.23     0.34 20082   -2.02   -0.04
  1   -0.13    0.06     0.43  0.010    -0.89     2.46     0.28     0.34 10030   -0.85    2.54
  2    0.02   -0.68     0.88  0.006    -0.89     2.46     0.28     0.34 10030   -0.85    2.54
  2   -0.07    0.18     0.28  0.006    -0.89     2.46     0.28     0.34 10030   -0.85    2.54
  2   -0.12   -0.10     0.62  0.006     3.45    -3.60     0.23     0.34 20148    3.48   -3.70
 -2    0.02    0.42     0.11  0.006     3.45    -3.60     0.23     0.34 20148    3.48   -3.70
 -1    0.14    0.27    -0.16  0.010    -1.19     6.37    -0.10     0.34 10048   -1.33    6.37
  1    0.13   -0.27    -0.04  0.010    -1.19     6.37    -0.10     0.34 10048   -1.33    6.37
  1   -0.08   -0.53    -0.68  0.010     3.93    -0.58    -0.27     0.34 20037    3.98   -0.55
  1   -0.19    0.26    -0.55  0.010     3.93    -0.58    -0.27     0.34 20037    3.98   -0.55
  2    0.01    0.12    -0.12  0.006     3.93    -0.58    -0.27     0.34 20037    3.98   -0.55
  2    0.27   -0.23    -0.08  0.006     0.85     2.56    -0.30     0.34 20096    0.82    2.60
  1   -0.08   -0.20    -1.41  0.010     0.85     2.56    -0.30     0.34 20096    0.82    2.60
  1    0.06    0.10    -1.02  0.010     0.85     2.56    -0.30     0.34 20096    0.82    2.60
 -2   -0.18    0.52    -0.85  0.006    -0.37    -5.53    -0.27     0.34 20094   -0.39   -5.58
  2    0.29   -0.29    -0.45  0.006    -0.37    -5.53    -0.27     0.34 20094   -0.39   -5.58
 -2    0.08    0.16     0.45  0.006    -0.14     1.80     0.20     0.34 20038   -0.30    1.66
  2    0.35    0.21     0.09  0.006    -0.14     1.80     0.20     0.34 20038   -0.30    1.66
  2    0.03   -0.50    -1.14  0.006     0.27     3.80    -0.30     0.34 20178    0.21    3.89
  1    0.10   -0.36    -0.76  0.010     0.27     3.80    -0.30     0.34 20178    0.21    3.89
  2    0.36    0.15    -0.61  0.006     0.27     3.80    -0.30     0.34 20178    0.21    3.89
 -3    0.09   -0.51     0.36  0.199     5.84     0.85     0.28     0.34 20137    5.84    0.91
  1   -0.10    0.18     1.04  0.010     5.84     0.85     0.28     0.34 20137    5.84    0.91
 -1   -0.11    0.22     0.16  0.010     2.49    -0.23    -0.08     0.34 10008    2.57   -0.33
  1   -0.04   -0.04    -0.31  0.010     2.49    -0.23    -0.08     0.34 10008    2.57   -0.33
  1    0.09    0.03    -0.10  0.010    -0.08    -4.77     0.27     0.34 10189   -0.10   -4.68
 -3    0.02   -0.45     1.34  0.199    -0.08    -4.77     0.27     0.34 10189   -0.10   -4.68
  2    0.33    0.03     0.09  0.006     0.96    -3.66     0.28     0.34 20196    0.90   -3.59
 -2   -0.03   -0.41     1.29  0.006     0.96    -3.66     0.28     0.34 20196    0.90   -3.59
 -2    0.01    0.82    -1.38  0.006     8.20     0.69    -0.29     0.34 10073    8.17    0.57
  1    0.16   -0.15    -0.23  0.010     8.20     0.69    -0.29     0.34 10073    8.17    0.57
  2    0.01    0.39     0.97  0.006     0.92    -3.53     0.26     0.35 20196    0.90   -3.59
 -1    0.06   -0.19    -0.05  0.010     0.92    -3.53     0.26     0.35 20196    0.90   -3.59
 -1    0.54   -0.34     1.49  0.010    -0.13     1.45     0.28     0.35 10034   -0.24    1.50
  1    0.03    0.10    -0.06  0.010    -0.13     1.45     0.28     0.35 10034   -0.24    1.50
 -1    0.11   -0.14    -0.01  0.010    -0.13     1.39    -0.12     0.35 20038   -0.30    1.66
  1    0.20   -0.36    -0.22  0.010    -0.13     1.39    -0.12     0.35 20038   -0.30    1.66
 -1   -0.29   -0.35    -0.30  0.010    -2.08    -0.05    -0.26     0.35 20082   -2.02   -0.04
  1    0.08    0.33    -0.72  0.010    -2.08    -0.05    -0.26     0.35 20082   -2.02   -0.04
 -2    0.00   -0.17    -0.25  0.006    -0.75     3.28    -0.06     0.35 10191   -0.64    3.28
  2   -0.18    0.17     0.14  0.006    -0.75     3.28    -0.06     0.35 10191   -0.64    3.28
 -2    0.02    0.06     0.01  0.006     1.05     4.44     0.14     0.35 10178    0.82    4.23
  2    0.44    0.34     0.27  0.006     1.05     4.44     0.14     0.35 10178    0.82    4.23
 -1    0.13    0.07    -1.08  0.010    -2.06     1.54    -0.29     0.35 20176   -2.15    1.62
  2    0.32   -0.49    -0.42  0.006    -2.06     1.54    -0.29     0.35 20176   -2.15    1.62
 -1    0.23    0.05     0.08  0.010    -0.11     2.90    -0.07     0.35 10176   -0.10    2.94
  2   -0.25   -0.12    -0.20  0.006    -0.11     2.90    -0.07     0.35 10176   -0.10    2.94
 -1   -0.10    0.30     0.21  0.010    -2.78    -0.81     0.18     0.35 20015   -2.75   -1.10
  1    0.03    0.34     0.19  0.010    -2.78    -0.81     0.18     0.35 20015   -2.75   -1.10
 -2    0.90    0.26     1.59  0.006     2.71    -0.42     0.30     0.35 10177    2.59   -0.44
  2   -0.13   -0.12     0.28  0.006     2.71    -0.42     0.30     0.35 10177    2.59   -0.44
 -2    0.18   -0.09     0.04  0.006     1.65    -5.38     0.32     0.35 10120    1.62   -5.32
 -2   -0.21   -0.51     1.71  0.006     1.65    -5.38     0.32     0.35 10120    1.62   -5.32
 -2    0.34   -0.06     1.48  0.006     1.65    -5.38     0.32     0.35 10120    1.62   -5.32
  1    0.27    0.10     0.40  0.010    -3.37     0.01     0.25     0.35 10144   -3.36    0.10
 -2   -0.33   -0.39     0.42  0.006    -3.37     0.01     0.25     0.35 10144   -3.36    0.10
 -3   -0.11   -0.15    -0.38  0.199    -7.03    -0.92    -0.16     0.35 20100   -7.00   -0.73
  2    0.03   -0.24     0.05  0.006    -7.03    -0.92    -0.16     0.35 20100   -7.00   -0.73
  2    0.25    0.13    -1.49  0.006     0.90    -3.00    -0.29     0.35 20025    0.88   -3.07
  1   -0.11    0.05    -0.03  0.010     0.90    -3.00    -0.29     0.35 20025    0.88   -3.07
  1   -0.05    0.18    -0.01  0.010     0.90    -3.00    -0.29     0.35 20025    0.88   -3.07
 -2    0.11    0.13    -0.17  0.006    -2.38     3.00    -0.10     0.35 10110   -2.27    3.05
  2   -0.29   -0.22     0.00  0.006    -2.38     3.00    -0.10     0.35 10110   -2.27    3.05
 -2    0.20   -0.11    -0.89  0.006     4.18    -1.22    -0.29     0.35 20123    4.17   -1.31
  3   -0.16    0.52    -0.44  0.199     4.18    -1.22    -0.29     0.35 20123    4.17   -1.31
 -1   -0.07    0.22     0.18  0.010     0.53     5.74     0.18     0.35 10138    0.55    5.44
  1    0.03    0.42     0.22  0.010     0.53     5.74     0.18     0.35 10138    0.55    5.44
  2   -0.31   -0.29     0.88  0.006     0.07     2.83     0.30     0.35 10162    0.14    2.77
  2   -0.09    0.45     0.76  0.006     0.07     2.83     0.30     0.35 10162    0.14    2.77
  1   -0.01    0.14     0.08  0.010     0.07     2.83     0.30     0.35 10162    0.14    2.77
 -2    0.60   -0.37    -1.33  0.006    -0.98    -1.99    -0.30     0.35 20133   -1.07   -1.97
  1   -0.11    0.26    -0.25  0.010    -0.98    -1.99    -0.30     0.35 20133   -1.07   -1.97
 -2    0.45    0.27     0.24  0.006     1.90    -5.18     0.16     0.35 10120    1.62   -5.32
  2    0.11    0.00     0.08  0.006     1.90    -5.18     0.16     0.35 10120    1.62   -5.32
  2   -0.47    0.29     2.24  0.006     4.70    -3.55     0.32     0.35 10027    4.71   -3.55
  2    0.11   -0.03     0.02  0.006     4.70    -3.55     0.32     0.35 10027    4.71   -3.55
  1    0.31   -0.27     0.62  0.010     4.70    -3.55     0.32     0.35 10027    4.71   -3.55
  1    0.29    0.29     1.18  0.010    -0.23     0.44     0.27     0.35 10164   -0.31    0.33
 -1    0.05    0.13    -0.08  0.010    -0.23     0.44     0.27     0.35 10164   -0.31    0.33
  1    0.49    0.16    -1.05  0.010    -0.36     0.02    -0.31     0.35 20197   -0.43   -0.05
  2    0.21    0.05    -0.56  0.006    -0.36     0.02    -0.31     0.35 20197   -0.43   -0.05
  1   -0.26    0.30    -0.50  0.010    -0.36     0.02    -0.31     0.35 20197   -0.43   -0.05
 -1   -0.23    0.20     0.37  0.010    -0.14     0.34     0.24     0.35 20185    0.07    0.19
  2   -0.40    0.22     0.36  0.006    -0.14     0.34     0.24     0.35 20185    0.07    0.19
  1   -0.26   -0.03     0.22  0.010    -0.05    -2.58     0.32     0.35 10045   -0.09   -2.62
  2    0.30    0.03     1.66  0.006    -0.05    -2.58     0.32     0.35 10045   -0.09   -2.62
  3    0.34    0.30     0.81  0.199    -0.05    -2.58     0.32     0.35 10045   -0.09   -2.62
  1    0.12   -0.41    -1.01  0.010     0.75    -4.71    -0.32     0.35 20086    0.73   -4.71
  1    0.24    0.13    -0.11  0.010     0.75    -4.71    -0.32     0.35 20086    0.73   -4.71
  1   -0.11    0.26    -1.64  0.010     0.75    -4.71    -0.32     0.35 20086    0.73   -4.71
 -2   -0.25    0.21     0.25  0.006     0.36     5.36     0.14     0.35 20099    0.36    5.23
  2    0.24    0.04     0.00  0.006     0.36     5.36     0.14     0.35 20099    0.36    5.23
  1   -0.16   -0.37    -0.97  0.010     4.11    -1.84    -0.32     0.35 20056    4.16   -1.88
  3   -0.07    0.34    -1.36  0.199     4.11    -1.84    -0.32     0.35 20056    4.16   -1.88
  1   -0.13    0.34    -0.36  0.010     4.11    -1.84    -0.32     0.35 20056    4.16   -1.88
  1   -0.08    0.07    -0.01  0.010     0.34     5.36     0.33     0.35 10096    0.27    5.39
  1    0.21   -0.23     2.27  0.010     0.34     5.36     0.33     0.35 10096    0.27    5.39
  1    0.61   -0.24     1.32  0.010     0.34     5.36     0.33     0.35 10096    0.27    5.39
 -1   -0.08   -0.21     0.12  0.010     6.92     2.97     0.27     0.36 10116    6.93    2.87
  2    0.04    0.60     0.92  0.006     6.92     2.97     0.27     0.36 10116    6.93    2.87
  1    0.04   -0.17    -0.36  0.010    -2.55    -1.15    -0.31     0.36 20003   -2.58   -1.15
  2    0.29    0.44    -0.65  0.006    -2.55    -1.15    -0.31     0.36 20003   -2.58   -1.15
  3   -0.13   -0.29    -1.02  0.199    -2.55    -1.15    -0.31     0.36 20003   -2.58   -1.15
 -3    0.08   -0.32     0.03  0.199     1.60     0.08     0.03     0.36 10028    1.48    0.20
  2    0.10    0.14     0.01  0.006     1.60     0.08     0.03     0.36 10028    1.48    0.20
 -1   -0.48   -0.18    -0.82  0.010    -1.93     4.26    -0.27     0.36 10050   -1.84    4.38
  2    0.13   -0.28    -0.20  0.006    -1.93     4.26    -0.27     0.36 10050   -1.84    4.38
 -1    0.48    0.14     0.40  0.010     5.72     1.32     0.31     0.36 10143    5.60    1.35
  1    0.27   -0.31     1.50  0.010     5.72     1.32     0.31     0.36 10143    5.60    1.35
  1    0.33    0.13    -1.34  0.010     5.96     2.79    -0.32     0.36 10150    6.00    2.82
  1   -0.33   -0.09    -0.46  0.010     5.96     2.79    -0.32     0.36 10150    6.00    2.82
  3   -0.36   -0.27    -0.86  0.199     5.96     2.79    -0.32     0.36 10150    6.00    2.82
 -2   -0.57   -0.37     0.62  0.006     2.58     4.89     0.23     0.36 10187    2.81    5.04
  2   -0.03   -0.01    -0.00  0.006     2.58     4.89     0.23     0.36 10187    2.81    5.04
 -1   -0.50   -0.11     0.31  0.010     3.37     0.93     0.28     0.36 10066    3.49    0.91
  2    0.04    0.17     0.72  0.006     3.37     0.93     0.28     0.36 10066    3.49    0.91
  1    0.06   -0.16    -0.02  0.010     1.96     4.78    -0.30     0.36 20113    1.88    4.80
  2    0.54    0.07    -1.17  0.006     1.96     4.78    -0.30     0.36 20113    1.88    4.80
  1   -0.18    0.01    -0.44  0.010     1.96     4.78    -0.30     0.36 20113    1.88    4.80
 -1    0.39    0.17     0.24  0.010     4.49     1.57     0.16     0.36 10174    4.38    1.47
  1   -0.19    0.02     0.07  0.010     4.49     1.57     0.16     0.36 10174    4.38    1.47
 -3    0.41   -0.29    -0.34  0.199     0.95     2.29    -0.19     0.36 10136    0.78    2.38
  1   -0.04    0.10    -0.06  0.010     0.95     2.29    -0.19     0.36 10136    0.78    2.38
 -3   -0.33   -0.28     0.49  0.199    -0.48    -5.56     0.27     0.36 20094   -0.39   -5.58
  2    0.04    0.34     0.44  0.006    -0.48    -5.56     0.27     0.36 20094   -0.39   -5.58
  2    0.01    0.16     1.31  0.006     0.97     4.76     0.31     0.36 20156    0.94    4.83
 -1    0.17   -0.52     0.39  0.010     0.97     4.76     0.31     0.36 20156    0.94    4.83
 -2    0.06   -0.14     0.09  0.006    -3.29     1.47     0.22     0.36 20108   -3.13    1.40
  2   -0.44    0.30     0.44  0.006    -3.29     1.47     0.22     0.36 20108   -3.13    1.40
 -2   -0.19   -0.30    -0.06  0.006     2.74     2.63    -0.24     0.36 20144    2.76    2.70
  1    0.16    0.10    -0.60  0.010     2.74     2.63    -0.24     0.36 20144    2.76    2.70
  2    0.18    0.09    -1.43  0.006     0.35     2.53    -0.30     0.36 20114    0.31    2.48
  1   -0.12   -0.01     0.02  0.010     0.35     2.53    -0.30     0.36 20114    0.31    2.48
  1    0.16    0.15    -0.09  0.010     0.35     2.53    -0.30     0.36 20114    0.31    2.48
 -1    0.26   -0.13     0.09  0.010     5.19     1.11     0.27     0.36 10135    5.02    1.19
  3    0.31   -0.15     0.80  0.199     5.19     1.11     0.27     0.36 10135    5.02    1.19
  1   -0.04   -0.34     0.32  0.010     2.08    -4.30     0.32     0.36 10086    2.09   -4.25
  3   -0.18    0.21     0.37  0.199     2.08    -4.30     0.32     0.36 10086    2.09   -4.25
  2    0.10   -0.18     1.49  0.006     2.08    -4.30     0.32     0.36 10086    2.09   -4.25
 -2   -0.04    0.72    -1.01  0.006     3.42    -3.60    -0.31     0.36 20148    3.48   -3.70
  1   -0.33   -0.08    -0.85  0.010     3.42    -3.60    -0.31     0.36 20148    3.48   -3.70
  1    0.35   -0.44    -0.74  0.010    -2.69    -1.50    -0.30     0.36 20190   -2.80   -1.33
 -2    0.19   -0.36    -0.70  0.006    -2.69    -1.50    -0.30     0.36 20190   -2.80   -1.33
 -1    0.27    0.61     1.30  0.010     4.96     3.19     0.30     0.36 10085    4.94    3.09
  1   -0.21   -0.15     0.18  0.010     4.96     3.19     0.30     0.36 10085    4.94    3.09
  1    0.31   -0.23     0.49  0.010    -2.76    -3.03     0.30     0.36 20192   -2.79   -3.04
  1   -0.20    0.29     0.92  0.010    -2.76    -3.03     0.30     0.36 20192   -2.79   -3.04
  2    0.04   -0.02    -0.04  0.006    -2.76    -3.03     0.30     0.36 20192   -2.79   -3.04
 -2   -0.33    0.52    -0.96  0.006     3.35    -0.17    -0.29     0.36 20155    3.38   -0.27
  2    0.21   -0.13    -0.18  0.006     3.35    -0.17    -0.29     0.36 20155    3.38   -0.27
  1    0.23   -0.10    -0.57  0.010    -2.33    -2.04    -0.31     0.36 20188   -2.49   -1.97
 -1    0.76   -0.34    -1.34  0.010    -2.33    -2.04    -0.31     0.36 20188   -2.49   -1.97
 -2   -0.00   -0.34     0.31  0.006     0.84    -0.12     0.32     0.36 10076    0.79   -0.16
  1    0.36    0.65     1.94  0.010     0.84    -0.12     0.32     0.36 10076    0.79   -0.16
 -2    0.06    0.10     0.13  0.006     1.24    -1.77     0.30     0.36 10016    1.15   -1.63
  2    0.34   -0.75     1.20  0.006     1.24    -1.77     0.30     0.36 10016    1.15   -1.63
  2    0.10   -0.30    -1.11  0.006    -0.76     1.30    -0.32     0.36 20191   -0.86    1.28
 -3    0.54    0.40    -0.87  0.199    -0.76     1.30    -0.32     0.36 20191   -0.86    1.28
 -3    0.38    0.36     1.13  0.199    -3.04     3.11     0.29     0.36 20052   -3.18    3.00
  1    0.20    0.13     0.08  0.010    -3.04     3.11     0.29     0.36 20052   -3.18    3.00
  2   -0.41   -0.03    -0.34  0.006     3.21    -0.36    -0.17     0.36 20155    3.38   -0.27
 -1    0.08   -0.14     0.02  0.010     3.21    -0.36    -0.17     0.36 20155    3.38   -0.27
 -1   -0.13    0.24     0.20  0.010     0.34    -0.02     0.11     0.36 20075    0.43   -0.01
  1   -0.02   -0.25    -0.02  0.010     0.34    -0.02     0.11     0.36 20075    0.43   -0.01
 -1   -0.14   -0.44     0.46  0.010    -0.82    -3.08     0.25     0.36 10153   -0.71   -2.84
  2   -0.17   -0.21     0.23  0.006    -0.82    -3.08     0.25     0.36 10153   -0.71   -2.84
  2    0.03    0.45     1.03  0.006     2.16     5.77     0.32     0.36 10145    2.11    5.69
  1    0.17   -0.25     0.59  0.010     2.16     5.77     0.32     0.36 10145    2.11    5.69
  2    0.12    0.32     0.42  0.006     2.16     5.77     0.32     0.36 10145    2.11    5.69
  1   -0.06    0.19    -0.12  0.010    -6.11    -3.14    -0.33     0.36 20061   -6.16   -3.15
  2    0.51   -0.40    -1.46  0.006    -6.11    -3.14    -0.33     0.36 20061   -6.16   -3.15
  1   -0.03    0.27    -1.04  0.010    -6.11    -3.14    -0.33     0.36 20061   -6.16   -3.15
 -1   -0.02    0.18    -0.12  0.010    -4.23     2.32    -0.27     0.37 10159   -4.22    2.07
  2   -0.01    0.61    -0.75  0.006    -4.23     2.32    -0.27     0.37 10159   -4.22    2.07
 -1    0.09   -0.30     0.54  0.010    -3.46     0.00     0.31     0.37 20006   -3.47    0.08
 -2   -0.14    0.21     0.81  0.006    -3.46     0.00     0.31     0.37 20006   -3.47    0.08
 -1    0.15   -0.39     0.44  0.010    -3.46     0.00     0.31     0.37 20006   -3.47    0.08
 -2   -0.10   -0.59     1.56  0.006    -1.56     4.07     0.31     0.37 20106   -1.50    4.17
  1   -0.17    0.10     0.02  0.010    -1.56     4.07     0.31     0.37 20106   -1.50    4.17
 -3    0.56   -0.43    -1.54  0.199    -5.90    -4.32    -0.32     0.37 20046   -5.94   -4.22
  2   -0.30   -0.12    -0.37  0.006    -5.90    -4.32    -0.32     0.37 20046   -5.94   -4.22
  1   -0.27   -0.12    -0.35  0.010    -2.52     1.35    -0.28     0.37 20173   -2.59    1.44
 -2    0.51   -0.21    -0.68  0.006    -2.52     1.35    -0.28     0.37 20173   -2.59    1.44
 -3    0.29   -0.26     0.44  0.199    -2.99     1.23     0.30     0.37 20019   -2.98    1.22
  1   -0.34    0.31     0.82  0.010    -2.99     1.23     0.30     0.37 20019   -2.98    1.22
  1   -0.23   -0.43     0.51  0.010     1.47    -0.64     0.33     0.37 20007    1.51   -0.55
  2    0.04    0.05     1.37  0.006     1.47    -0.64     0.33     0.37 20007    1.51   -0.55
  2   -0.11   -0.26     0.40  0.006     1.47    -0.64     0.33     0.37 20007    1.51   -0.55
  2   -0.10   -0.28     1.60  0.006     4.94     3.11     0.33     0.37 10085    4.94    3.09
  2    0.21    0.04     0.12  0.006     4.94     3.11     0.33     0.37 10085    4.94    3.09
  2   -0.18    0.34     0.51  0.006     4.94     3.11     0.33     0.37 10085    4.94    3.09
 -1    0.09   -0.14     0.00  0.010     1.44     4.12     0.10     0.37 10117    1.33    4.45
  2    0.08   -0.38     0.16  0.006     1.44     4.12     0.10     0.37 10117    1.33    4.45
 -2   -0.21    0.27     0.02  0.006     6.69     0.95     0.23     0.37 10064    6.80    0.82
  2   -0.06    0.03     0.53  0.006     6.69     0.95     0.23     0.37 10064    6.80    0.82
 -1    0.33   -0.11     0.01  0.010     0.97     1.62     0.05     0.37 10068    0.63    1.69
  1    0.19    0.02     0.07  0.010     0.97     1.62     0.05     0.37 10068    0.63    1.69
 -1    0.02    0.11     0.03  0.010    -1.93     4.72     0.04     0.37 10050   -1.84    4.38
  2   -0.16    0.39     0.03  0.006    -1.93     4.72     0.04     0.37 10050   -1.84    4.38
 -1    0.11   -0.25    -0.95  0.010    -3.39    -2.30    -0.29     0.37 20103   -3.52   -2.26
  2    0.42    0.11    -0.23  0.006    -3.39    -2.30    -0.29     0.37 20103   -3.52   -2.26
 -3   -0.14   -0.28    -0.04  0.199    -3.12     0.29    -0.01     0.37     3   -3.13    0.43
  2    0.15    0.07     0.03  0.006    -3.12     0.29    -0.01     0.37     3   -3.13    0.43
  1    0.11    1.07    -3.04  0.010     1.26    -0.44    -0.34     0.37 20193    1.25   -0.57
 -1    0.03    0.16    -0.09  0.010     1.26    -0.44    -0.34     0.37 20193    1.25   -0.57
  1   -0.26    0.44     1.57  0.010    -2.32     3.08     0.34     0.37 10110   -2.27    3.05
  1   -0.09   -0.31     1.59  0.010    -2.32     3.08     0.34     0.37 10110   -2.27    3.05
  1   -0.12    0.14     0.02  0.010    -2.32     3.08     0.34     0.37 10110   -2.27    3.05
 -1    0.40   -0.02    -0.24  0.010     1.22     4.80    -0.23     0.37 20156    0.94    4.83
  2    0.26   -0.05    -0.30  0.006     1.22     4.80    -0.23     0.37 20156    0.94    4.83
 -1   -0.03   -0.33    -0.33  0.010     1.16     0.91    -0.23     0.37 20169    1.23    1.18
  2   -0.13   -0.32    -0.22  0.006     1.16     0.91    -0.23     0.37 20169    1.23    1.18
 -3   -0.03   -0.06    -0.20  0.199    -1.91     4.46    -0.11     0.37 20054   -2.08    4.46
  1    0.29    0.07     0.02  0.010    -1.91     4.46    -0.11     0.37 20054   -2.08    4.46
  2    0.20    0.31    -0.27  0.006    -2.60     1.63    -0.18     0.37 20173   -2.59    1.44
 -1   -0.22    0.04    -0.06  0.010    -2.60     1.63    -0.18     0.37 20173   -2.59    1.44
 -1    0.43    0.03    -0.54  0.010     0.13    -0.04    -0.28     0.37 10056    0.09   -0.00
  1   -0.32   -0.17    -0.35  0.010     0.13    -0.04    -0.28     0.37 10056    0.09   -0.00
 -2   -0.04    0.11     0.04  0.006    -4.31    -4.05    -0.31     0.37 20151   -4.19   -4.00
  1   -0.53   -0.35    -1.42  0.010    -4.31    -4.05    -0.31     0.37 20151   -4.19   -4.00
 -1    0.21   -0.08     0.59  0.010    -5.96     2.27     0.29     0.37 10107   -5.87    2.26
  1   -0.54    0.09     0.46  0.010    -5.96     2.27     0.29     0.37 10107   -5.87    2.26
  2   -0.48    0.51     1.52  0.006    -2.87     4.51     0.34     0.37 10081   -2.86    4.47
  1    0.06   -0.24     1.43  0.010    -2.87     4.51     0.34     0.37 10081   -2.86    4.47
  1    0.28    0.14     0.42  0.010    -2.87     4.51     0.34     0.37 10081   -2.86    4.47
 -2   -0.43    0.12    -0.24  0.006    -3.51     0.17    -0.30     0.37 10144   -3.36    0.10
  1   -0.17    0.17    -0.92  0.010    -3.51     0.17    -0.30     0.37 10144   -3.36    0.10
 -2    0.07    0.31    -0.04  0.006     4.36     3.01    -0.10     0.37 10181    4.35    2.67
  1   -0.05    0.23    -0.11  0.010     4.36     3.01    -0.10     0.37 10181    4.35    2.67
 -2   -0.27    1.12    -2.91  0.006    -3.28    -0.50    -0.34     0.37 20171   -3.24   -0.62
  2   -0.08   -0.11    -0.13  0.006    -3.28    -0.50    -0.34     0.37 20171   -3.24   -0.62
  1    0.16    0.65     1.34  0.010     4.37     2.68     0.34     0.37 10181    4.35    2.67
  2    0.16   -0.22     0.48  0.006     4.37     2.68     0.34     0.37 10181    4.35    2.67
  2   -0.15   -0.32     1.27  0.006     4.37     2.68     0.34     0.37 10181    4.35    2.67
  2   -0.08   -0.20    -0.05  0.006    -1.16    -2.94     0.16     0.37 10172   -1.26   -2.87
 -2    0.27    0.09     0.33  0.006    -1.16    -2.94     0.16     0.37 10172   -1.26   -2.87
  1   -0.13   -0.13    -0.41  0.010     1.55     1.37    -0.34     0.37 20092    1.57    1.31
  1    0.07    0.87    -2.88  0.010     1.55     1.37    -0.34     0.37 20092    1.57    1.31
  1   -0.18   -0.13    -0.20  0.010     1.55     1.37    -0.34     0.37 20092    1.57    1.31
 -1    0.06    0.07     1.04  0.010     0.87     4.92     0.30     0.37 20156    0.94    4.83
  1   -0.32    0.33     0.22  0.010     0.87     4.92     0.30     0.37 20156    0.94    4.83
 -1    0.05    0.03    -0.22  0.010    -5.92    -4.37    -0.09     0.37 20046   -5.94   -4.22
  3   -0.02   -0.26     0.08  0.199    -5.92    -4.37    -0.09     0.37 20046   -5.94   -4.22
 -1    0.11    0.13    -0.00  0.010     3.26    -2.01     0.23     0.37 20089    3.39   -2.11
  1   -0.42    0.09     0.52  0.010     3.26    -2.01     0.23     0.37 20089    3.39   -2.11
 -1    0.44   -0.42    -1.13  0.010    -2.28     0.92    -0.31     0.37 20079   -2.31    1.00
  2   -0.29    0.05    -0.25  0.006    -2.28     0.92    -0.31     0.37 20079   -2.31    1.00
 -1   -0.07   -0.03    -0.13  0.010     0.85    -3.03     0.28     0.37 20025    0.88   -3.07
  1   -0.03    0.18     1.07  0.010     0.85    -3.03     0.28     0.37 20025    0.88   -3.07
  1   -0.02   -0.06     0.13  0.010    -1.17     0.40    -0.29     0.38 20130   -1.22    0.43
 -1    0.18   -0.02    -1.09  0.010    -1.17     0.40    -0.29     0.38 20130   -1.22    0.43
 -1    0.23   -0.16    -0.46  0.010     2.56    -0.27    -0.26     0.38 10008    2.57   -0.33
  2   -0.27    0.32    -0.26  0.006     2.56    -0.27    -0.26     0.38 10008    2.57   -0.33
  2   -0.23   -0.02    -0.84  0.006    -1.10    -1.95    -0.30     0.38 20182   -1.10   -1.84
 -2    0.25   -0.40    -0.30  0.006    -1.10    -1.95    -0.30     0.38 20182   -1.10   -1.84
 -2    0.46    0.17     1.47  0.006     4.29     0.89     0.32     0.38 20023    4.19    0.82
  1    0.00    0.14    -0.05  0.010     4.29     0.89     0.32     0.38 20023    4.19    0.82
 -3    0.11    0.17    -0.05  0.199     1.53    -5.23    -0.03     0.38 10120    1.62   -5.32
  2   -0.23   -0.05     0.01  0.006     1.53    -5.23    -0.03     0.38 10120    1.62   -5.32
  2    0.34    0.20    -0.05  0.006    -0.56     4.85    -0.01     0.38 10047   -0.86    4.64
 -1    0.07    0.09     0.04  0.010    -0.56     4.85    -0.01     0.38 10047   -0.86    4.64
 -2   -0.26    0.20    -0.61  0.006     0.06     2.92    -0.24     0.38 10162    0.14    2.77
  2    0.08    0.14     0.07  0.006     0.06     2.92    -0.24     0.38 10162    0.14    2.77
  2    0.08   -0.22    -0.09  0.006    -2.81    -1.59    -0.20     0.38     1   -2.97   -1.32
 -1    0.22   -0.30    -0.30  0.010    -2.81    -1.59    -0.20     0.38     1   -2.97   -1.32
 -1   -0.39   -0.25     0.31  0.010    -1.50     6.35     0.25     0.38 10048   -1.33    6.37
  1   -0.03    0.20     0.31  0.010    -1.50     6.35     0.25     0.38 10048   -1.33    6.37
  1   -0.21   -0.07    -0.42  0.010    -1.73     3.65    -0.26     0.38 10142   -1.62    3.50
 -1   -0.06    0.44    -0.27  0.010    -1.73     3.65    -0.26     0.38 10142   -1.62    3.50
 -1   -0.22    0.10    -0.27  0.010     1.13     2.41    -0.12     0.38 10122    1.17    2.28
  2    0.16    0.09     0.10  0.006     1.13     2.41    -0.12     0.38 10122    1.17    2.28
  1   -0.56   -0.05    -1.17  0.010    -2.75    -2.06    -0.35     0.38 20095   -2.69   -2.05
  1   -0.20   -0.05    -2.23  0.010    -2.75    -2.06    -0.35     0.38 20095   -2.69   -2.05
  1    0.20    0.03    -0.10  0.010    -2.75    -2.06    -0.35     0.38 20095   -2.69   -2.05
  2    0.20   -0.20     0.28  0.006    -3.96    -4.19     0.22     0.38 20151   -4.19   -4.00
 -2    0.28   -0.20     0.17  0.006    -3.96    -4.19     0.22     0.38 20151   -4.19   -4.00
 -2   -0.33    0.09     0.95  0.006    -0.71    -2.08     0.32     0.38 20004   -0.64   -1.98
  1    0.03   -0.48     0.42  0.010    -0.71    -2.08     0.32     0.38 20004   -0.64   -1.98
 -1   -0.27   -0.01    -0.19  0.010    -3.06     1.34    -0.32     0.38 20118   -3.10    1.25
  1    0.43    0.41    -1.20  0.010    -3.06     1.34    -0.32     0.38 20118   -3.10    1.25
  2    0.12    0.23    -0.04  0.006    -0.52     0.08    -0.24     0.38 20197   -0.43   -0.05
 -2   -0.32    0.06    -0.46  0.006    -0.52     0.08    -0.24     0.38 20197   -0.43   -0.05
  2    0.00    0.44     0.69  0.006     2.43     5.48     0.35     0.38 10033    2.46    5.52
  2   -0.05   -0.34     0.61  0.006     2.43     5.48     0.35     0.38 10033    2.46    5.52
  1   -0.19   -0.37     1.68  0.010     2.43     5.48     0.35     0.38 10033    2.46    5.52
 -3    0.06    0.02    -0.02  0.199     1.21    -2.66    -0.21     0.38 10105    1.20   -2.85
  2   -0.04    0.36    -0.40  0.006     1.21    -2.66    -0.21     0.38 10105    1.20   -2.85
  1    0.19   -0.00     0.55  0.010    -5.90     2.28     0.34     0.38 10107   -5.87    2.26
  2   -0.29   -0.25     0.31  0.006    -5.90     2.28     0.34     0.38 10107   -5.87    2.26
  3   -0.09    0.35     1.38  0.199    -5.90     2.28     0.34     0.38 10107   -5.87    2.26
  1    0.33   -0.37    -0.82  0.010     0.63    -0.94    -0.35     0.38 20131    0.58   -0.91
  2   -0.33    0.05    -0.74  0.006     0.63    -0.94    -0.35     0.38 20131    0.58   -0.91
  1    0.44   -0.00    -1.62  0.010     0.63    -0.94    -0.35     0.38 20131    0.58   -0.91
  1    0.02   -0.02     0.04  0.010    -3.02     1.05     0.05     0.38 20108   -3.13    1.40
 -2    0.13   -0.45     0.03  0.006    -3.02     1.05     0.05     0.38 20108   -3.13    1.40
  2    0.18    0.00     0.03  0.006     0.22     5.56     0.11     0.38 10096    0.27    5.39
 -1   -0.25    0.24     0.14  0.010     0.22     5.56     0.11     0.38 10096    0.27    5.39
 -1    0.01    0.14     0.00  0.010    -0.37     2.01     0.34     0.39 10004   -0.35    2.11
  2   -0.11   -0.73     2.07  0.006    -0.37     2.01     0.34     0.39 10004   -0.35    2.11
 -2   -0.19   -0.06    -0.16  0.006     1.26     0.97    -0.26     0.39 20026    1.54    0.96
  1   -0.50    0.07    -0.49  0.010     1.26     0.97    -0.26     0.39 20026    1.54    0.96
 -2    0.25   -0.07    -0.29  0.006    -2.51    -3.06    -0.26     0.39 20192   -2.79   -3.04
  1    0.41    0.02    -0.31  0.010    -2.51    -3.06    -0.26     0.39 20192   -2.79   -3.04
 -1    0.31    0.09    -0.01  0.010    -1.08    -2.74     0.06     0.39 20175   -1.44   -2.80
  2    0.18    0.00     0.09  0.006    -1.08    -2.74     0.06     0.39 20175   -1.44   -2.80
  1   -0.14    0.44    -0.55  0.010     0.26     5.46    -0.29     0.39 20099    0.36    5.23
 -1   -0.18    0.24    -0.30  0.010     0.26     5.46    -0.29     0.39 20099    0.36    5.23
 -3   -0.05   -0.25    -0.85  0.199    -4.17     1.01    -0.33     0.39 20161   -4.20    1.18
  1    0.16   -0.56    -0.68  0.010    -4.17     1.01    -0.33     0.39 20161   -4.20    1.18
  1    0.06    0.42     0.22  0.010    -2.17    -4.76     0.26     0.39 10043   -2.26   -4.90
 -1    0.17   -0.09     0.39  0.010    -2.17    -4.76     0.26     0.39 10043   -2.26   -4.90
 -1    0.11    0.10     0.07  0.010    -1.70     5.81     0.25     0.39 20091   -1.65    5.98
  1   -0.22   -0.47     0.51  0.010    -1.70     5.81     0.25     0.39 20091   -1.65    5.98
 -1   -0.34    0.10     0.83  0.010     1.60     0.48     0.30     0.39 10009    1.63    0.52
  1    0.23   -0.22     0.14  0.010     1.60     0.48     0.30     0.39 10009    1.63    0.52
 -2    0.75    0.74     3.48  0.006     0.86     2.45     0.36     0.39 10136    0.78    2.38
  1    0.00   -0.04    -0.05  0.010     0.86     2.45     0.36     0.39 10136    0.78    2.38
  2   -0.48    0.65     1.37  0.006     3.88    -1.86     0.34     0.39 10042    3.94   -1.92
 -2    0.08   -0.25     0.71  0.006     3.88    -1.86     0.34     0.39 10042    3.94   -1.92
 -2    0.18    0.07     0.56  0.006    -4.10     1.34     0.25     0.39 20161   -4.20    1.18
  1    0.04    0.29     0.02  0.010    -4.10     1.34     0.25     0.39 20161   -4.20    1.18
 -2    0.40   -0.19    -0.46  0.006    -6.00    -3.15    -0.25     0.39 20061   -6.16   -3.15
  2   -0.04    0.19    -0.08  0.006    -6.00    -3.15    -0.25     0.39 20061   -6.16   -3.15
 -2   -0.30    0.40     0.79  0.006     0.82     2.63     0.33     0.39 20096    0.82    2.60
  1    0.32   -0.28     0.62  0.010     0.82     2.63     0.33     0.39 20096    0.82    2.60
  1    0.08   -0.41    -2.00  0.010    -2.75    -3.07    -0.36     0.39 20192   -2.79   -3.04
  1   -0.01   -0.09     0.06  0.010    -2.75    -3.07    -0.36     0.39 20192   -2.79   -3.04
  1    0.35    0.21    -1.62  0.010    -2.75    -3.07    -0.36     0.39 20192   -2.79   -3.04
 -3   -0.04    0.34    -0.29  0.199     0.03     1.64    -0.18     0.39 20011   -0.02    1.48
  1    0.12   -0.08     0.00  0.010     0.03     1.64    -0.18     0.39 20011   -0.02    1.48
 -1   -0.16   -0.00     0.21  0.010     3.69    -0.59     0.25     0.39 20037    3.98   -0.55
  2   -0.47   -0.07     0.31  0.006     3.69    -0.59     0.25     0.39 20037    3.98   -0.55
 -1    0.42   -0.18     0.30  0.010     6.05     0.62     0.31     0.39 10088    6.00    0.70
  1   -0.24   -0.09     0.84  0.010     6.05     0.62     0.31     0.39 10088    6.00    0.70
 -1   -0.03   -0.11    -0.07  0.010     0.49    -1.27    -0.04     0.39 20131    0.58   -0.91
  2   -0.09   -0.36     0.02  0.006     0.49    -1.27    -0.04     0.39 20131    0.58   -0.91
  1   -0.24   -0.30    -0.46  0.010    -2.04    -3.14    -0.37     0.39 20044   -1.99   -3.19
  2   -0.20    0.34    -1.53  0.006    -2.04    -3.14    -0.37     0.39 20044   -1.99   -3.19
  2   -0.18    0.53    -2.24  0.006    -2.04    -3.14    -0.37     0.39 20044   -1.99   -3.19
 -1    0.10    0.12    -0.14  0.010     3.96     1.20     0.15     0.39 10128    3.97    1.10
  2   -0.11    0.03     0.36  0.006     3.96     1.20     0.15     0.39 10128    3.97    1.10
 -1    0.22    0.67    -1.73  0.010     1.15     2.40    -0.35     0.39 10122    1.17    2.28
  1   -0.38    0.11    -0.56  0.010     1.15     2.40    -0.35     0.39 10122    1.17    2.28
 -1    0.06   -0.11     0.08  0.010     7.45     1.79     0.29     0.39 20016    7.30    1.99
  2    0.37   -0.48     0.75  0.006     7.45     1.79     0.29     0.39 20016    7.30    1.99
 -1    0.03    0.06     0.41  0.010     5.61     1.29     0.17     0.39 10143    5.60    1.35
  1   -0.01   -0.15    -0.14  0.010     5.61     1.29     0.17     0.39 10143    5.60    1.35
 -1   -0.05    0.08     0.07  0.010     2.16     5.68     0.16     0.39 10033    2.46    5.52
  2   -0.42    0.17     0.18  0.006     2.16     5.68     0.16     0.39 10033    2.46    5.52
  1   -0.20   -0.16    -1.17  0.010     1.35     1.66    -0.37     0.39 20154    1.30    1.76
 -3    0.82   -1.01    -3.64  0.199     1.35     1.66    -0.37     0.39 20154    1.30    1.76
 -2   -0.02   -0.27    -1.02  0.006     0.39    -2.76    -0.31     0.39 20009    0.42   -2.75
  1   -0.10    0.23    -0.01  0.010     0.39    -2.76    -0.31     0.39 20009    0.42   -2.75
 -2    0.37   -0.12     0.10  0.006     1.22    -5.10     0.11     0.39 20001    0.86   -5.05
  1    0.13    0.04     0.05  0.010     1.22    -5.10     0.11     0.39 20001    0.86   -5.05
 -1   -0.61    0.33     0.84  0.010    -2.68     3.21     0.30     0.39 20138   -2.46    3.09
  1   -0.05    0.02     0.02  0.010    -2.68     3.21     0.30     0.39 20138   -2.46    3.09
 -2    0.08   -0.01     0.40  0.006    -6.28    -3.20     0.22     0.39 20061   -6.16   -3.15
  2   -0.29   -0.09    -0.01  0.006    -6.28    -3.20     0.22     0.39 20061   -6.16   -3.15
 -1   -0.15   -0.15     0.22  0.010    -6.00    -4.10     0.23     0.39 20046   -5.94   -4.22
  1    0.04    0.39     0.21  0.010    -6.00    -4.10     0.23     0.39 20046   -5.94   -4.22
  1    0.04    0.13    -0.01  0.010     0.38     1.56     0.36     0.40 10134    0.39    1.54
  1   -0.45    0.13     1.97  0.010     0.38     1.56     0.36     0.40 10134    0.39    1.54
  1    0.37   -0.04     1.15  0.010     0.38     1.56     0.36     0.40 10134    0.39    1.54
 -1   -0.07    0.14    -0.03  0.010     1.12    -5.97     0.05     0.40 10092    1.35   -6.27
  1   -0.22    0.25     0.09  0.010     1.12    -5.97     0.05     0.40 10092    1.35   -6.27
  1    0.10    0.28     1.67  0.010     2.48    -4.52     0.37     0.40 10139    2.47   -4.58
  2   -0.02   -0.27     0.24  0.006     2.48    -4.52     0.37     0.40 10139    2.47   -4.58
  2   -0.04    0.62     1.78  0.006     2.48    -4.52     0.37     0.40 10139    2.47   -4.58
 -1    0.11   -0.19     0.05  0.010     0.18     2.68     0.07     0.40 10176   -0.10    2.94
  2    0.25   -0.13     0.03  0.006     0.18     2.68     0.07     0.40 10176   -0.10    2.94
 -2    0.21   -0.11    -0.49  0.006    -0.88    -1.25    -0.28     0.40 20074   -0.86   -1.31
  2   -0.27    0.27    -0.19  0.006    -0.88    -1.25    -0.28     0.40 20074   -0.86   -1.31
 -2    0.05    0.03     0.11  0.006    -1.97    -0.07    -0.29     0.40 20014   -2.10   -0.11
  1    0.30    0.06    -0.91  0.010    -1.97    -0.07    -0.29     0.40 20014   -2.10   -0.11
 -2   -0.04    0.25    -0.15  0.006    -4.26     2.20    -0.11     0.40 20181   -4.20    1.84
  1   -0.03    0.24    -0.00  0.010    -4.26     2.20    -0.11     0.40 20181   -4.20    1.84
 -1    0.14   -0.17     0.30  0.010     0.15    -2.92     0.31     0.40 10197    0.21   -3.00
  2   -0.33    0.45     0.65  0.006     0.15    -2.92     0.31     0.40 10197    0.21   -3.00
  1    0.45    0.11    -0.95  0.010    -1.63     5.95    -0.37     0.40 20091   -1.65    5.98
  1    0.07   -0.47    -1.75  0.010    -1.63     5.95    -0.37     0.40 20091   -1.65    5.98
  1   -0.33    0.17    -0.76  0.010    -1.63     5.95    -0.37     0.40 20091   -1.65    5.98
 -2   -0.48   -0.08     0.38  0.006     0.46    -4.17     0.32     0.40 10124    0.62   -4.07
  2   -0.05   -0.23     0.71  0.006     0.46    -4.17     0.32     0.40 10124    0.62   -4.07
  1    0.12   -0.03     0.10  0.010    -4.40    -0.35    -0.09     0.40 20186   -4.34   -0.38
 -3   -0.20    0.07    -0.21  0.199    -4.40    -0.35    -0.09     0.40 20186   -4.34   -0.38
 -3    0.09    0.31     0.28  0.199    -2.15     1.92     0.33     0.40 10005   -2.14    1.94
  2   -0.15   -0.38     1.03  0.006    -2.15     1.92     0.33     0.40 10005   -2.14    1.94
 -2   -0.41    0.01     0.56  0.006     0.75     5.98     0.27     0.40 10099    0.95    6.01
  3   -0.04   -0.06     0.07  0.199     0.75     5.98     0.27     0.40 10099    0.95    6.01
 -2    0.06   -0.32     0.08  0.006     4.26    -6.43     0.21     0.40 10129    4.24   -6.36
  1   -0.03    0.20     0.28  0.010     4.26    -6.43     0.21     0.40 10129    4.24   -6.36
  2    0.01    0.03     0.13  0.006    -2.79    -1.26    -0.31     0.40 20190   -2.80   -1.33
 -2    0.01    0.18    -1.10  0.006    -2.79    -1.26    -0.31     0.40 20190   -2.80   -1.33
 -1    0.39    0.03    -0.32  0.010    -0.76     1.20    -0.31     0.40 20179   -0.81    1.11
  1   -0.26    0.24    -0.65  0.010    -0.76     1.20    -0.31     0.40 20179   -0.81    1.11
 -3    0.14    0.11     0.01  0.199     2.14    -5.64     0.33     0.40 10031    2.15   -5.67
  1   -0.16   -0.01     1.28  0.010     2.14    -5.64     0.33     0.40 10031    2.15   -5.67
 -2    0.07    0.39     0.34  0.006     0.42     1.66     0.23     0.40 10134    0.39    1.54
  2   -0.01   -0.18     0.07  0.006     0.42     1.66     0.23     0.40 10134    0.39    1.54
  2   -0.02    0.25     1.50  0.006    -1.28     6.40     0.37     0.40 10048   -1.33    6.37
  2    0.05    0.34     0.46  0.006    -1.28     6.40     0.37     0.40 10048   -1.33    6.37
  2    0.35   -0.37     1.06  0.006    -1.28     6.40     0.37     0.40 10048   -1.33    6.37
 -1   -0.10   -0.14    -0.25  0.010    -3.27    -1.26    -0.35     0.40 20055   -3.40   -1.26
  2    0.79    0.18    -1.51  0.006    -3.27    -1.26    -0.35     0.40 20055   -3.40   -1.26
 -2   -0.05   -0.17     1.19  0.006    -1.74     3.50     0.35     0.40 10142   -1.62    3.50
  2   -0.52    0.17     0.47  0.006    -1.74     3.50     0.35     0.40 10142   -1.62    3.50
 -1   -0.55    0.53     1.48  0.010     4.86    -1.50     0.36     0.41 10051    4.92   -1.58
  3    0.22   -0.04     0.59  0.199     4.86    -1.50     0.36     0.41 10051    4.92   -1.58
 -1   -0.02    0.25     0.10  0.010     7.16     2.10     0.32     0.41 20016    7.30    1.99
  1   -0.42    0.09     0.89  0.010     7.16     2.10     0.32     0.41 20016    7.30    1.99
  2   -0.13    0.16    -1.42  0.006     1.28     1.27    -0.36     0.41 20169    1.23    1.18
 -2    0.39    0.31    -0.37  0.006     1.28     1.27    -0.36     0.41 20169    1.23    1.18
 -2   -0.27    0.26     0.44  0.006     0.39    -3.93     0.30     0.41 10124    0.62   -4.07
  2   -0.33    0.14     0.38  0.006     0.39    -3.93     0.30     0.41 10124    0.62   -4.07
 -1   -0.16    0.10    -0.04  0.010    -3.16     3.19    -0.27     0.41 20052   -3.18    3.00
  3    0.19    0.30    -0.51  0.199    -3.16     3.19    -0.27     0.41 20052   -3.18    3.00
 -1    0.11   -0.02     0.03  0.010     1.50    -3.47     0.24     0.41 10032    1.66   -3.56
  3   -0.40    0.19     0.41  0.199     1.50    -3.47     0.24     0.41 10032    1.66   -3.56
 -1    0.08    0.11     1.45  0.010    -1.36     1.30     0.36     0.41 10175   -1.45    1.23
  1    0.37    0.26     0.28  0.010    -1.36     1.30     0.36     0.41 10175   -1.45    1.23
  1   -0.18   -0.05    -0.54  0.010    -2.28    -1.38    -0.39     0.41 20012   -2.29   -1.27
  2    0.13   -1.04    -2.51  0.006    -2.28    -1.38    -0.39     0.41 20012   -2.29   -1.27
  1    0.13   -0.06    -1.29  0.010    -2.28    -1.38    -0.39     0.41 20012   -2.29   -1.27
 -3    0.24    0.13    -0.19  0.199     5.05    -1.61    -0.16     0.41 10051    4.92   -1.58
  2   -0.06   -0.17    -0.04  0.006     5.05    -1.61    -0.16     0.41 10051    4.92   -1.58
  2    0.27   -0.42    -1.68  0.006     0.92    -3.56    -0.38     0.41 20196    0.90   -3.59
  1    0.00    0.44    -1.38  0.010     0.92    -3.56    -0.38     0.41 20196    0.90   -3.59
  2   -0.06    0.20    -0.15  0.006     0.92    -3.56    -0.38     0.41 20196    0.90   -3.59
 -2   -0.02   -0.37    -0.21  0.006     0.69     6.46    -0.35     0.41 20068    0.77    6.56
  2   -0.33   -0.07    -1.42  0.006     0.69     6.46    -0.35     0.41 20068    0.77    6.56
 -3    0.43   -0.05    -0.29  0.199    -3.65    -3.90    -0.30     0.41 20034   -3.85   -3.90
  1    0.07    0.04    -0.48  0.010    -3.65    -3.90    -0.30     0.41 20034   -3.85   -3.90
  1   -0.35   -0.06     1.58  0.010     7.09    -0.01     0.38     0.41 10185    7.11   -0.02
  2   -0.20    0.11     0.13  0.006     7.09    -0.01     0.38     0.41 10185    7.11   -0.02
  1    0.39   -0.01     0.94  0.010     7.09    -0.01     0.38     0.41 10185    7.11   -0.02
  1    0.11    0.04    -1.21  0.010    -0.32    -5.57    -0.36     0.41 20094   -0.39   -5.58
  2    0.19    0.02     0.04  0.006    -0.32    -5.57    -0.36     0.41 20094   -0.39   -5.58
  1    0.11    0.00    -0.77  0.010    -0.32    -5.57    -0.36     0.41 20094   -0.39   -5.58
 -2   -0.21   -0.83     1.32  0.006    -1.98    -1.47     0.34     0.41 10125   -1.93   -1.26
  1    0.01   -0.00     0.01  0.010    -1.98    -1.47     0.34     0.41 10125   -1.93   -1.26
 -1   -0.05   -0.03    -0.06  0.010     4.02    -2.19    -0.20     0.41 20056    4.16   -1.88
  2   -0.16   -0.46    -0.26  0.006     4.02    -2.19    -0.20     0.41 20056    4.16   -1.88
  1   -0.03   -0.41    -0.31  0.010     2.86     1.32    -0.25     0.41 20164    2.82    1.46
 -1    0.09    0.17    -0.16  0.010     2.86     1.32    -0.25     0.41 20164    2.82    1.46
 -1   -0.05   -0.36    -1.95  0.010    -0.87    -2.19    -0.37     0.41 20022   -0.86   -2.06
  2   -0.02   -0.37    -0.21  0.006    -0.87    -2.19    -0.37     0.41 20022   -0.86   -2.06
 -2   -0.04    0.08    -0.04  0.006    -2.48     2.76     0.36     0.41 10165   -2.34    2.75
  1   -0.66   -0.02     1.81  0.010    -2.48     2.76     0.36     0.41 10165   -2.34    2.75
 -1    0.52    0.49     1.09  0.010    -1.91     2.94     0.36     0.42 10019   -2.01    2.89
  2   -0.01   -0.23     0.64  0.006    -1.91     2.94     0.36     0.42 10019   -2.01    2.89
 -2    0.05   -0.19     0.01  0.006     1.37     0.03     0.16     0.42 10137    1.31    0.39
  2    0.03   -0.30     0.19  0.006     1.37     0.03     0.16     0.42 10137    1.31    0.39
 -3    0.15    0.07     0.07  0.199     3.30     4.20     0.20     0.42 10149    3.25    4.33
  1   -0.08   -0.26     0.22  0.010     3.30     4.20     0.20     0.42 10149    3.25    4.33
  1    0.02    0.53    -0.32  0.010    -4.32    -0.03    -0.21     0.42 20186   -4.34   -0.38
 -2    0.00   -0.00     0.01  0.006    -4.32    -0.03    -0.21     0.42 20186   -4.34   -0.38
 -1    0.15   -0.40     0.94  0.010     2.13    -4.28     0.34     0.42 10086    2.09   -4.25
  1   -0.02    0.31     0.20  0.010     2.13    -4.28     0.34     0.42 10086    2.09   -4.25
  1   -0.24    0.08     0.35  0.010     0.14    -3.07     0.38     0.42 10197    0.21   -3.00
  2    0.23   -0.24     0.85  0.006     0.14    -3.07     0.38     0.42 10197    0.21   -3.00
  1   -0.46   -0.23     1.23  0.010     0.14    -3.07     0.38     0.42 10197    0.21   -3.00
 -1    0.02    0.20     0.21  0.010    -0.56     3.70     0.23     0.42 20064   -0.57    3.36
  1    0.01    0.35     0.16  0.010    -0.56     3.70     0.23     0.42 20064   -0.57    3.36
 -1   -0.18   -0.01     0.07  0.010    -2.25     2.93     0.38     0.42 10110   -2.27    3.05
  2    0.30   -0.69     2.21  0.006    -2.25     2.93     0.38     0.42 10110   -2.27    3.05
 -2    0.16   -0.16    -0.50  0.006    -4.30     1.23    -0.37     0.42 20161   -4.20    1.18
  2   -0.63    0.34    -1.17  0.006    -4.30     1.23    -0.37     0.42 20161   -4.20    1.18
 -2   -0.01   -0.00    -0.02  0.006    -3.33    -1.73    -0.34     0.42 10044   -3.37   -1.49
  1    0.12   -0.78    -1.08  0.010    -3.33    -1.73    -0.34     0.42 10044   -3.37   -1.49
 -1    0.05    0.49     0.46  0.010     3.60    -1.74     0.26     0.42 10012    3.54   -2.05
  2    0.05    0.08     0.03  0.006     3.60    -1.74     0.26     0.42 10012    3.54   -2.05
 -1   -0.10    0.45     0.16  0.010    -0.96    -0.94     0.12     0.42 20074   -0.86   -1.31
  2   -0.02    0.01    -0.01  0.006    -0.96    -0.94     0.12     0.42 20074   -0.86   -1.31
  1   -0.24    0.49    -0.48  0.010     4.50    -5.68    -0.36     0.42 20136    4.55   -5.77
 -1    0.01   -0.11    -1.03  0.010     4.50    -5.68    -0.36     0.42 20136    4.55   -5.77
 -2   -0.09   -0.36    -1.85  0.006     3.69     2.58    -0.37     0.42 10157    3.73    2.61
  1   -0.12    0.18    -0.01  0.010     3.69     2.58    -0.37     0.42 10157    3.73    2.61
 -2    0.10   -0.33     0.66  0.006    -1.55    -0.75     0.36     0.42 10192   -1.45   -0.72
  2   -0.50    0.20     0.77  0.006    -1.55    -0.75     0.36     0.42 10192   -1.45   -0.72
  1    0.09   -0.41     1.08  0.010     4.99    -1.10     0.37     0.42 10015    5.03   -1.04
  2   -0.07    0.18     0.69  0.006     4.99    -1.10     0.37     0.42 10015    5.03   -1.04
  1   -0.24   -0.05     0.14  0.010     4.99    -1.10     0.37     0.42 10015    5.03   -1.04
 -1   -0.05    0.13    -0.01  0.010    -6.63     2.59     0.12     0.42 20040   -6.43    2.26
  1   -0.19    0.27     0.16  0.010    -6.63     2.59     0.12     0.42 20040   -6.43    2.26
 -2   -0.09    0.23     0.47  0.006     2.65     5.04     0.29     0.42 10187    2.81    5.04
  2   -0.24   -0.22     0.13  0.006     2.65     5.04     0.29     0.42 10187    2.81    5.04
  2    0.33    0.10    -0.82  0.006    -1.59    -5.32    -0.40     0.42 20053   -1.60   -5.39
  2   -0.44    0.05    -1.38  0.006    -1.59    -5.32    -0.40     0.42 20053   -1.60   -5.39
  2    0.24    0.47    -1.28  0.006    -1.59    -5.32    -0.40     0.42 20053   -1.60   -5.39
  1   -0.04   -0.11    -0.56  0.010    -1.06    -1.90    -0.38     0.42 20182   -1.10   -1.84
  2    0.31    0.10    -0.15  0.006    -1.06    -1.90    -0.38     0.42 20182   -1.10   -1.84
  2   -0.04   -0.26    -1.21  0.006    -1.06    -1.90    -0.38     0.42 20182   -1.10   -1.84
  2   -0.16   -0.09    -1.48  0.006    -1.77     0.70    -0.39     0.42 20047   -1.80    0.67
  2    0.03    0.41    -0.40  0.006    -1.77     0.70    -0.39     0.42 20047   -1.80    0.67
  2    0.30   -0.11    -0.84  0.006    -1.77     0.70    -0.39     0.42 20047   -1.80    0.67
 -2    0.08    0.27    -0.41  0.006    -2.10     1.67    -0.24     0.43 20176   -2.15    1.62
  2   -0.01   -0.18     0.03  0.006    -2.10     1.67    -0.24     0.43 20176   -2.15    1.62
 -1    0.24   -0.25     0.30  0.010    -0.79     2.47     0.29     0.43 20060   -1.04    2.65
  2    0.27   -0.11     0.31  0.006    -0.79     2.47     0.29     0.43 20060   -1.04    2.65
 -2    0.08   -0.02    -0.12  0.006     4.97     2.99     0.25     0.43 10085    4.94    3.09
  1   -0.04   -0.15     0.53  0.010     4.97     2.99     0.25     0.43 10085    4.94    3.09
  1   -0.07   -0.41     0.69  0.010     3.51     0.96     0.40     0.43 10066    3.49    0.91
  2    0.17    0.29     1.00  0.006     3.51     0.96     0.40     0.43 10066    3.49    0.91
  1    0.04    0.56     2.47  0.010     3.51     0.96     0.40     0.43 10066    3.49    0.91
 -1   -0.69   -0.12     1.45  0.010     3.73     3.93     0.40     0.43 10093    3.77    3.90
  1    0.37    0.33     1.58  0.010     3.73     3.93     0.40     0.43 10093    3.77    3.90
 -3   -0.43    0.57     1.98  0.199    -0.43     0.42     0.40     0.43 10164   -0.31    0.33
  2   -0.52    0.13     1.34  0.006    -0.43     0.42     0.40     0.43 10164   -0.31    0.33
 -2   -0.54   -0.00     0.45  0.006    -2.48    -4.93     0.32     0.43 10043   -2.26   -4.90
  2    0.02   -0.06     0.34  0.006    -2.48    -4.93     0.32     0.43 10043   -2.26   -4.90
  1   -0.63   -0.25     1.85  0.010     1.07    -1.64     0.38     0.43 10016    1.15   -1.63
  1    0.13    0.14     0.20  0.010     1.07    -1.64     0.38     0.43 10016    1.15   -1.63
  2    0.06    0.06     0.06  0.006     1.07    -1.64     0.38     0.43 10016    1.15   -1.63
 -1   -0.19    0.32    -0.57  0.010    -2.43     3.09    -0.35     0.43 20138   -2.46    3.09
  1    0.29   -0.31    -0.59  0.010    -2.43     3.09    -0.35     0.43 20138   -2.46    3.09
 -1   -0.36   -0.14     0.40  0.010     2.06     5.62     0.30     0.43 10145    2.11    5.69
  2    0.25    0.00     0.23  0.006     2.06     5.62     0.30     0.43 10145    2.11    5.69
 -1   -0.02    0.15     1.70  0.010     0.24    -2.88     0.40     0.43 10197    0.21   -3.00
  1    0.19    0.68     0.96  0.010     0.24    -2.88     0.40     0.43 10197    0.21   -3.00
 -2   -0.14   -0.01    -0.02  0.006    -0.23     2.87    -0.18     0.43 10162    0.14    2.77
  2   -0.32    0.13    -0.20  0.006    -0.23     2.87    -0.18     0.43 10162    0.14    2.77
 -2   -0.38   -0.53     1.01  0.006     4.03    -3.30     0.37     0.43 10053    4.15   -3.11
  2   -0.08   -0.21     0.47  0.006     4.03    -3.30     0.37     0.43 10053    4.15   -3.11
  1    0.43   -0.25     1.16  0.010     6.94     2.89     0.41     0.44 10116    6.93    2.87
  1   -0.05    0.35     0.55  0.010     6.94     2.89     0.41     0.44 10116    6.93    2.87
  1   -0.29    0.07     1.77  0.010     6.94     2.89     0.41     0.44 10116    6.93    2.87
 -3    0.06   -0.12     0.14  0.199     0.79     4.82     0.25     0.44 20156    0.94    4.83
  1   -0.28    0.10     0.23  0.010     0.79     4.82     0.25     0.44 20156    0.94    4.83
  2   -0.65   -0.14     1.66  0.006    -0.35    -5.17     0.41     0.44 10080   -0.20   -5.14
 -1   -0.65   -0.07     1.98  0.010    -0.35    -5.17     0.41     0.44 10080   -0.20   -5.14
  1   -0.50   -0.09    -1.01  0.010    -1.53     4.76    -0.39     0.44 20107   -1.49    4.82
  1    0.27   -0.17    -1.03  0.010    -1.53     4.76    -0.39     0.44 20107   -1.49    4.82
  2    0.02   -0.05     0.01  0.006    -1.53     4.76    -0.39     0.44 20107   -1.49    4.82
 -1    0.37   -0.16     0.26  0.010    -3.26     0.00     0.38     0.44 10144   -3.36    0.10
  1    0.05   -0.25     1.41  0.010    -3.26     0.00     0.38     0.44 10144   -3.36    0.10
 -2    0.12   -0.02    -0.10  0.006     2.44     5.45     0.26     0.44 10033    2.46    5.52
  2   -0.16   -0.08     0.52  0.006     2.44     5.45     0.26     0.44 10033    2.46    5.52
  2   -0.27   -0.14    -0.24  0.006     4.79     3.66    -0.27     0.44 10036    4.85    3.64
 -2    0.17    0.18    -0.18  0.006     4.79     3.66    -0.27     0.44 10036    4.85    3.64
 -3   -0.01   -0.37    -0.92  0.199    -3.00     1.25    -0.39     0.44 20019   -2.98    1.22
  1   -0.08    0.48    -0.73  0.010    -3.00     1.25    -0.39     0.44 20019   -2.98    1.22
  1   -0.38    0.50     1.70  0.010     0.22    -5.27     0.40     0.44 10079    0.28   -5.32
  1   -0.05   -0.19     0.12  0.010     0.22    -5.27     0.40     0.44 10079    0.28   -5.32
  2    0.06   -0.04     0.41  0.006     0.22    -5.27     0.40     0.44 10079    0.28   -5.32
  1   -0.11    0.50    -1.48  0.010    -2.71     2.57    -0.40     0.45 20143   -2.64    2.52
  2   -0.25   -0.06    -0.32  0.006    -2.71     2.57    -0.40     0.45 20143   -2.64    2.52
  2   -0.01   -0.22    -0.40  0.006    -2.71     2.57    -0.40     0.45 20143   -2.64    2.52
  1   -0.33   -0.01     0.21  0.010    -0.61    -0.21     0.18     0.45 20140   -0.22   -0.18
 -2   -0.13   -0.03    -0.00  0.006    -0.61    -0.21     0.18     0.45 20140   -0.22   -0.18
 -2    0.21   -0.28    -0.40  0.006     4.22    -1.25    -0.39     0.45 20123    4.17   -1.31
  2   -0.01    0.52    -1.21  0.006     4.22    -1.25    -0.39     0.45 20123    4.17   -1.31
 -1   -0.54    0.09     1.23  0.010    -0.16    -4.36     0.41     0.45 10024   -0.06   -4.28
  2   -0.08   -0.55     1.26  0.006    -0.16    -4.36     0.41     0.45 10024   -0.06   -4.28
 -2   -0.05    0.01    -0.00  0.006    -0.51     1.77     0.19     0.45 10034   -0.24    1.50
  2   -0.27    0.32     0.23  0.006    -0.51     1.77     0.19     0.45 10034   -0.24    1.50
  1   -0.14   -0.13    -0.11  0.010    -0.23     1.41    -0.41     0.45 10034   -0.24    1.50
  2    0.30    0.04    -0.97  0.006    -0.23     1.41    -0.41     0.45 10034   -0.24    1.50
  1   -0.08   -0.43    -1.33  0.010    -0.23     1.41    -0.41     0.45 10034   -0.24    1.50
  3    0.39    0.04     0.39  0.199     1.51    -2.61     0.41     0.45 10169    1.45   -2.68
 -2    0.00    0.37     2.21  0.006     1.51    -2.61     0.41     0.45 10169    1.45   -2.68
 -3   -0.12    0.10    -0.67  0.199    -2.46    -0.57    -0.34     0.45 10084   -2.32   -0.71
  2   -0.21    0.23    -0.14  0.006    -2.46    -0.57    -0.34     0.45 10084   -2.32   -0.71
 -1    0.03   -0.19    -0.04  0.010    -1.79     3.43    -0.40     0.45 20180   -1.91    3.42
  1    0.54    0.22    -2.01  0.010    -1.79     3.43    -0.40     0.45 20180   -1.91    3.42
 -3   -0.32    0.03    -0.24  0.199     0.81     5.97    -0.26     0.45 10099    0.95    6.01
  2    0.13   -0.08    -0.13  0.006     0.81     5.97    -0.26     0.45 10099    0.95    6.01
 -2   -0.32    0.30     0.34  0.006    -5.14     1.53     0.31     0.45 10062   -4.91    1.31
  2   -0.11    0.11     0.24  0.006    -5.14     1.53     0.31     0.45 10062   -4.91    1.31
 -1   -0.44   -0.02    -0.14  0.010    -0.71     1.63    -0.15     0.45 20038   -0.30    1.66
  2    0.00   -0.02    -0.02  0.006    -0.71     1.63    -0.15     0.45 20038   -0.30    1.66
 -2    0.17   -0.18    -0.45  0.006    -0.31     1.56    -0.38     0.45 10034   -0.24    1.50
  2   -0.40    0.41    -0.87  0.006    -0.31     1.56    -0.38     0.45 10034   -0.24    1.50
 -3    0.45   -0.22    -0.63  0.199     4.21    -1.36    -0.40     0.45 20123    4.17   -1.31
  1   -0.28   -0.02    -1.15  0.010     4.21    -1.36    -0.40     0.45 20123    4.17   -1.31
 -2   -0.15    0.11     0.06  0.006     1.47     1.03     0.30     0.45 10007    1.36    1.06
  2    0.33   -0.16     0.44  0.006     1.47     1.03     0.30     0.45 10007    1.36    1.06
 -1   -0.38   -0.05     0.33  0.010     2.27    -4.37     0.26     0.45 10108    2.62   -4.37
  2   -0.14    0.05     0.06  0.006     2.27    -4.37     0.26     0.45 10108    2.62   -4.37
 -2    0.01   -0.00    -0.00  0.006     1.44    -0.01    -0.32     0.45 10193    1.40   -0.32
  2    0.07    0.60    -0.60  0.006     1.44    -0.01    -0.32     0.45 10193    1.40   -0.32
  2    0.27    0.24    -0.65  0.006     3.26     0.05    -0.43     0.45 20058    3.16    0.07
  1    0.63   -0.11    -2.73  0.010     3.26     0.05    -0.43     0.45 20058    3.16    0.07
  1    0.08   -0.26    -0.68  0.010     3.26     0.05    -0.43     0.45 20058    3.16    0.07
 -1   -0.40   -0.43     1.01  0.010    -5.91    -0.75     0.42     0.45 10090   -5.87   -0.74
 -1   -0.13    0.27     1.20  0.010    -5.91    -0.75     0.42     0.45 10090   -5.87   -0.74
 -1    0.26    0.05     1.11  0.010    -5.91    -0.75     0.42     0.45 10090   -5.87   -0.74
 -1   -0.39    0.18    -1.16  0.010    -0.57    -5.57    -0.38     0.45 20094   -0.39   -5.58
  1   -0.22   -0.15    -0.15  0.010    -0.57    -5.57    -0.38     0.45 20094   -0.39   -5.58
  1   -0.43   -0.08    -0.73  0.010    -0.60    -1.03    -0.40     0.45 20010   -0.59   -0.99
  2    0.31   -0.14    -1.08  0.006    -0.60    -1.03    -0.40     0.45 20010   -0.59   -0.99
  2    0.08    0.06    -0.05  0.006    -0.60    -1.03    -0.40     0.45 20010   -0.59   -0.99
 -2   -0.61    0.15     1.07  0.006     3.27    -2.15     0.42     0.45 20089    3.39   -2.11
  1   -0.25   -0.38     1.82  0.010     3.27    -2.15     0.42     0.45 20089    3.39   -2.11
  1   -0.05    0.11     0.62  0.010    -0.22    -4.87     0.41     0.45 10013   -0.27   -4.82
  2    0.16   -0.55     1.10  0.006    -0.22    -4.87     0.41     0.45 10013   -0.27   -4.82
  2    0.16    0.20     0.37  0.006    -0.22    -4.87     0.41     0.45 10013   -0.27   -4.82
 -1    0.08    0.04     0.66  0.010     3.63     3.78     0.41     0.45 10168    3.57    3.63
  3    0.24    0.82     1.63  0.199     3.63     3.78     0.41     0.45 10168    3.57    3.63
  2    0.24   -0.24    -0.43  0.006     1.54     3.96    -0.30     0.45 10021    1.45    3.99
 -2   -0.09    0.17    -0.06  0.006     1.54     3.96    -0.30     0.45 10021    1.45    3.99
 -2    0.45   -0.14    -0.50  0.006     1.04     4.98    -0.30     0.45 10017    0.72    5.06
  1    0.10   -0.01    -0.03  0.010     1.04     4.98    -0.30     0.45 10017    0.72    5.06
 -2   -0.35   -0.18    -1.08  0.006    -0.14    -4.43    -0.40     0.45 10024   -0.06   -4.28
  2    0.02   -0.51    -0.72  0.006    -0.14    -4.43    -0.40     0.45 10024   -0.06   -4.28
  1    0.74   -0.01    -1.24  0.010    -3.74     0.48    -0.43     0.45 20177   -3.82    0.49
  1    0.00   -0.20    -1.38  0.010    -3.74     0.48    -0.43     0.45 20177   -3.82    0.49
  2   -0.02    0.12    -1.64  0.006    -3.74     0.48    -0.43     0.45 20177   -3.82    0.49
 -2   -0.33   -0.10    -0.24  0.006    -6.00    -4.15    -0.39     0.46 20046   -5.94   -4.22
  2    0.10    0.36    -1.21  0.006    -6.00    -4.15    -0.39     0.46 20046   -5.94   -4.22
 -2   -0.12    0.12     1.06  0.006     8.17     0.47     0.40     0.46 10073    8.17    0.57
  2    0.08   -0.58     0.69  0.006     8.17     0.47     0.40     0.46 10073    8.17    0.57
 -1    0.04    0.29    -0.20  0.010     7.26     2.36    -0.25     0.46 20016    7.30    1.99
  1   -0.09    0.21    -0.14  0.010     7.26     2.36    -0.25     0.46 20016    7.30    1.99
  1    0.02   -0.11     1.15  0.010    -1.66     1.56     0.43     0.46 10104   -1.64    1.64
  2   -0.25    0.04     0.16  0.006    -1.66     1.56     0.43     0.46 10104   -1.64    1.64
  3    0.05   -0.60     2.43  0.199    -1.66     1.56     0.43     0.46 10104   -1.64    1.64
  2   -0.11    0.90    -2.84  0.006    -2.81    -1.20    -0.42     0.46 20190   -2.80   -1.33
 -2    0.04   -0.05     0.01  0.006    -2.81    -1.20    -0.42     0.46 20190   -2.80   -1.33
  1   -0.38    0.17    -0.20  0.010    -0.13     4.07    -0.23     0.46 20178    0.21    3.89
 -2   -0.05    0.06    -0.10  0.006    -0.13     4.07    -0.23     0.46 20178    0.21    3.89
 -3   -0.34    0.35    -1.17  0.199     0.54     2.19    -0.42     0.46 20139    0.63    2.22
  2   -0.13   -0.47    -1.04  0.006     0.54     2.19    -0.42     0.46 20139    0.63    2.22
 -3    0.07    0.11     0.12  0.199    -0.11    -2.74     0.26     0.46 10045   -0.09   -2.62
  2   -0.08   -0.27     0.24  0.006    -0.11    -2.74     0.26     0.46 10045   -0.09   -2.62
 -1   -0.08   -0.19     0.40  0.010    -3.58     1.41     0.36     0.46 20050   -3.43    1.35
  1   -0.29    0.34     0.42  0.010    -3.58     1.41     0.36     0.46 20050   -3.43    1.35
  2   -0.60   -0.02     4.07  0.006     1.55     0.53     0.44     0.46 10009    1.63    0.52
  2    0.05    0.14     0.15  0.006     1.55     0.53     0.44     0.46 10009    1.63    0.52
  3   -0.26    0.00     0.43  0.199     1.55     0.53     0.44     0.46 10009    1.63    0.52
  1   -0.67   -0.18    -3.75  0.010    -7.07    -0.77    -0.44     0.46 20100   -7.00   -0.73
  2    0.03   -0.18    -0.38  0.006    -7.07    -0.77    -0.44     0.46 20100   -7.00   -0.73
  3   -0.04   -0.10    -0.17  0.199    -7.07    -0.77    -0.44     0.46 20100   -7.00   -0.73
  1    0.13    0.21    -0.47  0.010    -1.77     3.39    -0.33     0.46 20180   -1.91    3.42
 -1    0.12   -0.27    -0.14  0.010    -1.77     3.39    -0.33     0.46 20180   -1.91    3.42
  1    0.49   -0.19     1.09  0.010     3.30     4.33     0.43     0.46 10149    3.25    4.33
  2    0.08    0.28     0.54  0.006     3.30     4.33     0.43     0.46 10149    3.25    4.33
  3   -0.19   -0.07     1.41  0.199     3.30     4.33     0.43     0.46 10149    3.25    4.33
 -1   -0.28   -0.18    -0.91  0.010    -3.78    -3.90    -0.42     0.46 20034   -3.85   -3.90
  2    0.64    0.19    -1.27  0.006    -3.78    -3.90    -0.42     0.46 20034   -3.85   -3.90
  2   -0.01   -0.17    -0.38  0.006    -1.37    -2.78    -0.44     0.46 20175   -1.44   -2.80
  3   -0.03    0.17    -0.23  0.199    -1.37    -2.78    -0.44     0.46 20175   -1.44   -2.80
  1    0.58    0.18    -2.86  0.010    -1.37    -2.78    -0.44     0.46 20175   -1.44   -2.80
  2    0.14    0.07    -0.65  0.006    -0.74     5.11    -0.42     0.46 20145   -0.72    5.06
  2    0.19    0.27    -0.76  0.006    -0.74     5.11    -0.42     0.46 20145   -0.72    5.06
  1   -0.43   -0.08    -0.63  0.010    -0.74     5.11    -0.42     0.46 20145   -0.72    5.06
 -1    0.34   -0.22     0.24  0.010     4.97     3.57     0.37     0.46 10036    4.85    3.64
  2   -0.06    0.06     0.69  0.006     4.97     3.57     0.37     0.46 10036    4.85    3.64
 -3   -0.15    0.41     1.44  0.199     3.23     4.36     0.41     0.46 10149    3.25    4.33
  1    0.06   -0.31     0.26  0.010     3.23     4.36     0.41     0.46 10149    3.25    4.33
 -2   -0.23    0.36     2.70  0.006    -0.73    -1.90     0.43     0.46 20004   -0.64   -1.98
  1   -0.40    0.23     0.48  0.010    -0.73    -1.90     0.43     0.46 20004   -0.64   -1.98
 -2    0.32   -0.29    -0.47  0.006     1.58     0.94    -0.39     0.46 20026    1.54    0.96
  1   -0.20    0.22    -0.70  0.010     1.58     0.94    -0.39     0.46 20026    1.54    0.96
 -1   -0.12   -0.14    -0.28  0.010    -0.29     1.62    -0.39     0.47 20183   -0.20    1.85
  1   -0.18   -0.57    -0.93  0.010    -0.29     1.62    -0.39     0.47 20183   -0.20    1.85
 -1   -0.08    0.25     0.12  0.010     3.20     2.87     0.37     0.47 10082    3.18    2.89
  2    0.13   -0.31     0.84  0.006     3.20     2.87     0.37     0.47 10082    3.18    2.89
  2    0.44    0.01    -2.01  0.006     2.74    -3.59    -0.44     0.47 20101    2.75   -3.57
  1   -0.36    0.12    -1.23  0.010     2.74    -3.59    -0.44     0.47 20101    2.75   -3.57
  1   -0.10   -0.27    -0.32  0.010     2.74    -3.59    -0.44     0.47 20101    2.75   -3.57
 -2   -0.11   -0.01     0.12  0.006     2.95    -3.27     0.39     0.47 10022    3.20   -3.33
  2   -0.62    0.19     1.01  0.006     2.95    -3.27     0.39     0.47 10022    3.20   -3.33
 -1   -0.06   -0.26    -0.06  0.010    -0.23     1.44    -0.31     0.47 10034   -0.24    1.50
  1    0.08    0.17    -0.43  0.010    -0.23     1.44    -0.31     0.47 10034   -0.24    1.50
  2    0.13    0.02     0.01  0.006    -1.20     4.02     0.44     0.47 10077   -1.15    4.00
  2   -0.06   -0.05     2.45  0.006    -1.20     4.02     0.44     0.47 10077   -1.15    4.00
  2   -0.48    0.19     1.29  0.006    -1.20     4.02     0.44     0.47 10077   -1.15    4.00
 -1    0.07    0.16    -0.13  0.010     1.44     4.94    -0.34     0.47 20031    1.51    5.06
  1   -0.21   -0.38    -0.50  0.010     1.44     4.94    -0.34     0.47 20031    1.51    5.06
 -2   -0.07   -0.18    -0.04  0.006     1.29    -0.19     0.06     0.47 10028    1.48    0.20
  1   -0.10   -0.18     0.10  0.010     1.29    -0.19     0.06     0.47 10028    1.48    0.20
 -2   -0.27   -0.53     1.11  0.006     0.09    -3.20     0.41     0.47 10197    0.21   -3.00
  1   -0.19   -0.18     0.41  0.010     0.09    -3.20     0.41     0.47 10197    0.21   -3.00
  1    0.46    0.02     0.58  0.010    -2.38     1.42     0.44     0.47 10091   -2.48    1.44
  2    0.35   -0.14     1.85  0.006    -2.38     1.42     0.44     0.47 10091   -2.48    1.44
  2   -0.14    0.00     0.54  0.006    -2.38     1.42     0.44     0.47 10091   -2.48    1.44
 -2   -0.26   -0.20    -0.10  0.006     2.02     0.43    -0.09     0.47 10070    2.32    0.74
  2   -0.02   -0.09     0.01  0.006     2.02     0.43    -0.09     0.47 10070    2.32    0.74
 -3   -0.12   -0.21    -0.39  0.199     4.19    -2.00    -0.29     0.47 20056    4.16   -1.88
  2    0.16    0.03    -0.01  0.006     4.19    -2.00    -0.29     0.47 20056    4.16   -1.88
 -1   -0.26   -0.33     0.16  0.010    -2.32     4.13     0.18     0.47 20054   -2.08    4.46
  2    0.01   -0.01     0.03  0.006    -2.32     4.13     0.18     0.47 20054   -2.08    4.46
 -1   -0.15    0.19     1.74  0.010     5.64     4.56     0.42     0.47 10113    5.70    4.53
  2   -0.07   -0.08    -0.08  0.006     5.64     4.56     0.42     0.47 10113    5.70    4.53
 -2   -0.26    0.05    -0.08  0.006     2.73    -3.55    -0.40     0.47 20101    2.75   -3.57
  2    0.23    0.02    -1.17  0.006     2.73    -3.55    -0.40     0.47 20101    2.75   -3.57
 -2    0.19   -0.18    -0.15  0.006     0.49     5.11    -0.43     0.47 20099    0.36    5.23
  2    0.39   -0.36    -1.83  0.006     0.49     5.11    -0.43     0.47 20099    0.36    5.23
 -1    0.16    0.23     0.11  0.010     0.96    -3.07     0.32     0.47 20025    0.88   -3.07
  1   -0.04   -0.22     0.40  0.010     0.96    -3.07     0.32     0.47 20025    0.88   -3.07
 -1    0.37    0.34    -0.42  0.010     1.13    -2.82    -0.30     0.47 20025    0.88   -3.07
  2   -0.01    0.03    -0.02  0.006     1.13    -2.82    -0.30     0.47 20025    0.88   -3.07
 -2    0.02    0.01     0.06  0.006    -3.22     0.33     0.29     0.47 20006   -3.47    0.08
  1    0.35    0.35     0.36  0.010    -3.22     0.33     0.29     0.47 20006   -3.47    0.08
 -1   -0.54   -0.67     2.01  0.010     1.78    -5.51     0.44     0.47 10063    1.89   -5.36
  2   -0.06   -0.18     0.42  0.006     1.78    -5.51     0.44     0.47 10063    1.89   -5.36
 -1   -0.20    0.01    -0.01  0.010    -4.33     5.40    -0.16     0.47 20125   -3.91    5.35
  1   -0.21    0.04    -0.15  0.010    -4.33     5.40    -0.16     0.47 20125   -3.91    5.35
  1   -0.22   -0.37     0.62  0.010     4.83     3.55     0.44     0.48 10036    4.85    3.64
  2    0.11   -0.33     1.78  0.006     4.83     3.55     0.44     0.48 10036    4.85    3.64
  2   -0.07    0.16     0.30  0.006     4.83     3.55     0.44     0.48 10036    4.85    3.64
  1    0.19    0.18    -0.24  0.010     3.94     4.20    -0.43     0.48 20027    3.91    4.20
  2    0.15   -0.29    -1.08  0.006     3.94     4.20    -0.43     0.48 20027    3.91    4.20
  2   -0.23    0.12    -0.62  0.006     3.94     4.20    -0.43     0.48 20027    3.91    4.20
  1   -0.13   -0.04    -1.27  0.010    -1.68    -0.82    -0.43     0.48 20083   -1.66   -0.88
  2    0.27    0.05    -0.33  0.006    -1.68    -0.82    -0.43     0.48 20083   -1.66   -0.88
  2   -0.24    0.26    -0.50  0.006    -1.68    -0.82    -0.43     0.48 20083   -1.66   -0.88
  2    0.31    0.33    -0.96  0.006    -4.26     3.53    -0.43     0.48 20080   -4.25    3.48
  2   -0.36   -0.03    -0.52  0.006    -4.26     3.53    -0.43     0.48 20080   -4.25    3.48
  1    0.00   -0.03    -0.62  0.010    -4.26     3.53    -0.43     0.48 20080   -4.25    3.48
 -2    0.30    0.70    -2.89  0.006    -2.79     3.81    -0.45     0.48 20104   -2.81    3.70
  1   -0.17    0.04    -0.08  0.010    -2.79     3.81    -0.45     0.48 20104   -2.81    3.70
 -1   -0.11    0.03    -0.52  0.010     1.06     2.43    -0.35     0.48 10122    1.17    2.28
  3   -0.09    0.25    -0.13  0.199     1.06     2.43    -0.35     0.48 10122    1.17    2.28
 -1   -0.15    0.15     0.16  0.010     0.86     2.54     0.30     0.48 20096    0.82    2.60
  1    0.21   -0.25     0.27  0.010     0.86     2.54     0.30     0.48 20096    0.82    2.60
 -1   -0.37   -0.15    -0.28  0.010     4.13    -1.92    -0.45     0.48 20056    4.16   -1.88
  2    0.17   -0.14    -2.48  0.006     4.13    -1.92    -0.45     0.48 20056    4.16   -1.88
 -2    0.02   -0.26    -0.49  0.006    -6.30    -3.21    -0.36     0.48 20061   -6.16   -3.15
  2   -0.29    0.14    -0.23  0.006    -6.30    -3.21    -0.36     0.48 20061   -6.16   -3.15
 -1    0.33    0.10     0.30  0.010    -3.01     0.13     0.32     0.48 10144   -3.36    0.10
  2    0.20   -0.05     0.19  0.006    -3.01     0.13     0.32     0.48 10144   -3.36    0.10
  1   -0.03   -0.03     0.02  0.010    -2.87    -1.86     0.25     0.48 20188   -2.49   -1.97
 -2   -0.40    0.16     0.26  0.006    -2.87    -1.86     0.25     0.48 20188   -2.49   -1.97
 -1   -0.33    0.20    -0.50  0.010    -3.96    -3.74    -0.38     0.48 20034   -3.85   -3.90
  3    0.09    0.15    -0.32  0.199    -3.96    -3.74    -0.38     0.48 20034   -3.85   -3.90
 -2   -0.06   -0.15    -0.14  0.006    -1.67     4.16    -0.44     0.48 20106   -1.50    4.17
  2   -0.78    0.12    -2.14  0.006    -1.67     4.16    -0.44     0.48 20106   -1.50    4.17
 -1   -0.08    0.07    -0.09  0.010    -1.63    -0.33    -0.18     0.48 10192   -1.45   -0.72
  2   -0.09    0.31    -0.08  0.006    -1.63    -0.33    -0.18     0.48 10192   -1.45   -0.72
 -2    0.34    0.36     0.43  0.006    -0.46     5.30     0.31     0.48 20145   -0.72    5.06
  1    0.04   -0.01     0.03  0.010    -0.46     5.30     0.31     0.48 20145   -0.72    5.06
  1   -0.37   -0.04    -0.38  0.010    -0.54    -0.34    -0.31     0.48 20189   -0.18   -0.33
 -2   -0.14    0.03    -0.05  0.006    -0.54    -0.34    -0.31     0.48 20189   -0.18   -0.33
  2   -0.17   -0.30     0.24  0.006     1.39     3.94     0.46     0.49 10021    1.45    3.99
  1   -0.29   -0.13     2.00  0.010     1.39     3.94     0.46     0.49 10021    1.45    3.99
  1   -0.08    0.02     1.68  0.010     1.39     3.94     0.46     0.49 10021    1.45    3.99
 -1   -0.41    0.01     1.02  0.010     3.22     4.23     0.46     0.49 10149    3.25    4.33
  2    0.23   -0.80     2.57  0.006     3.22     4.23     0.46     0.49 10149    3.25    4.33
 -1    0.26   -0.03    -0.02  0.010    -1.39     4.42    -0.12     0.49 10050   -1.84    4.38
  2    0.13    0.06    -0.08  0.006    -1.39     4.42    -0.12     0.49 10050   -1.84    4.38
  2   -0.09    0.16    -0.66  0.006    -4.06     1.83    -0.46     0.49 20070   -4.03    1.90
  2   -0.30   -0.91    -3.21  0.006    -4.06     1.83    -0.46     0.49 20070   -4.03    1.90
  2    0.11    0.14    -0.36  0.006    -4.06     1.83    -0.46     0.49 20070   -4.03    1.90
 -2    0.03    0.12     0.19  0.006     1.45     4.63     0.44     0.49 10117    1.33    4.45
  1    0.45    0.64     1.67  0.010     1.45     4.63     0.44     0.49 10117    1.33    4.45
 -1   -0.14    0.06    -0.11  0.010     2.86    -3.44    -0.41     0.49 20101    2.75   -3.57
  1    0.46    0.31    -1.00  0.010     2.86    -3.44    -0.41     0.49 20101    2.75   -3.57
 -1   -0.45   -0.06    -0.63  0.010    -4.24     1.78    -0.43     0.49 20181   -4.20    1.84
  1    0.31   -0.13    -0.83  0.010    -4.24     1.78    -0.43     0.49 20181   -4.20    1.84
 -2   -0.29    0.15    -0.43  0.006    -2.73    -1.16    -0.44     0.49 20015   -2.75   -1.10
  2    0.34   -0.42    -1.40  0.006    -2.73    -1.16    -0.44     0.49 20015   -2.75   -1.10
  2    0.36    0.19     0.44  0.006     8.02     1.36     0.45     0.50 10059    7.99    1.37
  2   -0.23   -0.20     0.95  0.006     8.02     1.36     0.45     0.50 10059    7.99    1.37
  1    0.03   -0.05     0.69  0.010     8.02     1.36     0.45     0.50 10059    7.99    1.37
  1   -0.24    0.11     0.52  0.010     1.42     6.60     0.45     0.50 10118    1.46    6.56
  2    0.26   -0.15     0.39  0.006     1.42     6.60     0.45     0.50 10118    1.46    6.56
  2   -0.22    0.23     1.28  0.006     1.42     6.60     0.45     0.50 10118    1.46    6.56
 -1   -0.23    0.15     0.51  0.010     4.92     3.59     0.44     0.50 10036    4.85    3.64
  1    0.46   -0.33     1.06  0.010     4.92     3.59     0.44     0.50 10036    4.85    3.64
  2   -0.03    0.18     1.18  0.006     4.27    -6.46     0.47     0.50 10129    4.24   -6.36
  2    0.05   -0.66     1.57  0.006     4.27    -6.46     0.47     0.50 10129    4.24   -6.36
  1    0.15   -0.15     0.36  0.010     4.27    -6.46     0.47     0.50 10129    4.24   -6.36
 -3   -0.17   -0.08     0.08  0.199    -0.35    -1.42     0.45     0.50 10194   -0.33   -1.43
  2    0.09    0.12     1.89  0.006    -0.35    -1.42     0.45     0.50 10194   -0.33   -1.43
  1   -0.08    0.45    -1.93  0.010    -3.91    -3.86    -0.48     0.50 20034   -3.85   -3.90
  2    0.06   -0.17    -0.97  0.006    -3.91    -3.86    -0.48     0.50 20034   -3.85   -3.90
  3   -0.47    0.04    -0.94  0.199    -3.91    -3.86    -0.48     0.50 20034   -3.85   -3.90
 -2    0.26    0.47     0.63  0.006     1.83     4.88     0.46     0.50 10114    1.82    4.79
  1   -0.18   -0.01     1.59  0.010     1.83     4.88     0.46     0.50 10114    1.82    4.79
  1    0.13    0.82     2.76  0.010     2.34     0.84     0.47     0.50 10070    2.32    0.74
  2   -0.04   -0.11     0.07  0.006     2.34     0.84     0.47     0.50 10070    2.32    0.74
  2    0.07   -0.07     0.32  0.006     2.34     0.84     0.47     0.50 10070    2.32    0.74
 -1    0.06    0.46    -0.37  0.010    -0.07     3.30    -0.33     0.50 10176   -0.10    2.94
  2   -0.02    0.04    -0.10  0.006    -0.07     3.30    -0.33     0.50 10176   -0.10    2.94
 -2    0.03    0.18     0.29  0.006    -3.41     1.69     0.37     0.50 20050   -3.43    1.35
  2   -0.01    0.37     0.32  0.006    -3.41     1.69     0.37     0.50 20050   -3.43    1.35
 -2   -0.31    0.26     0.33  0.006     2.57    -4.33     0.44     0.50 10108    2.62   -4.37
  2    0.15   -0.14     1.12  0.006     2.57    -4.33     0.44     0.50 10108    2.62   -4.37
 -1   -0.08   -0.00     1.62  0.010     1.42     0.94     0.46     0.50 20026    1.54    0.96
  2   -0.47   -0.11     0.48  0.006     1.42     0.94     0.46     0.50 20026    1.54    0.96
 -2   -0.18   -0.45    -0.65  0.006    -2.64     4.87    -0.42     0.50 20127   -2.54    5.11
  1   -0.09   -0.21    -0.49  0.010    -2.64     4.87    -0.42     0.50 20127   -2.54    5.11
  2   -0.19   -0.32    -1.52  0.006     2.74     2.66    -0.46     0.50 20144    2.76    2.70
  2    0.23    0.09    -0.14  0.006     2.74     2.66    -0.46     0.50 20144    2.76    2.70
  1   -0.12    0.07    -0.47  0.010     2.74     2.66    -0.46     0.50 20144    2.76    2.70
 -3   -0.14   -0.20     0.30  0.199    -1.23     2.59     0.42     0.50 20060   -1.04    2.65
  1   -0.35    0.06     0.80  0.010    -1.23     2.59     0.42     0.50 20060   -1.04    2.65
 -2    0.20    0.08     0.07  0.006    -2.30     2.77     0.25     0.50 20143   -2.64    2.52
  1    0.15    0.17     0.18  0.010    -2.30     2.77     0.25     0.50 20143   -2.64    2.52
  2   -0.10   -0.13     0.01  0.006     3.77     2.56     0.46     0.50 10157    3.73    2.61
  2    0.37   -0.02     1.64  0.006     3.77     2.56     0.46     0.50 10157    3.73    2.61
  1   -0.03   -0.09     0.69  0.010     3.77     2.56     0.46     0.50 10157    3.73    2.61
 -1   -0.25    0.05     0.06  0.010     0.77     4.25     0.45     0.51 10178    0.82    4.23
  2    0.07    0.02     1.54  0.006     0.77     4.25     0.45     0.51 10178    0.82    4.23
  1    0.29    0.32     0.89  0.010     4.02     1.12     0.46     0.51 10128    3.97    1.10
  1   -0.04   -0.34     1.25  0.010     4.02     1.12     0.46     0.51 10128    3.97    1.10
  2   -0.03    0.10     0.06  0.006     4.02     1.12     0.46     0.51 10128    3.97    1.10
 -3   -0.07   -0.10    -1.81  0.199     1.15     2.36    -0.47     0.51 10122    1.17    2.28
  1   -0.03    0.48    -0.52  0.010     1.15     2.36    -0.47     0.51 10122    1.17    2.28
 -2   -0.35    0.38     1.16  0.006     4.57    -3.54     0.46     0.51 10027    4.71   -3.55
  1   -0.31   -0.32     1.00  0.010     4.57    -3.54     0.46     0.51 10027    4.71   -3.55
 -1    0.14   -0.22     0.00  0.010     1.84     0.60    -0.10     0.51 20026    1.54    0.96
  2    0.10   -0.07    -0.08  0.006     1.84     0.60    -0.10     0.51 20026    1.54    0.96
 -2    0.47    0.26    -1.18  0.006    -0.22    -5.50    -0.44     0.51 20094   -0.39   -5.58
  3    0.09   -0.00    -0.22  0.199    -0.22    -5.50    -0.44     0.51 20094   -0.39   -5.58
 -1    0.21    0.21    -0.40  0.010    -3.02     1.24    -0.41     0.51 20170   -2.95    1.14
  2   -0.34   -0.02    -0.44  0.006    -3.02     1.24    -0.41     0.51 20170   -2.95    1.14
 -2   -0.37   -0.12    -0.60  0.006    -2.79     2.10    -0.40     0.51 10121   -2.49    2.18
  1   -0.22   -0.04    -0.19  0.010    -2.79     2.10    -0.40     0.51 10121   -2.49    2.18
  2   -0.29    0.06     1.01  0.006     5.06     1.15     0.47     0.51 10135    5.02    1.19
  2    0.36   -0.36     1.03  0.006     5.06     1.15     0.47     0.51 10135    5.02    1.19
  1    0.13    0.07     0.29  0.010     5.06     1.15     0.47     0.51 10135    5.02    1.19
  1    0.26   -0.28    -0.51  0.010    -3.92     0.56    -0.38     0.51 20129   -4.17    0.79
 -1    0.16   -0.09    -0.13  0.010    -3.92     0.56    -0.38     0.51 20129   -4.17    0.79
 -2    0.15   -0.24     0.16  0.006     2.30     0.74     0.45     0.51 10070    2.32    0.74
  2   -0.21    0.24     1.25  0.006     2.30     0.74     0.45     0.51 10070    2.32    0.74
  1   -0.28    0.17    -0.51  0.010    -3.51     2.40    -0.47     0.51 20098   -3.47    2.44
  1    0.07   -0.42    -1.82  0.010    -3.51     2.40    -0.47     0.51 20098   -3.47    2.44
  2   -0.01    0.05    -0.00  0.006    -3.51     2.40    -0.47     0.51 20098   -3.47    2.44
 -2   -0.09    0.11     0.17  0.006    -1.59     4.51     0.36     0.51 20106   -1.50    4.17
  1   -0.04    0.40     0.38  0.010    -1.59     4.51     0.36     0.51 20106   -1.50    4.17
  2   -0.12   -0.42     1.63  0.006     7.04     1.74     0.47     0.52 10100    7.08    1.76
  1    0.06    0.24     0.37  0.010     7.04     1.74     0.47     0.52 10100    7.08    1.76
  1   -0.12    0.13     0.21  0.010     7.04     1.74     0.47     0.52 10100    7.08    1.76
 -1    0.33    0.77     2.36  0.010     0.43     1.69     0.48     0.52 10134    0.39    1.54
  2   -0.11   -0.01     0.08  0.006     0.43     1.69     0.48     0.52 10134    0.39    1.54
 -2   -0.14    0.07     0.03  0.006     1.80     2.29     0.06     0.52 20167    2.09    1.91
  1   -0.08    0.21     0.01  0.010     1.80     2.29     0.06     0.52 20167    2.09    1.91
 -1   -0.01   -0.01    -0.00  0.010     5.33     3.60    -0.07     0.52 10036    4.85    3.64
  1    0.37   -0.03    -0.05  0.010     5.33     3.60    -0.07     0.52 10036    4.85    3.64
 -1    0.36    0.13     0.28  0.010     0.79    -4.04     0.45     0.52 10124    0.62   -4.07
  1    0.13   -0.02     0.99  0.010     0.79    -4.04     0.45     0.52 10124    0.62   -4.07
  2    0.04   -0.03     0.02  0.006    -2.72    -1.17    -0.51     0.52 20015   -2.75   -1.10
  2   -0.12   -0.74    -4.02  0.006    -2.72    -1.17    -0.51     0.52 20015   -2.75   -1.10
  2    0.46   -0.27    -3.21  0.006    -2.72    -1.17    -0.51     0.52 20015   -2.75   -1.10
  1    0.20   -0.18     0.85  0.010     0.78     2.28     0.49     0.53 10136    0.78    2.38
  2   -0.30    0.03     0.44  0.006     0.78     2.28     0.49     0.53 10136    0.78    2.38
  2    0.11   -0.45     1.83  0.006     0.78     2.28     0.49     0.53 10136    0.78    2.38
 -1   -0.30    0.22    -0.97  0.010     2.90     2.22    -0.45     0.53 10029    3.05    2.22
  1   -0.09   -0.23    -0.17  0.010     2.90     2.22    -0.45     0.53 10029    3.05    2.22
  1   -0.17    0.15    -0.24  0.010    -4.77    -1.44    -0.50     0.53 20119   -4.75   -1.45
  2    0.03    0.24    -2.19  0.006    -4.77    -1.44    -0.50     0.53 20119   -4.75   -1.45
  3    0.03   -0.32    -0.77  0.199    -4.77    -1.44    -0.50     0.53 20119   -4.75   -1.45
 -1    0.19    0.08    -0.21  0.010    -2.12    -0.21    -0.49     0.53 20014   -2.10   -0.11
  3   -0.32   -0.60    -2.34  0.199    -2.12    -0.21    -0.49     0.53 20014   -2.10   -0.11
 -1    0.41   -0.00    -0.41  0.010     0.19    -0.37    -0.36     0.53 20189   -0.18   -0.33
  2    0.07   -0.05    -0.04  0.006     0.19    -0.37    -0.36     0.53 20189   -0.18   -0.33
 -2   -0.23    0.26     0.13  0.006    -2.78     1.77     0.23     0.53 10091   -2.48    1.44
  1   -0.02    0.03     0.08  0.010    -2.78     1.77     0.23     0.53 10091   -2.48    1.44
 -1    0.24    0.24     1.04  0.010     0.29     5.36     0.47     0.53 10096    0.27    5.39
  1   -0.20   -0.34     0.48  0.010     0.29     5.36     0.47     0.53 10096    0.27    5.39
  1   -0.49    0.59     3.67  0.010     1.74     4.85     0.51     0.53 10114    1.82    4.79
  2   -0.15   -0.11     0.44  0.006     1.74     4.85     0.51     0.53 10114    1.82    4.79
  2    0.00    0.07    -0.00  0.006     1.74     4.85     0.51     0.53 10114    1.82    4.79
 -1   -0.25    0.39    -1.44  0.010    -3.06    -1.17    -0.47     0.53 10026   -3.01   -1.34
  1    0.09    0.17    -0.09  0.010    -3.06    -1.17    -0.47     0.53 10026   -3.01   -1.34
  1   -0.07    0.00    -0.01  0.010    -0.41     3.32    -0.06     0.54 10176   -0.10    2.94
 -2   -0.15    0.26    -0.04  0.006    -0.41     3.32    -0.06     0.54 10176   -0.10    2.94
  1    0.07   -0.08     0.09  0.010    -0.16    -4.68     0.50     0.54 10189   -0.10   -4.68
  2   -0.37    0.11     2.42  0.006    -0.16    -4.68     0.50     0.54 10189   -0.10   -4.68
  1   -0.01   -0.02    -0.05  0.010    -0.16    -4.68     0.50     0.54 10189   -0.10   -4.68
 -2   -0.24    0.15    -0.01  0.006    -2.97    -3.72     0.08     0.54 20115   -2.57   -4.01
  1   -0.04    0.05     0.07  0.010    -2.97    -3.72     0.08     0.54 20115   -2.57   -4.01
  1   -0.41    0.08    -3.18  0.010     2.07     1.88    -0.52     0.54 20167    2.09    1.91
  2    0.23    0.00    -0.26  0.006     2.07     1.88    -0.52     0.54 20167    2.09    1.91
  2    0.03   -0.33    -0.69  0.006     2.07     1.88    -0.52     0.54 20167    2.09    1.91
  1   -0.14    0.11     0.00  0.010     2.30    -3.72     0.43     0.54 20172    2.43   -3.68
 -1   -0.09   -0.18     0.79  0.010     2.30    -3.72     0.43     0.54 20172    2.43   -3.68
 -1   -0.17    0.00    -0.27  0.010    -3.70     0.03    -0.49     0.54 20006   -3.47    0.08
  2   -0.62   -0.19    -1.41  0.006    -3.70     0.03    -0.49     0.54 20006   -3.47    0.08
 -1    0.38    0.51     1.15  0.010     3.35    -1.06     0.50     0.54 10155    3.25   -1.13
  1    0.02   -0.22     0.90  0.010     3.35    -1.06     0.50     0.54 10155    3.25   -1.13
 -3   -0.13   -0.01     0.07  0.199     2.15    -5.71     0.50     0.54 10031    2.15   -5.67
  1    0.12   -0.19     2.01  0.010     2.15    -5.71     0.50     0.54 10031    2.15   -5.67
 -2    0.09   -0.08    -0.01  0.006    -0.38     0.90     0.19     0.55 20179   -0.81    1.11
  2    0.23   -0.08     0.15  0.006    -0.38     0.90     0.19     0.55 20179   -0.81    1.11
 -1    0.22    0.05    -0.21  0.010     5.73     4.71    -0.48     0.55 10113    5.70    4.53
  2   -0.13    0.47    -1.23  0.006     5.73     4.71    -0.48     0.55 10113    5.70    4.53
 -2   -0.59    0.44     1.61  0.006    -2.21     0.10     0.49     0.55 20082   -2.02   -0.04
  2   -0.07    0.05     0.10  0.006    -2.21     0.10     0.49     0.55 20082   -2.02   -0.04
  2    0.20   -0.31    -1.72  0.006     0.09    -2.47    -0.52     0.55 20184    0.02   -2.43
  2    0.41   -0.00    -0.86  0.006     0.09    -2.47    -0.52     0.55 20184    0.02   -2.43
  1   -0.20    0.03    -0.37  0.010     0.09    -2.47    -0.52     0.55 20184    0.02   -2.43
 -1    0.06    0.09     0.00  0.010    -2.95     1.69    -0.23     0.55 20118   -3.10    1.25
  1    0.06    0.26    -0.19  0.010    -2.95     1.69    -0.23     0.55 20118   -3.10    1.25
  2   -0.04   -0.46    -0.91  0.006    -0.77     1.21    -0.51     0.55 20191   -0.86    1.28
 -2    0.40    0.18    -1.23  0.006    -0.77     1.21    -0.51     0.55 20191   -0.86    1.28
 -2   -0.17   -0.06     0.08  0.006    -3.60     1.19     0.04     0.55 20108   -3.13    1.40
  1   -0.13   -0.07    -0.06  0.010    -3.60     1.19     0.04     0.55 20108   -3.13    1.40
 -1    0.17   -0.12     0.41  0.010    -2.18     4.40     0.44     0.55 20054   -2.08    4.46
  1   -0.35    0.01     0.35  0.010    -2.18     4.40     0.44     0.55 20054   -2.08    4.46
  2   -0.22    0.15     1.92  0.006     0.79    -0.21     0.53     0.55 10076    0.79   -0.16
  2    0.49   -0.10     1.65  0.006     0.79    -0.21     0.53     0.55 10076    0.79   -0.16
  1   -0.20   -0.51     1.63  0.010     0.79    -0.21     0.53     0.55 10076    0.79   -0.16
 -2   -0.00    0.01     0.03  0.006     1.16     2.01    -0.15     0.55 20124    1.32    1.55
  1   -0.11    0.32    -0.13  0.010     1.16     2.01    -0.15     0.55 20124    1.32    1.55
  1    0.00   -0.01    -1.79  0.010     0.70    -1.31    -0.53     0.55 20111    0.66   -1.26
  3    0.22    0.14    -0.61  0.199     0.70    -1.31    -0.53     0.55 20111    0.66   -1.26
  2    0.06   -0.58    -1.71  0.006     0.70    -1.31    -0.53     0.55 20111    0.66   -1.26
  1    0.00   -0.39    -2.62  0.010    -2.62     1.42    -0.53     0.55 20173   -2.59    1.44
  1    0.12    0.26    -0.61  0.010    -2.62     1.42    -0.53     0.55 20173   -2.59    1.44
  3   -0.33   -0.04    -0.82  0.199    -2.62     1.42    -0.53     0.55 20173   -2.59    1.44
 -1   -0.11    0.54    -1.94  0.010    -1.72     6.05    -0.51     0.55 20091   -1.65    5.98
  2   -0.23   -0.22    -0.41  0.006    -1.72     6.05    -0.51     0.55 20091   -1.65    5.98
  1    0.03   -0.02    -1.67  0.010    -0.03    -4.18    -0.53     0.55 10024   -0.06   -4.28
  1    0.25    0.68    -1.42  0.010    -0.03    -4.18    -0.53     0.55 10024   -0.06   -4.28
  2   -0.09    0.02    -0.59  0.006    -0.03    -4.18    -0.53     0.55 10024   -0.06   -4.28
 -2    0.30   -0.34     0.96  0.006     5.01    -1.09     0.50     0.56 10015    5.03   -1.04
  2   -0.36    0.16     0.87  0.006     5.01    -1.09     0.50     0.56 10015    5.03   -1.04
 -2    0.05   -0.00     0.01  0.006     1.66     1.74     0.39     0.56 20124    1.32    1.55
  2    0.36    0.24     0.46  0.006     1.66     1.74     0.39     0.56 20124    1.32    1.55
 -2    0.13   -0.10     0.06  0.006    -0.22    -2.97     0.12     0.56 10153   -0.71   -2.84
  1    0.20    0.02     0.01  0.010    -0.22    -2.97     0.12     0.56 10153   -0.71   -2.84
 -3    0.56   -0.24     1.02  0.199    -4.05     1.99     0.50     0.56 10159   -4.22    2.07
  1    0.00   -0.04     0.62  0.010    -4.05     1.99     0.50     0.56 10159   -4.22    2.07
 -2   -0.25    0.13    -0.74  0.006     1.85    -1.88    -0.50     0.56 10001    1.79   -1.87
  2    0.45   -0.16    -0.76  0.006     1.85    -1.88    -0.50     0.56 10001    1.79   -1.87
  2   -0.48    0.30    -1.03  0.006    -3.22    -3.73    -0.53     0.56 20048   -3.16   -3.79
  2    0.24    0.11    -1.27  0.006    -3.22    -3.73    -0.53     0.56 20048   -3.16   -3.79
  1   -0.10   -0.07    -0.66  0.010    -3.22    -3.73    -0.53     0.56 20048   -3.16   -3.79
 -2    0.00    0.00    -0.02  0.006    -6.16    -4.34    -0.50     0.56 20046   -5.94   -4.22
  1   -0.69   -0.36    -1.58  0.010    -6.16    -4.34    -0.50     0.56 20046   -5.94   -4.22
 -1   -0.38   -0.21    -1.22  0.010     0.64     2.49    -0.52     0.56 20096    0.82    2.60
  2   -0.39   -0.28    -0.99  0.006     0.64     2.49    -0.52     0.56 20096    0.82    2.60
  1   -0.01    0.47    -0.86  0.010    -3.49    -2.20    -0.53     0.56 20103   -3.52   -2.26
  1    0.08   -0.15    -1.80  0.010    -3.49    -2.20    -0.53     0.56 20103   -3.52   -2.26
  2    0.08   -0.00    -0.04  0.006    -3.49    -2.20    -0.53     0.56 20103   -3.52   -2.26
 -2   -0.44   -0.20    -0.67  0.006     0.51     2.22    -0.46     0.57 10136    0.78    2.38
  2   -0.06   -0.10    -0.16  0.006     0.51     2.22    -0.46     0.57 10136    0.78    2.38
 -1    0.23   -0.03     0.53  0.010     2.76     4.89     0.51     0.57 10196    2.52    4.86
  2    0.54    0.12     1.06  0.006     2.76     4.89     0.51     0.57 10196    2.52    4.86
 -2    0.13    0.42     1.13  0.006    -3.37     0.14     0.51     0.57 10144   -3.36    0.10
  2   -0.19   -0.28     0.52  0.006    -3.37     0.14     0.51     0.57 10144   -3.36    0.10
 -2   -0.05   -0.23     0.28  0.006     0.50     1.82     0.36     0.57 20139    0.63    2.22
  1   -0.09   -0.17     0.08  0.010     0.50     1.82     0.36     0.57 20139    0.63    2.22
 -2   -0.12    0.18     0.23  0.006     1.31    -5.01     0.33     0.57 10120    1.62   -5.32
  2   -0.17    0.11     0.09  0.006     1.31    -5.01     0.33     0.57 10120    1.62   -5.32
 -1   -0.17   -0.01     0.17  0.010    -2.13    -1.53     0.42     0.57 10061   -1.79   -1.65
  2   -0.31    0.17     0.43  0.006    -2.13    -1.53     0.42     0.57 10061   -1.79   -1.65
 -2   -0.21   -0.33     0.59  0.006    -2.43     6.34     0.50     0.57 10010   -2.45    6.39
  1    0.27    0.21     0.83  0.010    -2.43     6.34     0.50     0.57 10010   -2.45    6.39
  1    0.36    0.19    -1.45  0.010    -2.73    -1.33    -0.53     0.57 20190   -2.80   -1.33
  2    0.21    0.03    -0.63  0.006    -2.73    -1.33    -0.53     0.57 20190   -2.80   -1.33
  1   -0.25   -0.22    -0.60  0.010    -2.73    -1.33    -0.53     0.57 20190   -2.80   -1.33
 -1    0.52   -0.11     1.48  0.010     0.34    -5.36     0.53     0.57 10079    0.28   -5.32
  3   -0.30   -0.08     0.71  0.199     0.34    -5.36     0.53     0.57 10079    0.28   -5.32
 -3   -0.21   -0.11     0.61  0.199    -1.89     4.25     0.44     0.57 10050   -1.84    4.38
  1    0.13   -0.09     0.04  0.010    -1.89     4.25     0.44     0.57 10050   -1.84    4.38
 -2   -0.07   -0.06     0.09  0.006    -0.39    -0.77     0.21     0.57 20189   -0.18   -0.33
  1   -0.07   -0.26     0.06  0.010    -0.39    -0.77     0.21     0.57 20189   -0.18   -0.33
  1   -0.09   -0.49    -0.83  0.010     7.34     1.92    -0.54     0.57 20016    7.30    1.99
  2    0.10    0.12    -1.59  0.006     7.34     1.92    -0.54     0.57 20016    7.30    1.99
  2    0.18   -0.06    -0.62  0.006     7.34     1.92    -0.54     0.57 20016    7.30    1.99
 -3    0.23    0.17     2.47  0.199    -0.26    -3.17     0.54     0.57 10003   -0.34   -3.16
  2    0.18   -0.24     0.22  0.006    -0.26    -3.17     0.54     0.57 10003   -0.34   -3.16
 -3   -0.18   -0.18    -0.99  0.199    -0.12    -0.29    -0.53     0.57 20189   -0.18   -0.33
  2    0.41    0.34    -1.05  0.006    -0.12    -0.29    -0.53     0.57 20189   -0.18   -0.33
 -1    0.13   -0.32     0.90  0.010     6.89     2.88     0.52     0.57 10116    6.93    2.87
  1   -0.26    0.35     0.76  0.010     6.89     2.88     0.52     0.57 10116    6.93    2.87
  1   -0.01    0.02    -0.07  0.010     3.76     3.20     0.55     0.57 10146    3.78    3.22
  2   -0.05    0.11     1.14  0.006     3.76     3.20     0.55     0.57 10146    3.78    3.22
  3   -0.09   -0.22     2.47  0.199     3.76     3.20     0.55     0.57 10146    3.78    3.22
 -1   -0.10   -0.18     0.13  0.010     2.92    -3.75     0.15     0.58 10022    3.20   -3.33
  2   -0.08   -0.09    -0.03  0.006     2.92    -3.75     0.15     0.58 10022    3.20   -3.33
  1    0.02   -0.45    -2.71  0.010    -4.23     1.77    -0.56     0.58 20181   -4.20    1.84
  1    0.15    0.19    -0.37  0.010    -4.23     1.77    -0.56     0.58 20181   -4.20    1.84
  1   -0.42   -0.35    -2.28  0.010    -4.23     1.77    -0.56     0.58 20181   -4.20    1.84
 -1   -0.01    0.10     0.08  0.010    -0.77    -0.80     0.11     0.58 20074   -0.86   -1.31
  2    0.07    0.22    -0.01  0.006    -0.77    -0.80     0.11     0.58 20074   -0.86   -1.31
 -1   -0.20    0.01    -0.42  0.010    -0.37    -4.23    -0.48     0.58 10024   -0.06   -4.28
  2   -0.38    0.09    -0.48  0.006    -0.37    -4.23    -0.48     0.58 10024   -0.06   -4.28
 -1    0.36    0.15     0.98  0.010     4.41    -6.39     0.50     0.58 10129    4.24   -6.36
  1    0.01   -0.21     0.15  0.010     4.41    -6.39     0.50     0.58 10129    4.24   -6.36
 -1    0.11   -0.07     0.01  0.010     4.41    -6.32    -0.50     0.58 10129    4.24   -6.36
  1    0.26    0.17    -1.14  0.010     4.41    -6.32    -0.50     0.58 10129    4.24   -6.36
 -2   -0.07   -0.47    -0.59  0.006     1.28     1.41    -0.46     0.58 20154    1.30    1.76
  2    0.03   -0.07    -0.14  0.006     1.28     1.41    -0.46     0.58 20154    1.30    1.76
 -2    0.14    0.17    -1.79  0.006     0.66    -4.02    -0.53     0.58 10124    0.62   -4.07
  1    0.00    0.01     0.08  0.010     0.66    -4.02    -0.53     0.58 10124    0.62   -4.07
 -1    0.19   -0.43    -0.88  0.010    -1.41    -0.75    -0.52     0.58 20090   -1.54   -0.53
  2    0.19   -0.21    -0.64  0.006    -1.41    -0.75    -0.52     0.58 20090   -1.54   -0.53
  1    0.57    0.13     1.24  0.010    -1.16    -0.27     0.55     0.58 10195   -1.21   -0.33
  1   -0.15    0.29     1.55  0.010    -1.16    -0.27     0.55     0.58 10195   -1.21   -0.33
  2   -0.09   -0.03     0.42  0.006    -1.16    -0.27     0.55     0.58 10195   -1.21   -0.33
 -2   -0.68    0.08     1.88  0.006     4.51    -3.55     0.55     0.58 10027    4.71   -3.55
  2   -0.32   -0.05     0.96  0.006     4.51    -3.55     0.55     0.58 10027    4.71   -3.55
 -1    0.01    0.25     0.42  0.010    -0.05     3.18     0.53     0.58 10176   -0.10    2.94
  2    0.14    0.52     1.27  0.006    -0.05     3.18     0.53     0.58 10176   -0.10    2.94
 -2    0.20   -0.32    -0.32  0.006     4.67     3.23    -0.42     0.59 10158    4.49    3.58
  1    0.00   -0.09    -0.16  0.010     4.67     3.23    -0.42     0.59 10158    4.49    3.58
 -2    0.22    0.52     1.67  0.006     5.89     1.08     0.56     0.59 20137    5.84    0.91
  2    0.12    0.55     1.97  0.006     5.89     1.08     0.56     0.59 20137    5.84    0.91
 -1    0.00    0.05     0.02  0.010     1.58    -1.42     0.30     0.59 10016    1.15   -1.63
  2    0.32    0.11     0.21  0.006     1.58    -1.42     0.30     0.59 10016    1.15   -1.63
 -2   -0.14   -0.15     0.24  0.006    -0.48     0.08     0.50     0.59 10164   -0.31    0.33
  1   -0.20   -0.36     0.76  0.010    -0.48     0.08     0.50     0.59 10164   -0.31    0.33
  1   -0.35    0.71     2.64  0.010     2.18     2.23     0.57     0.59 10089    2.18    2.12
  2    0.14    0.07     1.25  0.006     2.18     2.23     0.57     0.59 10089    2.18    2.12
  2    0.21    0.01     0.45  0.006     2.18     2.23     0.57     0.59 10089    2.18    2.12
 -2   -0.19   -0.45    -0.61  0.006    -1.61     4.51    -0.48     0.59 20107   -1.49    4.82
  2   -0.02   -0.08    -0.21  0.006    -1.61     4.51    -0.48     0.59 20107   -1.49    4.82
 -1   -0.25   -0.27     0.82  0.010    -3.42     0.16     0.56     0.59 10144   -3.36    0.10
  3   -0.09    0.61     2.21  0.199    -3.42     0.16     0.56     0.59 10144   -3.36    0.10
 -2   -0.19   -0.25     0.31  0.006    -0.36    -4.08     0.47     0.59 10011   -0.12   -3.82
  1   -0.17   -0.14     0.40  0.010    -0.36    -4.08     0.47     0.59 10011   -0.12   -3.82
 -1   -0.01   -0.28     0.22  0.010     1.31    -0.39     0.53     0.59 10173    1.22   -0.35
  1    0.28    0.18     1.29  0.010     1.31    -0.39     0.53     0.59 10173    1.22   -0.35
 -1   -0.22    0.06     1.11  0.010     0.75    -0.89     0.53     0.59 10127    0.78   -0.78
  1    0.14   -0.37     0.45  0.010     0.75    -0.89     0.53     0.59 10127    0.78   -0.78
 -1    0.21    0.05     0.10  0.010     5.24    -3.50     0.11     0.59 10027    4.71   -3.55
  2    0.10   -0.02    -0.04  0.006     5.24    -3.50     0.11     0.59 10027    4.71   -3.55
 -1    0.13    0.15    -0.01  0.010     1.65    -2.18    -0.11     0.59 10169    1.45   -2.68
  2   -0.01    0.13    -0.05  0.006     1.65    -2.18    -0.11     0.59 10169    1.45   -2.68
 -1   -0.10    0.05    -0.11  0.010    -5.90     2.30    -0.17     0.60 20084   -5.43    2.06
  2   -0.18    0.09     0.01  0.006    -5.90     2.30    -0.17     0.60 20084   -5.43    2.06
  1   -0.24    0.17     0.36  0.010     5.68     4.58     0.58     0.60 10113    5.70    4.53
  1    0.35   -0.09     1.71  0.010     5.68     4.58     0.58     0.60 10113    5.70    4.53
  2   -0.25    0.26     2.66  0.006     5.68     4.58     0.58     0.60 10113    5.70    4.53
 -3   -0.83    0.18    -2.59  0.199    -4.00    -3.83    -0.57     0.60 20034   -3.85   -3.90
  1   -0.03    0.18    -0.67  0.010    -4.00    -3.83    -0.57     0.60 20034   -3.85   -3.90
 -2   -0.07   -0.27    -0.07  0.006     3.34    -2.53    -0.19     0.60 10012    3.54   -2.05
  1   -0.05   -0.02    -0.04  0.010     3.34    -2.53    -0.19     0.60 10012    3.54   -2.05
 -1    0.05    0.05     1.53  0.010     4.54    -5.84     0.55     0.60 20136    4.55   -5.77
  1   -0.08   -0.26     0.14  0.010     4.54    -5.84     0.55     0.60 20136    4.55   -5.77
  1   -0.36   -0.07     1.67  0.010     5.33    -1.01     0.57     0.60 10170    5.35   -0.99
  2    0.37   -0.07     0.86  0.006     5.33    -1.01     0.57     0.60 10170    5.35   -0.99
  1   -0.07    0.05     0.05  0.010     5.33    -1.01     0.57     0.60 10170    5.35   -0.99
 -1   -0.11    0.01     0.30  0.010    -0.96    -2.74     0.54     0.60 10153   -0.71   -2.84
  1   -0.54    0.25     1.07  0.010    -0.96    -2.74     0.54     0.60 10153   -0.71   -2.84
 -1    0.04    0.02    -0.05  0.010    -1.46    -2.22    -0.03     0.60 10184   -2.00   -2.14
  2    0.25   -0.07     0.03  0.006    -1.46    -2.22    -0.03     0.60 10184   -2.00   -2.14
 -2    0.35   -0.05    -0.30  0.006     0.17    -0.00    -0.56     0.61 10056    0.09   -0.00
  1   -0.07    0.04    -1.80  0.010     0.17    -0.00    -0.56     0.61 10056    0.09   -0.00
 -2   -0.09    0.24     0.19  0.006    -0.69     3.84     0.28     0.61 20064   -0.57    3.36
  1    0.01    0.09    -0.00  0.010    -0.69     3.84     0.28     0.61 20064   -0.57    3.36
 -1    0.04   -0.09     0.73  0.010     0.47     1.70     0.52     0.61 10068    0.63    1.69
  1   -0.36    0.11     0.35  0.010     0.47     1.70     0.52     0.61 10068    0.63    1.69
 -1    0.18    0.06     1.06  0.010     1.56     4.11     0.52     0.61 10021    1.45    3.99
  2    0.05    0.19     0.04  0.006     1.56     4.11     0.52     0.61 10021    1.45    3.99
 -3   -0.19    0.12    -0.71  0.199    -0.99     0.83    -0.51     0.61 20032   -0.81    0.88
  2   -0.13   -0.21    -0.21  0.006    -0.99     0.83    -0.51     0.61 20032   -0.81    0.88
 -1   -0.19    0.04     0.00  0.010    -2.81     3.03    -0.13     0.61 10110   -2.27    3.05
  1   -0.11   -0.05    -0.08  0.010    -2.81     3.03    -0.13     0.61 10110   -2.27    3.05
 -2   -0.14    0.34     0.36  0.006     3.44     3.04     0.57     0.61 10046    3.52    2.99
  2   -0.16   -0.15     1.78  0.006     3.44     3.04     0.57     0.61 10046    3.52    2.99
 -1    0.19   -0.13     1.33  0.010    -0.93     4.65     0.56     0.61 10047   -0.86    4.64
  1   -0.43    0.16     0.65  0.010    -0.93     4.65     0.56     0.61 10047   -0.86    4.64
 -2   -0.14    0.12    -0.54  0.006    -0.09    -2.57    -0.55     0.61 20184    0.02   -2.43
  2   -0.16   -0.52    -1.01  0.006    -0.09    -2.57    -0.55     0.61 20184    0.02   -2.43
  1   -0.24   -0.13    -0.27  0.010    -4.22     0.85    -0.58     0.61 20129   -4.17    0.79
  1    0.07    0.41    -1.84  0.010    -4.22     0.85    -0.58     0.61 20129   -4.17    0.79
  2   -0.09    0.06    -1.01  0.006    -4.22     0.85    -0.58     0.61 20129   -4.17    0.79
 -2    0.06   -0.64     3.77  0.006     0.59     5.32     0.59     0.61 10138    0.55    5.44
  2    0.21   -0.18     0.31  0.006     0.59     5.32     0.59     0.61 10138    0.55    5.44
  1    0.09    0.12    -0.41  0.010     2.38    -0.12    -0.60     0.62 20069    2.33   -0.06
  2    0.04   -0.64    -1.81  0.006     2.38    -0.12    -0.60     0.62 20069    2.33   -0.06
  3    0.36   -0.07    -3.33  0.199     2.38    -0.12    -0.60     0.62 20069    2.33   -0.06
 -1    0.11    0.08     0.90  0.010    -1.04     3.95     0.52     0.62 10077   -1.15    4.00
  1    0.10   -0.16     0.03  0.010    -1.04     3.95     0.52     0.62 10077   -1.15    4.00
 -2   -0.22    0.03    -0.01  0.006    -1.85     6.54     0.11     0.62 10048   -1.33    6.37
  1   -0.06    0.06     0.06  0.010    -1.85     6.54     0.11     0.62 10048   -1.33    6.37
  2    0.22    0.39    -0.73  0.006    -2.48     5.18    -0.59     0.62 20127   -2.54    5.11
  2   -0.17   -0.01    -1.01  0.006    -2.48     5.18    -0.59     0.62 20127   -2.54    5.11
  1    0.26   -0.01    -1.62  0.010    -2.48     5.18    -0.59     0.62 20127   -2.54    5.11
 -1   -0.35    0.04    -1.14  0.010    -3.08     1.23    -0.57     0.62 20118   -3.10    1.25
  2    0.43   -0.10    -0.80  0.006    -3.08     1.23    -0.57     0.62 20118   -3.10    1.25
 -1    0.48   -0.24     0.77  0.010     0.70     1.40     0.52     0.62 10134    0.39    1.54
  2    0.02    0.01     0.08  0.006     0.70     1.40     0.52     0.62 10134    0.39    1.54
 -1   -0.46   -0.46    -1.23  0.010    -0.77     3.16    -0.56     0.62 20064   -0.57    3.36
  2   -0.02   -0.03    -0.16  0.006    -0.77     3.16    -0.56     0.62 20064   -0.57    3.36
  1    0.10   -0.47    -1.45  0.010    -3.39    -5.52    -0.61     0.63 20066   -3.38   -5.47
  2   -0.17   -0.06    -3.92  0.006    -3.39    -5.52    -0.61     0.63 20066   -3.38   -5.47
  2    0.02    0.04     0.02  0.006    -3.39    -5.52    -0.61     0.63 20066   -3.38   -5.47
 -1    0.24    0.16     0.10  0.010     4.36     2.42     0.18     0.63 20045    3.94    2.07
  2   -0.02    0.03    -0.00  0.006     4.36     2.42     0.18     0.63 20045    3.94    2.07
 -1   -0.42    0.02     1.70  0.010    -1.50    -0.64     0.59     0.63 10192   -1.45   -0.72
  1    0.24    0.24     0.46  0.010    -1.50    -0.64     0.59     0.63 10192   -1.45   -0.72
  1   -0.09    0.26     0.91  0.010    -1.25    -2.79     0.60     0.63 10172   -1.26   -2.87
  2    0.02    0.40     1.78  0.006    -1.25    -2.79     0.60     0.63 10172   -1.26   -2.87
  2    0.11   -0.26     0.50  0.006    -1.25    -2.79     0.60     0.63 10172   -1.26   -2.87
  1    0.20   -0.18     0.94  0.010    -2.36     2.80     0.60     0.63 10165   -2.34    2.75
  1   -0.36    0.41     1.95  0.010    -2.36     2.80     0.60     0.63 10165   -2.34    2.75
  2    0.03   -0.01    -0.01  0.006    -2.36     2.80     0.60     0.63 10165   -2.34    2.75
 -1   -0.05    0.07    -0.03  0.010    -2.03     4.38     0.09     0.63 20106   -1.50    4.17
  2   -0.21    0.04     0.07  0.006    -2.03     4.38     0.09     0.63 20106   -1.50    4.17
 -2    0.05    0.22    -0.34  0.006    -3.17     2.64    -0.45     0.64 20149   -3.26    2.23
  1    0.04    0.19    -0.11  0.010    -3.17     2.64    -0.45     0.64 20149   -3.26    2.23
 -2   -0.15    0.35     0.42  0.006    -1.99    -2.03     0.59     0.64 10184   -2.00   -2.14
  1    0.22    0.05     1.80  0.010    -1.99    -2.03     0.59     0.64 10184   -2.00   -2.14
 -3   -0.25   -0.02     0.60  0.199     0.32     0.02     0.58     0.64 10052    0.44    0.18
  1   -0.10   -0.41     1.02  0.010     0.32     0.02     0.58     0.64 10052    0.44    0.18
  1    0.52   -0.88     5.27  0.010     3.27    -1.21     0.62     0.64 10155    3.25   -1.13
  1   -0.07    0.10     0.24  0.010     3.27    -1.21     0.62     0.64 10155    3.25   -1.13
  2   -0.28   -0.14     1.54  0.006     3.27    -1.21     0.62     0.64 10155    3.25   -1.13
 -1   -0.01    0.04    -0.01  0.010    -2.66    -0.02     0.03     0.64 20014   -2.10   -0.11
  2   -0.27    0.00     0.02  0.006    -2.66    -0.02     0.03     0.64 20014   -2.10   -0.11
 -1    0.22   -0.07    -0.25  0.010    -2.16     1.43    -0.45     0.64 20173   -2.59    1.44
  2    0.19    0.06    -0.18  0.006    -2.16     1.43    -0.45     0.64 20173   -2.59    1.44
 -1   -0.26   -0.09    -0.17  0.010     0.36     5.80    -0.60     0.64 20041    0.47    5.80
  1   -0.17    0.10    -2.35  0.010     0.36     5.80    -0.60     0.64 20041    0.47    5.80
  2    0.16   -0.18     0.08  0.006     2.26     4.46     0.33     0.64 20113    1.88    4.80
 -1    0.08   -0.04     0.13  0.010     2.26     4.46     0.33     0.64 20113    1.88    4.80
 -1   -0.03    0.16     0.57  0.010     4.84     2.96     0.57     0.64 20081    4.66    2.87
  3    0.42    0.04     0.71  0.199     4.84     2.96     0.57     0.64 20081    4.66    2.87
 -2   -0.20   -0.10     0.16  0.006     5.27     1.04     0.43     0.64 10143    5.60    1.35
  1   -0.08   -0.16     0.20  0.010     5.27     1.04     0.43     0.64 10143    5.60    1.35
  1    0.11    0.21    -0.21  0.010    -5.91    -4.22    -0.61     0.65 20046   -5.94   -4.22
  2    0.26   -0.08    -1.65  0.006    -5.91    -4.22    -0.61     0.65 20046   -5.94   -4.22
  2   -0.21   -0.12    -0.95  0.006    -5.91    -4.22    -0.61     0.65 20046   -5.94   -4.22
 -1   -0.15   -0.02     0.49  0.010    -3.38     0.05     0.59     0.65 20077   -3.13    0.03
  2   -0.61    0.08     1.34  0.006    -3.38     0.05     0.59     0.65 20077   -3.13    0.03
 -1   -0.23   -0.04     0.39  0.010    -0.72     3.10     0.58     0.65 10191   -0.64    3.28
  3    0.02   -0.43     1.13  0.199    -0.72     3.10     0.58     0.65 10191   -0.64    3.28
 -1   -0.07    0.07     0.06  0.010     1.02     3.25     0.51     0.65 10156    1.21    2.92
  2   -0.16    0.34     0.58  0.006     1.02     3.25     0.51     0.65 10156    1.21    2.92
  1    0.19   -0.09     1.63  0.010     3.87     1.94     0.62     0.65 10152    3.79    1.98
  2   -0.17   -0.18     0.30  0.006     3.87     1.94     0.62     0.65 10152    3.79    1.98
  2    0.39    0.08     1.52  0.006     3.87     1.94     0.62     0.65 10152    3.79    1.98
  1   -0.08    0.17     0.22  0.010    -0.34     0.34     0.63     0.65 10164   -0.31    0.33
  2   -0.19    0.15     3.00  0.006    -0.34     0.34     0.63     0.65 10164   -0.31    0.33
  3    0.07   -0.31     0.88  0.199    -0.34     0.34     0.63     0.65 10164   -0.31    0.33
 -2    0.15    0.18     0.57  0.006     3.67     3.30     0.63     0.65 10146    3.78    3.22
  2   -0.79    0.33     3.33  0.006     3.67     3.30     0.63     0.65 10146    3.78    3.22
 -1   -0.16    0.04     0.19  0.010    -1.21     6.38     0.62     0.65 10048   -1.33    6.37
  1    0.70   -0.01     2.55  0.010    -1.21     6.38     0.62     0.65 10048   -1.33    6.37
 -2    0.08    0.54    -1.00  0.006     0.61    -0.60    -0.57     0.65 20131    0.58   -0.91
  1   -0.04    0.07    -0.15  0.010     0.61    -0.60    -0.57     0.65 20131    0.58   -0.91
 -2    0.02   -0.06     0.06  0.006    -0.30     3.10     0.16     0.65 10166   -0.19    3.66
  2   -0.08   -0.21     0.01  0.006    -0.30     3.10     0.16     0.65 10166   -0.19    3.66
 -2   -0.35    0.13    -0.48  0.006    -3.57    -1.17    -0.57     0.66 20055   -3.40   -1.26
  3    0.03    0.04    -0.60  0.199    -3.57    -1.17    -0.57     0.66 20055   -3.40   -1.26
 -2    0.01    0.17    -0.18  0.006     1.55     1.83    -0.33     0.66 20092    1.57    1.31
  1   -0.03    0.15    -0.02  0.010     1.55     1.83    -0.33     0.66 20092    1.57    1.31
 -2   -0.04    0.26    -1.27  0.006    -4.31     2.11    -0.59     0.66 10159   -4.22    2.07
  2   -0.18   -0.18    -0.18  0.006    -4.31     2.11    -0.59     0.66 10159   -4.22    2.07
 -2    0.21    0.03    -0.03  0.006     1.22    -1.34    -0.17     0.66 20111    0.66   -1.26
  1    0.07   -0.07    -0.05  0.010     1.22    -1.34    -0.17     0.66 20111    0.66   -1.26
 -1   -0.15    0.09     2.03  0.010     3.89     1.14     0.62     0.66 10128    3.97    1.10
  3   -0.16    0.06     0.16  0.199     3.89     1.14     0.62     0.66 10128    3.97    1.10
 -2   -0.20    0.30    -0.30  0.006    -6.18    -3.81    -0.42     0.66 20046   -5.94   -4.22
  1    0.02    0.01    -0.02  0.010    -6.18    -3.81    -0.42     0.66 20046   -5.94   -4.22
 -1    0.12   -0.07    -0.03  0.010     0.67     2.71    -0.31     0.66 10162    0.14    2.77
  2    0.18    0.03    -0.15  0.006     0.67     2.71    -0.31     0.66 10162    0.14    2.77
 -1   -0.08   -0.12    -0.00  0.010     2.23     5.01     0.26     0.67 10033    2.46    5.52
  1   -0.04   -0.15     0.14  0.010     2.23     5.01     0.26     0.67 10033    2.46    5.52
 -2    0.01    0.02     0.04  0.006     4.99     1.41     0.63     0.67 10135    5.02    1.19
  1   -0.10    0.83     2.37  0.010     4.99     1.41     0.63     0.67 10135    5.02    1.19
 -1    0.06   -0.15    -0.66  0.010    -0.06    -3.90    -0.55     0.67 10011   -0.12   -3.82
  3    0.02    0.04    -0.07  0.199    -0.06    -3.90    -0.55     0.67 10011   -0.12   -3.82
 -1    0.01    0.02     0.03  0.010    -2.89    -0.77    -0.20     0.67 20190   -2.80   -1.33
  2   -0.05    0.25    -0.12  0.006    -2.89    -0.77    -0.20     0.67 20190   -2.80   -1.33
 -2   -0.00   -0.43    -0.91  0.006    -2.64     4.97    -0.63     0.67 20127   -2.54    5.11
  2   -0.40   -0.11    -1.46  0.006    -2.64     4.97    -0.63     0.67 20127   -2.54    5.11
 -1   -0.43    0.24     1.22  0.010     1.61    -3.46     0.62     0.67 10032    1.66   -3.56
  2    0.27    0.07     0.63  0.006     1.61    -3.46     0.62     0.67 10032    1.66   -3.56
 -1    0.30   -0.34    -1.04  0.010    -6.46    -0.52    -0.63     0.67 20126   -6.60   -0.51
  2    0.18    0.31    -1.14  0.006    -6.46    -0.52    -0.63     0.67 20126   -6.60   -0.51
 -1    0.18   -0.28     0.31  0.010    -2.30     1.79     0.50     0.67 10121   -2.49    2.18
  2   -0.00   -0.10     0.17  0.006    -2.30     1.79     0.50     0.67 10121   -2.49    2.18
 -2    0.24   -0.05     0.25  0.006    -1.53    -0.07     0.40     0.67 20082   -2.02   -0.04
  1    0.10    0.04     0.03  0.010    -1.53    -0.07     0.40     0.67 20082   -2.02   -0.04
  2   -0.82    0.55     4.77  0.006    -1.54    -0.66     0.66     0.68 10192   -1.45   -0.72
  2    0.16   -0.00     0.66  0.006    -1.54    -0.66     0.66     0.68 10192   -1.45   -0.72
  1   -0.09   -0.05     0.18  0.010    -1.54    -0.66     0.66     0.68 10192   -1.45   -0.72
 -1   -0.20    0.19     0.05  0.010     0.79     3.33     0.10     0.68 10156    1.21    2.92
  2    0.02   -0.01    -0.00  0.006     0.79     3.33     0.10     0.68 10156    1.21    2.92
 -1   -0.08    0.29     0.17  0.010     2.23    -0.59     0.30     0.68 20110    2.35   -1.13
  1    0.01   -0.00    -0.01  0.010     2.23    -0.59     0.30     0.68 20110    2.35   -1.13
  2    0.04    0.06    -0.15  0.006     2.43     2.24    -0.62     0.68 10089    2.18    2.12
 -1    0.58    0.22    -1.39  0.010     2.43     2.24    -0.62     0.68 10089    2.18    2.12
 -1    0.13   -0.39     0.66  0.010    -3.01     0.19     0.61     0.69 10140   -3.05    0.38
  3   -0.05   -0.00     0.62  0.199    -3.01     0.19     0.61     0.69 10140   -3.05    0.38
 -2   -0.41    0.36     1.06  0.006     1.26    -0.36     0.61     0.69 20007    1.51   -0.55
  1   -0.06    0.00     0.10  0.010     1.26    -0.36     0.61     0.69 20007    1.51   -0.55
 -1   -0.12   -0.33    -0.85  0.010    -6.57     2.04    -0.64     0.69 20040   -6.43    2.26
  2   -0.26   -0.29    -0.94  0.006    -6.57     2.04    -0.64     0.69 20040   -6.43    2.26
 -1   -0.06   -0.03     0.03  0.010    -1.09    -2.36    -0.19     0.69 20004   -0.64   -1.98
  2   -0.14   -0.14    -0.12  0.006    -1.09    -2.36    -0.19     0.69 20004   -0.64   -1.98
 -1    0.07    0.03    -0.63  0.010    -1.05     2.63    -0.57     0.69 20060   -1.04    2.65
  3   -0.09   -0.05    -0.09  0.199    -1.05     2.63    -0.57     0.69 20060   -1.04    2.65
  1   -0.15   -0.06    -0.10  0.010    -3.43     0.10    -0.66     0.70 20006   -3.47    0.08
  2    0.09    0.27    -1.50  0.006    -3.43     0.10    -0.66     0.70 20006   -3.47    0.08
  1    0.27   -0.14    -1.54  0.010    -3.43     0.10    -0.66     0.70 20006   -3.47    0.08
  1    0.11   -0.18     0.28  0.010     3.45    -3.71     0.58     0.70 20148    3.48   -3.70
 -3   -0.15    0.16     0.44  0.199     3.45    -3.71     0.58     0.70 20148    3.48   -3.70
  1   -0.06   -0.23     0.25  0.010     1.66    -3.61     0.67     0.70 10032    1.66   -3.56
  2   -0.03    0.26     1.05  0.006     1.66    -3.61     0.67     0.70 10032    1.66   -3.56
  1    0.09   -0.25     1.86  0.010     1.66    -3.61     0.67     0.70 10032    1.66   -3.56
 -2    0.07   -0.05    -0.08  0.006    -0.18     3.30    -0.50     0.70 10191   -0.64    3.28
  1    0.31    0.07    -0.34  0.010    -0.18     3.30    -0.50     0.70 10191   -0.64    3.28
 -1    0.02   -0.24    -0.05  0.010    -2.58    -2.64    -0.05     0.70 20095   -2.69   -2.05
  2    0.02    0.00     0.03  0.006    -2.58    -2.64    -0.05     0.70 20095   -2.69   -2.05
 -1   -0.01    0.05    -0.01  0.010    -5.52    -3.80     0.20     0.70 20046   -5.94   -4.22
  2    0.19    0.14     0.10  0.006    -5.52    -3.80     0.20     0.70 20046   -5.94   -4.22
 -2   -0.56    0.08    -3.50  0.006    -3.28    -3.83    -0.68     0.70 20048   -3.16   -3.79
  1   -0.16   -0.29    -0.53  0.010    -3.28    -3.83    -0.68     0.70 20048   -3.16   -3.79
  2    0.02    0.32     0.32  0.006     1.92    -5.33     0.69     0.70 10063    1.89   -5.36
  2    0.11   -0.04     2.10  0.006     1.92    -5.33     0.69     0.70 10063    1.89   -5.36
  1    0.14   -0.04     3.93  0.010     1.92    -5.33     0.69     0.70 10063    1.89   -5.36
 -3   -0.25    0.26    -0.59  0.199    -3.24    -0.58    -0.68     0.70 20171   -3.24   -0.62
  3    0.23   -0.03    -3.23  0.199    -3.24    -0.58    -0.68     0.70 20171   -3.24   -0.62
 -1    0.09   -0.16    -2.81  0.010    -6.21    -3.23    -0.68     0.70 20061   -6.16   -3.15
  3   -0.33   -0.26    -0.71  0.199    -6.21    -3.23    -0.68     0.70 20061   -6.16   -3.15
 -2   -0.17    0.04     0.13  0.006    -3.02     5.41     0.32     0.70 20127   -2.54    5.11
  1   -0.07    0.11     0.03  0.010    -3.02     5.41     0.32     0.70 20127   -2.54    5.11
  1    0.05   -0.02    -0.01  0.010    -3.11     0.35     0.68     0.71 10140   -3.05    0.38
  2   -0.46    0.09     2.03  0.006    -3.11     0.35     0.68     0.71 10140   -3.05    0.38
  1    0.12   -0.21     1.37  0.010    -3.11     0.35     0.68     0.71 10140   -3.05    0.38
 -1    0.21   -0.01    -0.18  0.010     0.68    -4.55    -0.56     0.71 20132    0.28   -4.47
  2    0.22   -0.07    -0.42  0.006     0.68    -4.55    -0.56     0.71 20132    0.28   -4.47
  3   -0.08    0.37    -2.73  0.199    -4.23     1.20    -0.69     0.71 20161   -4.20    1.18
  2   -0.33   -0.05    -1.21  0.006    -4.23     1.20    -0.69     0.71 20161   -4.20    1.18
  1    0.22   -0.18    -0.60  0.010    -4.23     1.20    -0.69     0.71 20161   -4.20    1.18
 -2   -0.23   -0.13    -0.14  0.006    -2.79     2.77    -0.26     0.71 10110   -2.27    3.05
  2   -0.00    0.00     0.02  0.006    -2.79     2.77    -0.26     0.71 10110   -2.27    3.05
 -2   -0.02    0.02     0.07  0.006     2.18    -0.44     0.57     0.71 10008    2.57   -0.33
  2   -0.40   -0.14     0.56  0.006     2.18    -0.44     0.57     0.71 10008    2.57   -0.33
 -3   -0.17    0.22     2.06  0.199    -0.71     3.26     0.67     0.71 10191   -0.64    3.28
  1   -0.09   -0.30     0.37  0.010    -0.71     3.26     0.67     0.71 10191   -0.64    3.28
 -2    0.13   -0.13    -0.12  0.006    -2.77    -0.27    -0.48     0.71 10095   -3.20   -0.05
  1    0.18   -0.03    -0.22  0.010    -2.77    -0.27    -0.48     0.71 10095   -3.20   -0.05
 -1   -0.12    0.06    -0.05  0.010     2.93    -2.04    -0.09     0.71 10012    3.54   -2.05
  1   -0.12   -0.05     0.02  0.010     2.93    -2.04    -0.09     0.71 10012    3.54   -2.05
 -1    0.41   -0.70     2.41  0.010    -3.02     1.21     0.68     0.72 20108   -3.13    1.40
  1    0.06   -0.05     0.32  0.010    -3.02     1.21     0.68     0.72 20108   -3.13    1.40
 -2   -0.06   -0.01    -0.12  0.006     4.00    -6.27    -0.67     0.72 10129    4.24   -6.36
  2   -0.63    0.27    -1.79  0.006     4.00    -6.27    -0.67     0.72 10129    4.24   -6.36
  1    0.08   -0.15    -0.13  0.010     1.14    -4.12    -0.69     0.72 20076    1.17   -4.18
  2   -0.18    0.12    -1.48  0.006     1.14    -4.12    -0.69     0.72 20076    1.17   -4.18
  2   -0.03    0.37    -1.94  0.006     1.14    -4.12    -0.69     0.72 20076    1.17   -4.18
 -1    0.19   -0.42     0.65  0.010    -2.18     2.39     0.59     0.72 10165   -2.34    2.75
  2   -0.01    0.01     0.03  0.006    -2.18     2.39     0.59     0.72 10165   -2.34    2.75
  1    0.42    0.54    -3.26  0.010    -2.04     4.52    -0.70     0.72 20054   -2.08    4.46
  2    0.06   -0.15    -1.06  0.006    -2.04     4.52    -0.70     0.72 20054   -2.08    4.46
  3   -0.25    0.02    -0.91  0.199    -2.04     4.52    -0.70     0.72 20054   -2.08    4.46
 -1   -0.07    0.05     0.06  0.010    -5.40    -4.10    -0.07     0.72 20160   -4.93   -4.50
  2   -0.11    0.10    -0.08  0.006    -5.40    -4.10    -0.07     0.72 20160   -4.93   -4.50
 -2    0.26   -0.05     0.11  0.006    -1.68     3.00     0.25     0.73 10110   -2.27    3.05
  1   -0.00    0.02    -0.00  0.010    -1.68     3.00     0.25     0.73 10110   -2.27    3.05
 -1   -0.38    0.16    -0.57  0.010     1.23    -4.43    -0.60     0.73 20067    1.58   -4.62
  1   -0.02    0.05    -0.12  0.010     1.23    -4.43    -0.60     0.73 20067    1.58   -4.62
 -1   -0.32    0.01     0.82  0.010     4.21     3.64     0.67     0.73 10158    4.49    3.58
  2   -0.30    0.12     0.63  0.006     4.21     3.64     0.67     0.73 10158    4.49    3.58
  3    0.29    0.04    -0.51  0.199    -3.97    -3.94    -0.70     0.73 10106   -4.01   -3.87
 -1   -0.11   -0.34    -2.66  0.010    -3.97    -3.94    -0.70     0.73 10106   -4.01   -3.87
 -2    0.39   -0.03     1.36  0.006     5.50    -0.94     0.67     0.73 10170    5.35   -0.99
  2   -0.05    0.15     0.10  0.006     5.50    -0.94     0.67     0.73 10170    5.35   -0.99
  1    0.08   -0.11    -0.10  0.010     2.92     1.44    -0.71     0.73 20164    2.82    1.46
  2    0.50    0.18    -4.16  0.006     2.92     1.44    -0.71     0.73 20164    2.82    1.46
  1    0.08   -0.16    -0.58  0.010     2.92     1.44    -0.71     0.73 20164    2.82    1.46
 -1    0.24   -0.00    -0.20  0.010    -0.14     3.34    -0.58     0.73 20064   -0.57    3.36
  2    0.17   -0.01    -0.34  0.006    -0.14     3.34    -0.58     0.73 20064   -0.57    3.36
 -2   -0.23    0.32     0.91  0.006     1.05    -3.92     0.68     0.74 20076    1.17   -4.18
  1   -0.05    0.27     0.64  0.010     1.05    -3.92     0.68     0.74 20076    1.17   -4.18
  1    0.06    0.08    -1.02  0.010     4.19    -1.37    -0.71     0.74 20123    4.17   -1.31
  2    0.08   -0.48    -0.87  0.006     4.19    -1.37    -0.71     0.74 20123    4.17   -1.31
  2   -0.05    0.10    -1.66  0.006     4.19    -1.37    -0.71     0.74 20123    4.17   -1.31
 -1   -0.19    0.11     0.14  0.010     0.24     1.98     0.53     0.74 10068    0.63    1.69
  2   -0.10    0.10     0.25  0.006     0.24     1.98     0.53     0.74 10068    0.63    1.69
 -2   -0.06    0.03     0.02  0.006    -4.14    -1.76    -0.19     0.74 10112   -3.52   -1.66
  2   -0.17   -0.07    -0.09  0.006    -4.14    -1.76    -0.19     0.74 10112   -3.52   -1.66
 -2   -0.12   -0.07     0.02  0.006     0.11    -4.31     0.42     0.74 10124    0.62   -4.07
  2   -0.14   -0.06     0.19  0.006     0.11    -4.31     0.42     0.74 10124    0.62   -4.07
 -2   -0.07    0.11    -0.01  0.006     3.44     2.46     0.28     0.74 10152    3.79    1.98
  1   -0.08    0.09     0.13  0.010     3.44     2.46     0.28     0.74 10152    3.79    1.98
  1    0.19    0.17     0.46  0.010     0.86    -0.82     0.72     0.74 10127    0.78   -0.78
  2    0.21   -0.47     3.71  0.006     0.86    -0.82     0.72     0.74 10127    0.78   -0.78
  2    0.10    0.06     0.20  0.006     0.86    -0.82     0.72     0.74 10127    0.78   -0.78
 -1   -0.19   -0.18    -0.29  0.010    -3.09     3.42    -0.62     0.74 20104   -2.81    3.70
  2   -0.14   -0.15    -0.45  0.006    -3.09     3.42    -0.62     0.74 20104   -2.81    3.70
 -1   -0.45   -0.37    -1.52  0.010    -2.03    -3.30    -0.71     0.74 20044   -1.99   -3.19
  1    0.28   -0.10    -1.62  0.010    -2.03    -3.30    -0.71     0.74 20044   -1.99   -3.19
 -2    0.08   -0.02     0.10  0.006    -2.57     4.45     0.68     0.75 10081   -2.86    4.47
  2    0.56   -0.01     1.39  0.006    -2.57     4.45     0.68     0.75 10081   -2.86    4.47
 -1   -0.17    0.09     0.41  0.010    -0.86    -0.94     0.69     0.75 20010   -0.59   -0.99
  2   -0.50    0.04     1.28  0.006    -0.86    -0.94     0.69     0.75 20010   -0.59   -0.99
 -1    0.15   -0.03    -0.02  0.010     0.22     2.01    -0.38     0.75 10004   -0.35    2.11
  1    0.12   -0.02    -0.16  0.010     0.22     2.01    -0.38     0.75 10004   -0.35    2.11
 -2   -0.53    0.28     2.19  0.006     2.44     4.94     0.71     0.75 10196    2.52    4.86
  2    0.26    0.02     0.59  0.006     2.44     4.94     0.71     0.75 10196    2.52    4.86
 -1   -0.17    0.00    -0.78  0.010    -3.56     3.46    -0.68     0.75 20078   -3.60    3.62
  1    0.24   -0.32    -0.63  0.010    -3.56     3.46    -0.68     0.75 20078   -3.60    3.62
  1   -0.23    0.16     0.38  0.010     1.32    -0.32     0.73     0.75 10193    1.40   -0.32
  2   -0.28   -0.33     3.17  0.006     1.32    -0.32     0.73     0.75 10193    1.40   -0.32
  1   -0.14    0.19     2.75  0.010     1.32    -0.32     0.73     0.75 10193    1.40   -0.32
 -2   -0.04    0.29     0.62  0.006    -1.31     6.40     0.66     0.75 10048   -1.33    6.37
  2    0.08   -0.24     0.41  0.006    -1.31     6.40     0.66     0.75 10048   -1.33    6.37
 -1   -0.03    0.03    -0.04  0.010    -3.68     1.11    -0.24     0.75 20108   -3.13    1.40
  2   -0.18   -0.14    -0.05  0.006    -3.68     1.11    -0.24     0.75 20108   -3.13    1.40
 -1   -0.02   -0.03     0.06  0.010     3.59    -0.81     0.41     0.76 20155    3.38   -0.27
  1    0.12   -0.23     0.13  0.010     3.59    -0.81     0.41     0.76 20155    3.38   -0.27
 -1    0.03   -0.01    -0.04  0.010     8.11    -0.02    -0.34     0.76 10073    8.17    0.57
  2   -0.05   -0.25    -0.10  0.006     8.11    -0.02    -0.34     0.76 10073    8.17    0.57
 -2    0.12    0.08    -0.26  0.006     0.96     0.73    -0.72     0.76 20024    1.09    0.81
  1   -0.55   -0.37    -2.24  0.010     0.96     0.73    -0.72     0.76 20024    1.09    0.81
 -2   -0.10   -0.16     1.29  0.006    -2.31    -4.40     0.69     0.76 10065   -2.25   -4.36
  1   -0.01    0.10    -0.02  0.010    -2.31    -4.40     0.69     0.76 10065   -2.25   -4.36
 -1    0.06    0.07    -0.21  0.010     3.97    -1.30    -0.72     0.76 20123    4.17   -1.31
  3   -0.62   -0.04    -1.83  0.199     3.97    -1.30    -0.72     0.76 20123    4.17   -1.31
 -2    0.01   -0.01     0.03  0.006    -1.13     2.03    -0.22     0.77 20060   -1.04    2.65
  1   -0.05   -0.21    -0.11  0.010    -1.13     2.03    -0.22     0.77 20060   -1.04    2.65
  1    0.27   -0.02    -0.37  0.010    -3.41    -1.24    -0.74     0.77 20055   -3.40   -1.26
  2   -0.20    0.01    -2.67  0.006    -3.41    -1.24    -0.74     0.77 20055   -3.40   -1.26
  1   -0.11    0.10    -0.30  0.010    -3.41    -1.24    -0.74     0.77 20055   -3.40   -1.26
 -2    0.11    0.22     0.19  0.006     1.34     0.62     0.69     0.77 10137    1.31    0.39
  1   -0.06    0.16     1.00  0.010     1.34     0.62     0.69     0.77 10137    1.31    0.39
  1   -0.33   -0.35     3.04  0.010    -0.36    -1.45     0.75     0.77 10194   -0.33   -1.43
  2    0.05    0.17     1.53  0.006    -0.36    -1.45     0.75     0.77 10194   -0.33   -1.43
  3    0.09    0.10     0.31  0.199    -0.36    -1.45     0.75     0.77 10194   -0.33   -1.43
 -2   -0.19   -0.27     0.57  0.006     1.21     2.27     0.74     0.77 10122    1.17    2.28
  3    0.34    0.22     2.51  0.199     1.21     2.27     0.74     0.77 10122    1.17    2.28
  1   -0.25   -0.10     1.43  0.010     2.37    -5.67     0.74     0.77 10041    2.34   -5.60
  2    0.17   -0.22     0.36  0.006     2.37    -5.67     0.74     0.77 10041    2.34   -5.60
  2    0.20   -0.05     2.11  0.006     2.37    -5.67     0.74     0.77 10041    2.34   -5.60
 -2    0.32    0.35    -1.29  0.006    -5.87    -0.65    -0.73     0.77 10090   -5.87   -0.74
  1   -0.32   -0.08    -1.09  0.010    -5.87    -0.65    -0.73     0.77 10090   -5.87   -0.74
 -1   -0.28    0.20    -0.58  0.010    -3.21     1.44    -0.69     0.77 20108   -3.13    1.40
  1    0.17   -0.13    -0.53  0.010    -3.21     1.44    -0.69     0.77 20108   -3.13    1.40
 -2    0.01    0.00     0.05  0.006     2.19    -4.41     0.69     0.77 10139    2.47   -4.58
  1   -0.48    0.28     1.10  0.010     2.19    -4.41     0.69     0.77 10139    2.47   -4.58
 -1    0.24   -0.05    -0.80  0.010     0.40     3.89    -0.75     0.78 20178    0.21    3.89
  2    0.77    0.02    -3.14  0.006     0.40     3.89    -0.75     0.78 20178    0.21    3.89
 -2    0.09    0.19     0.00  0.006     1.42     2.88    -0.13     0.78 10122    1.17    2.28
  1   -0.01    0.01    -0.05  0.010     1.42     2.88    -0.13     0.78 10122    1.17    2.28
 -2    0.33   -0.28     1.80  0.006     0.01     1.44     0.74     0.78 20011   -0.02    1.48
  1   -0.25    0.16     0.51  0.010     0.01     1.44     0.74     0.78 20011   -0.02    1.48
 -2   -0.67   -0.09     2.83  0.006    -2.29    -0.34     0.76     0.78 10154   -2.11   -0.30
  1   -0.35   -0.15     1.54  0.010    -2.29    -0.34     0.76     0.78 10154   -2.11   -0.30
 -1   -0.09    0.16     0.13  0.010     4.22     3.29     0.36     0.78 20081    4.66    2.87
  2   -0.09    0.01     0.02  0.006     4.22     3.29     0.36     0.78 20081    4.66    2.87
 -2   -0.02   -0.37     0.43  0.006     1.30     1.07     0.60     0.79 20124    1.32    1.55
  1    0.00    0.01     0.01  0.010     1.30     1.07     0.60     0.79 20124    1.32    1.55
  1    0.01    0.00     0.01  0.010    -1.21     3.46    -0.38     0.79 10191   -0.64    3.28
 -2   -0.25    0.07    -0.17  0.006    -1.21     3.46    -0.38     0.79 10191   -0.64    3.28
  1   -0.29    0.30    -1.16  0.010    -2.99     1.27    -0.77     0.79 20019   -2.98    1.22
  2   -0.12   -0.16    -1.92  0.006    -2.99     1.27    -0.77     0.79 20019   -2.98    1.22
  3    0.34    0.22    -2.32  0.199    -2.99     1.27    -0.77     0.79 20019   -2.98    1.22
 -3    0.09   -0.25     2.86  0.199     3.58     3.64     0.76     0.79 10168    3.57    3.63
  1   -0.03    0.30     0.37  0.010     3.58     3.64     0.76     0.79 10168    3.57    3.63
 -2   -0.38   -0.16    -1.06  0.006    -2.59     5.17    -0.76     0.79 20127   -2.54    5.11
  2    0.19    0.36    -1.63  0.006    -2.59     5.17    -0.76     0.79 20127   -2.54    5.11
 -2   -0.01   -0.01     0.05  0.006    -0.95    -0.46     0.25     0.80 20010   -0.59   -0.99
  2   -0.11    0.19     0.04  0.006    -0.95    -0.46     0.25     0.80 20010   -0.59   -0.99
 -1    0.21   -0.13     0.18  0.010    -0.38    -2.43     0.41     0.80 20022   -0.86   -2.06
  2   -0.01   -0.02    -0.01  0.006    -0.38    -2.43     0.41     0.80 20022   -0.86   -2.06
 -2    0.07    0.42    -0.83  0.006    -2.74    -1.02    -0.75     0.80 20015   -2.75   -1.10
  1   -0.04   -0.22    -1.03  0.010    -2.74    -1.02    -0.75     0.80 20015   -2.75   -1.10
  1   -0.18    0.85     5.26  0.010     4.16    -3.01     0.79     0.80 10053    4.15   -3.11
  2   -0.05   -0.09     0.42  0.006     4.16    -3.01     0.79     0.80 10053    4.15   -3.11
  2    0.32    0.34     2.71  0.006     4.16    -3.01     0.79     0.80 10053    4.15   -3.11
 -2    0.33   -0.42    -1.33  0.006    -4.33    -0.49    -0.77     0.80 20186   -4.34   -0.38
  2   -0.28   -0.03    -1.71  0.006    -4.33    -0.49    -0.77     0.80 20186   -4.34   -0.38
 -2    0.24    0.29     0.61  0.006    -2.19    -4.36     0.76     0.80 10065   -2.25   -4.36
  2   -0.04   -0.27     1.81  0.006    -2.19    -4.36     0.76     0.80 10065   -2.25   -4.36
  1    0.84    0.12    -4.79  0.010    -4.09    -3.96    -0.79     0.80 20151   -4.19   -4.00
  1   -0.11    0.12    -0.30  0.010    -4.09    -3.96    -0.79     0.80 20151   -4.19   -4.00
  2    0.12    0.13    -1.91  0.006    -4.09    -3.96    -0.79     0.80 20151   -4.19   -4.00
 -2   -0.29   -0.34    -0.89  0.006     2.50    -4.46    -0.74     0.80 10108    2.62   -4.37
  2    0.06    0.15    -0.56  0.006     2.50    -4.46    -0.74     0.80 10108    2.62   -4.37
 -1    0.06    0.02    -0.22  0.010     0.21     1.73    -0.73     0.81 20011   -0.02    1.48
  2    0.31    0.39    -0.96  0.006     0.21     1.73    -0.73     0.81 20011   -0.02    1.48
 -2   -0.07    0.07    -0.03  0.006    -3.36     1.22    -0.74     0.81 20050   -3.43    1.35
  2    0.19   -0.32    -1.40  0.006    -3.36     1.22    -0.74     0.81 20050   -3.43    1.35
 -2   -0.15   -0.11    -0.47  0.006     2.24     2.23    -0.74     0.81 10089    2.18    2.12
  2    0.26    0.30    -0.84  0.006     2.24     2.23    -0.74     0.81 10089    2.18    2.12
 -2   -0.15   -0.19    -1.77  0.006    -0.06    -4.44    -0.77     0.81 10024   -0.06   -4.28
  2    0.15   -0.26    -0.37  0.006    -0.06    -4.44    -0.77     0.81 10024   -0.06   -4.28
  1   -0.20   -0.05     3.25  0.010     5.95     2.84     0.80     0.82 10150    6.00    2.82
  2    0.11   -0.04     0.04  0.006     5.95     2.84     0.80     0.82 10150    6.00    2.82
  1   -0.30    0.23     2.35  0.010     5.95     2.84     0.80     0.82 10150    6.00    2.82
 -2    0.19    0.07    -0.06  0.006     6.14     1.70    -0.27     0.82 10143    5.60    1.35
  1   -0.01    0.04    -0.03  0.010     6.14     1.70    -0.27     0.82 10143    5.60    1.35
 -1    0.02    0.13     0.15  0.010    -1.18     0.02     0.73     0.82 10195   -1.21   -0.33
  2    0.03    0.39     0.93  0.006    -1.18     0.02     0.73     0.82 10195   -1.21   -0.33
 -1    0.22    0.40    -1.29  0.010    -2.19    -1.02    -0.77     0.82 20012   -2.29   -1.27
  2    0.03    0.26    -0.74  0.006    -2.19    -1.02    -0.77     0.82 20012   -2.29   -1.27
 -2   -0.45   -0.03     0.82  0.006     3.00    -2.12     0.71     0.82 20089    3.39   -2.11
  2   -0.02    0.03     0.04  0.006     3.00    -2.12     0.71     0.82 20089    3.39   -2.11
 -3   -0.21    0.06     0.41  0.199    -0.77    -1.06     0.76     0.82 20010   -0.59   -0.99
  1   -0.19   -0.20     1.24  0.010    -0.77    -1.06     0.76     0.82 20010   -0.59   -0.99
  2    0.23    0.00    -0.24  0.006     0.91    -0.22    -0.79     0.82 20005    0.92   -0.21
  2   -0.28    0.05    -2.35  0.006     0.91    -0.22    -0.79     0.82 20005    0.92   -0.21
  1    0.01   -0.13    -0.99  0.010     0.91    -0.22    -0.79     0.82 20005    0.92   -0.21
 -1    0.46   -0.27     1.19  0.010     0.10    -5.19     0.75     0.82 10147   -0.20   -5.04
  2    0.04    0.01     0.07  0.006     0.10    -5.19     0.75     0.82 10147   -0.20   -5.04
 -2    0.18   -0.08    -0.12  0.006    -0.89    -5.85    -0.53     0.82 20039   -1.31   -5.48
  1    0.04   -0.11    -0.15  0.010    -0.89    -5.85    -0.53     0.82 20039   -1.31   -5.48
 -2    0.17   -0.08     0.02  0.006    -2.80    -0.59     0.27     0.82 20008   -3.42   -0.39
  2    0.04    0.01     0.07  0.006    -2.80    -0.59     0.27     0.82 20008   -3.42   -0.39
 -1   -0.01   -0.01     0.10  0.010    -2.37     4.56     0.76     0.83 20054   -2.08    4.46
  2   -0.56    0.20     1.37  0.006    -2.37     4.56     0.76     0.83 20054   -2.08    4.46
 -1    0.11   -0.15     0.10  0.010    -7.04     2.81     0.39     0.83 20043   -7.21    3.41
  2   -0.05   -0.07     0.05  0.006    -7.04     2.81     0.39     0.83 20043   -7.21    3.41
 -2    0.56    0.09     1.72  0.006    -0.82    -0.72     0.78     0.83 10049   -1.08   -0.78
  1    0.12    0.06     0.26  0.010    -0.82    -0.72     0.78     0.83 10049   -1.08   -0.78
  2    0.04   -0.01    -0.13  0.006    -2.68    -1.66    -0.67     0.83     1   -2.97   -1.32
 -1    0.21   -0.29    -0.44  0.010    -2.68    -1.66    -0.67     0.83     1   -2.97   -1.32
 -1    0.04    0.06    -0.00  0.010    -5.28    -4.21     0.22     0.83 20046   -5.94   -4.22
  2    0.16   -0.05     0.07  0.006    -5.28    -4.21     0.22     0.83 20046   -5.94   -4.22
  1   -0.20    0.13     0.49  0.010     0.53     5.41     0.80     0.83 10138    0.55    5.44
  2   -0.12   -0.38     2.29  0.006     0.53     5.41     0.80     0.83 10138    0.55    5.44
  1    0.21    0.12     0.93  0.010     0.53     5.41     0.80     0.83 10138    0.55    5.44
 -1   -0.34   -0.08     0.55  0.010    -2.77     2.71     0.69     0.83 10165   -2.34    2.75
  2   -0.06    0.04     0.10  0.006    -2.77     2.71     0.69     0.83 10165   -2.34    2.75
 -1   -0.46    0.07     1.78  0.010     8.07     0.64     0.79     0.83 10073    8.17    0.57
  1    0.18    0.10     0.31  0.010     8.07     0.64     0.79     0.83 10073    8.17    0.57
 -2   -0.00   -0.06    -0.21  0.006    -4.07    -4.31    -0.69     0.83 10106   -4.01   -3.87
  1   -0.05   -0.33    -0.41  0.010    -4.07    -4.31    -0.69     0.83 10106   -4.01   -3.87
 -2   -0.74   -0.17     3.16  0.006     1.06    -1.66     0.81     0.84 10016    1.15   -1.63
  1    0.24    0.02     0.99  0.010     1.06    -1.66     0.81     0.84 10016    1.15   -1.63
  2    0.03   -0.06     0.32  0.006    -4.30    -0.64     0.79     0.84 20186   -4.34   -0.38
 -1    0.07   -0.66     1.85  0.010    -4.30    -0.64     0.79     0.84 20186   -4.34   -0.38
 -2    0.03   -0.16    -0.06  0.006    -6.96    -0.79    -0.79     0.84 20100   -7.00   -0.73
  2    0.05   -0.00    -1.92  0.006    -6.96    -0.79    -0.79     0.84 20100   -7.00   -0.73
 -1    0.13    0.08     0.71  0.010     1.56    -6.16     0.81     0.84 10092    1.35   -6.27
  2    0.59    0.27     1.99  0.006     1.56    -6.16     0.81     0.84 10092    1.35   -6.27
 -1   -0.17   -0.09    -2.54  0.010    -4.18     1.11    -0.81     0.85 20161   -4.20    1.18
  1    0.22   -0.17    -0.29  0.010    -4.18     1.11    -0.81     0.85 20161   -4.20    1.18
 -1    0.20   -0.12    -0.16  0.010     1.09     1.80    -0.48     0.85 20139    0.63    2.22
  1   -0.02   -0.04    -0.03  0.010     1.09     1.80    -0.48     0.85 20139    0.63    2.22
 -1    0.65   -0.00    -1.93  0.010    -5.15     2.06    -0.80     0.85 20084   -5.43    2.06
  1    0.03   -0.01    -0.05  0.010    -5.15     2.06    -0.80     0.85 20084   -5.43    2.06
 -2   -0.17    0.11    -2.07  0.006    -1.97    -0.02    -0.81     0.85 20082   -2.02   -0.04
  1    0.34   -0.03    -0.48  0.010    -1.97    -0.02    -0.81     0.85 20082   -2.02   -0.04
 -1    0.09   -0.14     0.26  0.010    -0.37    -3.09     0.74     0.86 10153   -0.71   -2.84
  1    0.26   -0.11     0.50  0.010    -0.37    -3.09     0.74     0.86 10153   -0.71   -2.84
 -2    0.04   -0.11     1.71  0.006     2.49    -1.98     0.84     0.86 10183    2.57   -2.08
  2   -0.57    0.75     3.96  0.006     2.49    -1.98     0.84     0.86 10183    2.57   -2.08
 -2    0.05    0.17     0.06  0.006     1.30     6.60     0.18     0.86 10099    0.95    6.01
  2    0.04   -0.01    -0.01  0.006     1.30     6.60     0.18     0.86 10099    0.95    6.01
 -2   -0.33   -0.21    -0.75  0.006     4.76    -1.26    -0.78     0.86 10015    5.03   -1.04
  2   -0.08   -0.12    -0.42  0.006     4.76    -1.26    -0.78     0.86 10015    5.03   -1.04
 -2    0.22    0.36    -0.75  0.006    -1.42    -0.54    -0.75     0.87 20083   -1.66   -0.88
  1    0.03   -0.00    -0.03  0.010    -1.42    -0.54    -0.75     0.87 20083   -1.66   -0.88
 -1   -0.16    0.03     0.35  0.010     2.55    -4.73     0.82     0.87 10139    2.47   -4.58
  1    0.33   -0.38     1.54  0.010     2.55    -4.73     0.82     0.87 10139    2.47   -4.58
 -1    0.14    0.13    -0.04  0.010     1.36     2.70    -0.31     0.87 10136    0.78    2.38
  2    0.03   -0.03    -0.05  0.006     1.36     2.70    -0.31     0.87 10136    0.78    2.38
 -1    0.06   -0.13     0.27  0.010     1.82     4.38     0.76     0.87 10114    1.82    4.79
  1   -0.06   -0.32     0.57  0.010     1.82     4.38     0.76     0.87 10114    1.82    4.79
 -1    0.31   -0.15    -1.65  0.010     4.04    -0.71    -0.83     0.88 20037    3.98   -0.55
  1   -0.15   -0.27    -0.56  0.010     4.04    -0.71    -0.83     0.88 20037    3.98   -0.55
 -1   -0.34   -0.00    -2.11  0.010     1.58    -2.05    -0.85     0.88 20166    1.62   -2.16
  1    0.20    0.49    -1.57  0.010     1.58    -2.05    -0.85     0.88 20166    1.62   -2.16
 -1   -0.02    0.03    -0.16  0.010    -0.38    -4.61    -0.73     0.88 10147   -0.20   -5.04
  1   -0.12    0.32    -0.43  0.010    -0.38    -4.61    -0.73     0.88 10147   -0.20   -5.04
  1    0.32   -0.03     1.21  0.010    -3.50    -1.74     0.86     0.88 10112   -3.52   -1.66
  2   -0.02   -0.51     2.57  0.006    -3.50    -1.74     0.86     0.88 10112   -3.52   -1.66
  1   -0.19    0.07     1.13  0.010    -3.50    -1.74     0.86     0.88 10112   -3.52   -1.66
 -1   -0.33    0.04    -1.71  0.010    -1.12    -1.72    -0.86     0.89 20182   -1.10   -1.84
  2    0.27    0.44    -1.58  0.006    -1.12    -1.72    -0.86     0.89 20182   -1.10   -1.84
 -2   -0.01   -0.02     0.07  0.006     2.41     4.43     0.46     0.89 20113    1.88    4.80
  1    0.19   -0.11     0.09  0.010     2.41     4.43     0.46     0.89 20113    1.88    4.80
  2    0.18    0.02    -4.20  0.006    -1.04    -2.01    -0.87     0.89 20133   -1.07   -1.97
  2   -0.28   -0.14    -0.85  0.006    -1.04    -2.01    -0.87     0.89 20133   -1.07   -1.97
  1    0.36   -0.26    -1.96  0.010    -1.04    -2.01    -0.87     0.89 20133   -1.07   -1.97
 -1    0.04   -0.01    -0.01  0.010     7.08     1.78     0.87     0.89 10100    7.08    1.76
 -2   -0.32    0.17     2.56  0.006     7.08     1.78     0.87     0.89 10100    7.08    1.76
 -2    0.28   -0.02     1.40  0.006     7.08     1.78     0.87     0.89 10100    7.08    1.76
 -1   -0.13    0.20    -0.49  0.010    -6.43     2.30    -0.78     0.90 20040   -6.43    2.26
  2    0.13   -0.17    -0.31  0.006    -6.43     2.30    -0.78     0.90 20040   -6.43    2.26
 -1   -0.05   -0.08     0.12  0.010    -1.79     4.60     0.81     0.90 20107   -1.49    4.82
  2   -0.34   -0.21     0.95  0.006    -1.79     4.60     0.81     0.90 20107   -1.49    4.82
  2   -0.19    0.25    -2.37  0.006    -0.15     1.95    -0.89     0.90 20183   -0.20    1.85
  2    0.23   -0.02    -2.36  0.006    -0.15     1.95    -0.89     0.90 20183   -0.20    1.85
  1    0.28    0.43    -1.66  0.010    -0.15     1.95    -0.89     0.90 20183   -0.20    1.85
 -1   -0.08   -0.20     0.53  0.010     0.56     2.12     0.83     0.91 10136    0.78    2.38
  2   -0.27   -0.21     0.76  0.006     0.56     2.12     0.83     0.91 10136    0.78    2.38
 -1   -0.20   -0.49     2.04  0.010    -3.11     0.31     0.88     0.91 10140   -3.05    0.38
  2    0.04    0.26     0.80  0.006    -3.11     0.31     0.88     0.91 10140   -3.05    0.38
 -2   -0.17   -0.25    -0.49  0.006    -3.54    -5.54    -0.88     0.91 20066   -3.38   -5.47
  2   -0.34    0.00    -2.26  0.006    -3.54    -5.54    -0.88     0.91 20066   -3.38   -5.47
 -2   -0.02   -0.02    -0.00  0.006     2.42     3.44    -0.14     0.91 10161    1.75    3.60
  1    0.19   -0.02    -0.03  0.010     2.42     3.44    -0.14     0.91 10161    1.75    3.60
  1   -0.23    0.17    -2.15  0.010    -4.94    -4.52    -0.90     0.91 20160   -4.93   -4.50
  1    0.02   -0.51    -1.55  0.010    -4.94    -4.52    -0.90     0.91 20160   -4.93   -4.50
  1    0.14    0.19    -3.18  0.010    -4.94    -4.52    -0.90     0.91 20160   -4.93   -4.50
 -1   -0.20    0.14    -0.32  0.010    -3.97     4.01    -0.70     0.92 20078   -3.60    3.62
  1   -0.01    0.09    -0.08  0.010    -3.97     4.01    -0.70     0.92 20078   -3.60    3.62
 -2    0.19   -0.23    -1.77  0.006    -2.66     1.42    -0.89     0.92 20173   -2.59    1.44
  2   -0.44    0.18    -1.32  0.006    -2.66     1.42    -0.89     0.92 20173   -2.59    1.44
  2   -0.26   -0.07    -2.93  0.006     1.33     1.55    -0.90     0.92 20124    1.32    1.55
  2    0.35   -0.03    -0.91  0.006     1.33     1.55    -0.90     0.92 20124    1.32    1.55
  1   -0.05    0.10    -0.18  0.010     1.33     1.55    -0.90     0.92 20124    1.32    1.55
 -1    0.02    0.16     0.89  0.010     1.53     0.86     0.86     0.92 20026    1.54    0.96
  1   -0.03   -0.34     0.56  0.010     1.53     0.86     0.86     0.92 20026    1.54    0.96
  1    0.38   -0.21    -1.22  0.010     0.52     5.80    -0.91     0.93 20041    0.47    5.80
  2   -0.06   -0.02    -1.98  0.006     0.52     5.80    -0.91     0.93 20041    0.47    5.80
  2   -0.08    0.25    -1.13  0.006     0.52     5.80    -0.91     0.93 20041    0.47    5.80
  2   -0.44   -0.00     1.22  0.006    -2.26    -4.36     0.92     0.94 10065   -2.25   -4.36
  2    0.29    0.07     1.80  0.006    -2.26    -4.36     0.92     0.94 10065   -2.25   -4.36
  2    0.14   -0.07     2.58  0.006    -2.26    -4.36     0.92     0.94 10065   -2.25   -4.36
  2   -0.03   -0.00    -0.08  0.006    -4.46    -0.94    -0.69     0.94 20186   -4.34   -0.38
 -1   -0.03   -0.27    -0.25  0.010    -4.46    -0.94    -0.69     0.94 20186   -4.34   -0.38
 -2    0.06    0.03    -0.00  0.006    -1.65    -5.27     0.25     0.94 10043   -2.26   -4.90
  2    0.08   -0.12     0.06  0.006    -1.65    -5.27     0.25     0.94 10043   -2.26   -4.90
 -2   -0.12   -0.22     0.51  0.006     2.57     5.51     0.91     0.94 10033    2.46    5.52
  1    0.45    0.19     2.32  0.010     2.57     5.51     0.91     0.94 10033    2.46    5.52
 -1    0.04    0.12     0.12  0.010     0.24    -1.77     0.32     0.95 20184    0.02   -2.43
  2    0.01    0.04    -0.04  0.006     0.24    -1.77     0.32     0.95 20184    0.02   -2.43
  1    0.84   -0.13     6.43  0.010     2.85     3.63     0.94     0.95 10025    2.75    3.63
  2    0.19    0.28     2.01  0.006     2.85     3.63     0.94     0.95 10025    2.75    3.63
  2   -0.03   -0.14     0.50  0.006     2.85     3.63     0.94     0.95 10025    2.75    3.63
  2    0.03    0.04    -0.01  0.006     4.17     2.78    -0.43     0.95 10046    3.52    2.99
 -1    0.15   -0.10    -0.10  0.010     4.17     2.78    -0.43     0.95 10046    3.52    2.99
 -2    0.03   -0.21     0.22  0.006     0.24    -0.29     0.77     0.95 20185    0.07    0.19
  1    0.08   -0.09     0.26  0.010     0.24    -0.29     0.77     0.95 20185    0.07    0.19
  2    0.08    0.03     0.16  0.006     4.51    -0.87     0.80     0.96 10020    4.06   -0.69
 -1    0.24   -0.16     0.41  0.010     4.51    -0.87     0.80     0.96 10020    4.06   -0.69
 -2    0.06   -0.12    -0.10  0.006     4.39     0.91    -0.73     0.96 10174    4.38    1.47
  1   -0.05   -0.16    -0.27  0.010     4.39     0.91    -0.73     0.96 10174    4.38    1.47
 -2   -0.93   -0.04     4.88  0.006     3.07    -3.34     0.94     0.96 10022    3.20   -3.33
  2    0.16   -0.06     0.91  0.006     3.07    -3.34     0.94     0.96 10022    3.20   -3.33
 -1   -0.17    0.28     0.61  0.010     0.18     5.57     0.92     0.96 10096    0.27    5.39
  3   -0.07    0.19     1.86  0.199     0.18     5.57     0.92     0.96 10096    0.27    5.39
 -2   -0.10    0.10    -0.07  0.006    -3.79     1.58    -0.42     0.96 20108   -3.13    1.40
  1   -0.08   -0.05    -0.04  0.010    -3.79     1.58    -0.42     0.96 20108   -3.13    1.40
 -1    0.26   -0.32    -0.91  0.010    -7.01     3.13    -0.90     0.97 20043   -7.21    3.41
  2    0.05   -0.12    -0.51  0.006    -7.01     3.13    -0.90     0.97 20043   -7.21    3.41
 -1   -0.10    0.14    -0.53  0.010    -3.07    -2.77    -0.88     0.97 20192   -2.79   -3.04
  2   -0.24    0.18    -0.52  0.006    -3.07    -2.77    -0.88     0.97 20192   -2.79   -3.04
 -2    0.09   -0.02    -0.16  0.006    -1.68     4.05    -0.72     0.97 20054   -2.08    4.46
  1    0.09   -0.18    -0.18  0.010    -1.68     4.05    -0.72     0.97 20054   -2.08    4.46
 -1    0.03   -0.06     0.12  0.010     1.38     0.44     0.77     0.97 20026    1.54    0.96
  1   -0.12   -0.23     0.31  0.010     1.38     0.44     0.77     0.97 20026    1.54    0.96
 -2    0.41    0.14     1.23  0.006     2.86    -0.31     0.93     0.97 10177    2.59   -0.44
  1    0.15    0.14     0.70  0.010     2.86    -0.31     0.93     0.97 10177    2.59   -0.44
  2    0.05    0.06     0.20  0.006     1.49     4.29     0.93     0.98 10021    1.45    3.99
 -2    0.03    0.56     1.72  0.006     1.49     4.29     0.93     0.98 10021    1.45    3.99
 -2   -0.07    0.22    -0.57  0.006     0.71    -3.55    -0.92     0.98 20196    0.90   -3.59
  3   -0.29   -0.15    -1.22  0.199     0.71    -3.55    -0.92     0.98 20196    0.90   -3.59
 -1    0.01   -0.30    -0.61  0.010     1.62     0.84    -0.84     0.98 20092    1.57    1.31
  2    0.03   -0.06    -0.04  0.006     1.62     0.84    -0.84     0.98 20092    1.57    1.31
 -2   -0.01    0.00    -0.08  0.006    -3.27     0.52    -0.87     0.98 10144   -3.36    0.10
  1    0.09    0.40    -0.74  0.010    -3.27     0.52    -0.87     0.98 10144   -3.36    0.10
 -2    0.11   -0.04    -0.06  0.006     0.70    -2.26    -0.31     0.99 20184    0.02   -2.43
  1    0.04    0.08    -0.01  0.010     0.70    -2.26    -0.31     0.99 20184    0.02   -2.43
 -2   -0.10    0.03    -0.06  0.006     3.13     1.74    -0.23     0.99 10152    3.79    1.98
  1   -0.04   -0.08     0.01  0.010     3.13     1.74    -0.23     0.99 10152    3.79    1.98
 -2    0.03   -0.02     0.02  0.006    -0.92     1.08    -0.97     0.99 20179   -0.81    1.11
  1   -0.58   -0.13    -4.77  0.010    -0.92     1.08    -0.97     0.99 20179   -0.81    1.11
  1   -0.44    0.09     2.02  0.010     0.60    -4.02     0.97     0.99 10124    0.62   -4.07
  1    0.31    0.21     2.49  0.010     0.60    -4.02     0.97     0.99 10124    0.62   -4.07
  2    0.06   -0.06     0.14  0.006     0.60    -4.02     0.97     0.99 10124    0.62   -4.07
  1    0.27    0.05     1.34  0.010     4.75     0.60     0.98     1.00 10180    4.68    0.60
  2   -0.31   -0.02     1.37  0.006     4.75     0.60     0.98     1.00 10180    4.68    0.60
  2    0.42   -0.06     2.37  0.006     4.75     0.60     0.98     1.00 10180    4.68    0.60
 -2   -0.28   -0.12    -1.93  0.006    -2.76     3.66    -0.97     1.00 20104   -2.81    3.70
  2    0.45   -0.01    -1.29  0.006    -2.76     3.66    -0.97     1.00 20104   -2.81    3.70
 -2   -0.10   -0.09     0.99  0.006     1.15    -2.89     0.92     1.00 10105    1.20   -2.85
  3    0.04    0.04     0.18  0.199     1.15    -2.89     0.92     1.00 10105    1.20   -2.85
 -2   -0.16   -0.06     0.50  0.006     1.02    -0.34     0.93     1.01 10193    1.40   -0.32
  1   -0.32    0.04     0.67  0.010     1.02    -0.34     0.93     1.01 10193    1.40   -0.32
 -2    0.11   -0.21    -0.79  0.006    -0.74     0.98    -0.99     1.01 20032   -0.81    0.88
  2    0.23    0.67    -3.89  0.006    -0.74     0.98    -0.99     1.01 20032   -0.81    0.88
 -1   -0.04   -0.05    -0.03  0.010    -3.00     3.08     0.03     1.01 10110   -2.27    3.05
  1   -0.10    0.06     0.04  0.010    -3.00     3.08     0.03     1.01 10110   -2.27    3.05
  1    0.09    0.32     0.76  0.010     4.92    -1.61     0.99     1.01 10051    4.92   -1.58
  1   -0.00   -0.30     2.81  0.010     4.92    -1.61     0.99     1.01 10051    4.92   -1.58
  2   -0.06   -0.16     0.96  0.006     4.92    -1.61     0.99     1.01 10051    4.92   -1.58
  1   -0.20   -0.24     0.69  0.010    -0.90     4.68     0.99     1.01 10047   -0.86    4.64
  2   -0.13    0.21     1.93  0.006    -0.90     4.68     0.99     1.01 10047   -0.86    4.64
  1    0.12    0.23     2.22  0.010    -0.90     4.68     0.99     1.01 10047   -0.86    4.64
 -2    0.04   -0.00    -0.01  0.006    -0.28     0.98    -0.59     1.01 20038   -0.30    1.66
  2   -0.03   -0.19    -0.17  0.006    -0.28     0.98    -0.59     1.01 20038   -0.30    1.66
 -3    0.05   -0.20     1.03  0.199     1.52    -3.69     0.96     1.01 10032    1.66   -3.56
  1   -0.32   -0.05     0.81  0.010     1.52    -3.69     0.96     1.01 10032    1.66   -3.56
 -2    0.10    0.15    -0.16  0.006     1.59     1.71    -0.58     1.01 10007    1.36    1.06
  2   -0.03    0.03    -0.00  0.006     1.59     1.71    -0.58     1.01 10007    1.36    1.06
 -2    0.13   -0.20    -0.36  0.006     4.06     1.64    -0.90     1.01 10152    3.79    1.98
  1    0.13   -0.12    -0.51  0.010     4.06     1.64    -0.90     1.01 10152    3.79    1.98
  1    0.36   -0.48     3.98  0.010     3.56     3.56     1.00     1.01 10168    3.57    3.63
  1   -0.14    0.20     1.69  0.010     3.56     3.56     1.00     1.01 10168    3.57    3.63
  2   -0.28   -0.23     1.91  0.006     3.56     3.56     1.00     1.01 10168    3.57    3.63
 -1   -0.12    0.16     3.83  0.010    -0.40    -3.22     1.00     1.02 10003   -0.34   -3.16
  3   -0.17   -0.53     1.86  0.199    -0.40    -3.22     1.00     1.02 10003   -0.34   -3.16
 -1   -0.20    0.02     0.26  0.010     1.27     4.71     0.73     1.02 20113    1.88    4.80
  2   -0.03   -0.05     0.02  0.006     1.27     4.71     0.73     1.02 20113    1.88    4.80
 -1   -0.12    0.02    -0.03  0.010     6.24     2.75     0.02     1.03 10116    6.93    2.87
  2   -0.00   -0.05     0.04  0.006     6.24     2.75     0.02     1.03 10116    6.93    2.87
 -2    0.03    0.58    -2.06  0.006    -3.27     2.51    -0.99     1.03 20149   -3.26    2.23
  2   -0.05    0.09    -0.34  0.006    -3.27     2.51    -0.99     1.03 20149   -3.26    2.23
 -1    0.12    0.11    -0.05  0.010    -5.81     2.64    -0.33     1.03 20040   -6.43    2.26
  1    0.01   -0.04    -0.02  0.010    -5.81     2.64    -0.33     1.03 20040   -6.43    2.26
 -1   -0.03    0.20     2.57  0.010     4.34     2.59     1.01     1.03 10181    4.35    2.67
  1    0.00   -0.48     1.26  0.010     4.34     2.59     1.01     1.03 10181    4.35    2.67
 -1   -0.03    0.06    -0.08  0.010    -2.53     0.11    -0.86     1.03 20082   -2.02   -0.04
  2   -0.27    0.03    -0.43  0.006    -2.53     0.11    -0.86     1.03 20082   -2.02   -0.04
  1    0.34    0.01    -1.26  0.010    -2.56    -3.98    -1.02     1.03 20115   -2.57   -4.01
  1   -0.20    0.49    -4.20  0.010    -2.56    -3.98    -1.02     1.03 20115   -2.57   -4.01
  2   -0.00   -0.31    -2.93  0.006    -2.56    -3.98    -1.02     1.03 20115   -2.57   -4.01
 -2    0.18    0.01     0.29  0.006    -4.38    -1.12     0.75     1.04 20195   -5.00   -1.17
  1    0.06    0.01    -0.00  0.010    -4.38    -1.12     0.75     1.04 20195   -5.00   -1.17
 -1   -0.42    0.36     1.61  0.010     5.88     2.95     1.01     1.04 10150    6.00    2.82
  1   -0.03    0.12     2.19  0.010     5.88     2.95     1.01     1.04 10150    6.00    2.82
 -2   -0.03   -0.00    -0.07  0.006    -1.00    -2.83    -0.20     1.04 10003   -0.34   -3.16
  2   -0.09    0.06     0.04  0.006    -1.00    -2.83    -0.20     1.04 10003   -0.34   -3.16
 -1   -0.12    0.14     0.21  0.010     3.34     2.47     0.64     1.04 10152    3.79    1.98
  2   -0.01    0.00    -0.02  0.006     3.34     2.47     0.64     1.04 10152    3.79    1.98
 -2   -0.17   -0.01    -1.91  0.006     1.71    -5.26    -1.02     1.04 10120    1.62   -5.32
  1    0.50    0.22    -1.64  0.010     1.71    -5.26    -1.02     1.04 10120    1.62   -5.32
 -2    0.02   -0.24    -0.35  0.006    -2.88    -1.88    -0.84     1.04 20190   -2.80   -1.33
  2   -0.06   -0.05    -0.09  0.006    -2.88    -1.88    -0.84     1.04 20190   -2.80   -1.33
 -1   -0.05   -0.09    -0.08  0.010    -3.65    -2.23    -1.03     1.04 20103   -3.52   -2.26
  1   -0.65    0.24    -5.22  0.010    -3.65    -2.23    -1.03     1.04 20103   -3.52   -2.26
 -1   -0.21    0.09    -2.99  0.010     2.11     1.91    -1.02     1.05 20167    2.09    1.91
  1    0.27   -0.08    -0.42  0.010     2.11     1.91    -1.02     1.05 20167    2.09    1.91
 -2    0.05    0.01    -0.04  0.006     3.35     4.98    -0.69     1.05 10149    3.25    4.33
  1   -0.02    0.19    -0.18  0.010     3.35     4.98    -0.69     1.05 10149    3.25    4.33
 -1    0.30    0.13     0.59  0.010    -1.35    -0.74     1.02     1.05 10192   -1.45   -0.72
  1   -0.00   -0.22     2.63  0.010    -1.35    -0.74     1.02     1.05 10192   -1.45   -0.72
 -2   -0.03   -0.02    -0.00  0.006     1.58    -1.14    -0.69     1.06 20193    1.25   -0.57
  1    0.13   -0.15    -0.21  0.010     1.58    -1.14    -0.69     1.06 20193    1.25   -0.57
 -1   -0.11   -0.10    -0.05  0.010     0.26    -3.88    -0.45     1.06 20196    0.90   -3.59
  2   -0.03    0.04    -0.05  0.006     0.26    -3.88    -0.45     1.06 20196    0.90   -3.59
 -1    0.04   -0.06     0.01  0.010    -1.75     3.51    -0.27     1.06 20106   -1.50    4.17
  2   -0.09   -0.06    -0.06  0.006    -1.75     3.51    -0.27     1.06 20106   -1.50    4.17
 -2   -0.25   -0.22     1.26  0.006    -2.14    -3.44     1.02     1.08 10078   -2.09   -3.36
  2    0.18    0.10     0.40  0.006    -2.14    -3.44     1.02     1.08 10078   -2.09   -3.36
 -2    0.10   -0.04     0.20  0.006    -2.10     2.51     1.02     1.08 10165   -2.34    2.75
  1    0.29   -0.34     1.42  0.010    -2.10     2.51     1.02     1.08 10165   -2.34    2.75
 -1    0.04    0.00    -0.02  0.010    -1.17     0.66     0.00     1.08 20191   -0.86    1.28
  2   -0.09   -0.11     0.02  0.006    -1.17     0.66     0.00     1.08 20191   -0.86    1.28
 -2   -0.09   -0.00    -0.04  0.006    -2.43    -2.64    -0.39     1.08 20044   -1.99   -3.19
  1    0.00    0.11    -0.03  0.010    -2.43    -2.64    -0.39     1.08 20044   -1.99   -3.19
 -1   -0.03    0.05     0.19  0.010    -6.33    -0.32     0.82     1.09 10090   -5.87   -0.74
  2   -0.14    0.11     0.13  0.006    -6.33    -0.32     0.82     1.09 10090   -5.87   -0.74
 -2    0.01    0.01     0.04  0.006     5.55     3.86    -0.23     1.09 10036    4.85    3.64
  2    0.11    0.02    -0.08  0.006     5.55     3.86    -0.23     1.09 10036    4.85    3.64
 -2   -0.16    0.05     0.23  0.006     1.56    -2.62     1.04     1.09 10169    1.45   -2.68
  2    0.36    0.06     1.63  0.006     1.56    -2.62     1.04     1.09 10169    1.45   -2.68
 -1   -0.01    0.02    -0.05  0.010     0.13    -3.14     0.20     1.09 10011   -0.12   -3.82
  1    0.05    0.10     0.08  0.010     0.13    -3.14     0.20     1.09 10011   -0.12   -3.82
 -1   -0.13    0.01     0.20  0.010     2.14     5.13     0.70     1.09 10187    2.81    5.04
  2   -0.06    0.02    -0.01  0.006     2.14     5.13     0.70     1.09 10187    2.81    5.04
 -1   -0.32    0.10    -0.84  0.010    -3.52     3.18    -1.02     1.09 20052   -3.18    3.00
  2   -0.09    0.12    -0.39  0.006    -3.52     3.18    -1.02     1.09 20052   -3.18    3.00
 -1    0.14    0.12     0.38  0.010     2.19     4.94     1.02     1.10 10114    1.82    4.79
  1    0.28    0.05     0.78  0.010     2.19     4.94     1.02     1.10 10114    1.82    4.79
 -2    0.19    0.08     0.17  0.006    -0.25     1.34     0.87     1.10 20179   -0.81    1.11
  2    0.05    0.02     0.20  0.006    -0.25     1.34     0.87     1.10 20179   -0.81    1.11
 -2   -0.02    0.09     0.04  0.006     1.74    -3.65    -0.14     1.10 10086    2.09   -4.25
  1   -0.04    0.01    -0.07  0.010     1.74    -3.65    -0.14     1.10 10086    2.09   -4.25
 -1   -0.02    0.05     0.11  0.010    -0.36    -1.53     0.93     1.10 20004   -0.64   -1.98
  2    0.18    0.21     0.43  0.006    -0.36    -1.53     0.93     1.10 20004   -0.64   -1.98
 -2    0.03   -0.06    -0.05  0.006     2.37     4.37     0.10     1.10 10114    1.82    4.79
  1    0.06   -0.01     0.07  0.010     2.37     4.37     0.10     1.10 10114    1.82    4.79
 -2    0.01    0.08     0.24  0.006     6.72     1.41     0.88     1.11 10064    6.80    0.82
  1   -0.04    0.17     0.14  0.010     6.72     1.41     0.88     1.11 10064    6.80    0.82
 -2   -0.01   -0.02     0.05  0.006     2.74     5.69     0.77     1.11 10187    2.81    5.04
  1   -0.01    0.22     0.19  0.010     2.74     5.69     0.77     1.11 10187    2.81    5.04
 -1   -0.42   -0.18    -1.12  0.010     2.39     2.53    -1.03     1.11 20144    2.76    2.70
  2    0.01   -0.01    -0.05  0.006     2.39     2.53    -1.03     1.11 20144    2.76    2.70
 -1    0.21   -0.05    -0.35  0.010     2.63    -4.22    -0.94     1.12 10086    2.09   -4.25
  2    0.09    0.07    -0.17  0.006     2.63    -4.22    -0.94     1.12 10086    2.09   -4.25
 -2    0.02    0.01    -0.08  0.006     3.39    -3.24    -0.27     1.12 20101    2.75   -3.57
  2    0.09    0.04     0.03  0.006     3.39    -3.24    -0.27     1.12 20101    2.75   -3.57
 -1   -0.04    0.14     0.03  0.010     0.09     5.87     0.34     1.12 20099    0.36    5.23
  2   -0.01   -0.03     0.03  0.006     0.09     5.87     0.34     1.12 20099    0.36    5.23
 -1    0.03    0.03    -0.12  0.010    -1.01    -2.84    -1.02     1.12 20175   -1.44   -2.80
  1    0.38   -0.07    -0.84  0.010    -1.01    -2.84    -1.02     1.12 20175   -1.44   -2.80
 -1   -0.06   -0.09     0.09  0.010    -3.20     1.57     0.79     1.12 20149   -3.26    2.23
  2    0.08   -0.11     0.16  0.006    -3.20     1.57     0.79     1.12 20149   -3.26    2.23
 -2    0.44    0.17     1.49  0.006     0.42     2.92     1.09     1.13 10162    0.14    2.77
  1    0.09    0.10     0.57  0.010     0.42     2.92     1.09     1.13 10162    0.14    2.77
  1   -0.31   -0.04     0.85  0.010    -2.01    -2.13     1.12     1.14 10184   -2.00   -2.14
  2    0.38    0.05     2.69  0.006    -2.01    -2.13     1.12     1.14 10184   -2.00   -2.14
  1   -0.10    0.03     1.49  0.010    -2.01    -2.13     1.12     1.14 10184   -2.00   -2.14
  1    0.11    0.54     4.60  0.010    -0.85     5.21     1.13     1.14 10097   -0.91    5.17
  2    0.39   -0.17     4.99  0.006    -0.85     5.21     1.13     1.14 10097   -0.91    5.17
  2   -0.00   -0.04     0.00  0.006    -0.85     5.21     1.13     1.14 10097   -0.91    5.17
 -2    0.06    0.09    -0.02  0.006    -5.65    -3.59     0.38     1.14 20046   -5.94   -4.22
  1   -0.01    0.02     0.08  0.010    -5.65    -3.59     0.38     1.14 20046   -5.94   -4.22
 -2    0.22    0.33    -0.90  0.006     4.40    -1.55    -1.07     1.15 20056    4.16   -1.88
  1    0.05    0.02    -0.25  0.010     4.40    -1.55    -1.07     1.15 20056    4.16   -1.88
 -2   -0.01    0.00     0.01  0.006     1.44    -2.25    -0.86     1.15 10105    1.20   -2.85
  1    0.09    0.20    -0.31  0.010     1.44    -2.25    -0.86     1.15 10105    1.20   -2.85
 -1    0.20    0.24    -0.80  0.010    -1.38    -3.05    -1.09     1.15 20062   -1.40   -3.28
  1   -0.19    0.07    -0.68  0.010    -1.38    -3.05    -1.09     1.15 20062   -1.40   -3.28
 -2    0.34    0.27    -1.12  0.006    -5.15     2.33    -1.08     1.15 20084   -5.43    2.06
  2    0.01    0.05    -0.22  0.006    -5.15     2.33    -1.08     1.15 20084   -5.43    2.06
 -1    0.12   -0.02    -0.08  0.010     0.06     0.14    -1.10     1.16 10056    0.09   -0.00
  2   -0.18    0.25    -1.71  0.006     0.06     0.14    -1.10     1.16 10056    0.09   -0.00
 -1   -0.04    0.02    -0.04  0.010    -2.19     3.91     0.47     1.16 10142   -1.62    3.50
  2   -0.06    0.05     0.12  0.006    -2.19     3.91     0.47     1.16 10142   -1.62    3.50
 -2    0.00   -0.13    -0.37  0.006    -0.39     1.48    -1.07     1.16 20183   -0.20    1.85
  1   -0.19   -0.25    -0.71  0.010    -0.39     1.48    -1.07     1.16 20183   -0.20    1.85
 -2    0.09   -0.21    -3.06  0.006     3.39    -0.28    -1.13     1.16 20155    3.38   -0.27
  1   -0.08    0.18    -0.21  0.010     3.39    -0.28    -1.13     1.16 20155    3.38   -0.27
 -1    0.08   -0.00    -0.27  0.010     0.13     2.31    -1.01     1.16 10004   -0.35    2.11
  2    0.21    0.13    -0.34  0.006     0.13     2.31    -1.01     1.16 10004   -0.35    2.11
 -2    0.16    0.18    -0.34  0.006     0.95    -3.60    -1.13     1.16 20196    0.90   -3.59
  1   -0.01   -0.22    -2.72  0.010     0.95    -3.60    -1.13     1.16 20196    0.90   -3.59
 -1    0.08   -0.13     0.52  0.010     1.11    -0.43     1.08     1.16 10076    0.79   -0.16
  2    0.25   -0.14     0.59  0.006     1.11    -0.43     1.08     1.16 10076    0.79   -0.16
 -2    0.00   -0.14    -0.05  0.006     0.35     4.55    -0.29     1.16 20099    0.36    5.23
  1   -0.01    0.03     0.01  0.010     0.35     4.55    -0.29     1.16 20099    0.36    5.23
  1   -0.31   -0.41    -2.62  0.010    -6.62    -0.58    -1.16     1.17 20126   -6.60   -0.51
  1    0.22    0.19    -1.79  0.010    -6.62    -0.58    -1.16     1.17 20126   -6.60   -0.51
  1   -0.06   -0.32    -4.72  0.010    -6.62    -0.58    -1.16     1.17 20126   -6.60   -0.51
 -2   -0.17   -0.09     0.59  0.006     1.91     4.67     1.15     1.17 10114    1.82    4.79
  2    0.54   -0.35     3.76  0.006     1.91     4.67     1.15     1.17 10114    1.82    4.79
 -2   -0.14    0.08    -0.57  0.006    -1.91    -0.30    -1.08     1.17 20090   -1.54   -0.53
  1   -0.20    0.14    -0.43  0.010    -1.91    -0.30    -1.08     1.17 20090   -1.54   -0.53
  1   -0.15   -0.55    -3.12  0.010     1.30     1.67    -1.17     1.17 20154    1.30    1.76
  2   -0.20   -0.04    -3.95  0.006     1.30     1.67    -1.17     1.17 20154    1.30    1.76
  3    0.38   -0.27    -4.65  0.199     1.30     1.67    -1.17     1.17 20154    1.30    1.76
 -2    0.04    0.01     0.02  0.006    -0.00    -2.29    -1.13     1.18 20184    0.02   -2.43
  1   -0.08    0.26    -2.24  0.010    -0.00    -2.29    -1.13     1.18 20184    0.02   -2.43
  1   -0.07   -0.37     4.37  0.010     2.78     4.98     1.16     1.18 10187    2.81    5.04
  2   -0.07    0.27     0.84  0.006     2.78     4.98     1.16     1.18 10187    2.81    5.04
  1    0.01   -0.16     0.49  0.010     2.78     4.98     1.16     1.18 10187    2.81    5.04
 -2   -0.04   -0.15    -0.30  0.006     4.08     0.19    -0.90     1.19 20023    4.19    0.82
  1    0.00   -0.06    -0.00  0.010     4.08     0.19    -0.90     1.19 20023    4.19    0.82
 -2   -0.32   -0.16    -2.25  0.006    -5.65     2.06    -1.16     1.19 20084   -5.43    2.06
  1   -0.34    0.15    -1.22  0.010    -5.65     2.06    -1.16     1.19 20084   -5.43    2.06
 -1    0.12    0.19     0.44  0.010     3.93    -1.72     1.05     1.19 10012    3.54   -2.05
  1    0.13    0.03     0.25  0.010     3.93    -1.72     1.05     1.19 10012    3.54   -2.05
 -1   -0.04   -0.04     0.08  0.010    -0.25     2.73     0.70     1.19 20064   -0.57    3.36
  2    0.10   -0.09     0.06  0.006    -0.25     2.73     0.70     1.19 20064   -0.57    3.36
 -1    0.00   -0.02     0.06  0.010    -4.93     2.16     0.38     1.20 10159   -4.22    2.07
  1   -0.11    0.04    -0.00  0.010    -4.93     2.16     0.38     1.20 10159   -4.22    2.07
 -2    0.05   -0.01    -0.14  0.006    -1.61     4.05    -1.12     1.20 10050   -1.84    4.38
  2    0.20   -0.37    -1.13  0.006    -1.61     4.05    -1.12     1.20 10050   -1.84    4.38
 -1    0.09   -0.22    -0.38  0.010     3.41    -3.91    -0.96     1.20 10022    3.20   -3.33
  2   -0.01   -0.01     0.01  0.006     3.41    -3.91    -0.96     1.20 10022    3.20   -3.33
 -1   -0.02   -0.05    -0.04  0.010    -4.04     0.16    -0.07     1.20 10144   -3.36    0.10
  1   -0.07    0.06     0.03  0.010    -4.04     0.16    -0.07     1.20 10144   -3.36    0.10
 -1    0.08   -0.23    -0.71  0.010    -1.90    -0.53    -1.10     1.20 20014   -2.10   -0.11
  2    0.07   -0.11    -0.17  0.006    -1.90    -0.53    -1.10     1.20 20014   -2.10   -0.11
 -1    0.02    0.05     0.00  0.010    -4.44     5.81     0.65     1.21 20125   -3.91    5.35
  2   -0.12    0.04     0.13  0.006    -4.44     5.81     0.65     1.21 20125   -3.91    5.35
 -2    0.04    0.30    -1.23  0.006     1.88     5.13    -1.16     1.21 20113    1.88    4.80
  1   -0.04    0.25    -0.69  0.010     1.88     5.13    -1.16     1.21 20113    1.88    4.80
  1    0.13   -0.46    -3.82  0.010    -7.22     3.34    -1.19     1.21 20043   -7.21    3.41
  2   -0.01    0.17    -1.86  0.006    -7.22     3.34    -1.19     1.21 20043   -7.21    3.41
  1   -0.19   -0.06    -0.44  0.010    -7.22     3.34    -1.19     1.21 20043   -7.21    3.41
  2   -0.44   -0.01    -1.83  0.006    -2.72    -1.17    -1.20     1.22 20117   -2.66   -1.21
  2    0.24    0.06    -3.39  0.006    -2.72    -1.17    -1.20     1.22 20117   -2.66   -1.21
  1   -0.10    0.18    -1.00  0.010    -2.72    -1.17    -1.20     1.22 20117   -2.66   -1.21
 -1   -0.09   -0.29    -0.60  0.010    -3.64     0.88    -1.08     1.22 20050   -3.43    1.35
  2   -0.04   -0.00    -0.06  0.006    -3.64     0.88    -1.08     1.22 20050   -3.43    1.35
  1   -0.20    0.20     2.45  0.010    -0.20    -5.13     1.21     1.22 10080   -0.20   -5.14
  1    0.36   -0.30     1.94  0.010    -0.20    -5.13     1.21     1.22 10080   -0.20   -5.14
  1   -0.15    0.22     3.64  0.010    -0.20    -5.13     1.21     1.22 10080   -0.20   -5.14
 -1   -0.01   -0.01     0.04  0.010    -4.75     1.15     0.86     1.23 20021   -5.02    0.50
  1    0.08    0.18     0.18  0.010    -4.75     1.15     0.86     1.23 20021   -5.02    0.50
 -2   -0.03   -0.07     0.02  0.006     4.23    -7.02     0.94     1.24 10129    4.24   -6.36
  1    0.03   -0.13     0.26  0.010     4.23    -7.02     0.94     1.24 10129    4.24   -6.36
 -1    0.33   -0.02    -1.16  0.010    -4.18     1.94    -1.21     1.24 20181   -4.20    1.84
  2   -0.25    0.35    -2.66  0.006    -4.18     1.94    -1.21     1.24 20181   -4.20    1.84
 -3    0.24   -0.48    -2.59  0.199    -2.46    -2.16    -1.21     1.24 20188   -2.49   -1.97
  2   -0.14   -0.03    -0.59  0.006    -2.46    -2.16    -1.21     1.24 20188   -2.49   -1.97
 -2   -0.00    0.03    -0.02  0.006     0.06     3.03     0.29     1.24 10166   -0.19    3.66
  2    0.03   -0.11     0.06  0.006     0.06     3.03     0.29     1.24 10166   -0.19    3.66
 -3   -0.30   -0.04    -1.16  0.199    -3.95    -3.74    -1.22     1.24 20002   -3.97   -3.74
  2    0.38    0.04    -2.94  0.006    -3.95    -3.74    -1.22     1.24 20002   -3.97   -3.74
 -1   -0.21   -0.16     0.55  0.010     0.60     2.37     1.23     1.25 10136    0.78    2.38
  1   -0.32    0.14     3.09  0.010     0.60     2.37     1.23     1.25 10136    0.78    2.38
 -1    0.24    0.23     2.50  0.010     3.40    -1.01     1.25     1.26 10155    3.25   -1.13
  1    0.57    0.39     4.19  0.010     3.40    -1.01     1.25     1.26 10155    3.25   -1.13
 -2    0.27    0.10     1.13  0.006     4.81     3.67     1.23     1.27 10036    4.85    3.64
  1   -0.37   -0.04     1.57  0.010     4.81     3.67     1.23     1.27 10036    4.85    3.64
 -2    0.06   -0.03    -0.16  0.006     1.44    -4.04    -0.78     1.27 20196    0.90   -3.59
  1    0.04   -0.06     0.01  0.010     1.44    -4.04    -0.78     1.27 20196    0.90   -3.59
 -2   -0.33   -0.21     4.66  0.006     3.43     0.85     1.26     1.28 10066    3.49    0.91
  2    0.09   -0.05     0.05  0.006     3.43     0.85     1.26     1.28 10066    3.49    0.91
 -2    0.05    0.03    -0.03  0.006     0.75     4.02    -1.13     1.29 20178    0.21    3.89
  2    0.23    0.04    -0.55  0.006     0.75     4.02    -1.13     1.29 20178    0.21    3.89
  1    0.20   -0.23    -0.94  0.010    -0.55     3.30    -1.27     1.29 20064   -0.57    3.36
  2    0.06    0.24    -2.22  0.006    -0.55     3.30    -1.27     1.29 20064   -0.57    3.36
  1   -0.12   -0.27    -3.13  0.010    -0.55     3.30    -1.27     1.29 20064   -0.57    3.36
 -2   -0.03    0.01    -0.01  0.006    -3.10    -1.75     0.90     1.29 20117   -2.66   -1.21
  1   -0.07   -0.14     0.21  0.010    -3.10    -1.75     0.90     1.29 20117   -2.66   -1.21
 -1   -0.03    0.00     0.02  0.010     2.72    -3.18     1.13     1.29 10006    2.95   -2.67
  2   -0.09   -0.26     0.55  0.006     2.72    -3.18     1.13     1.29 10006    2.95   -2.67
 -1   -0.20    0.02    -0.23  0.010    -3.75    -0.04    -1.07     1.30 20077   -3.13    0.03
  2   -0.03   -0.04    -0.16  0.006    -3.75    -0.04    -1.07     1.30 20077   -3.13    0.03
 -1   -0.00    0.00     0.02  0.010    -1.33     3.19    -0.92     1.30 10191   -0.64    3.28
  2   -0.16   -0.02    -0.23  0.006    -1.33     3.19    -0.92     1.30 10191   -0.64    3.28
 -1   -0.29    0.10    -0.85  0.010    -4.19     1.93    -1.30     1.31 20181   -4.20    1.84
  2    0.32    0.33    -5.26  0.006    -4.19     1.93    -1.30     1.31 20181   -4.20    1.84
  1   -0.23    0.20     4.12  0.010    -0.36    -3.16     1.30     1.32 10003   -0.34   -3.16
  2    0.29   -0.18     1.32  0.006    -0.36    -3.16     1.30     1.32 10003   -0.34   -3.16
  1   -0.13   -0.01     0.41  0.010    -0.36    -3.16     1.30     1.32 10003   -0.34   -3.16
 -3   -0.02    0.19     1.38  0.199    -3.52     0.15     1.27     1.32 10144   -3.36    0.10
  2   -0.26   -0.09     0.75  0.006    -3.52     0.15     1.27     1.32 10144   -3.36    0.10
 -2    0.02    0.02    -0.08  0.006     1.97     4.64    -0.53     1.32 20031    1.51    5.06
  1    0.04   -0.08     0.01  0.010     1.97     4.64    -0.53     1.32 20031    1.51    5.06
 -2    0.25   -0.03    -0.55  0.006     3.05     2.24    -1.28     1.33 10029    3.05    2.22
  1   -0.26    0.05    -1.70  0.010     3.05     2.24    -1.28     1.33 10029    3.05    2.22
 -1    0.07    0.12     0.09  0.010     2.01    -4.76     0.69     1.33 10120    1.62   -5.32
  2   -0.01   -0.04     0.02  0.006     2.01    -4.76     0.69     1.33 10120    1.62   -5.32
 -3   -0.07   -0.09     1.21  0.199    -5.80     2.33     1.27     1.33 10107   -5.87    2.26
  1    0.15    0.18     0.50  0.010    -5.80     2.33     1.27     1.33 10107   -5.87    2.26
 -1    0.08    0.10    -0.08  0.010     1.11     3.21    -1.05     1.33 20096    0.82    2.60
  1    0.01    0.08    -0.23  0.010     1.11     3.21    -1.05     1.33 20096    0.82    2.60
 -2    0.29   -0.33    -1.35  0.006     5.77     4.39    -1.31     1.34 10113    5.70    4.53
  2   -0.13    0.00    -1.53  0.006     5.77     4.39    -1.31     1.34 10113    5.70    4.53
 -1   -0.02    0.03     0.05  0.010     1.89    -2.42     1.29     1.34 10182    2.12   -2.70
  2   -0.31    0.36     1.79  0.006     1.89    -2.42     1.29     1.34 10182    2.12   -2.70
 -1   -0.08   -0.01     0.16  0.010    -0.30     1.30     0.81     1.35 10134    0.39    1.54
  1   -0.03   -0.03    -0.02  0.010    -0.30     1.30     0.81     1.35 10134    0.39    1.54
  1    0.24    0.04    -6.89  0.010    -2.78     3.73    -1.34     1.35 20104   -2.81    3.70
  1   -0.25   -0.17    -1.45  0.010    -2.78     3.73    -1.34     1.35 20104   -2.81    3.70
  1    0.33    0.38    -3.48  0.010    -2.78     3.73    -1.34     1.35 20104   -2.81    3.70
 -3   -0.04    0.02     0.25  0.199    -2.44     6.41     1.32     1.37 10010   -2.45    6.39
  2    0.06    0.01     1.38  0.006    -2.44     6.41     1.32     1.37 10010   -2.45    6.39
 -1   -0.00    0.18     0.27  0.010     0.53     2.22     1.09     1.38 10134    0.39    1.54
  1    0.04    0.00     0.03  0.010     0.53     2.22     1.09     1.38 10134    0.39    1.54
 -2   -0.14    0.05     0.70  0.006     2.49     5.26     1.32     1.38 10187    2.81    5.04
  2   -0.25    0.22     0.95  0.006     2.49     5.26     1.32     1.38 10187    2.81    5.04
  1    0.35    0.34     6.41  0.010     4.66    -3.77     1.38     1.39 10163    4.63   -3.87
  2    0.03   -0.04     0.04  0.006     4.66    -3.77     1.38     1.39 10163    4.63   -3.87
  1   -0.18    0.38     3.28  0.010     4.66    -3.77     1.38     1.39 10163    4.63   -3.87
 -2   -0.01   -0.05    -0.07  0.006     0.71     2.98    -0.50     1.40 10156    1.21    2.92
  1   -0.05    0.06     0.01  0.010     0.71     2.98    -0.50     1.40 10156    1.21    2.92
 -2    0.01   -0.08     0.23  0.006     2.19     1.83     1.37     1.40 10089    2.18    2.12
  1    0.01   -0.56     2.83  0.010     2.19     1.83     1.37     1.40 10089    2.18    2.12
 -2   -0.05   -0.08    -0.09  0.006    -2.82    -1.99    -1.09     1.40     1   -2.97   -1.32
  1    0.09   -0.09    -0.18  0.010    -2.82    -1.99    -1.09     1.40     1   -2.97   -1.32
 -2    0.21    0.05     0.77  0.006     0.36    -4.10     1.32     1.41 10024   -0.06   -4.28
  1    0.13    0.10     0.30  0.010     0.36    -4.10     1.32     1.41 10024   -0.06   -4.28
 -1    0.07   -0.01     0.01  0.010    -3.31     1.01     0.37     1.41 20050   -3.43    1.35
  2   -0.06   -0.02     0.03  0.006    -3.31     1.01     0.37     1.41 20050   -3.43    1.35
 -2    0.04   -0.02    -0.03  0.006    -0.89     0.64    -1.19     1.41 20191   -0.86    1.28
  1   -0.05   -0.20    -0.39  0.010    -0.89     0.64    -1.19     1.41 20191   -0.86    1.28
 -1   -0.07   -0.02     0.02  0.010     1.29     4.73    -0.60     1.42 10114    1.82    4.79
  2    0.01    0.01    -0.09  0.006     1.29     4.73    -0.60     1.42 10114    1.82    4.79
 -1    0.06    0.08     0.08  0.010     1.43     0.37     1.38     1.42 10028    1.48    0.20
  3   -0.15    0.23     2.38  0.199     1.43     0.37     1.38     1.42 10028    1.48    0.20
 -3    0.02    0.14    -1.24  0.199    -1.47     4.09    -1.37     1.42 20106   -1.50    4.17
  1    0.02   -0.23    -0.56  0.010    -1.47     4.09    -1.37     1.42 20106   -1.50    4.17
  1    0.31    0.19     5.99  0.010     4.56     3.58     1.42     1.43 10158    4.49    3.58
  1    0.08   -0.29     1.04  0.010     4.56     3.58     1.42     1.43 10158    4.49    3.58
  2   -0.03    0.09     0.28  0.006     4.56     3.58     1.42     1.43 10158    4.49    3.58
  1   -0.29    0.09    -3.49  0.010    -6.58    -0.97    -1.42     1.43 20065   -6.62   -1.05
  2    0.48    0.20    -3.99  0.006    -6.58    -0.97    -1.42     1.43 20065   -6.62   -1.05
  2    0.10    0.22    -1.33  0.006    -6.58    -0.97    -1.42     1.43 20065   -6.62   -1.05
 -2   -0.09   -0.00    -0.06  0.006     2.44     1.05    -0.68     1.44 20164    2.82    1.46
  1    0.04   -0.05    -0.02  0.010     2.44     1.05    -0.68     1.44 20164    2.82    1.46
 -1    0.23    0.00     0.41  0.010     1.84     1.09     1.24     1.44 20169    1.23    1.18
  2   -0.00   -0.04     0.06  0.006     1.84     1.09     1.24     1.44 20169    1.23    1.18
 -2    0.05   -0.01    -0.02  0.006     6.62     3.18    -0.55     1.44 10116    6.93    2.87
  1   -0.08    0.05    -0.04  0.010     6.62     3.18    -0.55     1.44 10116    6.93    2.87
 -2   -0.01    0.04     0.03  0.006     2.82    -0.31    -0.39     1.44 10008    2.57   -0.33
  1    0.04   -0.04    -0.07  0.010     2.82    -0.31    -0.39     1.44 10008    2.57   -0.33
 -2   -0.19   -0.18    -4.37  0.006    -1.74     0.57    -1.45     1.47 20047   -1.80    0.67
  2    0.43   -0.30    -2.24  0.006    -1.74     0.57    -1.45     1.47 20047   -1.80    0.67
 -1    0.01   -0.01    -0.02  0.010     0.78     0.06    -1.42     1.47 20075    0.43   -0.01
  1    0.50    0.11    -2.10  0.010     0.78     0.06    -1.42     1.47 20075    0.43   -0.01
 -2    0.02   -0.01     0.04  0.006    -1.58     5.01     1.19     1.48 10097   -0.91    5.17
  1   -0.19   -0.03     0.26  0.010    -1.58     5.01     1.19     1.48 10097   -0.91    5.17
 -2    0.04    0.06    -0.16  0.006     0.92    -4.97    -1.00     1.48 10079    0.28   -5.32
  2    0.06   -0.01    -0.00  0.006     0.92    -4.97    -1.00     1.48 10079    0.28   -5.32
 -3   -0.13   -0.24    -1.26  0.199    -1.62    -0.50    -1.47     1.48 20090   -1.54   -0.53
  2   -0.28    0.44    -6.28  0.006    -1.62    -0.50    -1.47     1.48 20090   -1.54   -0.53
 -2   -0.02    0.19     5.92  0.006     0.71    -0.78     1.48     1.50 10127    0.78   -0.78
  1   -0.26   -0.20     0.80  0.010     0.71    -0.78     1.48     1.50 10127    0.78   -0.78
 -1    0.20   -0.27    -1.27  0.010    -2.50    -1.94    -1.48     1.50 20188   -2.49   -1.97
  3   -0.23    0.39    -5.24  0.199    -2.50    -1.94    -1.48     1.50 20188   -2.49   -1.97
 -1   -0.38    0.18    -2.39  0.010     0.55    -0.94    -1.49     1.51 20131    0.58   -0.91
  1    0.25   -0.29    -2.44  0.010     0.55    -0.94    -1.49     1.51 20131    0.58   -0.91
 -2    0.26   -0.01     0.56  0.006     1.99    -2.81     1.37     1.51 10169    1.45   -2.68
  2    0.02   -0.06     0.14  0.006     1.99    -2.81     1.37     1.51 10169    1.45   -2.68
 -2   -0.06    0.04    -0.01  0.006    -2.17     3.41    -0.47     1.51 20180   -1.91    3.42
  2    0.04   -0.04    -0.04  0.006    -2.17     3.41    -0.47     1.51 20180   -1.91    3.42
 -2    0.05    0.02    -0.02  0.006    -0.70    -5.90    -0.63     1.52 20094   -0.39   -5.58
  2   -0.08   -0.05    -0.05  0.006    -0.70    -5.90    -0.63     1.52 20094   -0.39   -5.58
  1    0.13   -0.08    -4.77  0.010    -2.36     0.91    -1.52     1.53 20079   -2.31    1.00
  2   -0.54   -0.42    -4.48  0.006    -2.36     0.91    -1.52     1.53 20079   -2.31    1.00
  2    0.06   -0.21    -2.37  0.006    -2.36     0.91    -1.52     1.53 20079   -2.31    1.00
 -2   -0.23   -0.10    -0.79  0.006    -2.13    -1.55    -1.43     1.53     2   -1.72   -1.26
  1   -0.04   -0.09    -0.19  0.010    -2.13    -1.55    -1.43     1.53     2   -1.72   -1.26
 -1   -0.10   -0.12     0.31  0.010     6.42     0.25     1.25     1.54 10064    6.80    0.82
  2    0.01   -0.01    -0.01  0.006     6.42     0.25     1.25     1.54 10064    6.80    0.82
 -1   -0.09   -0.01    -0.23  0.010     1.40    -4.13    -1.18     1.54 10086    2.09   -4.25
  2   -0.05    0.03    -0.01  0.006     1.40    -4.13    -1.18     1.54 10086    2.09   -4.25
 -1    0.35   -0.18    -1.26  0.010    -1.89    -5.13    -1.47     1.55 10043   -2.26   -4.90
  2   -0.01   -0.03    -0.10  0.006    -1.89    -5.13    -1.47     1.55 10043   -2.26   -4.90
 -1    0.34    0.01    -0.85  0.010     1.23    -4.67    -1.45     1.55 20086    0.73   -4.71
  1   -0.00    0.01    -0.10  0.010     1.23    -4.67    -1.45     1.55 20086    0.73   -4.71
 -1    0.05    0.02     0.03  0.010    -0.43     0.96    -0.76     1.55 20032   -0.81    0.88
  2   -0.01   -0.01    -0.11  0.006    -0.43     0.96    -0.76     1.55 20032   -0.81    0.88
 -2    0.22   -0.11     0.52  0.006    -2.09     2.57     1.54     1.56 10055   -2.16    2.52
  2    0.02    0.29     4.49  0.006    -2.09     2.57     1.54     1.56 10055   -2.16    2.52
 -2   -0.24   -0.18    -1.23  0.006    -4.96    -4.52    -1.52     1.56 20160   -4.93   -4.50
  2    0.19    0.16    -1.12  0.006    -4.96    -4.52    -1.52     1.56 20160   -4.93   -4.50
 -1   -0.22    0.11     1.10  0.010     1.74     3.52     1.53     1.57 10161    1.75    3.60
  1    0.20   -0.25     1.39  0.010     1.74     3.52     1.53     1.57 10161    1.75    3.60
 -2    0.13   -0.06    -4.81  0.006     1.86     4.74    -1.56     1.58 10114    1.82    4.79
  1    0.02   -0.08    -0.02  0.010     1.86     4.74    -1.56     1.58 10114    1.82    4.79
  1    0.32   -0.23     3.52  0.010     4.18     2.78     1.58     1.59 10103    4.10    2.73
  2    0.34    0.35     4.73  0.006     4.18     2.78     1.58     1.59 10103    4.10    2.73
  1   -0.15    0.15     1.50  0.010     4.18     2.78     1.58     1.59 10103    4.10    2.73
 -2    0.07    0.19     0.90  0.006     0.54     2.76     1.53     1.61 20159    0.39    2.33
  1    0.05    0.17     0.36  0.010     0.54     2.76     1.53     1.61 20159    0.39    2.33
 -2   -0.01   -0.04    -0.02  0.006    -1.83    -0.68    -1.43     1.61 20014   -2.10   -0.11
  1    0.11   -0.16    -0.49  0.010    -1.83    -0.68    -1.43     1.61 20014   -2.10   -0.11
 -1   -0.02   -0.06    -0.06  0.010     4.14     1.65    -0.84     1.62 10174    4.38    1.47
  2   -0.00    0.08    -0.03  0.006     4.14     1.65    -0.84     1.62 10174    4.38    1.47
 -1    0.08    0.13    -0.14  0.010     2.21     5.42    -1.26     1.62 20113    1.88    4.80
  2   -0.01   -0.01    -0.10  0.006     2.21     5.42    -1.26     1.62 20113    1.88    4.80
 -2    0.00   -0.04     0.08  0.006     2.77     2.50     1.12     1.62 10089    2.18    2.12
  2    0.08    0.09     0.09  0.006     2.77     2.50     1.12     1.62 10089    2.18    2.12
 -1    0.39    0.25     1.82  0.010     5.36    -0.86     1.59     1.64 10015    5.03   -1.04
  2    0.02   -0.02     0.16  0.006     5.36    -0.86     1.59     1.64 10015    5.03   -1.04
 -1    0.18   -0.26    -2.06  0.010    -6.26     2.02    -1.62     1.65 20040   -6.43    2.26
  1    0.18   -0.25    -1.30  0.010    -6.26     2.02    -1.62     1.65 20040   -6.43    2.26
 -1   -0.58   -0.16     3.73  0.010     1.21     0.39     1.63     1.65 10137    1.31    0.39
  1    0.20    0.15     2.52  0.010     1.21     0.39     1.63     1.65 10137    1.31    0.39
 -1   -0.03   -0.04    -0.05  0.010    -0.36     2.66    -1.03     1.66 10030   -0.85    2.54
  2    0.08    0.06    -0.07  0.006    -0.36     2.66    -1.03     1.66 10030   -0.85    2.54
 -1    0.10    0.04     0.20  0.010     0.74    -4.79     1.27     1.66 10079    0.28   -5.32
  2   -0.02    0.05     0.02  0.006     0.74    -4.79     1.27     1.66 10079    0.28   -5.32
 -2    0.09   -0.01    -0.04  0.006    -1.31     3.44    -0.93     1.66 10142   -1.62    3.50
  1   -0.05   -0.00    -0.05  0.010    -1.31     3.44    -0.93     1.66 10142   -1.62    3.50
 -2   -0.06    0.29     2.45  0.006     0.69    -0.07     1.63     1.67 10076    0.79   -0.16
  1   -0.10   -0.14     0.35  0.010     0.69    -0.07     1.63     1.67 10076    0.79   -0.16
  1    0.28    0.03     1.09  0.010     3.22     2.47     1.66     1.67 10186    3.13    2.47
  2   -0.04    0.22     4.28  0.006     3.22     2.47     1.66     1.67 10186    3.13    2.47
  1    0.28   -0.26     4.38  0.010     3.22     2.47     1.66     1.67 10186    3.13    2.47
 -2   -0.36    0.18    -6.30  0.006    -4.30     3.45    -1.66     1.67 20080   -4.25    3.48
  1    0.14   -0.33    -1.33  0.010    -4.30     3.45    -1.66     1.67 20080   -4.25    3.48
 -2   -0.17    0.06     1.05  0.006     0.33     0.91     1.63     1.67 10151    0.71    0.80
  1   -0.28    0.07     0.92  0.010     0.33     0.91     1.63     1.67 10151    0.71    0.80
 -1   -0.03   -0.00     0.13  0.010    -1.62     6.45     0.96     1.68 10048   -1.33    6.37
  2    0.00    0.01    -0.03  0.006    -1.62     6.45     0.96     1.68 10048   -1.33    6.37
 -1    0.00   -0.01     0.02  0.010     1.62    -1.59     1.61     1.69 10016    1.15   -1.63
  2    0.36    0.05     1.24  0.006     1.62    -1.59     1.61     1.69 10016    1.15   -1.63
 -1    0.08   -0.23     0.90  0.010    -0.90     5.24     1.66     1.69 10097   -0.91    5.17
  1   -0.06    0.39     2.87  0.010    -0.90     5.24     1.66     1.69 10097   -0.91    5.17
 -1    0.08    0.08     0.16  0.010     2.01     0.48     1.40     1.69 10137    1.31    0.39
  2    0.08   -0.06     0.14  0.006     2.01     0.48     1.40     1.69 10137    1.31    0.39
 -2    0.03    0.02    -0.12  0.006    -3.37    -1.39    -0.93     1.70 10112   -3.52   -1.66
  2   -0.01    0.01     0.03  0.006    -3.37    -1.39    -0.93     1.70 10112   -3.52   -1.66
  1   -0.02   -0.10     0.27  0.010     1.97    -1.89     1.69     1.71 10075    1.91   -1.91
  2    0.46    0.31     6.60  0.006     1.97    -1.89     1.69     1.71 10075    1.91   -1.91
  2   -0.19   -0.09     1.36  0.006     1.97    -1.89     1.69     1.71 10075    1.91   -1.91
 -2    0.16   -0.41    -2.71  0.006    -3.18    -0.05    -1.70     1.71 20077   -3.13    0.03
  1   -0.37    0.13    -3.36  0.010    -3.18    -0.05    -1.70     1.71 20077   -3.13    0.03
  1    0.18    0.02    -4.22  0.010    -4.66     0.98    -1.70     1.71 20088   -4.64    1.07
  1   -0.39   -0.55    -4.80  0.010    -4.66     0.98    -1.70     1.71 20088   -4.64    1.07
  2    0.08    0.06    -0.72  0.006    -4.66     0.98    -1.70     1.71 20088   -4.64    1.07
 -2   -0.02   -0.06     0.26  0.006     2.81     4.32     1.57     1.72 10196    2.52    4.86
  1    0.13   -0.15     0.35  0.010     2.81     4.32     1.57     1.72 10196    2.52    4.86
 -2    0.06    0.06     0.13  0.006    -3.57     2.04     1.41     1.72 20050   -3.43    1.35
  1   -0.08    0.08     0.15  0.010    -3.57     2.04     1.41     1.72 20050   -3.43    1.35
 -2    0.02    0.00     0.10  0.006    -2.13     2.87     1.69     1.73 10055   -2.16    2.52
  1    0.03    0.51     2.33  0.010    -2.13     2.87     1.69     1.73 10055   -2.16    2.52
 -1    0.18    0.10    -0.40  0.010    -1.20    -1.06    -1.61     1.73     2   -1.72   -1.26
  2    0.08   -0.00    -0.40  0.006    -1.20    -1.06    -1.61     1.73     2   -1.72   -1.26
 -1    0.03    0.00     0.00  0.010     2.00     6.39    -1.33     1.75 10145    2.11    5.69
  1   -0.05    0.10    -0.20  0.010     2.00     6.39    -1.33     1.75 10145    2.11    5.69
 -2   -0.01   -0.13     0.12  0.006     1.39     0.83     1.49     1.76 20124    1.32    1.55
  2    0.03   -0.03     0.21  0.006     1.39     0.83     1.49     1.76 20124    1.32    1.55
 -2   -0.26   -0.15     0.73  0.006     3.59    -3.67     1.66     1.76 20134    4.07   -3.42
  1   -0.01    0.01     0.17  0.010     3.59    -3.67     1.66     1.76 20134    4.07   -3.42
 -2   -0.04   -0.04    -0.13  0.006    -0.46    -6.01    -1.10     1.77 20094   -0.39   -5.58
  2    0.03   -0.00     0.02  0.006    -0.46    -6.01    -1.10     1.77 20094   -0.39   -5.58
 -2    0.23   -0.09    -2.03  0.006    -0.21    -0.49    -1.80     1.82 20189   -0.18   -0.33
  2   -0.31   -0.38    -3.02  0.006    -0.21    -0.49    -1.80     1.82 20189   -0.18   -0.33
 -2   -0.13    0.37    -1.41  0.006    -6.01    -0.30    -1.76     1.82 10090   -5.87   -0.74
  1    0.01   -0.01    -0.06  0.010    -6.01    -0.30    -1.76     1.82 10090   -5.87   -0.74
 -1   -0.21   -0.12     0.65  0.010     0.65    -4.52     1.69     1.83 20076    1.17   -4.18
  2    0.01   -0.01     0.00  0.006     0.65    -4.52     1.69     1.83 20076    1.17   -4.18
 -1   -0.08   -0.05     0.13  0.010     6.86     1.08     1.60     1.84 10100    7.08    1.76
  1    0.03   -0.11     0.25  0.010     6.86     1.08     1.60     1.84 10100    7.08    1.76
 -1    0.07    0.09    -0.09  0.010     2.91     0.29    -1.54     1.84 10008    2.57   -0.33
  2   -0.01    0.03    -0.21  0.006     2.91     0.29    -1.54     1.84 10008    2.57   -0.33
 -1   -0.02    0.32     3.92  0.010     1.72     3.61     1.83     1.85 10161    1.75    3.60
  2   -0.06   -0.31     1.18  0.006     1.72     3.61     1.83     1.85 10161    1.75    3.60
 -2   -0.30    0.03    -1.56  0.006     1.65    -2.08    -1.84     1.85 20166    1.62   -2.16
  1    0.41    0.24    -4.78  0.010     1.65    -2.08    -1.84     1.85 20166    1.62   -2.16
 -1   -0.01    0.07     0.12  0.010    -2.45    -3.01     1.32     1.86 20044   -1.99   -3.19
  2   -0.04   -0.05     0.03  0.006    -2.45    -3.01     1.32     1.86 20044   -1.99   -3.19
 -1   -0.24   -0.04     0.76  0.010     0.58    -4.25     1.73     1.86 20076    1.17   -4.18
  2   -0.02    0.00     0.01  0.006     0.58    -4.25     1.73     1.86 20076    1.17   -4.18
 -1   -0.04    0.02    -0.09  0.010    -3.41     0.72    -1.69     1.87 20019   -2.98    1.22
  2   -0.09   -0.17    -0.43  0.006    -3.41     0.72    -1.69     1.87 20019   -2.98    1.22
 -2   -0.42   -0.24    -3.72  0.006     0.09     2.40    -1.86     1.88 20114    0.31    2.48
  2   -0.34   -0.06    -2.72  0.006     0.09     2.40    -1.86     1.88 20114    0.31    2.48
 -2   -0.08    0.16    -0.34  0.006    -3.25    -2.60    -1.72     1.88 20192   -2.79   -3.04
  1   -0.08   -0.00    -0.26  0.010    -3.25    -2.60    -1.72     1.88 20192   -2.79   -3.04
  1   -0.33    0.01     8.24  0.010     6.90     2.01     1.88     1.89 10130    6.96    2.05
  2    0.15   -0.09     1.07  0.006     6.90     2.01     1.88     1.89 10130    6.96    2.05
  1   -0.15   -0.08     0.44  0.010     6.90     2.01     1.88     1.89 10130    6.96    2.05
 -1   -0.01    0.07    -0.15  0.010     2.12     5.42    -1.56     1.89 20031    1.51    5.06
  2    0.11   -0.01    -0.13  0.006     2.12     5.42    -1.56     1.89 20031    1.51    5.06
 -2    0.03    0.07     0.17  0.006     4.86     1.78     1.42     1.90 10174    4.38    1.47
  1    0.03   -0.04     0.01  0.010     4.86     1.78     1.42     1.90 10174    4.38    1.47
 -1    0.14    0.13    -0.31  0.010     0.30     0.11    -1.74     1.91 20189   -0.18   -0.33
  2    0.02    0.02    -0.25  0.006     0.30     0.11    -1.74     1.91 20189   -0.18   -0.33
 -1    0.00   -0.13     0.56  0.010     2.28    -4.80     1.81     1.92 10086    2.09   -4.25
  1    0.09   -0.12     0.29  0.010     2.28    -4.80     1.81     1.92 10086    2.09   -4.25
 -1   -0.17   -0.11     0.52  0.010     2.06    -5.05     1.79     1.93 10139    2.47   -4.58
  2    0.02   -0.06     0.14  0.006     2.06    -5.05     1.79     1.93 10139    2.47   -4.58
 -2   -0.15   -0.14    -0.67  0.006     1.34    -5.60    -1.89     1.94 10120    1.62   -5.32
  2   -0.16   -0.19    -1.44  0.006     1.34    -5.60    -1.89     1.94 10120    1.62   -5.32
 -2   -0.11   -0.05    -0.14  0.006    -2.00    -3.20    -1.74     1.94 20175   -1.44   -2.80
  1   -0.04   -0.06    -0.33  0.010    -2.00    -3.20    -1.74     1.94 20175   -1.44   -2.80
 -1    0.01   -0.23    -0.74  0.010    -1.75     5.41    -1.83     1.94 20091   -1.65    5.98
  2   -0.06   -0.04    -0.13  0.006    -1.75     5.41    -1.83     1.94 20091   -1.65    5.98
  1    0.09   -0.23    -1.71  0.010    -4.54    -2.50    -1.94     1.95 20085   -4.50   -2.55
  2   -0.37    0.47    -5.49  0.006    -4.54    -2.50    -1.94     1.95 20085   -4.50   -2.55
  1    0.04   -0.01    -2.56  0.010    -4.54    -2.50    -1.94     1.95 20085   -4.50   -2.55
 -1   -0.04    0.07    -0.19  0.010    -3.78     1.58    -1.58     1.95 20108   -3.13    1.40
  2   -0.06   -0.04    -0.04  0.006    -3.78     1.58    -1.58     1.95 20108   -3.13    1.40
 -2   -0.12    0.09    -0.62  0.006     3.44    -2.27    -1.93     1.95 20089    3.39   -2.11
  2    0.22   -0.43    -3.58  0.006     3.44    -2.27    -1.93     1.95 20089    3.39   -2.11
 -2    0.05   -0.09     0.20  0.006     1.89     3.12     1.88     1.95 10161    1.75    3.60
  2    0.04   -0.24     1.07  0.006     1.89     3.12     1.88     1.95 10161    1.75    3.60
  2   -0.48   -0.23     3.19  0.006     2.07    -3.16     1.95     1.96 10072    2.13   -3.15
  2    0.15    0.05     4.68  0.006     2.07    -3.16     1.95     1.96 10072    2.13   -3.15
  1    0.02    0.12     1.88  0.010     2.07    -3.16     1.95     1.96 10072    2.13   -3.15
 -2   -0.15    0.15    -0.52  0.006    -0.12    -4.16    -1.88     1.96 20132    0.28   -4.47
  1   -0.12    0.05    -0.71  0.010    -0.12    -4.16    -1.88     1.96 20132    0.28   -4.47
 -1    0.15   -0.03    -0.24  0.010     8.75     0.31    -1.84     1.98 10073    8.17    0.57
  2    0.06   -0.07    -0.40  0.006     8.75     0.31    -1.84     1.98 10073    8.17    0.57
 -1   -0.10   -0.12     0.22  0.010     3.94     0.89     1.75     2.00 10174    4.38    1.47
  1    0.01    0.00     0.15  0.010     3.94     0.89     1.75     2.00 10174    4.38    1.47
  1    0.14   -0.10     1.82  0.010     3.70    -5.87     2.00     2.01 10040    3.76   -5.87
  2   -0.56   -0.05     5.32  0.006     3.70    -5.87     2.00     2.01 10040    3.76   -5.87
  2    0.17    0.17     2.46  0.006     3.70    -5.87     2.00     2.01 10040    3.76   -5.87
 -1   -0.02   -0.01    -0.06  0.010    -2.74     2.53    -1.87     2.01 20052   -3.18    3.00
  1    0.18   -0.16    -0.62  0.010    -2.74     2.53    -1.87     2.01 20052   -3.18    3.00
  1   -0.31   -0.11     3.58  0.010     2.28     5.10     2.01     2.02 10160    2.25    5.05
  1    0.35    0.31     5.88  0.010     2.28     5.10     2.01     2.02 10160    2.25    5.05
  2    0.09    0.04     0.29  0.006     2.28     5.10     2.01     2.02 10160    2.25    5.05
 -1    0.01    0.03     0.08  0.010     2.04     0.47     1.78     2.02 20026    1.54    0.96
  2    0.10   -0.14     0.30  0.006     2.04     0.47     1.78     2.02 20026    1.54    0.96
 -2   -0.01    0.54    -3.06  0.006     2.33    -0.79    -2.00     2.03 20110    2.35   -1.13
  1   -0.01   -0.00    -0.08  0.010     2.33    -0.79    -2.00     2.03 20110    2.35   -1.13
 -2    0.07    0.11    -0.35  0.006     4.97     3.51    -1.78     2.04 20081    4.66    2.87
  1   -0.01    0.01     0.01  0.010     4.97     3.51    -1.78     2.04 20081    4.66    2.87
  1    0.19    0.08     1.50  0.010     1.63    -4.67     2.04     2.05 10058    1.68   -4.68
  2   -0.38    0.21     6.57  0.006     1.63    -4.67     2.04     2.05 10058    1.68   -4.68
  2   -0.04   -0.25     1.69  0.006     1.63    -4.67     2.04     2.05 10058    1.68   -4.68
 -2   -0.04    0.06    -0.08  0.006    -1.39     6.63    -1.80     2.06 20091   -1.65    5.98
  1    0.09    0.07    -0.28  0.010    -1.39     6.63    -1.80     2.06 20091   -1.65    5.98
 -1    0.28    0.30     3.93  0.010     4.48     1.43     2.05     2.06 10174    4.38    1.47
  2    0.10   -0.45     3.84  0.006     4.48     1.43     2.05     2.06 10174    4.38    1.47
  1    0.26   -0.19    -5.55  0.010    -1.84     3.44    -2.05     2.06 20180   -1.91    3.42
  2    0.25    0.36    -4.25  0.006    -1.84     3.44    -2.05     2.06 20180   -1.91    3.42
  1   -0.15   -0.06    -0.82  0.010    -1.84     3.44    -2.05     2.06 20180   -1.91    3.42
 -2   -0.25    0.09     1.44  0.006     1.22    -6.31     2.03     2.07 10092    1.35   -6.27
  3    0.07   -0.15     1.45  0.199     1.22    -6.31     2.03     2.07 10092    1.35   -6.27
 -2    0.16    0.34    -1.46  0.006    -3.18    -5.06    -2.01     2.07 20066   -3.38   -5.47
  1    0.01    0.01    -0.28  0.010    -3.18    -5.06    -2.01     2.07 20066   -3.38   -5.47
 -2   -0.02    0.20    -0.48  0.006     0.98     0.23    -1.94     2.08 10173    1.22   -0.35
  1   -0.06    0.01    -0.23  0.010     0.98     0.23    -1.94     2.08 10173    1.22   -0.35
 -2    0.45    0.31     3.38  0.006     1.71     6.75     2.05     2.08 10118    1.46    6.56
  2    0.01    0.05     0.38  0.006     1.71     6.75     2.05     2.08 10118    1.46    6.56
 -2    0.08   -0.03     0.80  0.006    -1.18    -0.95     2.05     2.08 10192   -1.45   -0.72
  1    0.31   -0.31     2.23  0.010    -1.18    -0.95     2.05     2.08 10192   -1.45   -0.72
 -2   -0.08   -0.03     0.42  0.006     0.89     0.75     1.90     2.09 20026    1.54    0.96
  1   -0.09   -0.03     0.09  0.010     0.89     0.75     1.90     2.09 20026    1.54    0.96
  2    0.32   -0.10     1.29  0.006     1.78     5.50     2.09     2.10 10037    1.75    5.53
  2   -0.06   -0.03     6.43  0.006     1.78     5.50     2.09     2.10 10037    1.75    5.53
  1   -0.11    0.01     2.03  0.010     1.78     5.50     2.09     2.10 10037    1.75    5.53
  1   -0.04   -0.31     4.81  0.010     4.02     4.16     2.12     2.13 10054    3.99    4.16
  2    0.28    0.06     1.62  0.006     4.02     4.16     2.12     2.13 10054    3.99    4.16
  2   -0.09    0.25     3.33  0.006     4.02     4.16     2.12     2.13 10054    3.99    4.16
 -2   -0.05    0.04    -0.11  0.006    -1.70    -2.31    -1.93     2.15 20133   -1.07   -1.97
  2   -0.09   -0.11    -0.32  0.006    -1.70    -2.31    -1.93     2.15 20133   -1.07   -1.97
 -2   -0.10   -0.10     0.51  0.006    -2.29    -0.66     2.11     2.15 10154   -2.11   -0.30
  1   -0.09   -0.29     1.75  0.010    -2.29    -0.66     2.11     2.15 10154   -2.11   -0.30
  1    0.14    0.19    -2.30  0.010    -4.60     1.77    -2.14     2.15 20033   -4.59    1.75
  2   -0.40   -0.04    -6.36  0.006    -4.60     1.77    -2.14     2.15 20033   -4.59    1.75
  2    0.21   -0.05    -1.09  0.006    -4.60     1.77    -2.14     2.15 20033   -4.59    1.75
 -2    0.00    0.08    -0.12  0.006    -1.05    -0.76    -2.08     2.18 20074   -0.86   -1.31
  1   -0.09    0.17    -0.82  0.010    -1.05    -0.76    -2.08     2.18 20074   -0.86   -1.31
 -3    0.21    0.16    -3.81  0.199    -2.48     1.59    -2.16     2.19 20173   -2.59    1.44
  1   -0.01    0.13    -0.25  0.010    -2.48     1.59    -2.16     2.19 20173   -2.59    1.44
 -1   -0.02   -0.44    -2.33  0.010    -0.35     1.28    -2.17     2.21 20038   -0.30    1.66
  2   -0.04   -0.03    -0.31  0.006    -0.35     1.28    -2.17     2.21 20038   -0.30    1.66
 -1   -0.05    0.07     0.39  0.010     6.26     1.27     2.00     2.21 10064    6.80    0.82
  2   -0.07    0.03     0.06  0.006     6.26     1.27     2.00     2.21 10064    6.80    0.82
 -1   -0.00    0.07    -0.14  0.010     2.81     2.34    -1.90     2.22 10089    2.18    2.12
  2    0.10   -0.03    -0.15  0.006     2.81     2.34    -1.90     2.22 10089    2.18    2.12
 -2    0.29    0.07    -1.39  0.006    -1.11    -5.28    -2.16     2.22 20053   -1.60   -5.39
  1    0.04   -0.00    -0.05  0.010    -1.11    -5.28    -2.16     2.22 20053   -1.60   -5.39
 -2    0.02   -0.13     0.33  0.006     5.16    -1.70     2.03     2.26 10170    5.35   -0.99
  2   -0.06   -0.02     0.07  0.006     5.16    -1.70     2.03     2.26 10170    5.35   -0.99
 -1    0.03    0.07    -3.40  0.010    -3.92     0.54    -2.25     2.27 20177   -3.82    0.49
  1   -0.22    0.01    -0.54  0.010    -3.92     0.54    -2.25     2.27 20177   -3.82    0.49
 -2   -0.00    0.11     0.15  0.006    -2.39     5.09     2.08     2.28 20054   -2.08    4.46
  1   -0.07    0.03     0.32  0.010    -2.39     5.09     2.08     2.28 20054   -2.08    4.46
 -2   -0.10   -0.04     0.24  0.006     0.03     1.57     1.92     2.28 10068    0.63    1.69
  1    0.02    0.02     0.01  0.010     0.03     1.57     1.92     2.28 10068    0.63    1.69
  2    0.04    0.07     0.26  0.006    -1.05    -1.10     2.03     2.29     2   -1.72   -1.26
 -1    0.07   -0.04     0.09  0.010    -1.05    -1.10     2.03     2.29     2   -1.72   -1.26
 -2   -0.18   -0.19    -2.10  0.006    -4.36    -1.79    -2.29     2.32 20029   -4.33   -1.82
  2    0.13    0.25    -1.46  0.006    -4.36    -1.79    -2.29     2.32 20029   -4.33   -1.82
 -1    0.04    0.02    -0.15  0.010    -1.39     0.07    -2.10     2.34 20047   -1.80    0.67
  1    0.03   -0.13    -0.24  0.010    -1.39     0.07    -2.10     2.34 20047   -1.80    0.67
 -1   -0.13    0.43     7.78  0.010     3.74     2.68     2.33     2.34 10157    3.73    2.61
  1    0.17   -0.16     0.92  0.010     3.74     2.68     2.33     2.34 10157    3.73    2.61
  2    0.02   -0.12     0.17  0.006     2.94    -3.36     2.21     2.40 10006    2.95   -2.67
 -1   -0.02   -0.04     0.35  0.010     2.94    -3.36     2.21     2.40 10006    2.95   -2.67
 -2   -0.36   -0.12     2.60  0.006     1.75     5.54     2.36     2.40 10145    2.11    5.69
  1   -0.07   -0.05     0.32  0.010     1.75     5.54     2.36     2.40 10145    2.11    5.69
 -2   -0.03   -0.01    -0.10  0.006     3.48     1.31    -2.09     2.41 20164    2.82    1.46
  2    0.12   -0.01    -0.17  0.006     3.48     1.31    -2.09     2.41 20164    2.82    1.46
 -1    0.02   -0.16     0.33  0.010     2.78    -1.03     2.20     2.42 10008    2.57   -0.33
  1    0.02    0.03     0.09  0.010     2.78    -1.03     2.20     2.42 10008    2.57   -0.33
 -2    0.01   -0.10    -0.20  0.006     1.95     4.28    -2.05     2.43 20113    1.88    4.80
  1   -0.00    0.04    -0.05  0.010     1.95     4.28    -2.05     2.43 20113    1.88    4.80
 -1   -0.10    0.01    -0.45  0.010     1.35     4.51    -2.40     2.47 10114    1.82    4.79
  1   -0.16   -0.17    -0.91  0.010     1.35     4.51    -2.40     2.47 10114    1.82    4.79
 -2    0.07    0.22    -0.94  0.006     7.37     2.59    -2.40     2.49 20016    7.30    1.99
  2   -0.04    0.03    -0.10  0.006     7.37     2.59    -2.40     2.49 20016    7.30    1.99
 -2    0.02   -0.01    -0.01  0.006     5.62    -1.63     2.23     2.52 10170    5.35   -0.99
  2    0.02   -0.08     0.33  0.006     5.62    -1.63     2.23     2.52 10170    5.35   -0.99
 -2    0.05    0.02     0.21  0.006     0.18    -5.39     2.48     2.52 10080   -0.20   -5.14
  2    0.28   -0.23     1.96  0.006     0.18    -5.39     2.48     2.52 10080   -0.20   -5.14
 -1    0.03    0.02     0.23  0.010    -1.31     0.73     2.20     2.59 20130   -1.22    0.43
  2   -0.04    0.01     0.00  0.006    -1.31     0.73     2.20     2.59 20130   -1.22    0.43
 -1   -0.26    0.36    -2.94  0.010     3.14     0.22    -2.59     2.60 20058    3.16    0.07
  2    0.20    0.10    -4.72  0.006     3.14     0.22    -2.59     2.60 20058    3.16    0.07
 -1   -0.25    0.32     2.68  0.010     5.77     1.03     2.57     2.61 10088    6.00    0.70
  2    0.01    0.04     0.15  0.006     5.77     1.03     2.57     2.61 10088    6.00    0.70
 -2   -0.08    0.08     0.21  0.006     0.32    -4.21     2.30     2.62 20086    0.73   -4.71
  2    0.03   -0.02     0.08  0.006     0.32    -4.21     2.30     2.62 20086    0.73   -4.71
 -2   -0.35    0.19     3.01  0.006     5.09    -0.85     2.63     2.65 10170    5.35   -0.99
  2   -0.22    0.10     2.75  0.006     5.09    -0.85     2.63     2.65 10170    5.35   -0.99
 -2   -0.02   -0.08     0.55  0.006     5.74     3.87     2.54     2.66 10113    5.70    4.53
  2    0.03   -0.12     0.24  0.006     5.74     3.87     2.54     2.66 10113    5.70    4.53
 -1   -0.05    0.06    -0.07  0.010     2.24     1.81    -2.41     2.66 20164    2.82    1.46
  2   -0.04   -0.00    -0.31  0.006     2.24     1.81    -2.41     2.66 20164    2.82    1.46
 -1   -0.07    0.06    -0.24  0.010     3.97     0.13    -2.53     2.68 20037    3.98   -0.55
  2    0.06    0.12    -0.42  0.006     3.97     0.13    -2.53     2.68 20037    3.98   -0.55
 -2   -0.02   -0.25     4.50  0.006     7.89     1.41     2.67     2.68 10059    7.99    1.37
  2   -0.25    0.35     3.07  0.006     7.89     1.41     2.67     2.68 10059    7.99    1.37
 -2    0.16    0.11     0.77  0.006     1.53    -2.48     2.65     2.70 10105    1.20   -2.85
  1    0.07    0.15     1.13  0.010     1.53    -2.48     2.65     2.70 10105    1.20   -2.85
 -1    0.05   -0.01    -0.26  0.010     5.18     3.10    -2.39     2.71 10036    4.85    3.64
  1   -0.01   -0.06    -0.03  0.010     5.18     3.10    -2.39     2.71 10036    4.85    3.64
 -1    0.23   -0.21     3.25  0.010     2.48    -5.56     2.69     2.71 10041    2.34   -5.60
  1    0.03    0.28     1.86  0.010     2.48    -5.56     2.69     2.71 10041    2.34   -5.60
 -2    0.02   -0.08    -0.32  0.006    -4.24    -2.41    -2.42     2.71 20029   -4.33   -1.82
  1   -0.00    0.00     0.01  0.010    -4.24    -2.41    -2.42     2.71 20029   -4.33   -1.82
 -2    0.09   -0.36    -2.10  0.006    -4.05     1.43    -2.70     2.73 20181   -4.20    1.84
  2    0.05   -0.03    -0.48  0.006    -4.05     1.43    -2.70     2.73 20181   -4.20    1.84
 -1   -0.15   -0.00     0.65  0.010     2.18    -0.39     2.71     2.75 10008    2.57   -0.33
  2   -0.29   -0.05     2.37  0.006     2.18    -0.39     2.71     2.75 10008    2.57   -0.33
 -1   -0.08   -0.09    -1.58  0.010    -3.27     0.69    -2.75     2.77 20051   -3.07    0.92
  1   -0.34   -0.38    -4.05  0.010    -3.27     0.69    -2.75     2.77 20051   -3.07    0.92
 -1    0.00    0.02    -0.15  0.010    -0.52    -5.45    -2.66     2.80 10013   -0.27   -4.82
  2   -0.07   -0.19    -0.56  0.006    -0.52    -5.45    -2.66     2.80 10013   -0.27   -4.82
 -1    0.01    0.24     1.20  0.010    -3.28     0.39     2.78     2.82 10095   -3.20   -0.05
  2   -0.08    0.15     1.27  0.006    -3.28     0.39     2.78     2.82 10095   -3.20   -0.05
 -2   -0.17   -0.19     1.63  0.006     4.74     2.83     2.80     2.83 10085    4.94    3.09
  1   -0.16   -0.24     2.95  0.010     4.74     2.83     2.80     2.83 10085    4.94    3.09
 -1    0.21    0.02     0.73  0.010     0.91    -5.13     2.75     2.85 10079    0.28   -5.32
  1    0.00    0.04     0.20  0.010     0.91    -5.13     2.75     2.85 10079    0.28   -5.32
 -1    0.05   -0.00     0.09  0.010     1.04     1.60     2.48     2.86 20124    1.32    1.55
  1   -0.08    0.01     0.15  0.010     1.04     1.60     2.48     2.86 20124    1.32    1.55
 -2   -0.04   -0.10    -0.15  0.006     3.18    -2.73    -2.67     2.91 20089    3.39   -2.11
  1    0.00    0.01    -0.24  0.010     3.18    -2.73    -2.67     2.91 20089    3.39   -2.11
 -2   -0.18   -0.07     0.67  0.006     1.87    -4.05     2.89     2.95 10190    2.37   -3.82
  1   -0.09   -0.05     0.90  0.010     1.87    -4.05     2.89     2.95 10190    2.37   -3.82
 -2    0.09   -0.09     1.52  0.006     3.25    -2.80     2.95     2.97 10006    2.95   -2.67
  1    0.42   -0.14     3.53  0.010     3.25    -2.80     2.95     2.97 10006    2.95   -2.67
 -1    0.04    0.08    -0.20  0.010    -0.76    -0.33    -2.92     3.04 20010   -0.59   -0.99
  1   -0.09    0.11    -0.60  0.010    -0.76    -0.33    -2.92     3.04 20010   -0.59   -0.99
 -2    0.04   -0.03    -0.06  0.006     2.54    -3.19    -2.74     3.07 20101    2.75   -3.57
  2   -0.06    0.07    -0.22  0.006     2.54    -3.19    -2.74     3.07 20101    2.75   -3.57
 -2    0.02   -0.01     0.07  0.006    -0.91    -0.37     3.11     3.13 10195   -1.21   -0.33
  1    0.58   -0.06     6.00  0.010    -0.91    -0.37     3.11     3.13 10195   -1.21   -0.33
 -1    0.22    0.25     2.05  0.010     0.25    -4.37     3.11     3.15 10189   -0.10   -4.68
  2    0.06   -0.01     0.43  0.006     0.25    -4.37     3.11     3.15 10189   -0.10   -4.68
 -1    0.05   -0.05     0.12  0.010     6.05     2.12     3.04     3.17 10150    6.00    2.82
  1   -0.03   -0.14     0.67  0.010     6.05     2.12     3.04     3.17 10150    6.00    2.82
 -2   -0.07   -0.01     0.10  0.006     2.17    -3.27     2.93     3.21 20172    2.43   -3.68
  1    0.04    0.05     0.23  0.010     2.17    -3.27     2.93     3.21 20172    2.43   -3.68
 -2   -0.10    0.03     0.79  0.006     0.40     5.17     3.14     3.23 20156    0.94    4.83
  1   -0.08    0.09     0.32  0.010     0.40     5.17     3.14     3.23 20156    0.94    4.83
 -2   -0.10    0.06     0.80  0.006    -1.39    -3.11     3.16     3.23 10131   -1.05   -3.61
  2   -0.05    0.15     0.56  0.006    -1.39    -3.11     3.16     3.23 10131   -1.05   -3.61
 -2    0.02   -0.31     2.40  0.006    -1.23    -3.20     3.23     3.25 10172   -1.26   -2.87
  1    0.03   -0.25     3.15  0.010    -1.23    -3.20     3.23     3.25 10172   -1.26   -2.87
 -2    0.04    0.04     0.06  0.006    -1.83    -2.48     3.08     3.25 20044   -1.99   -3.19
  2   -0.01    0.09     0.52  0.006    -1.83    -2.48     3.08     3.25 20044   -1.99   -3.19
 -2    0.09   -0.00    -0.14  0.006    -2.05    -1.57    -3.18     3.33 20117   -2.66   -1.21
  1    0.04   -0.07    -0.50  0.010    -2.05    -1.57    -3.18     3.33 20117   -2.66   -1.21
 -2    0.05   -0.09     0.23  0.006     3.09    -4.84     3.13     3.33 10139    2.47   -4.58
  1    0.04    0.05     0.24  0.010     3.09    -4.84     3.13     3.33 10139    2.47   -4.58
 -1    0.01   -0.12    -0.95  0.010    -3.94    -4.51    -3.36     3.43 20151   -4.19   -4.00
  2    0.11   -0.12    -0.66  0.006    -3.94    -4.51    -3.36     3.43 20151   -4.19   -4.00
 -2    0.03   -0.02    -0.45  0.006     2.43     1.47    -3.33     3.47 10089    2.18    2.12
  1    0.02   -0.12    -0.28  0.010     2.43     1.47    -3.33     3.47 10089    2.18    2.12
 -1   -0.01    0.12    -0.96  0.010    -3.32     1.31    -3.48     3.52 20051   -3.07    0.92
  1   -0.20    0.19    -1.84  0.010    -3.32     1.31    -3.48     3.52 20051   -3.07    0.92
 -1   -0.00    0.01     0.34  0.010     6.26     2.90     3.43     3.52 10116    6.93    2.87
  1   -0.20    0.00     0.72  0.010     6.26     2.90     3.43     3.52 10116    6.93    2.87
 -2    0.26    0.22    -4.85  0.006    -3.80     2.08    -3.52     3.54 20070   -4.03    1.90
  1    0.24    0.18    -2.86  0.010    -3.80     2.08    -3.52     3.54 20070   -4.03    1.90
 -2    0.13    0.04     1.35  0.006     4.97    -5.54     3.53     3.55 10119    4.62   -5.49
  1    0.38   -0.11     3.91  0.010     4.97    -5.54     3.53     3.55 10119    4.62   -5.49
 -2   -0.04   -0.00    -0.25  0.006    -0.56    -5.99    -3.57     3.60 20094   -0.39   -5.58
  2   -0.11   -0.36    -2.89  0.006    -0.56    -5.99    -3.57     3.60 20094   -0.39   -5.58
 -1    0.02    0.10    -1.05  0.010     0.40     6.33    -3.55     3.60 20041    0.47    5.80
  2   -0.06    0.19    -0.90  0.006     0.40     6.33    -3.55     3.60 20041    0.47    5.80
 -2   -0.05    0.02     0.33  0.006    -3.22    -3.56     3.51     3.60 20192   -2.79   -3.04
  1   -0.07   -0.16     0.67  0.010    -3.22    -3.56     3.51     3.60 20192   -2.79   -3.04
 -2   -0.06   -0.02     0.31  0.006     1.73    -5.45     3.39     3.66 10063    1.89   -5.36
  1    0.04    0.01     0.03  0.010     1.73    -5.45     3.39     3.66 10063    1.89   -5.36
 -2    0.07    0.01    -0.12  0.006    -3.06     0.82    -3.50     3.70 20050   -3.43    1.35
  1   -0.02   -0.08    -0.37  0.010    -3.06     0.82    -3.50     3.70 20050   -3.43    1.35
 -2    0.04   -0.00    -0.05  0.006     0.21     2.41    -3.50     3.72 10136    0.78    2.38
  1   -0.11    0.00    -0.38  0.010     0.21     2.41    -3.50     3.72 10136    0.78    2.38
 -2   -0.04    0.00     0.14  0.006    -0.17    -1.52     3.52     3.73 20010   -0.59   -0.99
  2    0.10   -0.07     0.32  0.006    -0.17    -1.52     3.52     3.73 20010   -0.59   -0.99
 -2    0.03   -0.02    -0.01  0.006     0.69     5.19    -3.45     3.73 20099    0.36    5.23
  2    0.00    0.02    -0.32  0.006     0.69     5.19    -3.45     3.73 20099    0.36    5.23
 -2    0.01   -0.21    -1.18  0.006     2.28    -4.84    -3.69     3.75 10086    2.09   -4.25
  2    0.06   -0.02    -0.30  0.006     2.28    -4.84    -3.69     3.75 10086    2.09   -4.25
 -1    0.05    0.13    -0.38  0.010     0.54     0.68    -3.62     3.76 20075    0.43   -0.01
  2   -0.02   -0.00    -0.31  0.006     0.54     0.68    -3.62     3.76 20075    0.43   -0.01
 -1    0.03    0.01    -0.21  0.010    -0.05     4.79    -3.63     3.85 20099    0.36    5.23
  1   -0.08   -0.06    -0.22  0.010    -0.05     4.79    -3.63     3.85 20099    0.36    5.23
 -2    0.28   -0.00    -1.75  0.006    -2.09     1.10    -3.95     3.96 20079   -2.31    1.00
  1    0.03    0.14    -3.75  0.010    -2.09     1.10    -3.95     3.96 20079   -2.31    1.00
 -2    0.14   -0.14     1.21  0.006     0.20    -4.99     3.96     3.99 10189   -0.10   -4.68
  1    0.15   -0.15     2.54  0.010     0.20    -4.99     3.96     3.99 10189   -0.10   -4.68
 -1   -0.05    0.01     0.27  0.010    -1.87     4.90     3.85     4.07 20054   -2.08    4.46
  2    0.07    0.03     0.17  0.006    -1.87     4.90     3.85     4.07 20054   -2.08    4.46
 -1    0.05   -0.01    -0.20  0.010     7.84     0.34    -3.85     4.09 10073    8.17    0.57
  1   -0.08   -0.01    -0.19  0.010     7.84     0.34    -3.85     4.09 10073    8.17    0.57
  1    0.04   -0.52    14.25  0.010     2.58    -2.12     4.20     4.21 10183    2.57   -2.08
  2    0.09    0.14     2.46  0.006     2.58    -2.12     4.20     4.21 10183    2.57   -2.08
  1   -0.10    0.20     2.92  0.010     2.58    -2.12     4.20     4.21 10183    2.57   -2.08
 -1   -0.11    0.01    -0.45  0.010    -4.20     3.33    -4.08     4.24 20078   -3.60    3.62
  2    0.02   -0.05    -0.15  0.006    -4.20     3.33    -4.08     4.24 20078   -3.60    3.62
 -2   -0.26   -0.04     3.20  0.006     0.42     4.12     4.34     4.37 10178    0.82    4.23
  2   -0.15   -0.08     1.21  0.006     0.42     4.12     4.34     4.37 10178    0.82    4.23
 -3    0.44   -0.06    -6.79  0.199     0.85    -1.29    -4.36     4.37 20111    0.66   -1.26
  2   -0.11    0.00    -1.10  0.006     0.85    -1.29    -4.36     4.37 20111    0.66   -1.26
 -1    0.20    0.05     3.00  0.010     7.11     1.91     4.36     4.38 10100    7.08    1.76
  2   -0.17    0.11     1.35  0.006     7.11     1.91     4.36     4.38 10100    7.08    1.76
 -2    0.04   -0.03     0.10  0.006     1.53     2.91     4.35     4.48 10161    1.75    3.60
  2   -0.08   -0.09     0.66  0.006     1.53     2.91     4.35     4.48 10161    1.75    3.60
 -2    0.14   -0.23    -1.93  0.006    -1.60     0.18    -4.66     4.69 20047   -1.80    0.67
  1   -0.02   -0.06    -0.79  0.010    -1.60     0.18    -4.66     4.69 20047   -1.80    0.67
 -2   -0.01    0.02     0.00  0.006     0.53    -3.39     4.55     4.76 20196    0.90   -3.59
  2   -0.03    0.00     0.46  0.006     0.53    -3.39     4.55     4.76 20196    0.90   -3.59
 -1   -0.09   -0.13    -2.07  0.010    -2.93    -4.22    -4.74     4.76 20115   -2.57   -4.01
  2   -0.27   -0.10    -2.86  0.006    -2.93    -4.22    -4.74     4.76 20115   -2.57   -4.01
 -1    0.03   -0.01    -0.28  0.010    -4.95    -1.65    -4.76     4.91 20029   -4.33   -1.82
  2   -0.12    0.03    -0.39  0.006    -4.95    -1.65    -4.76     4.91 20029   -4.33   -1.82
 -2   -0.06    0.12    -0.67  0.006    -0.66     3.90    -4.88     4.91 20064   -0.57    3.36
  1    0.01    0.17    -1.87  0.010    -0.66     3.90    -4.88     4.91 20064   -0.57    3.36
 -1    0.03    0.01     0.60  0.010    -1.63    -0.51     4.91     5.03 10084   -2.32   -0.71
  1    0.09    0.02     0.20  0.010    -1.63    -0.51     4.91     5.03 10084   -2.32   -0.71
 -1   -0.08   -0.02    -0.72  0.010     2.77    -2.25    -5.14     5.28 20089    3.39   -2.11
  2   -0.00   -0.00     0.01  0.006     2.77    -2.25    -5.14     5.28 20089    3.39   -2.11
 -2   -0.03    0.10    -0.65  0.006    -3.73     4.17    -5.61     5.74 20078   -3.60    3.62
  1    0.01   -0.03    -0.05  0.010    -3.73     4.17    -5.61     5.74 20078   -3.60    3.62
 -1    0.04    0.03     0.16  0.010     6.65     0.64     5.79     5.84 10088    6.00    0.70
  1    0.18   -0.05     1.82  0.010     6.65     0.64     5.79     5.84 10088    6.00    0.70
 -2   -0.01   -0.20     1.71  0.006     1.32     6.07     5.91     5.94 10118    1.46    6.56
  1   -0.08   -0.12     2.22  0.010     1.32     6.07     5.91     5.94 10118    1.46    6.56
 -1    0.10    0.07    -1.29  0.010    -2.42    -1.47    -6.10     6.15 20095   -2.69   -2.05
  1   -0.00    0.13    -0.88  0.010    -2.42    -1.47    -6.10     6.15 20095   -2.69   -2.05
 -1    0.02    0.03     0.16  0.010     2.35    -6.34     6.13     6.22 10031    2.15   -5.67
  2    0.02   -0.16     1.02  0.006     2.35    -6.34     6.13     6.22 10031    2.15   -5.67
 -1   -0.00    0.00    -0.61  0.010     0.36    -3.47    -6.27     6.38 20025    0.88   -3.07
  2   -0.08   -0.06    -0.30  0.006     0.36    -3.47    -6.27     6.38 20025    0.88   -3.07
 -1   -0.04   -0.05    -0.57  0.010    -2.88     3.47    -6.32     6.47 20104   -2.81    3.70
  2    0.04    0.02    -0.08  0.006    -2.88     3.47    -6.32     6.47 20104   -2.81    3.70
 -1   -0.08    0.10     1.24  0.010    -1.95    -4.50     6.62     6.70 10057   -1.43   -4.98
  2   -0.02   -0.01     0.02  0.006    -1.95    -4.50     6.62     6.70 10057   -1.43   -4.98
 -2    0.07   -0.10    -0.71  0.006    -2.95    -4.43    -6.66     6.77 20048   -3.16   -3.79
  2   -0.04    0.01    -0.18  0.006    -2.95    -4.43    -6.66     6.77 20048   -3.16   -3.79
 -1    0.01    0.00     0.70  0.010     2.09    -2.71     6.94     7.05 10169    1.45   -2.68
  1    0.07   -0.01     0.17  0.010     2.09    -2.71     6.94     7.05 10169    1.45   -2.68
 -2   -0.03    0.06     0.62  0.006     0.17     5.11     7.11     7.23 10017    0.72    5.06
  2   -0.03   -0.05     0.18  0.006     0.17     5.11     7.11     7.23 10017    0.72    5.06
 -2    0.07   -0.15     1.38  0.006     2.26     5.10     8.27     8.30 10145    2.11    5.69
  1   -0.01   -0.09     1.94  0.010     2.26     5.10     8.27     8.30 10145    2.11    5.69
 -1    0.11   -0.02    -0.56  0.010     4.37     2.35    -9.11     9.18 10157    3.73    2.61
  2   -0.00   -0.02    -0.94  0.006     4.37     2.35    -9.11     9.18 10157    3.73    2.61
 -2   -0.02   -0.11     1.07  0.006     2.18     1.55    10.24    10.32 10089    2.18    2.12
  1    0.02    0.03     0.21  0.010     2.18     1.55    10.24    10.32 10089    2.18    2.12
 -1   -0.02    0.01    -0.76  0.010     1.15     0.86   -10.55    10.59 20124    1.32    1.55
  1   -0.02   -0.18    -1.80  0.010     1.15     0.86   -10.55    10.59 20124    1.32    1.55
 -2    0.00    0.09    -0.56  0.006    -6.65    -0.39   -10.69    10.77 20100   -7.00   -0.73
  1    0.04   -0.05    -0.67  0.010    -6.65    -0.39   -10.69    10.77 20100   -7.00   -0.73
 -1    0.04   -0.16    -1.81  0.010    -2.68    -1.86   -10.89    10.92 20117   -2.66   -1.21
  2   -0.05   -0.05    -1.68  0.006    -2.68    -1.86   -10.89    10.92 20117   -2.66   -1.21
 -1    0.08    0.07    -1.08  0.010    -3.11    -4.91   -12.00    12.02 20066   -3.38   -5.47
  1    0.03    0.15    -3.68  0.010    -3.11    -4.91   -12.00    12.02 20066   -3.38   -5.47
 -2   -0.11    0.22     5.27  0.006     3.01     0.46    12.74    12.76 10083    3.27   -0.08
  2   -0.00    0.01     0.03  0.006     3.01     0.46    12.74    12.76 10083    3.27   -0.08
 -1   -0.01   -0.17     2.18  0.010     0.63    -0.83    14.63    14.65 10076    0.79   -0.16
  2   -0.03   -0.01     1.59  0.006     0.63    -0.83    14.63    14.65 10076    0.79   -0.16
 -2    0.01   -0.11    -1.03  0.006    -3.80    -0.22   -17.05    17.09 20177   -3.82    0.49
  2   -0.01    0.00    -1.53  0.006    -3.80    -0.22   -17.05    17.09 20177   -3.82    0.49
 -1    0.00    0.05    -1.87  0.010    -3.42     0.76   -20.25    20.30 20177   -3.82    0.49
  1    0.04   -0.02    -0.26  0.010    -3.42     0.76   -20.25    20.30 20177   -3.82    0.49
 -2   -0.05    0.01     0.51  0.006    -0.20    -4.18    28.82    28.85 10024   -0.06   -4.28
  1    0.04    0.00     2.38  0.010    -0.20    -4.18    28.82    28.85 10024   -0.06   -4.28
