       1       0    3957    3.8609   12  157    4  152
     3    0.337    0.078     -0.546  0.199     0.11     1.22    -2.24     4.53
    -2   -0.239    0.310     -0.090  0.006    -1.82     1.26    -0.41     2.00
    -2    0.039    0.640      0.416  0.006     2.29     2.51     0.67     2.96
     2    0.135    0.117     -0.251  0.006     3.25     3.22     0.07     2.21
     2    0.255    0.296     -0.073  0.006    -1.01    -0.15    -1.37     2.72
     1   -0.559    0.038      0.644  0.010    -1.70    -0.48     1.64     3.36
     2   -0.155    0.192     -0.128  0.006    -0.80     0.49    -1.28     2.26
     1   -0.014    0.197     -0.008  0.010     0.43     5.24     2.01     3.38
    -2    0.183    0.090      0.224  0.006     0.68     2.79     1.82     3.49
     1    0.007    0.142     -0.071  0.010     3.03     1.79    -7.96    10.87
     1   -0.180   -0.133     -0.061  0.010    -3.94    -4.49    -5.23    11.97
     1   -0.060   -0.183     -0.121  0.010     3.49    -1.24    -0.16     3.44
    -1   -0.237   -0.029      0.863  0.010    -6.04    -0.90     2.63     4.26
     1   -0.658    0.239     -0.121  0.010    -3.76    -0.05    -0.07     0.49
    -1    0.061    0.081      0.124  0.010    -0.68    -2.15     2.73     6.00
    -2   -0.030    0.120     -0.091  0.006    -0.99     0.49     0.27     2.01
    -3   -0.205    0.164      0.409  0.199    -0.78     0.61     0.70     1.10
    -2   -0.141   -0.095     -0.131  0.006    -3.06    -1.15    -5.84     7.12
     3   -0.363   -0.246      0.412  0.199    -3.69    -1.67     4.55     6.93
     3   -0.497   -0.168      0.286  0.199    -0.14    -0.04     3.61     5.59
    -1    0.122    0.071      1.811  0.010     0.64     0.26     1.05     1.26
    -3    1.065    0.764     -0.456  0.199     5.12    -1.00    -0.03     0.13
     1    0.036   -0.038      0.146  0.010     5.12    -1.08     0.04     0.24
    -2    0.022    0.170     -0.218  0.006    -4.79     2.28    -1.11     3.19
     2   -0.340    0.192     -0.171  0.006    -5.45     1.11    -1.04     2.82
     2    0.162    0.063     -0.223  0.006     1.14     1.57    -6.28     8.37
     2    0.004    0.068      0.406  0.006    -1.58     2.54     2.05     3.69
     1   -0.080    0.081      0.078  0.010     1.15     2.61    -0.51     3.11
     1    0.149   -0.084      0.180  0.010    -0.75     0.05     0.77     1.45
     3    0.117    0.796      0.892  0.199    -0.92     1.96     1.05     1.62
     1   -0.016    0.067      0.218  0.010     1.51     0.47     0.54     5.45
     2   -0.296    0.116     -0.066  0.006    -4.75     1.20     0.05     0.82
     2   -0.226    0.116      0.557  0.006    -4.24     1.12     0.05     0.13
     3   -0.305   -0.459      0.233  0.199    -4.39     0.89     0.12     0.42
     2    0.426   -0.560      0.210  0.006     7.49     1.03     0.19     0.93
     1   -0.042    0.241     -0.249  0.010     2.48     1.37    -4.02     7.37
     1    0.033   -0.684     -0.064  0.010     4.76    -1.54     1.29     4.65
    -1   -0.396   -0.056     -0.251  0.010    -3.37    -2.22    -0.31     1.25
     1    0.290   -0.440     -0.607  0.010    -3.06    -4.37    -0.35     2.21
     1    0.161    0.012     -0.108  0.010     6.77     2.08    -8.05    12.13
     1    0.104   -0.176     -0.615  0.010    -0.14    -4.33    -0.81     2.31
     1   -0.219    0.101     -0.233  0.010    -1.10    -2.08    -1.18     3.62
     2   -0.166    0.110     -0.037  0.006    -5.08    -2.32    -0.48     2.31
     1    0.013   -0.068     -0.001  0.010    -4.22    -1.23     1.33     3.91
     2    0.261   -0.029      0.395  0.006    -2.77    -4.26     0.98     1.79
     1    0.143    0.024      0.212  0.010     1.96    -0.43     6.21     9.02
     1    0.183    0.133      0.310  0.010     0.73     1.07     2.52     3.10
     2    0.158    0.086      0.226  0.006     3.06     0.68     4.45     5.06
     1    0.012    0.280      0.233  0.010    -3.52     0.04     0.20     1.84
     1   -0.072    0.084     -0.158  0.010    -5.22     2.41    -2.59     6.16
     1   -0.129    0.079      0.244  0.010    -3.66     0.91     3.29     4.86
     1   -0.377    0.278     -0.252  0.010    -4.40    -0.37    -0.02     0.14
     1    0.031    0.001      0.085  0.010    -5.06     1.47     1.85     2.85
     1    0.009    0.080     -0.125  0.010    -5.31    -2.54    -0.60     2.68
     2    0.119    0.161      0.207  0.006     2.80     1.13     4.14     7.36
     1   -0.185    0.299      0.422  0.010    -1.20     1.57     0.62     2.78
     1    0.046   -0.151     -0.578  0.010    -1.50    -1.50    -4.15     5.53
     2    0.226    0.217      0.225  0.006     1.47     5.91     0.62     1.51
     2   -0.110    0.107      0.212  0.006    -0.59     6.60     1.65     3.67
     3    0.069    0.068     -0.179  0.199     3.92     2.07    -7.29    13.05
     1   -0.003   -0.243      0.530  0.010    -1.91    -5.35     3.28     3.90
     2   -0.222   -0.538     -0.310  0.006    -2.65    -4.08    -0.19     1.01
     1   -0.153    0.099      0.075  0.010    -0.70    -4.38     1.03     2.87
    -2   -0.152   -0.177     -0.559  0.006     0.76    -3.69    -1.46     2.05
    -1   -0.029   -0.119     -0.035  0.010     1.86    -3.37    -2.05     3.16
    -1   -0.169   -0.026      0.132  0.010    -2.87    -1.79     3.48     6.48
     3   -0.625    0.117     -0.594  0.199    -0.41     3.32    -1.15     4.89
    -2   -0.104    0.322     -0.006  0.006     3.80     4.21    -0.02     0.15
    -2   -0.124   -0.113     -0.147  0.006    -2.81    -2.09     0.96     1.48
    -1   -0.191   -0.307     -0.171  0.010    -3.34    -3.52    -0.20     0.91
    -1    0.086    0.230     -0.182  0.010    -1.43    -2.53    -0.09     3.24
     1   -0.137   -0.076      0.116  0.010     1.95     2.60     2.83     4.71
     1    0.202    0.598     -1.330  0.010     0.81     4.97    -3.15     4.52
     1   -0.098    0.402      0.115  0.010     1.47     3.90     1.31     2.62
    -1   -0.153   -0.284     -0.934  0.010     1.48    -3.98    -5.81     6.49
    -1    0.359   -0.288      0.054  0.010     1.53    -0.96     1.13     3.75
    -1   -0.165   -0.304     -0.601  0.010    -0.17    -3.09    -1.65     2.69
    -1    0.954   -0.198     -0.814  0.010    -3.29    -5.52    -0.08     0.15
     2    0.162   -0.502     -0.120  0.006    -3.29    -5.52    -0.08     0.15
     1   -0.406    0.088      0.134  0.010    -5.33     0.88    -0.71     2.52
     1   -0.191    0.017      0.418  0.010    -5.87    -0.79     0.04     0.15
     1   -0.110   -0.529      0.212  0.010    -5.87    -0.79     0.04     0.15
     1   -0.052    0.232     -0.040  0.010     6.00     2.60     0.08     2.35
     1    0.216    0.330      0.428  0.010     2.40     1.74     1.28     2.09
     1   -0.068   -0.187      1.031  0.010     2.02    -0.44     5.88     7.26
     2    0.076   -0.453     -0.413  0.006     2.89     0.50    -1.27     2.59
     2    0.202   -0.131      0.345  0.006     4.02    -2.46     0.31     5.81
     2    0.380    0.144     -0.567  0.006     2.22     1.12    -2.55     4.10
    -2    0.401   -0.254      0.069  0.006    -0.20     3.04     1.95     5.52
     2   -0.197   -0.743      0.649  0.006    -1.13     3.62     2.02     3.83
    -1   -0.145   -0.155     -0.098  0.010    -2.85    -0.19    -2.07     3.04
     1   -0.562   -0.244      0.198  0.010    -3.79    -2.17     1.55     4.06
    -2    0.449    0.132      0.568  0.006     3.88    -0.49     5.25     7.31
    -2    0.408   -0.270      0.039  0.006     3.02     1.44    -0.30     1.74
    -1    0.043   -0.220      0.055  0.010     4.90     2.43     0.98     1.97
    -2   -0.032   -0.024      0.165  0.006     1.26     3.47     1.11     4.38
     2    0.053    0.742     -0.441  0.006     1.21     6.24    -3.73     5.15
     2   -0.637   -0.126     -0.287  0.006     0.08    -5.07    -0.25     1.02
    -3   -0.218   -0.045      0.126  0.199    -0.75    -3.64     2.13     5.56
    -1    0.010   -0.126      0.002  0.010     1.56    -3.71     4.39     7.41
    -1    0.066    0.006      0.034  0.010     1.35     0.41     6.31     7.21
    -2    0.029   -0.007     -0.012  0.006     6.05     1.74     5.14     8.03
    -2   -0.181    0.061     -0.123  0.006     0.91    -2.85    -0.62     2.23
     2    0.307   -0.109     -0.178  0.006     2.11     0.40    -2.51     6.15
    -3   -0.448    0.184      0.055  0.199    -0.88     6.66     0.02     2.26
    -1   -0.039    0.047      0.223  0.010     1.61     3.60     7.63     8.71
    -2    0.018   -0.054     -0.672  0.006    -0.51     5.02    -7.87     8.31
     1   -0.257   -0.074      0.429  0.010    -4.10    -5.30    13.17    14.95
    -3   -0.331   -0.163     -0.166  0.199    -5.01    -0.87    -2.73     5.47
     3    0.287    0.303     -0.527  0.199     2.64     0.21    -3.28     4.55
    -2   -0.200    0.014     -0.130  0.006    -0.12     0.64    -4.43     5.72
     1    0.195   -0.258     -0.181  0.010    -0.29    -5.55     0.03     0.16
    -1    0.175   -0.388      0.709  0.010     0.42    -5.88     1.17     1.75
     1   -0.218   -0.008     -0.105  0.010    -0.86     1.44    -0.53     2.46
     2    0.028   -0.097      0.231  0.006     1.10    -2.43     3.64     5.68
     3   -0.097   -0.256     -0.279  0.199    -2.34     0.43    -1.90     5.06
     2    0.100   -0.300     -0.165  0.006     4.24     0.72     0.07     0.32
     2    0.031    0.010     -0.071  0.006     4.28     1.12     0.26     0.60
     2    0.083   -0.309      1.946  0.006     3.46    -1.91    13.39    13.82
     2   -0.001   -0.304     -0.002  0.006     1.59    -5.38    -0.01     0.16
     1   -0.136    0.105      0.142  0.010     1.02    -2.44     3.58     5.68
     3   -0.114   -0.385     -0.219  0.199    -1.58   -14.31    -6.30    12.98
     2   -0.201   -0.318     -0.257  0.006     4.02    -3.41    -0.06     0.16
     1   -0.151    0.119     -0.032  0.010     1.82    -0.21    -0.05     4.35
     1    0.070    0.019      0.070  0.010     4.30    -0.28    -0.84     3.48
    -2   -0.136   -0.022      0.256  0.006    -2.14    -1.43     0.53     0.62
    -1    0.222   -0.299      1.603  0.010    -0.57    -2.92    11.34    11.87
    -1   -0.310   -0.904     -0.232  0.010    -2.90    -3.47     0.35     2.42
     1   -0.176    0.031     -0.004  0.010     0.35     4.19     1.00     4.60
     1   -0.207    0.026     -0.128  0.010    -1.04     3.24    -2.62     3.77
     1   -0.048    0.031      0.151  0.010    -2.48    -0.23     5.48     7.29
    -2    0.072    0.123     -0.025  0.006     1.95    -1.87     1.28     2.47
     1    0.786    0.294      0.169  0.010     3.25    -3.26     0.05     0.16
     1    0.391    0.079      0.018  0.010     3.00    -1.85     0.12     2.75
     1    0.521    0.408     -0.057  0.010     3.56    -3.38     0.13     0.47
     2    0.147   -0.029      0.099  0.006     3.93    -3.35     0.24     1.11
     2   -0.001    0.081     -0.022  0.006    -2.51     3.60    -1.71     7.28
     2   -0.018    0.064      0.222  0.006    -3.18    -0.45     5.08     7.36
     2   -0.083   -0.020      0.038  0.006    -2.45    -1.40    -0.37     1.07
     1   -0.258   -0.165      0.390  0.010    -3.34     1.66     1.35     1.98
     3   -0.136    0.160      0.056  0.199    -1.17     3.61     2.22     3.83
     1   -0.134   -0.030      0.032  0.010    -0.90     2.19    -0.20     5.53
    -2    0.268   -0.061      0.212  0.006     3.52    -0.62     0.32     6.37
     2   -0.027   -0.007      0.092  0.006     2.94     1.32     4.11     7.36
     3   -0.244    0.140     -0.011  0.199     0.64     1.29    -0.62     3.85
     2    0.088   -0.333     -0.318  0.006     3.05     0.39    -3.42     3.92
     2    0.188    0.041     -0.164  0.006     2.89     0.57    -1.39     2.52
     2    0.124   -0.102     -0.443  0.006     0.85    -5.05    -0.06     0.16
     2   -0.196   -0.239     -0.081  0.006     0.79    -5.82    -0.03     1.13
     2   -0.125    0.036     -0.148  0.006     0.18    -5.11    -0.34     1.02
     1   -0.057   -0.235      0.044  0.010    -4.04    -4.03    -0.02     0.22
    -1   -0.197   -0.194     -0.006  0.010    -2.35    -8.36    -0.76     4.95
     1   -0.208   -0.644     -0.026  0.010    -0.21    -5.58     0.10     0.79
     3    0.158    0.049      0.867  0.199     0.65    -3.49     4.34     5.87
     2   -0.025   -0.440     -1.655  0.006    -1.45    -4.17   -13.22    13.76
     1    0.066    0.015      0.240  0.010     5.73     0.70    18.61    19.82
    -3    0.364    0.634      0.034  0.199     4.51     3.54     0.27     0.98
     1    0.165    0.046     -0.113  0.010     4.43    -1.79     1.26     4.91
     1   -0.140   -0.404     -0.167  0.010     2.01    -5.90    -0.13     1.58
     2    0.287   -0.374     -0.040  0.006     3.13    -4.37     0.22     0.96
     2    0.432    0.855     -0.310  0.006    -3.46     2.91    -0.62     2.30
    -1   -0.166    0.120     -0.140  0.010    -6.20     1.96    -3.05     5.19
     2    0.458    0.270     -0.330  0.006     4.12     2.42    -0.22     0.64
    -2    0.692    0.618     -0.155  0.006     4.02     2.19    -0.03     0.16
    -1    0.332   -0.083      0.194  0.010     1.09     6.56     0.04     0.49
    -1   -0.058    0.102      0.010  0.010     1.18     5.76    -0.50     1.39
    -1   -0.381    0.138      0.023  0.010     0.78     6.52     0.02     0.16
     2   -0.130    0.001      0.002  0.006    -1.36    -3.00    -2.22     3.31
     1   -0.201   -0.093     -0.002  0.010    -5.47    -7.05    -0.58     8.70
     1    0.091   -0.085      0.093  0.010    -0.63    -2.88     2.69     5.72
     1   -0.376   -0.327     -1.639  0.010     0.85    -2.43    -3.93     4.13
     1   -0.052   -0.184     -0.017  0.010    -2.97    -2.57     1.10     6.19
     1    0.074    0.007     -0.057  0.010     2.25    -2.83    -2.66     5.34
    -3    0.253   -0.193      0.485  0.199     2.28     1.65     3.80     6.50
     1    0.096    0.152     -0.086  0.010    -1.69     2.88     1.08     2.02
    -3    0.005    0.133      0.222  0.199     6.00     4.51     2.16     3.64
    -1    0.216   -0.134      0.046  0.010     5.98     2.85    -0.04     0.17
    -2   -0.047    0.055     -0.027  0.006     4.91     3.43    -1.69     2.22
     1   -0.039   -0.057      0.227  0.010    -3.12     2.11     1.86     2.38
     1   -0.158   -0.020     -0.757  0.010    -3.69     2.58    -2.09     2.27
     1   -0.155   -0.079     -0.180  0.010    -2.85     3.12    -3.07     3.95
     2   -0.200   -0.239     -1.197  0.006     0.50    -0.94    -4.19     5.23
     3    0.330   -0.169      0.227  0.199     3.67    -4.11     1.46     5.58
     2    0.069   -0.069     -0.110  0.006    -0.65    -3.84    -1.61     2.50
     2   -0.206    0.078     -0.032  0.006     0.73    -0.74     0.31     4.89
    -1   -0.130   -0.051      0.283  0.010    -3.79    -1.21     8.23    11.19
     1   -0.010   -0.078     -0.219  0.010    -2.24     2.06    -0.51     3.76
     1   -0.118   -0.028     -0.373  0.010    -4.02     1.57    -4.15     4.96
     2   -0.373    0.395     -0.130  0.006    -1.91     3.00    -0.43     2.24
     1    0.105    0.054     -0.211  0.010    -1.64     1.82    -5.63     7.65
     3   -0.058    0.253      0.437  0.199    -3.46     5.59     0.74     1.12
     2   -0.050    0.238      0.066  0.006    -1.85     8.30     1.03     4.26
     2    0.197    0.135     -0.655  0.006     2.22    -1.10    -3.06     4.42
     2   -0.004   -0.045      0.082  0.006     3.42    -4.78    -1.28     6.51
     1    0.014   -0.176      0.129  0.010     1.47    -1.71     0.16     0.55
    -1    0.429   -0.023      0.314  0.010     3.39    -2.24     1.51     4.68
     1   -0.191   -0.187     -0.180  0.010     1.84    -4.52    -4.28     6.87
     1   -0.183   -0.120      0.112  0.010    -3.00    -3.01     1.60     3.78
     1   -0.512    0.172      0.095  0.010    -2.39    -0.58    -0.48     1.29
     1   -0.149    0.039     -2.068  0.010    -2.77    -0.02    -3.18     3.96
     1   -0.108   -0.232      0.106  0.010    -4.43    -1.77     0.77     3.72
     1   -0.172   -0.177      0.626  0.010    -2.34     0.91     2.21     2.62
     2    0.033   -0.084      0.547  0.006     0.38     1.80    12.05    13.02
    -2   -0.039    0.107     -0.537  0.006    -2.18    -0.61    -1.89     2.91
     3    0.158   -0.093     -1.113  0.199     0.45    -2.39   -10.14    10.91
     2    0.064   -0.071      0.554  0.006     3.50    -2.09     0.08     0.17
     1    0.037    0.017     -0.023  0.010     5.66     3.76    -0.72    10.75
     1   -0.063   -0.167      1.089  0.010     4.81    -3.79    22.96    23.59
     1    0.394    0.029     -0.362  0.010     4.45    -1.22    -0.09     1.29
    -2    0.871    0.377     -0.215  0.006     4.08    -1.71    -0.25     0.69
     2    0.020   -0.263      0.030  0.006    -3.16    -1.68    -0.00     3.41
     1   -0.139    0.177      0.091  0.010    -3.09     0.31    -0.53     1.36
     2   -0.214   -0.211      0.208  0.006    -3.21    -1.29     0.77     2.30
     1    0.161   -0.337      0.280  0.010     2.74    -4.68     0.27     1.38
     2    0.002   -0.717     -0.734  0.006     2.09    -4.54    -0.20     0.50
     1    0.265    0.154     -0.565  0.010     2.27    -3.64    -1.36     2.17
    -1   -0.000    0.776      0.776  0.010     1.35     3.61     4.25     7.82
     1   -0.010    0.014      0.053  0.010    -0.74     2.54    -0.96     2.33
     2    0.094    0.053     -0.038  0.006     0.12    -4.76    -2.05     2.76
     3   -0.389    0.097     -0.240  0.199    -1.36    -5.49    -0.07     0.17
     2   -0.228   -0.315      0.054  0.006    -1.36    -5.49    -0.07     0.17
    -1    0.151    0.217     -0.184  0.010     2.54     1.68    -4.72     6.20
     3   -0.009   -0.783     -0.201  0.199     2.81    -3.81    -2.27     7.97
     2    0.512    0.234     -0.107  0.006    -0.14     3.49    -0.32     2.57
    -2    0.043    0.033      0.100  0.006    -0.10     2.52    -1.63     3.13
     1   -0.233   -0.195      0.404  0.010    -4.96    -1.30     2.30     3.27
    -3   -0.133    0.239     -0.581  0.199    -9.60    15.68   -42.40    48.86
     1    0.021   -0.003      0.025  0.010     4.09     1.44    -3.74     6.71
     3    0.211    0.222     -1.154  0.199     2.04     1.03    -5.93     7.02
     2   -0.011    0.020      0.021  0.006     0.38    -0.55     0.95     2.82
     3    0.048   -0.193      0.083  0.199     0.74    -4.66     4.36    13.35
    -1    0.169   -0.165      0.720  0.010     3.73     2.64     6.67     7.57
     1   -0.169    0.077      0.166  0.010    -0.51     3.17     4.37     7.02
    -2    0.201   -0.069      1.925  0.006    -0.28     4.78    11.28    11.82
    -1   -0.021   -0.160      0.050  0.010    -2.76    -2.21    -2.40     6.02
     2   -0.024    0.021     -0.019  0.006    -4.12    -0.98    -4.70     5.65
     1   -0.126   -0.260      0.485  0.010    -1.93    -5.29     3.32     3.90
     1    0.240   -0.061      0.143  0.010    -1.14    -2.14     0.96     4.48
     1   -0.373   -0.031      0.001  0.010    -2.34    -3.58     0.70     1.54
     1    0.134   -0.283     -0.604  0.010     0.66    -4.71    -1.90     2.33
    -1   -0.177   -0.164      0.066  0.010    -0.51    -2.10     2.79     6.00
    -2    0.315    0.136     -0.020  0.006     3.28     2.69    -0.28     0.67
     1   -0.081   -0.310     -1.208  0.010     4.49     1.62    -4.26     4.75
    -1    0.031    0.012     -0.091  0.010    -0.19    -2.14    -1.26     2.70
     1    0.282    0.047     -0.304  0.010     2.28    -4.51    -5.03     6.41
    -2    0.251    0.460     -0.584  0.006     0.87     4.36    -1.78     2.74
     1   -0.329   -0.272     -0.171  0.010    -0.26     4.74    -0.74     2.62
     3   -0.158   -0.194      0.071  0.199    -0.59    -4.78     0.37     1.65
     1   -0.036   -0.260      0.609  0.010    -1.85    -5.22     1.20     1.42
     2    0.005   -0.010     -0.178  0.006    -1.43    -5.02     0.07     0.18
    -2    0.078    0.036     -0.007  0.006     0.63     0.76     0.27     6.04
     2   -0.222   -0.274     -0.090  0.006     0.55     0.59     0.50     6.04
    -1    0.083   -0.178     -0.042  0.010    -1.27     1.64     0.68     2.78
     2    0.276   -0.217      0.490  0.006    -0.15     2.92     4.19     4.88
     2    0.092   -0.091      0.529  0.006     1.72     3.63     7.65     8.71
     2   -0.263    0.032      0.032  0.006    -2.24     3.78    -1.37     4.20
     2    0.153    0.018     -0.263  0.006     0.89     3.29    -7.14     8.13
    -2    0.182    0.217     -0.346  0.006     4.76    -3.87    -1.79     3.50
     1   -0.121   -0.287      0.079  0.010     4.46    -5.71    -0.00     0.18
     2   -0.243    0.060      1.161  0.006    -2.82    -1.99     2.52     3.59
     1   -0.116   -0.101     -0.097  0.010    -2.63    -5.12    -2.69     6.51
     2    0.051   -0.192     -0.021  0.006    -1.91    -4.21     0.01     1.36
    -2   -0.049   -0.021     -0.051  0.006     2.57    -0.54     2.28     6.30
     1   -0.104    0.391      0.087  0.010     0.72    -2.49     0.25     2.93
     2   -0.542    0.026      0.002  0.006     0.50     5.19    -0.03     0.80
     1    0.074    0.020      0.038  0.010     1.29     4.43    -0.35     1.58
     1    0.031    0.196      0.192  0.010     0.71     4.71     1.16     1.33
     2   -0.619    0.327     -0.119  0.006    -3.00     3.06     0.09     1.28
    -1    0.172    0.114     -0.280  0.010    -1.38     1.67     0.51     3.58
     2   -0.058   -0.130      0.468  0.006    -1.14     1.00     3.63     5.29
     1   -0.109    0.133      0.118  0.010    -5.48     7.17     6.39     9.02
     1   -0.001   -0.089     -0.053  0.010    -3.79    -1.24     0.79     7.14
    -1   -0.118    0.175      0.003  0.010    -1.62     0.05     1.09     4.11
     3    0.335   -0.070     -0.482  0.199     5.29     1.00    -9.78    12.05
    -2    0.108   -0.029      0.108  0.006    -2.64    -4.57    -0.17     5.15
     2    0.019    0.089      0.088  0.006    -2.54    -1.40     0.94     1.65
     1   -0.218    0.166     -0.066  0.010    -6.11    -0.88     2.51     4.26
     1   -0.031    0.067      0.321  0.010    -6.07     1.67     3.68     7.03
     2    0.055   -0.380      0.357  0.006    -5.80    -0.80     0.06     0.18
     3   -0.133    0.010     -0.455  0.199    -3.83    -5.27    -0.72     2.09
     2   -0.220    0.204     -0.181  0.006    -3.97    -3.66    -0.32     0.51
     1    0.108    0.088     -0.305  0.010    -1.66    -2.90    -0.15     2.87
     1   -0.079   -0.015     -0.044  0.010    -2.98    -2.55     1.08     6.19
     1    0.004   -0.029      0.098  0.010    -3.94     2.37    -0.43     0.74
     2   -0.326    0.475      0.519  0.006    -3.89     3.81     2.85     3.93
    -3    0.184   -0.414     -0.102  0.199     2.82    -3.30    -0.89     3.87
     1    0.691   -0.187      0.444  0.010     6.12    -0.90     4.22     7.07
     1    0.008   -0.167     -0.098  0.010     3.33    -0.26    -0.06     0.40
    -2   -0.857    0.343      0.514  0.006     0.62    -0.38     2.48     3.75
     2   -0.100   -0.215     -0.178  0.006     4.88    -1.93    -0.26     1.14
     1    0.025   -0.181      0.395  0.010     5.13    -1.18     0.53     0.68
     3    0.176    0.022     -0.335  0.199     5.77    -0.12    -0.23     1.57
     1    0.113    0.007     -0.008  0.010    -3.50     0.08     5.10     8.87
     1    0.139    0.144     -0.032  0.010     1.28    -0.51    -0.26     3.39
     2    0.041   -0.027     -0.674  0.006     0.07    -2.84    -7.49     8.18
    -1    0.168    0.566     -0.626  0.010    -3.73     3.34    -3.04     4.63
     1   -0.079   -0.116      1.004  0.010    -4.84    -0.15     1.91     2.42
    -1   -0.231    0.131      0.198  0.010    -2.97     5.23     5.86     7.70
    -1   -0.410   -0.237      0.292  0.010    -4.78     0.92     0.36     1.95
    -2    0.142    0.188     -0.056  0.006    -3.16     2.14    -1.00     3.09
     2    0.390   -0.046     -0.042  0.006     2.67     0.84    -0.45     1.60
     1   -0.060    0.145     -0.207  0.010     2.88     1.27    -0.14     1.74
     2    0.081   -0.077     -0.080  0.006     2.18     1.03    -5.03     6.26
    -1    0.745    0.338     -0.702  0.010     4.43     2.02    -3.14     4.59
     1    0.241   -0.139      0.037  0.010     4.71    -1.64    -1.88     5.31
     1   -0.399    0.580     -1.854  0.010    -1.27     1.18    -6.68     7.06
     1   -0.238   -0.092      0.121  0.010    -0.76     1.67    -0.10     1.98
     1    0.149   -0.351     -0.773  0.010     0.32     1.89    -5.88     7.35
     1   -0.208   -0.055      0.093  0.010    -4.52     0.47     0.30     1.82
     1    0.002   -0.091     -0.010  0.010    -1.11    -0.71    -3.67     8.67
     2   -0.292   -0.025     -0.054  0.006    -4.47     0.81    -0.03     0.42
     1   -0.186   -0.153      0.207  0.010     3.13    -4.19     0.31     2.55
     2    0.080   -0.038      0.207  0.006     2.63    -4.47     0.08     0.19
     1   -0.024    0.000     -0.037  0.010     4.25    -2.07    10.54    11.62
     3   -0.007    0.105      0.122  0.199    -2.25     2.06    -0.15     3.34
    -3   -0.211    0.117     -0.702  0.199    -2.45     1.87    -1.47     2.35
    -2   -0.213    0.154      0.107  0.006    -1.54     1.91     0.67     1.94
     1   -0.382    0.253     -0.155  0.010    -1.71     1.47    -0.53     2.03
    -1    0.071   -0.032      0.103  0.010    -1.50     1.90     0.77     3.46
     3    0.129   -0.069     -0.132  0.199     1.24    -1.37    -1.27     7.37
    -2   -0.033   -0.500     -1.470  0.006     2.42    -4.57    -0.91     1.10
    -1   -0.298   -0.201     -0.743  0.010    -4.47    -7.07   -13.60    16.64
    -2   -0.142   -0.066      0.055  0.006     2.09    -2.16     0.09     3.08
     1   -0.257    0.228      0.245  0.010    -5.76     2.27     0.14     0.51
    -1   -0.540   -0.214     -0.370  0.010    -5.56     2.07    -0.03     0.19
     1   -0.336   -0.530     -0.304  0.010     1.00     0.24    -0.43     1.17
     1   -0.049   -0.050     -0.008  0.010     1.01     1.95     1.83     4.87
     1    0.016   -0.091      0.606  0.010     1.36    -0.65     6.59     7.10
     1   -0.467    0.124      1.153  0.010    -2.59    -5.20     5.64     6.57
     2   -0.119   -0.456      0.620  0.006    -0.56    -4.32     2.37     2.85
     1   -0.114   -0.072      0.020  0.010    -2.92    -2.87     4.51     6.78
    -2   -0.033   -0.047     -0.004  0.006     1.72     0.42     2.81     5.44
     3    0.163    0.142      0.407  0.199     0.85     1.18     2.57     3.29
    -2   -0.159   -0.068      0.042  0.006    -1.37    -0.28     1.30     3.34
     2    0.368    0.219     -0.020  0.006     0.90     2.61     0.62     3.24
     3    0.356   -0.631      1.194  0.199     3.81    -4.44     1.54     2.03
    -1    0.350   -0.393      0.225  0.010     4.17    -4.62     0.64     1.71
     2    0.387   -0.188     -0.364  0.006    -1.59     1.91    -1.87     3.26
     1    0.136    0.008     -1.060  0.010     0.05     1.53   -15.06    16.01
     1   -0.083    0.073     -0.097  0.010    -2.20     2.32    -0.53     3.76
     1   -0.374   -0.247     -0.777  0.010    -4.49    -1.25    -5.95     6.94
    -2    0.102    0.054     -0.026  0.006     0.15    -0.65     3.17     5.39
     1    0.005    0.008     -0.463  0.010    -4.06    -0.67    -8.18     9.44
    -3   -0.095   -0.045     -0.344  0.199    -2.42    -1.48    -0.52     1.07
    -2   -0.207    0.071      0.035  0.006    -2.55    -1.62     1.40     3.19
     2    0.063   -0.199     -0.010  0.006     2.58     0.97    -4.27     8.29
     3    0.513    0.114      0.076  0.199     3.52    -3.74     0.04     0.19
    -3    0.066   -0.112      0.417  0.199     2.98    -4.33     4.26     6.24
     2   -0.368   -0.320      1.097  0.006    -3.13     2.50     4.15     4.74
     2   -0.017   -0.103     -0.108  0.006    -2.64     0.63     0.45     2.87
     1   -0.017   -0.135      0.246  0.010     2.01    -0.30     6.24     9.02
    -3    0.053    0.131      0.162  0.199    -0.12    -4.33     1.20     2.23
     1    0.044   -0.096      0.089  0.010    -0.24    -5.63     0.11     0.79
    -3    0.040   -0.924      0.168  0.199    -0.11   -13.36     3.35    11.45
    -2   -0.149    0.014      0.515  0.006    -1.32    -3.89     1.84     2.53
    -2   -0.273   -0.380      0.834  0.006    -0.35    -5.23     0.69     0.93
    -2   -0.498    0.043      0.187  0.006     0.14    -0.47     4.74     6.28
     2    0.110    0.311     -0.312  0.006     0.90     2.31    -3.15     4.33
     2    0.152   -0.265      0.339  0.006     5.52    -1.18     5.89     8.73
     1    0.222    0.263      0.670  0.010     3.54     0.21     0.87     1.62
     2   -0.056    0.087     -0.000  0.006     3.22     0.39     1.71     3.74
     1   -0.137   -0.050     -0.058  0.010    -0.63     0.86    -5.39     6.12
    -3    0.530    0.147     -0.946  0.199     5.95    -0.39    -7.69     9.64
    -2   -0.197   -0.629     -0.592  0.006     1.21    -5.88    -2.59     5.14
     2    0.141    0.095      0.337  0.006     3.19    -3.52     0.03     0.46
    -2    0.029   -0.089      0.285  0.006    -5.08    -3.74     0.55     1.21
    -1   -0.027   -0.213     -0.114  0.010    -4.94    -3.10     0.14     2.06
    -2   -0.061   -0.217     -0.064  0.006    -4.27    -3.95    -0.11     0.43
     1    0.081   -0.062     -0.226  0.010    -4.04    -2.96    -5.65     6.55
     2    0.024   -0.013     -0.377  0.006    -3.51     3.10   -10.12    11.48
     1    0.048    0.004     -0.810  0.010    -2.95     0.34    -4.29     4.82
    -2   -0.328    0.370      3.968  0.006    -7.62     5.35    75.09    75.79
     1   -0.444    0.065     -0.282  0.010    -3.49    -0.77    -1.08     2.34
     1    0.299   -0.232     -1.148  0.010     6.46    -2.29    -7.66     8.99
    -3   -0.304   -0.705      1.526  0.199     3.40    -4.50     1.95     2.60
     1   -0.035    0.122      0.039  0.010    -0.90     4.88     0.89     2.78
    -1   -0.429    0.069      0.045  0.010    -6.71     4.20     0.50     4.26
    -2   -0.040   -0.065     -0.060  0.006    -1.57     3.76    -1.52     3.61
    -2    0.126    0.266      0.341  0.006    -3.29     3.87     6.56     7.62
    -1   -0.302    0.385      0.561  0.010    -5.53     7.09     6.47     9.02
    -1   -0.294   -0.130      0.087  0.010    -2.37     0.43    -1.98     5.06
     2    0.046    0.023     -0.124  0.006    -3.31    -0.83   -13.80    17.73
     1    0.257   -0.348     -0.019  0.010     3.64    -4.12     1.36     5.58
    -3   -0.060   -0.024     -0.260  0.199     0.22    -2.23   -12.93    15.67
     1   -0.410   -0.011     -0.222  0.010    -4.83     2.59    -0.93     3.03
     2    0.058   -0.001      0.017  0.006    -3.46     3.32    -0.32     2.44
     2   -0.139    0.098     -0.343  0.006    -3.24     3.26    -0.93     1.34
     2   -0.170   -0.037      0.022  0.006    -1.85     2.60     1.71     3.33
    -3   -0.707    0.161      0.390  0.199    -3.78     1.98     0.67     1.16
     3   -0.331   -0.367     -0.387  0.199    -2.99    -4.67    -3.65     5.46
     2   -0.289   -0.087     -0.493  0.006    -2.24    -4.86    -0.11     0.19
     2    0.033   -0.234     -0.347  0.006    -1.87    -4.33    -0.16     1.34
    -2   -0.287   -0.032      0.434  0.006    -0.17    -2.60     1.28     2.69
     2   -0.384   -0.166      0.695  0.006    -1.12    -3.16     0.41     0.85
     1   -0.100    0.173      0.032  0.010     1.41     1.43     0.53     2.17
     1    0.640   -0.315     -1.354  0.010     1.89     0.57    -3.46     4.08
     3    0.129   -0.014     -0.555  0.199     2.64     2.72    -9.29    10.27
     2   -0.104    0.064     -0.188  0.006     2.45     3.98    -1.59     4.30
    -2    0.016    0.093     -0.357  0.006     1.36     1.54    -0.64     0.74
     2   -0.075   -0.185     -0.223  0.006     0.87    -0.73    -2.04     3.65
     1   -0.299   -0.300     -0.236  0.010     1.28    -1.29    -1.79     3.16
     2   -0.272   -0.425     -0.242  0.006     0.41    -1.78    -1.00     2.28
    -3   -0.288    0.091      0.722  0.199    -0.33    -3.22    10.74    11.59
     2   -0.304   -0.185     -0.190  0.006    -3.06    -1.57     0.01     3.41
    -2   -0.002   -0.004     -0.030  0.006    -0.61    -4.45     1.68     3.11
    -1   -0.095   -0.145     -0.492  0.010    -0.15    -4.42    -4.71     5.03
    -1   -0.245    0.040      0.191  0.010    -0.07    -4.05     0.23     1.23
     1    0.312   -0.140      0.709  0.010     2.47    -2.10     9.26    10.83
    -2   -0.006   -0.173      0.117  0.006    -0.19    -3.22    -1.40     2.69
     1    0.001    0.084      0.041  0.010     5.04     3.95     7.97     8.86
     1    0.128    0.305     -0.232  0.010     5.03     1.26    -0.01     0.19
     2    0.296    0.125      0.252  0.006     4.78     1.56     0.38     0.85
    -2    0.092    0.017     -0.135  0.006     0.76    -2.80    -0.23     0.80
    -2    0.098   -0.216     -0.330  0.006     1.85    -3.86    -0.59     1.47
    -1    0.120   -0.078      0.075  0.010    -1.26    -1.96     1.08     4.31
     2   -0.208   -0.226      0.325  0.006     0.69    -1.61     3.20     4.49
    -3    0.263   -0.772     -0.473  0.199     5.07   -18.43   -12.40    26.51
     2   -0.277    0.143     -0.548  0.006    -1.00     2.89    -1.37     1.54
     1    0.160   -0.136     -0.357  0.010     0.13     2.15    -2.21     5.35
     2   -0.039    0.081     -0.571  0.006    -1.09     3.37    -7.56     8.34
     1    0.098    0.185     -0.330  0.010     2.89     1.80    -7.89    10.87
    -1   -0.043   -0.130      0.118  0.010     0.48    -4.76     2.96     3.24
    -2    0.130    0.089     -0.451  0.006    -1.53     4.01    -1.16     1.50
     1   -0.120    0.058      0.167  0.010    -1.04     4.18    -0.06     1.75
     2    0.160   -0.052     -0.126  0.006     2.48    -0.74    -0.39     3.47
    -1    0.148   -0.125      0.036  0.010    -0.21    -1.39     1.08     3.96
    -1   -0.048    0.012     -0.256  0.010    -5.72    -1.90    -4.66     5.95
     2   -0.313    0.210      0.195  0.006    -4.87     0.01     1.81     2.42
    -3    0.128    0.624      0.106  0.199     4.16    -1.22    -0.02     0.20
     1   -0.029   -0.150     -0.475  0.010     2.42    -1.01    -3.49     4.27
     1   -0.391   -0.083      0.391  0.010    -0.57    -2.44     6.97     7.54
     1    0.032   -0.016     -0.002  0.010     2.61    -2.40     1.72     2.71
     1    0.050   -0.061     -0.024  0.010     1.36     3.58     4.13     7.82
     2    0.245    0.022      0.242  0.006     2.70    -2.56     3.58     4.44
    -1   -0.084   -0.040      0.330  0.010     1.64     0.30     2.63     5.44
    -2   -0.304    0.304     -1.732  0.006    -6.07     0.22    -9.86    10.72
    -1    0.069   -0.129      0.034  0.010    -2.87     0.02     1.09     5.25
    -2    0.283    0.051     -0.018  0.006    -4.00     0.71    -2.03     3.27
    -1   -0.162   -0.344      0.486  0.010    -0.51    -3.15     2.49     5.75
     2    0.101    0.054     -0.062  0.006     1.82    -0.62     0.45     5.11
    -1    0.354    0.091      0.014  0.010     1.28    -0.01     0.08     1.62
     2   -0.007   -0.041     -0.186  0.006     1.91    -1.20    -4.99     6.52
    -1    0.093    0.548      0.058  0.010    -0.66     6.09    -1.29     2.07
     1   -0.361   -0.159     -0.337  0.010    -1.88     5.49    -1.18     1.53
     1    0.049    0.180     -0.251  0.010     3.63     4.37    -3.26     5.82
     2    0.025   -0.191     -0.634  0.006     3.70     3.60    -7.96     8.33
     2    0.058    0.216     -0.030  0.006     3.99     2.41     0.94     1.53
     1   -0.004   -0.014     -0.296  0.010    -0.98     1.62    -1.45     3.86
    -1   -0.215    0.040      0.554  0.010    -1.77     3.75     1.67     1.85
     2    0.069   -0.361     -0.695  0.006     2.83    -1.99    -2.76     3.39
     1    0.316   -0.370     -0.429  0.010     3.87    -1.91    -3.21     4.43
     2    0.003   -0.124      0.289  0.006     3.26    -0.67     2.01     2.56
     1   -0.009   -0.013      1.241  0.010     0.03    -1.51    24.04    25.21
     1   -0.023    0.304     -0.034  0.010    -0.70     4.65     0.68     1.39
     2   -0.017    0.147      0.298  0.006    -0.54     3.81     0.47     0.66
    -2   -0.414    0.310      0.276  0.006    -1.86     2.94    -0.25     2.28
     2   -0.106    0.028      0.086  0.006    -1.46     3.64     0.87     1.97
     1    0.050    0.076      0.175  0.010     2.24     4.83    14.36    15.37
     2    0.046    0.017      0.195  0.006     3.60     3.15     3.22     4.58
     1   -0.038    0.074      0.128  0.010     1.48     3.93     1.54     2.92
    -3    0.052    0.190      0.602  0.199     1.70     5.51     0.78     1.46
     1    0.216    0.221      0.894  0.010     1.74     6.04     4.83     5.18
     3    0.181    0.179     -0.440  0.199     3.82    -0.83    -6.21     9.19
    -2    0.091   -0.156      0.867  0.006     0.79    -3.85     2.32     2.70
     2    0.364   -0.059     -0.694  0.006     3.64    -3.80    -0.38     0.49
     2   -0.085   -0.615     -0.455  0.006     3.49    -3.76    -0.14     0.20
     2   -0.058   -0.179     -1.027  0.006     1.17    -3.34    -6.14     6.68
     2    0.059   -0.173     -0.097  0.006     0.78    -4.34    -0.28     0.84
    -2    0.292    0.037     -0.002  0.006     2.62    -3.54     0.84     2.55
    -1    0.547    0.547      0.213  0.010     4.17    -3.34     0.04     0.20
     1    0.214    0.097      0.074  0.010     4.24    -4.70     0.64     1.71
     3    0.063   -0.765      0.277  0.199     3.59    -2.22     0.04     0.20
    -1   -0.023   -0.022     -0.098  0.010     3.82    -2.38    -0.24     0.74
    -1    0.003    0.137      0.237  0.010    -1.41     1.58    21.09    22.42
     1    0.062   -0.050      0.204  0.010    -1.53     0.07     1.22     4.11
    -3    0.143   -0.038      0.591  0.199     1.43     0.91    10.04    12.92
     1   -0.259   -0.329      0.373  0.010    -2.03    -1.38     6.11     8.38
    -2    0.403   -0.068     -0.006  0.006    -1.46    -3.98    -0.53     3.66
     1   -0.116   -0.006     -0.699  0.010    -2.11    -3.39    -2.60     3.39
     1    0.097    0.168      0.204  0.010     1.21     7.00     0.99     1.28
    -1   -0.278    0.526     -0.047  0.010     0.76     6.68     0.07     0.20
    -3   -0.198   -0.665     -0.108  0.199    -2.06    -3.99    -1.16     3.75
     3   -0.285   -0.404     -0.320  0.199    -2.52    -5.21    -2.61     6.04
    -2   -0.330   -0.341      0.219  0.006     0.07    -0.31    -0.00     0.36
     2    0.131   -0.009      0.164  0.006     1.71    -0.92    -2.06     3.43
     2    0.092    0.390      0.462  0.006     2.51    -2.33     1.81     2.71
     2    0.325   -0.137     -0.290  0.006     3.65    -1.96    -0.06     0.28
     1    0.192    0.143     -0.187  0.010     3.68    -1.97    -0.21     0.36
     2    0.035    0.027     -0.171  0.006    -2.93    -0.97     0.48     6.50
    -2   -0.210    0.167      0.750  0.006     0.22    -0.46     4.49     6.64
     1   -0.167   -0.046      0.605  0.010    -0.69     2.11     7.57     7.94
    -2    0.009    0.149      0.081  0.006     0.13     3.58     0.14     1.48
     2    0.233    0.303      0.039  0.006     1.33    -1.81    -0.48     2.00
     2    0.024   -0.108     -0.803  0.006     2.73    -3.33   -20.29    21.08
     1    0.065   -0.059     -0.142  0.010     4.81    -1.73    -1.63     5.31
    -1   -0.127    0.182     -0.276  0.010    -2.10     1.91    -1.16     1.84
     1   -0.029    0.392      0.150  0.010    -2.45     1.97     0.21     0.82
    -2   -0.189    0.131      0.417  0.006     1.62     3.38     1.27     4.75
     2    0.063   -0.023     -0.260  0.006     5.26     1.24     0.18     0.51
    -1    0.548   -0.173     -0.087  0.010     3.62    -1.18     0.69     2.84
     3    0.344    0.012     -0.280  0.199     2.21    -1.89    -2.57     6.63
    -1    0.089   -0.106     -0.010  0.010     0.56    -5.08     0.64     1.73
     2   -0.479   -0.319     -0.282  0.006     0.59    -4.73    -0.03     0.26
     2    0.069   -0.109      0.245  0.006     4.54    -1.43     5.89     6.93
     1    0.096   -0.100     -0.878  0.010     1.78    -4.51    -3.13     3.58
     2    0.214    0.064      0.385  0.006     3.42     0.52     4.05     7.68
     1    0.007   -0.066      0.067  0.010     0.06     0.49     2.41     3.26
     2   -0.038   -0.181     -0.109  0.006     0.24    -1.40     1.17     2.28
     1   -0.040    0.097      0.506  0.010    -2.06     0.47     3.22     3.81
     1    0.034   -0.103      0.052  0.010    -1.68    -1.79    -1.05     6.07
     2   -0.466    0.090     -0.095  0.006    -4.34     3.96    -1.10     3.19
     1   -0.291    0.155     -0.143  0.010    -5.06     2.34    -2.80     6.16
     2    0.109    0.444      0.311  0.006     6.53     2.01     1.44     1.97
     2    0.552   -0.079     -0.197  0.006     5.34     2.80     0.41     2.18
     2    0.131   -0.051      0.211  0.006     5.02     2.07     1.83     2.12
    -1   -0.149    0.025     -0.186  0.010    -4.84     1.08    -2.84     3.75
    -2   -0.228   -0.341      0.283  0.006    -5.89    -0.75    -0.01     0.21
    -1   -0.328    0.216     -0.418  0.010    -6.98     4.01    -4.81     7.66
    -1   -0.059   -0.117      0.029  0.010     0.95    -0.52    -3.47     5.33
    -2    0.100    0.123     -0.120  0.006     3.75    -1.34    -1.81     2.04
    -3    0.181    0.064     -0.397  0.199     1.80    -1.48    -2.24     4.08
     2   -0.061    0.116     -0.082  0.006    -3.87    -1.56     0.79     7.44
     2    0.110    0.280      0.018  0.006     0.57     0.57    -0.21     2.24
     1   -0.070   -0.200      0.741  0.010     1.28    -0.71    12.78    13.77
    -1   -0.020    0.196      0.221  0.010     4.65     1.15     3.19     5.15
     1    0.369   -0.436      0.773  0.010     1.78    -0.45     1.37     1.73
     2   -0.035   -0.170     -0.329  0.006     0.04    -2.06    -6.07     7.65
     2    0.324   -0.173     -0.480  0.006     2.56    -0.36    -3.12     3.81
     2    0.360   -0.003     -0.406  0.006     1.44     0.30    -1.37     1.80
     2    0.022    0.700     -0.774  0.006    -2.47     5.21    -0.14     0.21
    -1    0.614    0.287     -0.723  0.010     0.28     5.80    -2.19     3.69
    -2   -0.112    0.049      0.088  0.006     4.75     2.23     2.68     2.96
    -1   -0.013   -0.108      0.130  0.010     4.30     0.67     1.52     2.25
    -2   -0.326    0.502      0.340  0.006     3.31     3.41     1.22     3.14
     2   -0.024   -0.845      0.195  0.006     0.87    -1.75    -0.49     1.93
    -2   -0.083    0.191      0.097  0.006     0.35    -0.05     0.66     4.00
     2   -0.030    0.147      0.587  0.006     1.80     3.10     6.64     7.77
    -3    0.079    0.174     -0.433  0.199     1.78    -2.38    -3.39     5.44
     2    0.020   -0.596      0.496  0.006     4.60    -5.88     0.07     0.21
    -2    0.242    0.033     -0.140  0.006     4.60    -5.88     0.07     0.21
     2   -0.243   -0.080     -0.034  0.006    -2.25    -1.26    -0.60     2.04
    -1   -0.265    0.023     -0.032  0.010    -3.26    -1.04    -0.26     0.70
    -1   -0.367   -0.040     -0.055  0.010    -2.28    -2.05     1.20     5.51
     2   -0.226   -0.336     -0.102  0.006    -2.55    -4.25    -0.29     4.71
     1    0.057    0.124      0.031  0.010    -0.63    -4.17     1.11     2.76
     2    0.040   -0.043      0.012  0.006     0.36    -5.99     1.97     2.95
     1   -0.205   -0.487      1.113  0.010    -1.12    -4.98     1.14     2.02
    -2    0.165    0.462     -0.702  0.006    -0.32     2.15    -2.43     3.88
     2   -0.008    0.019      0.013  0.006     5.17   -18.49   -12.15    26.51
    -2   -0.224    0.240      0.052  0.006    -0.61     6.66     1.58     3.69
     3   -0.152    0.112      0.192  0.199     0.71     5.01     0.21     0.88
     1   -0.173   -0.016      0.846  0.010     1.32     3.10     7.10     7.79
     2    0.033    0.260      0.120  0.006     1.75     5.13     0.52     1.57
     1   -0.046    0.118      0.111  0.010     0.12     2.25    -2.12     5.35
     1    0.171    0.238     -0.418  0.010    -7.20     3.52    -0.02     0.21
    -2   -0.122    0.243      0.331  0.006    -7.20     3.52    -0.02     0.21
    -3   -0.020    0.021     -0.307  0.199    -2.53     3.08    -3.04     4.60
     1   -0.191    0.211     -0.208  0.010    -3.31     4.48    -2.38     3.13
    -2    0.278   -0.456      0.031  0.006     6.04     2.03     0.18     1.62
     2    0.382    0.153      0.115  0.006     6.60     1.96     0.86     2.32
     2    0.113    0.029     -0.475  0.006     5.79     0.92    -0.05     0.21
     2    0.171   -0.029      0.068  0.006     3.50    -1.32    -0.33     3.44
     1    0.310   -0.323      0.168  0.010     4.80    -0.47     0.68     2.45
    -2    0.449   -0.043     -0.108  0.006     3.12     3.92     0.15     1.54
     2    0.169   -0.190     -0.047  0.006     1.91     2.50    -0.53     2.56
    -2   -0.147   -0.019      0.132  0.006    -1.48     0.72     2.08     2.89
     2   -0.338    0.156     -0.198  0.006    -1.38    -0.34     0.01     0.21
     1   -0.077    0.209     -0.008  0.010    -1.42     2.54     2.29     4.37
     1    0.185    0.183      0.374  0.010    -0.95     2.95     1.15     2.13
     1   -0.252    0.248     -0.330  0.010     1.61     3.39     1.21     4.75
    -3    0.108    0.077     -0.399  0.199    -2.53     1.10    -5.08     6.54
     2   -0.657   -0.481     -0.399  0.006    -3.52    -1.08    -0.41     0.86
     2   -0.130    0.124     -0.153  0.006    -2.69    -0.12    -1.48     2.59
    -1   -0.702    0.021     -0.337  0.010    -4.18    -1.72     0.05     2.28
    -2    0.199   -0.011      0.140  0.006     2.31     0.91     1.48     5.12
     1    0.069    0.228     -0.049  0.010     3.81     4.23     0.13     0.21
    -3   -0.041   -0.129      0.376  0.199    -0.29    -6.13     4.13     6.83
     2   -0.338   -0.303      0.549  0.006    -1.79    -5.43     0.68     0.97
     2   -0.329   -0.074     -0.086  0.006    -5.15    -3.71    -0.13     1.18
     2   -0.139    0.189     -0.433  0.006    -4.18    -3.94    -0.20     0.43
     1   -0.299    0.345      0.149  0.010    -5.34    -3.21     0.25     1.67
     1    0.245   -0.005      0.024  0.010     5.46     0.59    -0.39     2.25
     1   -0.043   -0.034     -0.028  0.010     6.37     1.73     1.28     2.78
     2    0.205   -0.100      0.105  0.006     7.10     1.77     0.15     0.32
     1   -0.089    0.026     -0.279  0.010    -1.63    -0.22    -0.80     1.61
    -1    0.286   -0.044     -0.014  0.010    -1.38     1.09     2.76     5.76
     1    0.107    0.341      0.236  0.010     0.79     4.35     0.11     1.78
     1   -0.060   -0.052      0.184  0.010     4.51    -1.94     9.81    12.73
     2   -0.022    0.042      0.678  0.006     2.46     1.80    23.76    24.04
     2    0.054   -0.175     -0.152  0.006     2.31     3.85    -4.30     5.07
     1    0.182    0.153      0.052  0.010     2.48     2.42    -0.43     1.91
     1   -0.006   -0.133      0.083  0.010     1.61     2.95     6.13     7.33
    -1   -0.200    0.122      0.159  0.010    -1.36     0.10    -0.23     3.37
     1   -0.177    0.306     -0.246  0.010    -3.58     1.85    -2.03     4.45
     2    0.589    0.365     -0.430  0.006     0.64    -1.63    -0.57     2.47
    -1    0.009    0.077     -0.065  0.010     3.32    -0.39   -11.58    12.88
    -1   -0.120   -0.047      0.194  0.010    -0.55    -4.23     2.39     2.85
     1   -0.301   -0.078      0.027  0.010    -1.04    -5.12     0.56     1.68
     2    0.053   -0.510      0.509  0.006     0.45    -5.20     0.68     1.53
    -2    0.087   -0.140      0.161  0.006     1.57    -2.83    -0.94     2.77
     1    0.095   -0.196      0.057  0.010    -0.18    -6.14     3.94     6.83
     1   -0.158    0.144      0.581  0.010    -0.96    -1.15     1.40     1.49
     1    0.095   -0.028     -0.135  0.010    -1.09    -1.54    -0.28     1.38
    -1    0.091   -0.039     -0.062  0.010    -3.34     3.49    -4.06     5.78
     3   -0.190    0.250      0.221  0.199    -3.87     4.00     1.43     2.96
    -3    0.048    0.216      0.040  0.199     5.07     3.39     0.97     2.88
     1   -0.314    0.172     -0.766  0.010     4.63     2.94    -0.10     0.22
    -1   -0.110   -0.015     -0.503  0.010    -5.26     0.40    -1.08     2.89
     1   -0.067    0.067      0.023  0.010    -4.99    -1.35     2.36     3.27
     2   -0.077   -0.125      0.187  0.006     1.90     3.17     2.85     4.28
    -2   -0.062    0.343     -0.278  0.006     3.44     4.23     0.25     0.66
    -2    0.010    0.129     -1.691  0.006    -0.29    -2.73    -7.77     8.37
     2   -0.223   -0.150     -0.250  0.006     0.05    -0.17    -3.59     5.26
     2    0.142   -0.119      0.440  0.006     3.28    -3.77     7.81     8.63
     2    0.054    0.002      0.796  0.006     1.17    -2.89     0.16     0.22
     2    0.226   -0.150      0.562  0.006     0.97     0.66    20.08    20.97
    -2    0.102    0.063     -0.182  0.006    -4.93     1.27    -1.87     3.08
     2   -0.131    0.107      0.197  0.006    -4.34     0.27     0.51     1.20
     1    0.065   -0.105      0.127  0.010     2.75     3.03     0.73     2.23
    -3    0.232    0.147     -0.389  0.199     2.00     4.55    -2.24     3.76
     2    0.021   -0.035      0.056  0.006     3.03     1.55    -0.93     4.93
    -3   -0.127    0.017     -0.070  0.199     1.20     2.57    -0.53     3.08
    -1    0.238    0.122     -0.400  0.010     1.03     2.51    -0.15     0.52
     1   -0.095    0.163      0.301  0.010    -0.22     4.94     3.54     4.84
    -2   -0.169    0.239      0.218  0.006    -0.63     2.86     2.72     6.27
     1   -0.002   -0.003      0.266  0.010     1.76    -1.55     3.29     6.52
    -1   -0.027    0.119      0.366  0.010    -1.34     0.97     0.16     6.76
     1   -0.296   -0.406     -0.496  0.010    -3.37    -4.80    -2.65     3.42
    -2   -0.017   -0.190      1.238  0.006    -1.97     2.12     2.03     2.68
     2    0.105   -0.315     -0.324  0.006    -1.63     1.81    -5.65     7.65
    -2    0.000   -0.036     -0.164  0.006     0.43    -8.81   -36.97    38.75
     2    0.084   -0.063     -0.131  0.006     0.92    -0.46    -7.85     8.73
     3   -0.202   -0.102      0.210  0.199     0.15    -7.30     2.63     6.79
     2   -0.061   -0.022      0.153  0.006     1.45    -3.13     3.77     6.68
     1    0.003   -0.020     -0.001  0.010     3.26    -3.92     0.20     0.53
     2   -0.262    0.226     -0.029  0.006    -5.79     0.82     2.53     7.66
    -2    0.113   -0.067      0.124  0.006    -3.16    -0.82     0.83     2.70
    -1   -0.412   -0.379      0.200  0.010    -6.23    -3.22    -0.02     0.22
     2   -0.249    0.121     -0.088  0.006    -6.86     1.21    -6.60     9.00
     1   -0.222    0.044     -0.530  0.010     2.03    -1.80    -2.58     4.69
     2   -0.052   -0.131     -0.145  0.006    -1.59   -14.15    -6.53    12.98
     1    0.188    0.083     -0.032  0.010     2.09    -3.63     0.56     3.18
    -2   -0.031    0.076      0.013  0.006    -2.90     3.32    -0.89     1.58
     1   -0.046    0.019     -0.038  0.010    -5.23     4.30     1.81     4.90
     1    0.194    0.282      0.126  0.010    -1.05     0.77    -0.16     3.19
     1    0.253   -0.206     -0.804  0.010     0.07    -4.34    -8.68     9.10
     1   -0.208    0.025     -0.209  0.010    -0.36    -2.23    -1.44     1.61
     3   -0.050    0.389     -0.885  0.199    -5.81    -3.90    -0.91     1.05
    -1   -0.162    0.160     -0.025  0.010    -2.40    -1.99    -1.91     6.01
     2    0.315    0.344      0.124  0.006     4.86     3.19     0.51     1.65
     1    0.126    0.218      0.539  0.010     3.84     3.47     1.64     1.80
     1   -0.065    0.219      0.564  0.010     1.80     4.53     6.60     7.24
     1   -0.219    0.249      0.277  0.010    -2.05     4.30     0.65     1.05
     1   -0.103   -0.047     -0.047  0.010    -3.32     4.09     0.60     2.68
     1   -0.006   -0.028      0.500  0.010    -1.82     4.60     0.66     0.88
    -1    0.253   -0.204     -0.628  0.010    -3.12    -1.13    -5.83     7.12
     2   -0.030    0.130      0.109  0.006    -1.26     1.34    -1.34     6.33
     3   -0.006    0.215      0.097  0.199    -0.49     4.31     0.42     3.48
    -1    0.486    0.565      0.135  0.010    -1.31     4.63     0.08     0.68
    -2   -0.218   -0.029      0.018  0.006    -5.97     1.60     3.79     7.03
    -1   -0.113   -0.051     -0.130  0.010    -2.35     4.82    -0.18     0.75
    -2   -0.010    0.139     -0.118  0.006    -2.42     3.65     0.00     1.22
     1   -0.046    0.065      0.160  0.010     1.98     1.88     1.59     2.24
    -3   -0.133   -0.112     -0.370  0.199     0.34    -2.57   -14.15    17.04
    -1   -0.520    0.779      0.603  0.010    -0.99     5.91     3.39     5.26
     2    0.120    0.050     -0.070  0.006     2.98     1.49    -0.85     4.93
     1   -0.002   -0.006     -0.084  0.010     0.61     0.28    -4.35     6.70
     2   -0.182   -0.275      0.314  0.006    -1.40     0.40     5.44     5.73
     2   -0.643   -0.603      1.487  0.006    -1.69     1.24     0.46     0.56
     1    0.275    0.166     -0.320  0.010     1.98     6.09    -1.33     2.02
    -2   -0.555   -0.018     -1.022  0.006    -0.29     6.18    -1.08     1.61
     1    0.139    0.365     -1.778  0.010     1.15    -0.75    -2.13     2.43
    -1    0.134   -0.065      0.037  0.010     0.72    -0.57    -1.46     3.46
    -2   -0.020   -0.268     -0.266  0.006     2.42    -4.60    -0.09     0.26
     1   -0.073   -0.089      0.030  0.010    -0.37    -1.14    -1.17     7.42
    -2   -0.071   -0.003      0.070  0.006    -1.37     1.61    -0.20     3.48
     3    0.079    0.204     -0.088  0.199     0.29     3.38    -2.44     3.51
     1   -0.236    0.003      0.216  0.010    -5.89    -0.63     0.17     0.22
     2    0.227    0.191      0.450  0.006    -5.50     1.87     4.85     5.55
     1   -0.047    0.255      0.031  0.010    -5.89    -0.63     0.17     0.22
     2   -0.063   -0.228      0.445  0.006    -0.27    -4.39     0.59     0.92
    -3   -0.105   -0.208     -0.732  0.199    -0.01    -1.91   -13.38    14.98
     1    0.040   -0.075     -0.159  0.010     1.91    -1.67    -1.43     2.77
     2    0.256   -0.298     -0.248  0.006     2.40    -3.73    -0.72     1.50
     1    0.120   -0.302     -0.093  0.010     2.74    -1.32    -0.68     1.83
    -1    0.125    0.238      0.198  0.010     0.18    -0.07     0.83     4.00
     1   -0.372   -0.190      0.446  0.010    -0.90     2.68     1.09     1.82
     1    0.072   -0.103     -0.096  0.010    -1.84    -1.20     0.15     1.90
    -1   -0.032    0.049      0.001  0.010    -1.82     0.03     0.15     2.06
     2    0.800    0.196     -1.295  0.006     0.85     6.62    -0.17     0.22
     1   -0.063    0.094     -0.121  0.010     0.85     6.62    -0.17     0.22
     2    0.003    0.287     -0.078  0.006     0.85     6.62    -0.17     0.22
     2   -0.263    0.057     -0.198  0.006    -2.16    -0.31    -4.63     6.12
    -3   -0.002    0.005      0.419  0.199     0.07     0.08     3.36     5.03
    -1    0.087   -0.187      0.719  0.010     3.03     0.80     4.41     5.06
     2    0.075   -0.109      0.130  0.006     3.32    -0.28     1.93     2.84
     3   -0.025    0.040      0.143  0.199     0.57    -4.40     1.86     3.49
     2    0.080    0.005      0.788  0.006     1.45    -5.23     4.03     4.48
     1   -0.151   -0.133      0.157  0.010     0.87    -4.63     0.36     1.17
     2    0.035    0.334      0.275  0.006     1.66     6.51     0.82     1.40
     2    0.292    0.123     -0.164  0.006     1.00     6.04     0.10     0.22
     1   -0.110    0.146      0.016  0.010     1.19     5.42     0.98     1.61
    -2   -0.282   -0.058     -0.198  0.006    -2.66     0.68    -1.13     5.28
     2   -0.168    0.024     -0.004  0.006    -2.19    -1.07    -0.63     2.22
     1   -0.335   -0.040     -0.127  0.010    -2.39    -2.17    -0.59     1.68
    -3    0.009   -0.098     -0.641  0.199    -2.56    -3.54    -6.00     6.58
     1    0.111   -0.249      0.143  0.010     2.73    -3.37     0.76     2.34
    -2    0.358    0.136     -1.165  0.006     3.63    -2.00    -0.19     0.41
    -1    0.037   -0.024     -0.020  0.010     0.83    -0.82     0.45     4.53
    -2    0.178   -0.203     -0.078  0.006     2.65     1.07    -0.43     1.91
    -2    0.406   -0.280     -0.232  0.006     0.03     1.03    -2.14     4.53
    -1    0.147   -0.636     -0.350  0.010     3.62     0.41    -1.24     3.19
     3    0.183    0.654     -0.479  0.199     2.43     5.88    -5.00     6.77
    -3    0.024    0.339     -0.217  0.199     4.16     4.18    -0.20     0.92
     2    0.300    0.181      0.165  0.006     3.91     4.15     0.05     0.23
    -1    0.069   -0.030     -0.022  0.010     0.22    -0.00    -3.46     5.92
     1    0.081    0.030     -0.366  0.010     4.38     1.45   -14.61    17.24
    -3   -0.029   -0.295      0.184  0.199     0.15    -5.25     3.45     4.98
     1    0.154    0.022     -0.446  0.010     1.47     0.76   -12.27    13.68
     1   -0.185   -0.089      0.124  0.010    -0.21    -2.23    -0.73     2.42
    -1   -0.036    0.441     -0.272  0.010     1.31    -1.17    -1.84     3.58
    -1    0.051    0.318     -0.178  0.010     2.88    -1.54    -0.65     1.83
     1    0.589   -0.346     -0.442  0.010     4.34    -0.97    -0.58     0.86
     1   -0.657    0.004      0.749  0.010    -2.64     6.37     0.35     0.52
     1    0.248   -0.072     -0.094  0.010    -2.48     6.35     0.10     0.23
     2   -0.130    0.001      0.058  0.006    -3.03     5.52     0.55     1.34
     1    0.058    0.269     -1.479  0.010     1.90     5.20    -1.22     1.30
     2    0.696    0.286     -2.275  0.006     1.81     5.05    -0.65     0.73
     1   -0.021    0.077     -0.355  0.010     1.94     5.44    -2.25     2.34
    -2   -0.057    0.155      0.765  0.006    -3.38     3.71     7.33     8.38
    -1   -0.103    0.136      0.010  0.010    -2.68     0.84     0.63     2.87
    -2    0.032    0.164      0.094  0.006    -3.72     3.78     0.99     2.37
    -2   -0.014   -0.008      0.002  0.006    -7.69   -31.58     8.17    35.66
     1    0.057    0.271      0.883  0.010     0.16    -1.60     2.59     2.95
    -2    0.237    0.267      0.743  0.006     4.86     2.35     1.80     2.59
     3    0.046    0.292      1.971  0.199     6.05     1.94     4.94     5.15
     2    0.023   -0.191     -0.254  0.006    -5.28    -0.68    -0.28     0.77
     2   -0.045   -0.024     -0.048  0.006    -6.14     1.94    -3.04     5.19
     1   -0.013   -0.191     -0.175  0.010    -4.11    -1.16    -1.12     2.03
    -1   -0.467   -0.371      1.023  0.010    -3.34    -2.14     2.29     3.03
     3   -0.121    0.071      0.163  0.199    -3.75     0.74     3.20     4.86
    -2    0.292   -0.271     -0.037  0.006     1.76    -1.64     3.11     6.52
     3   -0.327    0.141      0.576  0.199     0.26    -1.89     7.27     8.11
    -1   -0.245    0.375      0.100  0.010     1.00    -0.69     0.72     2.73
     1    0.030   -0.497     -0.319  0.010    -0.61    -2.11    -0.00     0.33
     2   -0.149    0.285     -0.283  0.006    -1.98     4.50    -0.14     0.23
    -3    0.362    0.126     -0.773  0.199    -1.64     4.47    -0.43     0.68
     3    0.224    0.645      0.534  0.199    -2.47     6.47     0.14     0.23
    -2   -0.051    0.041      0.028  0.006    -4.23     4.40     5.01     6.20
     2   -0.248   -0.190      0.531  0.006     1.24    -5.09     1.84     2.57
    -1    0.293   -0.262     -0.406  0.010     0.85    -4.37    -0.65     1.66
     2   -0.090   -0.065      0.084  0.006    -3.24     0.82     0.17     0.69
    -1   -0.573   -0.072      0.647  0.010    -3.22     1.18     0.11     0.23
    -3   -0.236   -0.349     -0.553  0.199    -0.95    -7.29    -7.61     9.63
     2   -0.079   -0.123     -0.278  0.006    -0.26    -5.06     0.02     0.40
     3    0.158   -0.136     -0.084  0.199    -0.86    -0.18    -1.03     2.11
     1    0.038    0.004      0.004  0.010    -0.14    -0.98    -3.31     3.85
     1   -0.321   -0.039     -0.741  0.010    -3.14    -1.49    -3.49     4.23
    -1   -0.172    0.088      0.283  0.010    -0.99     5.78     3.48     5.26
     1    0.077   -0.089      0.420  0.010     2.47     0.15     6.01     6.95
     1   -0.029   -0.160      0.298  0.010    -0.65    -1.58     3.13     3.95
     1   -0.259   -0.191      0.465  0.010    -3.74    -1.87     2.82     3.75
     2   -0.173    0.239      0.600  0.006    -2.54    -0.65     0.86     1.19
     3   -0.382    0.323      1.060  0.199     0.94     6.29     0.39     0.57
    -2   -0.557    0.210      1.110  0.006     0.72     6.19     0.45     0.59
     1   -0.162    0.169     -0.137  0.010     1.18     1.11    -1.10     3.87
    -1   -0.121   -0.108      0.303  0.010     2.79     2.17     0.92     2.13
     3    0.091    0.146      0.177  0.199    -0.15    -3.55     3.00     4.74
    -2    0.343    0.102      0.320  0.006     4.09    -1.47     2.21     5.34
     2    0.295   -0.191      0.152  0.006     2.76    -3.55    -0.06     0.23
    -2   -0.014    0.016     -0.139  0.006     1.68    -2.41    -0.47     1.92
    -2   -0.151    0.158     -0.040  0.006    -4.07     5.06    -0.32     3.69
     1   -0.033   -0.007      0.057  0.010    -1.60     4.54    -0.19     0.57
     2   -0.070   -0.188      0.070  0.006     4.76    -4.66     5.15     8.23
    -2   -0.356   -0.391      0.012  0.006     8.11     0.47     0.13     0.23
     2    0.396    0.143     -0.313  0.006     5.18     2.85    -1.23     2.57
    -1    0.406    0.206      0.100  0.010     3.73     2.65     0.04     0.23
     1   -0.170    0.010      0.091  0.010    -4.09     5.40     0.03     0.25
    -3   -0.637    0.347      0.048  0.199    -4.09     5.41     0.02     0.23
    -2    0.195    0.065     -0.060  0.006     3.16     4.03    -0.71     1.86
     1    0.018    0.070     -0.108  0.010     1.69     3.10    -2.35     4.48
    -1    0.186   -0.324     -0.299  0.010     1.21    -3.51    -4.44     7.06
     3   -0.193    0.064     -0.073  0.199    -4.05    -0.68    -0.34     5.27
     2   -0.054    0.196     -0.032  0.006    -4.92     0.47    -0.61     2.46
     2    0.346    0.462     -0.666  0.006    -0.01     0.84    -4.44     5.72
     1   -0.137   -0.052     -0.983  0.010    -3.23    -0.76    -0.82     1.36
    -2   -0.349    0.573      0.198  0.006    -2.10     7.69     1.65     3.94
     1   -0.223    0.325     -0.142  0.010    -0.99     6.40     0.48     2.36
     1   -0.146   -0.089      0.435  0.010     2.09    -5.60     1.85     3.28
    -1    0.394   -0.295     -0.260  0.010     4.37    -6.42    -0.07     0.29
     1   -0.003   -0.188     -0.253  0.010     1.76    -4.56    -1.26     2.28
    -3   -0.045   -0.090      0.127  0.199     0.16    -3.70     0.17     1.67
     1   -0.102   -0.083     -0.077  0.010     0.04     0.14    -4.30     6.05
    -2   -0.022   -0.016      0.082  0.006    -2.22    -2.06     1.23     5.51
    -3   -0.414    0.190      0.067  0.199    -5.21     4.27     1.56     4.90
     2   -0.035   -0.016      0.045  0.006    -1.30     1.30     2.54     4.29
     1   -0.260   -0.161      0.607  0.010    -3.25    -4.59     0.43     1.28
    -2   -0.213    0.015      0.388  0.006    -2.89    -3.47     0.19     2.42
     2   -0.560    0.207     -0.397  0.006    -2.21     3.39    -0.10     0.53
    -2   -0.468    0.552      0.125  0.006    -2.79     3.72     0.36     1.04
    -2    0.022   -0.128     -0.165  0.006     1.90     0.50     0.21     5.84
     2    0.118    0.093     -0.006  0.006     3.12    -3.97     0.33     2.55
     1    0.250    0.015      0.152  0.010     1.39    -0.04     0.20     0.63
    -1    0.080   -0.012      0.201  0.010     3.38     3.05     3.73     6.31
     1    0.170    0.140      0.219  0.010     1.37     1.48     9.78    11.20
     2    0.371    0.241      0.726  0.006     0.43     5.26     1.99     3.38
     2   -0.061    0.304      0.907  0.006    -1.38     4.91     1.60     1.85
     2   -0.014   -0.010      0.038  0.006     1.58    -4.36    -0.55     1.76
    -2    0.123   -0.095     -0.041  0.006     1.07    -4.57    -0.25     0.60
    -3    0.006   -0.157     -0.924  0.199     0.44    -8.95   -36.95    38.75
     2   -0.004   -0.082     -0.447  0.006     0.21    -4.94    -3.98     4.26
     2    0.066    0.111      0.262  0.006     4.92     2.77     1.77     2.98
    -2    0.036   -0.102      0.404  0.006     5.75     0.27     3.42     4.06
    -1   -0.498    0.039      0.068  0.010    -3.55     3.44    -0.24     1.34
     2   -0.280    0.152      0.108  0.006    -3.27     2.92    -0.04     0.23
     2   -0.130   -0.007      0.164  0.006    -3.02     0.58     2.19     2.89
     1   -0.175   -0.182      0.384  0.010    -1.94    -0.30     0.34     0.46
     2    0.190    0.012      0.551  0.006     0.52     1.44     5.83     6.96
    -1    0.400    0.731     -1.306  0.010     2.18    -1.97    -3.79     4.82
     2    0.001    0.005     -0.025  0.006     0.65    -8.10    -7.51     8.49
     2    0.045    0.079     -0.033  0.006     0.82     4.99    -3.20     4.52
    -2   -0.055    0.008     -0.259  0.006     0.39     4.06    -2.93     3.71
    -1    0.238    0.078      0.344  0.010    -0.25     3.84     2.25     3.52
     3   -0.269    0.235     -0.071  0.199    -2.36     3.97     0.19     1.54
    -1   -0.026   -0.038     -0.082  0.010     0.54     0.44    -0.55     7.11
     1   -0.107   -0.315      0.292  0.010     1.16     1.18     0.79     5.01
    -2    0.204   -0.037      0.166  0.006     4.78    -4.87     4.93     8.23
     1   -0.122   -0.122      0.507  0.010    -2.18    -1.43     5.80     7.84
     2   -0.164   -0.107     -0.069  0.006    -1.26    -1.21     0.10     2.66
    -3   -0.255    0.210      0.514  0.199    -2.42    -2.73     1.97     2.59
     1    0.094    0.183      0.239  0.010     1.77     5.04    -0.19     0.42
    -1   -0.119    0.332      0.457  0.010    -4.10    11.06    10.20    13.96
     2   -0.146   -0.292     -0.085  0.006     4.36    -6.36    -0.18     0.32
    -3    0.506   -0.007      0.064  0.199     4.39    -6.38    -0.08     0.29
    -1    0.109   -0.401      0.480  0.010    -0.72    -4.14     3.17     5.26
     2    0.211   -0.268      0.418  0.006     1.28    -2.73     4.65     5.81
     1    0.606   -0.207     -0.278  0.010     1.30     5.14    -0.15     1.12
     2    0.120   -0.099     -0.902  0.006     0.89     5.43    -1.77     1.93
     1    0.281   -0.390     -0.319  0.010     1.80     3.29    -2.72     4.03
    -2    0.057   -0.291      0.055  0.006     1.61    -2.78     1.76     3.89
     3   -0.249    0.095     -0.356  0.199    -0.99    -1.91    -0.88     2.82
     2    0.208   -0.418     -0.666  0.006     3.16    -0.60   -11.79    13.28
    -1    0.195   -0.190     -0.941  0.010     3.08     2.95    -1.05     1.27
     2   -0.104    0.075     -0.001  0.006     2.74    -1.84     2.31     5.77
    -2    0.074   -0.098     -0.089  0.006     7.57     1.12    -0.14     1.21
    -1    0.034    0.030      0.023  0.010    -1.02     5.48    -0.91     1.95
     3   -0.346   -0.025      0.122  0.199    -3.47     3.87     0.61     2.47
     2    0.286    0.161     -0.278  0.006     0.01     6.31    -3.98     4.34
    -1    0.060    0.223     -0.202  0.010     0.67     6.07     0.07     0.74
     1    0.011   -0.166      0.818  0.010    -2.12    -1.44     4.66     5.43
     2   -0.007   -0.009      0.310  0.006    -1.68    -0.39     2.77     4.85
     2   -0.231   -0.035      0.195  0.006    -1.18    -2.11     3.33     4.74
     2    0.019   -0.089     -0.409  0.006     2.03     1.24    -5.09     6.26
    -2    0.087   -0.011     -0.002  0.006     2.05     1.81    -2.17     2.86
     2    0.391   -0.417      0.017  0.006     0.07    -2.01     0.02     2.70
    -1   -0.042   -0.377      0.259  0.010     2.74    -1.78     2.29     5.77
     1   -0.222   -0.297     -0.437  0.010    -2.41    -3.05    -4.07     4.61
     1    0.123   -0.263     -0.530  0.010    -2.20    -2.49    -1.29     2.00
     1   -0.192    0.160     -0.190  0.010    -2.38     0.04    -1.52     3.81
     1    0.064    0.029     -0.146  0.010     2.28     2.20    -0.49     1.58
     2    0.116   -0.174      0.686  0.006     1.79     1.84     0.51     0.83
     2    0.252   -0.114      0.217  0.006     6.06     1.78     5.05     8.03
     1    0.103    0.339     -0.546  0.010     1.28    -0.21    -4.23     5.30
     1   -0.361   -0.098     -0.393  0.010    -4.11    -3.66    -7.57     9.47
     2   -0.036   -0.023     -0.064  0.006    -1.65    -1.83    -0.89     6.07
    -1   -0.011   -0.016     -0.069  0.010    -7.33     0.74     0.75     6.00
     1   -0.429    0.010      0.333  0.010    -3.03     4.41     0.05     0.24
     3    0.262   -0.254      0.453  0.199    -0.10    -5.12     0.64     0.82
     2   -0.008   -0.052     -0.053  0.006    -0.35    -4.91     0.68     1.27
     1   -0.047   -0.186      1.738  0.010    -0.14    -4.71     0.43     0.61
    -2    0.311   -0.184     -0.211  0.006     3.22    -0.61    -0.74     1.25
     1    0.405   -0.239     -0.142  0.010     2.66    -0.69    -0.18     1.72
    -3    0.043   -0.023      1.143  0.199     2.14     4.68    14.41    15.37
     2   -0.162    0.118     -0.137  0.006     1.73     4.31    -2.67     4.41
    -1    0.029    0.259     -1.202  0.010    -3.99     2.39    -2.29     3.01
     1   -0.164   -0.116      0.276  0.010    -3.19     1.26     0.25     0.56
     2    0.478   -0.299      0.164  0.006    -1.32    -5.12     0.01     0.24
    -2    0.272   -0.111     -0.030  0.006    -1.36    -5.22    -0.06     0.37
    -1    0.097   -0.027     -0.016  0.010     0.51     3.05     1.12     2.82
     1   -0.231   -0.218      0.633  0.010    -2.18     4.42     3.21     4.63
     1    0.448    0.223     -0.389  0.010     3.50     2.97    -0.10     0.34
    -1   -0.120    0.126      0.081  0.010     1.63     2.55    -0.66     3.47
     2   -0.174    0.003      0.487  0.006    -1.99     0.81     4.40     5.23
    -2    0.170    0.091     -0.294  0.006    -2.51    -1.96    -1.83     6.01
    -2   -0.203    0.259     -0.476  0.006    -4.51     3.91    -3.50     4.77
     3   -0.341    0.165     -0.386  0.199    -4.13     1.61    -1.28     1.98
    -1    0.289   -0.058     -0.050  0.010     4.29    -1.30     0.17     0.24
     1   -0.228   -0.387      2.131  0.010     0.91     0.41    29.16    29.61
     2   -0.452    0.006      0.525  0.006    -2.51     6.44     0.10     0.24
    -1    0.205    0.220     -0.093  0.010    -2.51     6.44     0.10     0.24
     3    0.119    0.066      0.011  0.199     3.25     3.34     1.07     3.14
    -2    0.019    0.233      0.969  0.006     3.71     1.18     4.57     5.26
     3    0.128    0.029      0.955  0.199     2.56     4.84     0.17     0.24
     1   -0.079    0.158      0.319  0.010     4.09     1.88     2.04     5.50
     2   -0.023    0.000      0.256  0.006     1.85     4.43     6.63     7.24
    -3    0.237    0.021     -0.039  0.199     3.56    -2.56    -1.65     6.32
     1   -0.488   -0.142     -0.534  0.010    -2.19    -0.52    -1.92     2.91
    -3   -0.134   -0.098      0.385  0.199    -6.24    -4.19     0.55     0.89
     1    0.181   -0.585      0.572  0.010    -5.93    -4.37     0.20     0.40
    -1   -0.152   -0.159      0.533  0.010    -0.25    -0.78     1.48     2.41
     2    0.036   -0.077      0.048  0.006    -1.65    -1.40     0.51     1.73
     1   -0.418    0.286      0.419  0.010    -2.14     6.14     0.57     1.03
    -2   -0.024    0.365      0.132  0.006    -0.63     6.57     0.55     1.69
    -1   -0.003    0.294      0.358  0.010    -2.10    -0.23     1.43     2.73
     1    0.045    0.010      0.218  0.010    -2.98    -2.93     4.45     6.78
    -3   -0.030   -0.038      0.109  0.199     0.55     0.40    -0.48     7.11
     2   -0.125    0.124      0.097  0.006    -0.48    -0.03     1.34     3.19
    -2    0.050    0.061     -0.503  0.006     0.06     0.01   -11.30    12.28
     1    0.003    0.080     -0.306  0.010     1.66    -1.78   -12.66    13.32
     1   -0.085   -0.082      0.430  0.010    -0.57    -1.29     4.34     5.75
    -2   -0.078   -0.640     -0.767  0.006    -2.36     0.78    -0.93     2.09
    -2   -0.137    0.298      1.966  0.006     1.29    -1.43     6.57     6.69
     1   -0.038   -0.242      0.788  0.010     2.02    -2.47     3.25     4.01
    -3   -0.131   -0.229      0.988  0.199    -0.87    -4.22     1.47     2.19
     1   -0.043   -0.296      0.034  0.010    -1.33    -4.96     0.18     0.26
    -2    0.099   -0.050      0.238  0.006    -0.53     3.27     0.08     0.66
     2    0.065   -0.053     -0.057  0.006    -2.52     3.24    -3.14     4.60
    -1   -0.007    0.032     -0.194  0.010    -5.92    -4.33    -0.21     0.49
     1   -0.005    0.001      0.166  0.010    -5.93    -4.35     0.18     0.40
    -2   -0.191    0.173     -0.061  0.006    -3.98     2.35    -2.35     3.01
     2   -0.212   -0.216     -0.037  0.006    -7.41    -2.63     1.69     6.37
    -2   -0.029    0.201      0.078  0.006     0.63    -1.49     0.35     2.26
     2    0.046   -0.031      0.194  0.006     2.46    -0.65     1.35     4.62
    -1   -0.406    0.009     -0.089  0.010    -2.00     3.60     0.63     3.03
     2    0.093    0.340     -0.238  0.006    -2.34     2.46    -1.62     2.19
     2   -0.083   -0.374     -0.151  0.006    -3.59    -3.64    -1.46     3.15
    -1    0.153   -0.351     -1.274  0.010    -1.06    -2.75    -6.24     6.67
    -2   -0.242    0.046      0.265  0.006    -3.26    -1.66     0.05     0.64
     3   -0.308    0.198      0.336  0.199    -3.53    -0.90     0.84     1.43
    -1   -0.282    0.378      0.132  0.010     0.23     5.42     0.02     0.24
     1    0.028    0.174     -0.316  0.010    -0.53     4.35     0.24     3.40
     1    0.185    0.056     -0.229  0.010    -1.27     0.05    -2.36     4.32
     1   -0.178    0.015     -0.446  0.010    -4.64     2.32    -2.40     3.59
     2   -0.303   -0.063      0.315  0.006    -3.29     0.45    -0.37     2.38
     2    0.076   -0.153     -0.813  0.006     4.06    -2.14    -0.92     1.16
    -2   -0.339    0.049     -0.119  0.006    -0.65    -2.77    -3.67     6.24
    -2   -0.063    0.128      0.144  0.006     2.14     5.63     2.00     4.34
     2   -0.088   -0.075      0.226  0.006     1.08     4.00    -0.11     0.63
    -1   -0.114   -0.095     -0.170  0.010    -3.86    -4.55    -5.09    11.97
     3   -0.169   -0.168      0.056  0.199    -2.82    -4.69    -0.22     5.15
    -2   -0.017    0.022      0.060  0.006    -1.16    -3.22     0.40     0.82
    -2   -0.500    0.102      1.101  0.006     0.23    -3.79     3.24     3.79
    -1   -0.200   -0.082      0.984  0.010    -1.08    -3.59     0.19     0.25
     2   -0.083   -0.014     -0.152  0.006    -2.98    -3.02    -6.18     8.21
    -2   -0.118    0.199      0.133  0.006     2.11    -3.86    -0.26     4.20
     2    0.150    0.150      0.105  0.006     2.80     1.12     2.41     3.00
     1    0.350    0.167     -0.356  0.010     3.51     2.60    -2.43     5.08
     1    0.113    0.305      0.117  0.010     2.63    -0.31     0.14     0.25
    -2   -0.040   -0.146      0.407  0.006     0.60    -1.13     1.21     2.16
     2   -0.018    0.003     -0.037  0.006    -0.24    -1.65    -0.00     2.19
     2    0.042    0.014     -0.065  0.006     4.65     2.65    -0.75     2.96
    -2    0.334   -0.227     -0.381  0.006     4.21     2.23    -0.61     0.94
     3   -0.453   -0.387      1.339  0.199    -1.69    -5.31     4.08     4.80
    -2   -0.009   -0.071     -0.019  0.006     2.16    -1.88    -2.56     6.63
    -2   -0.048   -0.195      0.227  0.006    -3.59    -2.16     0.15     0.25
     1   -0.561    0.734      1.019  0.010    -3.82    -1.65     0.51     0.92
    -1   -0.268    0.078     -0.460  0.010     1.81     3.12    -2.36     4.48
     2    0.270    0.328     -0.210  0.006     5.33     2.57    -1.99     6.84
    -2   -0.026    0.024     -0.400  0.006    -1.82     5.50    -1.19     1.53
     2    0.072    0.306     -0.026  0.006    -0.57     6.35    -1.09     1.94
    -2   -0.040   -0.011     -0.158  0.006     2.89    -3.93    -2.17     7.97
     2    0.015   -0.218     -0.083  0.006     3.08     2.09     0.13     2.24
     2    0.063    0.373      0.346  0.006     4.57     3.52     0.37     0.98
    -1    0.078   -0.031     -0.012  0.010     5.22     3.71    -0.14     0.60
     3    0.090    0.011      0.693  0.199     0.66     0.41     9.81    11.37
    -2   -0.069    0.055      0.227  0.006     0.31    -0.74     2.99     5.39
     2   -0.019    0.117      0.025  0.006     2.59     3.88     1.23     3.56
    -1    0.144   -0.007      0.143  0.010     4.52     3.12     1.54     3.60
     2    0.165   -0.148      0.213  0.006     5.27    -0.33     0.27     1.87
    -3   -0.080   -0.601     -0.585  0.199     4.98     1.01    -0.12     0.25
    -1    0.017    0.145     -0.208  0.010     1.89     4.88    -0.12     0.26
     1    0.028   -0.029     -0.050  0.010     2.29     4.30     1.16     2.41
     1    0.154   -0.325     -0.001  0.010    -0.92    -3.73     0.57     6.11
    -2   -0.477   -0.143     -0.028  0.006    -3.38    -0.56    -0.61     2.17
     1    0.113   -0.098      0.076  0.010     0.52    -1.29    -0.70     3.52
    -1    0.002   -0.035      0.215  0.010    -1.01    -2.17    -0.93     3.62
    -2    0.390    0.038     -1.541  0.006     2.08    -1.96   -14.86    16.24
     1   -0.085   -0.283      0.047  0.010    -2.02    -3.54    -0.38     2.12
     1    0.215    0.056     -0.136  0.010     3.98    -1.75     0.00     0.25
    -1    0.130    0.350      0.607  0.010     3.38     1.70     0.98     3.91
     3    0.076    0.301      1.420  0.199     4.40     0.20     5.37     5.63
     2    0.071   -0.141      0.509  0.006     2.04    -0.73     7.60     8.80
     1    0.018    0.049     -0.041  0.010     3.84    -0.35     0.20     0.59
    -1    0.256   -0.533      0.417  0.010     4.26     0.66     0.08     0.25
     1    0.012   -0.086     -0.018  0.010     4.20     0.30    -0.09     1.61
     1    0.063   -0.383      0.037  0.010     1.98    -7.36     2.28     8.33
    -2   -0.096   -0.047     -0.125  0.006    -2.83    -3.94    -3.24     4.67
     1   -0.035    0.032     -0.198  0.010     0.21     0.94    -2.96     4.08
     1   -0.055    0.056     -0.192  0.010    -0.73     1.36    -0.53     0.95
     1   -0.089    0.199     -0.162  0.010    -3.54     2.17    -2.47     5.32
    -3    0.063   -0.268      0.457  0.199     0.40    -5.75     3.33     3.70
     1    0.371    0.015     -0.045  0.010     1.37    -6.24     0.15     0.25
    -1   -0.083    0.041     -0.025  0.010     1.49    -4.73     1.84     2.79
     1    0.140   -0.296     -0.207  0.010    -0.96    -5.12    -1.07     3.72
     2   -0.506    0.075     -0.863  0.006    -5.10     0.51    -0.16     0.25
     2   -0.076   -0.065      0.113  0.006    -5.10     0.51    -0.16     0.25
     1   -0.159    0.088     -0.096  0.010    -4.78     0.70    -0.93     1.30
     2    0.015    0.010     -0.282  0.006     2.96     3.68    -3.12     4.74
     1   -0.210   -0.074     -0.393  0.010    -0.85     4.12    -1.54     2.79
     1   -0.048    0.068     -0.017  0.010    -0.99     6.52     0.21     2.26
    -2    0.192   -0.028     -0.012  0.006     2.66     0.56     1.60     4.01
     2    0.012    0.008     -0.033  0.006     1.56     1.05     1.14     4.20
    -1    0.213   -0.029      0.090  0.010     8.34     2.85     0.06     1.54
     2    0.354    0.300      0.206  0.006     7.44     2.03     0.01     0.25
    -1   -0.114    0.002     -0.230  0.010    -4.22    -4.10    -3.90     4.77
     2   -0.053   -0.225      1.774  0.006    -1.93    -2.44     4.15     4.59
     2    0.138   -0.360      0.349  0.006     3.80    -3.14     1.43     1.85
     2   -0.407    0.161      1.898  0.006     3.62    -1.89     1.26     1.34
     2    0.576   -0.443      1.081  0.006     3.46    -2.15     0.22     0.25
    -1   -0.120   -0.043      0.406  0.010     1.30     1.57    10.02    11.04
     2    0.158    0.344      0.139  0.006     4.01     1.62     3.18     4.24
    -2    0.273   -0.042     -0.183  0.006     1.02     6.51    -0.25     0.61
     1   -0.428    0.190     -0.073  0.010     0.71     6.54    -0.10     0.25
     2    0.149    0.114      1.998  0.006     2.60     2.12    24.09    24.50
    -1    0.071    0.034      0.198  0.010     2.44    -2.12     9.28    10.83
     2   -0.086   -0.180     -0.136  0.006     1.02    -1.21    -0.89     2.57
    -3    0.493    0.241     -1.863  0.199     2.61    -0.05    -3.88     4.20
    -2    0.083   -0.094      0.192  0.006    -0.21    -1.64     2.53     4.13
     2   -0.255   -0.328      0.101  0.006    -5.33    -3.81     1.37     3.77
    -2    0.039   -0.297      0.227  0.006     0.18    -1.23     2.15     3.16
     2    0.108    0.172     -0.248  0.006     0.94    -2.27    -6.61     7.23
     2   -0.094   -0.131      0.020  0.006    -3.48    -0.96    -1.28     2.50
    -2    0.060   -0.504     -0.274  0.006    -2.29    -2.20    -0.55     1.51
    -2    0.064    0.230      0.083  0.006     2.22     5.26     1.69     3.07
     1    0.147    0.382      0.224  0.010     2.58     5.52     0.17     0.25
     1    0.200   -0.120     -0.326  0.010     2.23    -0.92    -3.09     4.42
    -1   -0.000   -0.082     -0.025  0.010     1.90    -1.55    -0.27     2.28
    -2    0.006    0.413      1.249  0.006     4.89     0.61     5.31     5.87
     2   -0.037    0.149      0.146  0.006     0.89     0.26     7.28     8.91
     1    0.085    0.056     -0.169  0.010     0.88     5.54    -0.58     0.87
    -2   -0.058    0.472      0.285  0.006    -1.86     7.60     1.75     3.86
    -1    0.150   -0.261      0.083  0.010     2.51    -4.63     0.19     0.27
    -1   -0.026   -0.125      0.273  0.010     2.20    -4.88     1.86     1.98
    -1    0.244   -0.294      0.893  0.010     2.55    -4.65     0.46     0.53
     2    0.091   -0.191     -0.373  0.006    -0.61    -4.06    -0.59     1.16
    -1    0.130   -0.311     -0.068  0.010    -0.74    -4.45     0.96     3.10
    -2   -0.236   -0.215     -0.058  0.006    -1.28    -5.50     0.17     0.26
     2   -0.134    0.069      0.769  0.006    -0.76    -4.15    13.19    13.44
    -3   -0.147   -0.274      1.631  0.199     0.75     0.53    23.10    24.06
     1    0.862    0.342      1.034  0.010     3.00     0.30     7.73     9.71
     1    0.071    0.377     -0.183  0.010     0.88     4.28    -1.52     2.65
    -1    0.017   -0.338     -0.812  0.010     2.96    -0.20   -11.33    13.36
     2   -0.103    0.354      0.067  0.006    -6.79     4.24     0.48     4.26
    -2    0.051    0.163     -0.139  0.006    -5.58    -0.21    -3.50     4.89
    -2   -0.084   -0.054     -0.358  0.006     0.70    -5.11    -0.42     1.96
     3   -0.494   -0.184     -0.765  0.199    -0.50    -4.56    -1.75     2.06
     1   -0.027   -0.354     -0.359  0.010    -5.11    -1.20    -0.21     0.26
    -1   -0.120   -0.008     -0.015  0.010    -5.15    -1.38    -1.68     3.47
    -2   -0.174   -0.093     -0.071  0.006    -3.39    -0.32    -0.28     0.73
     1    0.021   -0.123      0.312  0.010    -2.15    -1.42     0.67     1.90
    -3   -0.069    0.229     -0.032  0.199     7.33     1.18     0.10     0.95
     1    0.121   -0.208     -0.045  0.010     7.47     1.10    -0.09     1.08
    -2    0.418    0.112     -0.653  0.006     0.27     1.75    -5.89     7.35
     1    0.143   -0.257     -0.558  0.010    -0.71    -3.68    -7.37     9.64
    -1    0.194    0.159     -0.926  0.010    -3.79     5.36    -0.18     0.26
     1    0.617   -0.028     -0.192  0.010    -1.50     4.91    -1.01     2.73
     1    0.745    0.074      0.195  0.010    -1.30     0.69     1.04     2.25
    -1   -0.094    0.122     -0.014  0.010    -0.10    -0.69     1.16     4.70
     1    0.133   -0.157     -0.200  0.010     2.30    -3.56    -1.36     2.17
    -1    0.006   -0.176     -3.325  0.010     2.02    -4.32   -10.92    11.05
    -3    0.343    0.107     -0.372  0.199     2.03     5.59    -1.36     2.59
     2   -0.355    0.101      0.016  0.006     0.01     3.74    -0.11     1.17
     2   -0.117   -0.259      0.400  0.006    -4.49    -1.22     0.41     0.95
    -1   -0.079   -0.042     -0.088  0.010    -4.67    -1.17     0.28     0.91
     2    0.295   -0.130      0.160  0.006     4.34    -1.71     0.51     0.94
     2    0.035   -0.183      0.968  0.006     7.65    -5.51    26.93    27.66
     2    0.022   -0.067     -0.003  0.006     4.84    -1.45     2.70     3.05
     2   -0.235   -0.101     -1.759  0.006    -2.86     2.20   -18.49    19.01
    -2    0.013   -0.175     -1.123  0.006    -1.39     1.60    -3.47     4.81
     1    0.013    0.214     -0.103  0.010    -3.07     0.51    -1.18     1.76
     2   -0.490    0.159     -1.054  0.006    -5.39     1.47   -10.44    11.17
     2   -0.314    0.024     -0.317  0.006    -4.34     0.32    -1.67     2.80
     1    0.300    0.637      0.569  0.010     3.77    -1.99     1.57     2.56
    -2    0.228   -0.127      0.114  0.006     2.09    -3.65    -0.65     1.56
     2   -0.084    0.066      0.022  0.006    -6.95     3.94    -5.01     7.66
     1    0.313   -0.319     -1.312  0.010     4.83    -2.66   -22.96    25.07
     1   -0.196   -0.004     -0.441  0.010    -2.23     4.25    -1.53     2.00
     1   -0.067   -0.090     -0.013  0.010    -3.95    -0.82    -0.36     5.27
    -1   -0.619   -0.162      0.515  0.010    -2.64    -1.77     0.93     1.88
    -3    0.198   -0.692      0.565  0.199     4.89    -0.87     1.28     2.65
     1    0.140   -0.054      0.429  0.010     4.37     1.17     0.36     0.77
    -1    0.167    0.115     -1.898  0.010     4.31    -5.01    -3.16     3.51
     2   -0.025   -0.006      0.069  0.006    -0.52    -5.14    12.57    14.86
    -1   -0.526    0.386      0.326  0.010    -1.12    -4.66     1.22     2.25
     2   -0.260   -0.039      0.119  0.006    -0.85    -4.55     1.06     3.10
    -2   -0.079    0.045      0.430  0.006    -0.69    -0.63     2.60     4.56
     3   -0.027   -0.188     -0.612  0.199     0.41    -2.65   -14.25    17.04
     1   -0.093   -0.518     -0.514  0.010     1.28    -6.35    -0.13     0.26
    -1   -0.222   -0.956      0.238  0.010     0.77    -5.84    -0.06     1.02
    -2   -0.015    0.135      0.075  0.006     3.30     3.06     0.31     3.27
    -2   -0.053    0.382      0.500  0.006     1.62     3.23     6.57     7.77
    -1   -0.327   -0.042      0.018  0.010     1.62     4.03     1.71     2.92
     3   -0.003   -0.295      0.242  0.199     0.85     1.76     1.70     4.59
    -2    0.222    0.018     -0.050  0.006     1.57    -0.23    -0.37     1.50
     3   -0.620   -0.031      0.173  0.199    -3.63    -3.74     0.23     3.14
    -1   -0.046   -0.092      0.213  0.010    -1.91    -1.93     2.34     4.48
     2   -0.014   -0.066     -0.381  0.006    -0.44     2.58    -0.93     1.89
    -1   -0.168    0.232      0.397  0.010     0.63     3.01     2.23     2.94
     1    0.117   -0.005      0.238  0.010     4.58    -5.42     0.18     0.26
     2   -0.200    0.073      0.394  0.006     2.04    -0.30     9.68    11.59
     2    0.214    0.015      0.164  0.006     4.58    -5.42     0.18     0.26
    -1    0.017   -0.898     -2.315  0.010     4.08    -3.53    -0.23     0.26
     1    0.117   -0.598     -0.688  0.010     4.08    -3.53    -0.23     0.26
     2   -0.141    0.199      0.052  0.006    -2.82    -2.94     1.48     3.78
    -1   -0.217   -0.247      0.725  0.010     0.42    -5.37     1.76     2.36
     1    0.001   -0.024      0.344  0.010    -4.31    -1.26     1.44     3.91
    -3   -0.429    0.403      0.625  0.199    -3.83    -0.85     2.58     3.68
     1   -0.301    0.194     -0.123  0.010    -2.39     3.54    -1.86     7.28
    -1    0.364   -0.010     -1.421  0.010     3.31    -0.41    -7.76     8.41
    -2   -0.376    0.508      0.035  0.006     0.35     3.31     1.90     4.36
     2    0.149   -0.081      0.542  0.006     2.08     0.58     4.63     5.42
     2    0.011   -0.279      0.229  0.006     4.36    -3.73     0.63     0.76
    -1    0.144   -0.312      0.645  0.010     3.60    -4.69     1.86     2.47
     1    0.012   -0.319      0.307  0.010     3.37    -3.18     0.80     1.80
    -2    0.260   -0.364     -0.183  0.006     4.18    -2.68    -0.23     0.98
     2    0.128    0.100     -0.573  0.006    -1.24    -1.22    -8.04     9.11
    -2    0.403   -0.208      0.377  0.006    -4.16    -0.43     0.51     2.23
     2    0.027   -0.037      0.059  0.006     2.43    -0.94    -1.25     2.40
    -2    0.146    0.450     -0.183  0.006     3.64     4.36    -3.26     5.82
    -2   -0.084   -0.121      0.159  0.006    -4.75    -3.43     4.25     6.34
     2   -0.152   -0.000      0.244  0.006    -6.18    -4.33     0.56     0.89
     1   -0.059    0.076      0.306  0.010     1.58     3.75     0.94     1.96
    -1   -0.247    0.537      0.650  0.010    -0.85     4.34     1.85     3.19
    -2    0.178    0.240      0.280  0.006     0.33     3.18     2.02     4.28
     1   -0.206   -0.110      1.052  0.010    -2.78     1.84    16.54    17.46
     1   -0.029    0.001     -0.252  0.010     0.32     5.04    -5.32     5.59
    -2    0.398    0.573     -0.682  0.006     2.34     7.03    -5.63     7.55
     2    0.391   -0.268      0.737  0.006     4.95    -1.71     0.18     0.27
    -2    0.361    0.028      0.161  0.006     3.15    -3.35     1.72     3.43
     1   -0.070   -0.052      0.065  0.010    -6.38     2.31    -0.23     0.27
     1    0.171    0.550     -1.428  0.010    -6.38     2.31    -0.23     0.27
     1    0.293    0.341     -0.934  0.010    -3.23     2.84    -8.10     8.75
     2   -0.137    0.099      0.053  0.006    -5.38     2.01    -0.18     0.27
     1   -0.494   -0.174     -0.073  0.010    -6.34     0.08    -1.28     4.15
     1    0.040    0.029     -0.040  0.010    -4.44    -0.12    -5.96     7.10
    -3    0.021    0.385      0.393  0.199     3.97    -0.10     0.90     3.26
     1    0.618    0.368      0.770  0.010     4.78    -0.21     1.03     1.41
    -2    0.071    0.212      0.335  0.006     7.15     2.16     1.00     1.18
     3    0.332    0.301      0.598  0.199     7.29     1.88     0.22     0.31
     1   -0.415    0.079     -0.610  0.010    -6.17    -3.64    -0.50     0.88
    -1   -0.061    0.102      0.187  0.010    -6.18    -3.11    -0.11     0.33
     2    0.325    0.307     -0.557  0.006     1.60     0.63    -0.83     1.25
    -3   -0.309    0.334     -1.216  0.199     0.50     3.18    -9.25     9.99
    -2   -0.082   -0.184      0.572  0.006    -0.16    -5.03     0.42     0.56
     1   -0.117   -0.803      0.057  0.010    -1.00    -5.19     0.34     1.68
     1   -0.281   -0.409      0.126  0.010    -1.57    -4.19    -0.48     3.66
    -2    0.455   -0.002      0.050  0.006     0.22    -5.72     0.66     1.87
     2   -0.115    0.146      0.018  0.006     1.42     3.43    -4.04     4.54
    -2    0.152   -0.012     -0.061  0.006     2.39     4.83    -0.20     0.27
    -1   -0.025    0.106     -0.003  0.010     1.73    -2.51     1.91     4.51
     2    0.118   -0.027      0.087  0.006     1.80    -1.65     0.59     5.03
    -1   -0.242    0.245      0.284  0.010    -1.64     2.08     2.59     5.27
     1   -0.054    0.014     -0.007  0.010    -1.47     3.37     1.20     2.56
     1    0.163   -0.042     -0.707  0.010     5.87     0.53   -10.30    10.82
    -2    0.197   -0.026      0.133  0.006     3.04     0.50     0.95     2.30
    -2    0.301   -0.100     -0.093  0.006     3.39    -2.23     1.41     4.68
     2   -0.024   -0.005     -0.138  0.006     1.15    -1.52    -1.33     7.37
    -2   -0.127   -0.051     -0.006  0.006    -1.95     0.31    -3.37     5.30
     1   -0.402    0.145      2.084  0.010    -3.08     0.30     2.73     2.91
    -1    0.231   -0.165     -1.179  0.010    -1.34    -1.51    -3.83     4.22
     2   -0.033   -0.015      0.060  0.006    -1.70    -5.58    -4.38     8.03
    -2   -0.148    0.200      0.223  0.006     4.89     3.75    -0.03     0.27
     1    0.246    0.094     -0.306  0.010     4.89     3.75    -0.03     0.27
     2    0.140   -0.118     -1.531  0.006     3.19    -2.74    -8.59     9.03
     1    0.256    0.219     -0.575  0.010     0.43    -2.93    -1.74     2.46
     1    0.368    0.144     -0.082  0.010     2.91    -2.67    -0.85     1.73
    -1   -0.083    0.079     -0.963  0.010     1.86    -1.86    -8.34     8.78
     1    0.152   -0.386     -0.852  0.010     4.16    -2.86    -1.96     2.25
    -1   -0.024   -0.192      1.230  0.010     0.86    -4.26     4.08     4.30
     2   -0.029   -0.275      0.556  0.006     0.09    -4.28     7.76     9.10
    -3   -0.014    0.505     -0.908  0.199     0.56     4.08    -2.88     3.65
     2   -0.092   -0.030     -0.388  0.006     0.29     3.36    -1.54     3.09
     1    0.132    0.088      0.062  0.010     0.51     5.38     2.08     5.63
     2   -0.006    0.104      0.744  0.006    -2.02     4.55     0.22     0.27
     2   -0.060    0.297      0.625  0.006    -1.71     5.17     1.30     1.55
    -3   -0.177    0.136      0.896  0.199    -1.17     1.53     2.53     3.26
     2    0.507   -0.356      1.296  0.006     2.46     1.17    11.60    12.75
    -1    0.009   -0.085     -0.295  0.010     2.90    -3.24    -3.17     3.66
     1   -0.104   -0.065     -0.088  0.010     1.30    -2.05    -0.39     3.12
    -1    0.098   -0.014      0.302  0.010     1.27    -1.56     0.87     1.00
     1   -0.155   -0.227      0.832  0.010     0.56    -0.78    13.19    14.39
    -2   -0.099   -0.251     -0.139  0.006     2.84    -3.85     0.11     0.68
     2   -0.010    0.312      0.345  0.006     2.28    -2.01     1.13     2.26
     3   -0.009   -0.007     -0.297  0.199     1.29     3.75    -9.19    10.66
     1   -0.091   -0.002     -0.024  0.010    -0.20     1.39    -3.39     6.17
     2    0.231    0.230     -0.755  0.006     0.83     4.76    -1.08     1.32
    -3    0.030   -0.315      0.278  0.199     2.13    -5.73     2.00     3.57
     1    0.061   -0.809      0.997  0.010     1.88    -5.02     1.07     1.35
     1   -0.104   -0.092     -0.024  0.010    -5.86    -1.47    -1.61     2.56
    -3   -0.111    0.103      0.062  0.199    -5.70    -0.28    -3.36     4.89
     3   -0.168   -0.080     -0.704  0.199    -1.74    -2.68    -5.76     7.00
     2   -0.064    0.027     -1.148  0.006    -3.27    -0.70    -0.25     0.27
     1   -0.529    0.193     -3.249  0.010    -3.74    -1.01    -2.64     2.78
     2    0.082   -0.293      1.036  0.006     1.30    -6.36     0.22     0.27
     1   -0.533   -0.108      0.253  0.010    -0.69    -5.07     2.09     3.36
     1   -0.201   -0.494      0.426  0.010     1.30    -6.36     0.22     0.27
     1   -0.213    0.006      0.171  0.010    -1.50    -3.85     2.30     3.16
     2   -0.031   -0.005      0.047  0.006     1.68    -2.41    24.54    24.86
     3    0.028   -0.190     -0.009  0.199    -0.16    -5.77     1.59     9.96
     2   -0.182   -0.213     -0.365  0.006    -1.73    -5.57    -4.49     8.03
     1    0.041    0.012     -0.308  0.010     4.50    -5.73    -0.19     0.27
     2    0.202   -0.030     -0.216  0.006     6.62    -3.03    -1.57     3.97
    -1    0.086    0.048     -0.105  0.010     4.06     1.78     1.90     5.50
     1   -0.005    0.052      0.195  0.010     0.58     1.51     1.88     2.16
     1    0.345    0.195      0.250  0.010     2.27     5.29     1.76     3.00
     2    0.019    0.040      0.050  0.006     1.81     6.38     7.36     7.59
     1   -0.143    0.169     -0.022  0.010     1.40     5.91     0.57     1.56
     1   -0.037   -0.254     -0.235  0.010    -3.99    -4.07    -0.41     0.52
    -2    0.084   -0.196      0.005  0.006    -4.12    -4.10    -0.22     0.39
     1    0.206    0.309      0.644  0.010     0.48     6.36     6.61     8.29
    -2   -0.211    0.365      0.351  0.006     0.44     6.45     1.39     1.85
     2    0.140    0.305     -0.429  0.006     3.30     5.01    -0.64     1.16
    -2    0.179   -0.014     -0.145  0.006     2.68     4.79     0.08     0.41
    -1    0.021    0.183      0.067  0.010     1.58     1.14     1.14     4.32
     2   -0.106   -0.079      0.505  0.006     1.27    -0.76     6.03     7.57
    -1    0.132    0.106     -0.089  0.010     0.83     2.70    -0.78     1.78
     3    0.113   -0.096      0.049  0.199    -0.45     2.36    -1.65     3.43
     1   -0.089   -0.084     -0.054  0.010    -2.23     1.15    -3.93     5.48
     2    0.165    0.064     -0.607  0.006    -0.38     0.01    -5.03     5.32
     3   -0.055    0.131     -0.289  0.199    -0.60     2.46    -1.83     3.43
    -2    0.116    0.159      0.035  0.006    -1.53     5.61     2.31     5.24
     2    0.043    0.318     -0.014  0.006    -2.45     2.98    -0.24     1.93
     2    0.084   -0.100     -0.036  0.006     1.61    -0.11    -4.76     6.37
     1    0.306    0.066     -1.811  0.010     0.00     0.20    -6.05     6.50
     2    0.018    0.107     -1.260  0.006     0.11     2.96   -11.51    12.23
     3    0.161    0.271      0.089  0.199     4.87     6.13     1.53     7.56
     1    0.147   -0.032      0.226  0.010     1.27    -0.61    12.73    13.77
     1   -0.045    0.051      0.307  0.010     1.20    -2.59    63.09    63.39
     1    0.067   -0.114     -0.130  0.010     2.74    -5.08    -1.65     2.33
    -2    0.054   -0.143     -0.660  0.006     2.75    -4.15    -1.13     1.36
    -3   -0.091   -0.337     -0.105  0.199    -3.66    -5.19    -0.81     2.09
     1   -0.060   -0.126     -1.340  0.010    -2.32    -5.26    -2.64     2.73
     2   -0.355    0.722      0.987  0.006     0.33     4.59     2.21     2.94
     1   -0.097    0.184      0.116  0.010     1.05     4.62     5.25     6.60
     1   -0.196    0.206     -0.090  0.010    -0.13     2.88    -0.38     4.34
     1    0.033   -0.096     -0.213  0.010    15.05    -5.05   -26.68    31.78
     2    0.154    0.103     -0.954  0.006     4.66    -0.14   -11.04    11.94
     2   -0.018   -0.168     -0.944  0.006     2.27    -1.20    -0.24     0.28
     3   -0.028    0.131      0.038  0.199    -2.08     0.65    -3.33     4.83
     2    0.229   -0.226     -1.042  0.006     0.51     0.05    -4.05     4.54
     1    0.233   -0.239     -0.526  0.010     0.50     0.49    -3.36     3.78
    -2   -0.141   -0.333      0.007  0.006     0.25     2.13     0.49     3.29
     1    0.161   -0.179      0.257  0.010     1.05     2.96     0.05     1.52
    -2    0.096   -0.171     -0.202  0.006     5.33     2.28    -0.56     2.21
     1   -0.056    0.134     -0.862  0.010     7.19     2.04    -0.20     0.28
     2    0.557   -0.010      1.190  0.006     7.93     0.94     1.80     2.13
    -1    0.681   -0.052      0.968  0.010     6.96     0.82     0.23     0.28
    -1    0.004   -0.141     -0.045  0.010    -3.33    -1.96    -0.07     0.40
     2    0.021   -0.018      0.244  0.006    -1.42    -1.81     1.44     4.10
     1   -0.214    0.118      0.458  0.010     2.96    -2.41     3.52     4.44
     2    0.120   -0.794      1.369  0.006     3.03    -0.80     1.41     1.66
     1    0.029   -0.002      0.067  0.010     4.82     1.90    15.12    15.39
     2   -0.050    0.152     -0.279  0.006     0.78    -1.06    -4.67     6.37
    -1    0.094   -0.310     -0.929  0.010     2.87    -3.30    -2.30     2.74
     1    0.269   -0.224      0.020  0.010     2.43    -0.71     1.41     4.62
    -2    0.044    0.113      0.905  0.006    -0.01     3.02     7.47     7.66
     1    0.121    0.006     -0.112  0.010     0.62    -3.06    -0.15     3.59
     2   -0.155    0.358     -1.172  0.006    -0.23    -0.05   -11.29    12.28
     1   -0.045   -0.060      0.028  0.010     0.59     0.02    -1.45     2.77
    -1   -0.029    0.253     -0.086  0.010     0.98     6.42    -0.35     0.61
     2    0.511    0.384     -0.477  0.006     1.07     6.16    -0.17     0.28
     2   -0.287   -0.020     -1.266  0.006    -3.09     0.89    -7.14     7.86
    -2   -0.057   -0.251     -0.816  0.006    -3.31     0.76    -3.45     4.10
    -2   -0.484   -0.146      0.533  0.006     1.51     0.93     1.81     3.39
     1    0.337    0.191      0.549  0.010     3.48     3.51     3.05     5.37
     1   -0.032    0.071      0.194  0.010    -3.04     0.61     1.90     2.17
     1   -0.197    0.072      1.041  0.010    -3.44     0.04     0.31     0.43
     2   -0.162    0.356     -0.252  0.006    -4.63     1.06     0.28     1.95
     2   -0.097    0.166     -0.210  0.006    -2.23     4.40    -1.48     2.00
    -2   -0.110    0.041      0.047  0.006    -0.53     3.02    -1.58     2.71
     2    0.132    0.206      0.147  0.006     1.64    -1.00     0.30     4.19
    -1    0.119   -0.084      0.219  0.010     3.14     0.93    11.54    12.91
     2    0.003    0.029      0.037  0.006     2.92     1.04     6.99     7.55
     1    0.202   -0.300      1.186  0.010     5.79     2.18     7.23     7.46
     1    0.048    0.666      0.617  0.010     4.38     2.95     0.52     0.69
    -2    0.170   -0.528      0.146  0.006     4.48    -2.41     1.12     4.33
     1    0.100   -0.035      0.261  0.010     5.09    -1.12     3.68     4.12
     2   -0.050   -0.309      0.209  0.006     0.39    -4.65     2.44     4.14
     2    0.041    0.208      1.013  0.006     0.84    -4.33     4.13     4.36
     1   -0.046   -0.172      0.069  0.010     2.26    -4.38     0.84     2.02
    -1   -0.197   -0.241     -0.402  0.010    -2.37    -4.88    -4.61     6.12
     1    0.209    0.083      0.382  0.010    -2.63    -1.57     1.10     2.09
    -2   -0.089   -0.350      0.093  0.006     0.38     1.21     0.21     1.64
     2    0.041    0.005     -0.005  0.006    -0.75     2.41    -2.91     4.57
     2    0.013    0.477     -2.455  0.006    -4.14    -0.93    -3.20     3.34
     2   -0.186    0.392     -0.114  0.006    -4.59    -1.23    -0.55     0.91
     1    0.012    0.365     -0.977  0.010    -4.33    -1.72    -0.26     0.29
     2   -0.123   -0.021     -0.023  0.006     4.12     0.94     0.18     0.45
    -1   -0.077    0.105     -0.005  0.010     3.94    -1.38     2.11     5.34
    -2    0.019   -0.001     -0.226  0.006     4.54     3.71    -1.99     2.60
     1    0.371    0.164     -0.293  0.010     5.96     4.78    -0.49     0.72
     2    0.547    0.291      0.747  0.006     2.30     4.33     1.22     2.41
    -2   -0.222    0.139     -0.046  0.006     0.20     3.66     0.66     4.52
    -3    0.401   -0.396     -1.382  0.199     1.61    -4.45    -5.10     5.63
     2   -0.293   -0.247     -0.280  0.006     0.84    -3.95    -1.26     1.98
     1   -0.064   -0.127     -0.028  0.010    -1.34    -2.40     0.74     3.53
    -3   -0.573   -0.450     -1.509  0.199    -2.26    -4.47    -2.97     3.38
    -2    0.080    0.050      0.157  0.006    -0.04     3.70     1.68     3.04
     2   -0.127    0.391     -0.248  0.006    -0.56     4.49    -1.01     1.46
    -1    0.151   -0.009      0.353  0.010     7.24     1.76     0.33     0.41
     1    0.408   -0.363      0.293  0.010     7.21     1.73     0.21     0.29
    -2    0.163    0.123      0.017  0.006     7.26     2.70    -0.53     0.87
     2   -0.148    0.035      0.314  0.006     0.82     3.36     8.00    10.62
    -1   -0.307    0.064      0.109  0.010    -3.11    -2.58     0.69     1.60
     2   -0.208   -0.138     -0.461  0.006    -2.33    -6.23    -6.91     8.27
    -1    0.155    0.727      0.712  0.010     8.23     0.68     0.21     0.29
     1   -0.019   -0.328      0.314  0.010     5.86    -6.23     7.70    10.98
    -1    0.199   -0.454     -1.013  0.010     1.48    -2.06    -1.00     1.18
     2    0.126    0.044     -0.004  0.006     5.40     2.54    -1.90     6.84
     2    0.109   -0.159     -0.018  0.006    -0.18    -3.54     2.84     6.68
    -2   -0.148   -0.102      0.072  0.006    -0.36    -3.44     0.78     2.16
    -2   -0.010   -0.028      0.011  0.006     0.16    -3.96     2.77     3.11
     1   -0.048    0.211     -0.061  0.010    -0.06    -2.35     2.32     3.79
    -1   -0.421   -0.111      1.037  0.010    -0.10    -5.05     4.17     5.51
     2    0.115    0.035      0.111  0.006     1.82    -0.53     0.17     5.11
    -2    0.068    0.090     -0.023  0.006     7.55     1.06    -0.07     1.21
     1   -0.102   -0.075      0.580  0.010     7.22     1.38     1.48     2.45
     2    0.011    0.068     -0.049  0.006     0.01    -1.97   -13.29    14.98
     2   -0.068   -0.189     -0.075  0.006     0.92    -1.13    -1.58     3.18
     2    0.106   -0.054     -0.104  0.006     0.49     2.49    -2.24     5.09
     2   -0.165    0.412      0.796  0.006     2.07    -4.95     1.31     1.54
     3    0.092   -0.125      0.822  0.199     2.18    -5.65     0.48     0.54
     3    0.033    0.017      0.087  0.199     1.41    -5.23     4.12     4.48
     3    0.283   -0.637     -0.807  0.199    -1.11    -1.75    -0.91     1.55
    -2    0.085   -0.113     -0.135  0.006    -1.36     0.40    -1.00     3.18
     1   -0.101    0.043     -0.959  0.010    -1.59     1.27    -8.33     8.76
     1   -0.172    0.288     -0.929  0.010    -2.65     4.21   -18.90    20.01
     1    0.051    0.015     -0.067  0.010    -1.00    -0.23    -3.04     3.47
    -3   -0.082    0.324     -0.458  0.199    -2.28     4.49    -6.28     8.70
     1    0.084   -0.004     -0.024  0.010     0.66     0.26    -9.82    11.56
    -3    0.209    0.041     -0.402  0.199    -1.34    -2.79    -1.78     2.81
     3    0.683    0.050     -1.202  0.199     1.27    -2.41    -3.65     4.79
    -2   -0.064    0.111      0.167  0.006    -1.13     3.34    -0.05     0.98
     3    0.287   -0.086      0.671  0.199    -1.88    -0.06    14.95    15.91
    -2   -0.030   -0.014     -0.007  0.006     6.83    -3.42    -2.94    10.11
     2   -0.030   -0.048     -0.165  0.006     0.45    -0.83    -6.69     7.14
    -2    0.193   -0.346     -0.403  0.006     1.27    -5.06    -0.27     0.66
     2    0.131   -0.455     -0.058  0.006    -2.35    -8.36    -0.48     4.95
    -3   -0.032   -0.012      0.398  0.199    -0.51    -1.44    10.89    13.37
     1   -0.056    0.141     -0.089  0.010     0.27    -0.11     0.24     2.03
    -1    0.190    0.274      0.954  0.010     1.58     5.73     1.84     2.31
     2    0.334    0.081     -0.155  0.006     2.58     4.04    -1.52     4.30
    -1   -0.078   -0.044      0.084  0.010     1.99     0.76    13.63    14.64
     1    0.043   -0.180      0.288  0.010    -0.67    -0.38     9.75    10.65
    -1    0.331    0.081      0.051  0.010     0.87     5.27     0.73     4.79
     1    0.203    0.237     -0.449  0.010    -1.44     6.26    -3.22     3.70
     1   -0.082    0.146      2.158  0.010     1.73    -3.86     3.53     3.71
     2   -0.014   -0.127     -0.048  0.006     2.98    -4.78     2.41     3.55
     1   -0.005    0.125      0.265  0.010     0.82    -4.30     1.51     2.78
    -2    0.221   -0.035     -0.631  0.006    -0.08     2.62    -1.44     3.13
     2   -0.059    0.090     -0.042  0.006     2.26     0.78     5.24     6.87
    -2   -0.072   -0.044      0.441  0.006    -2.05     2.13     2.14     2.77
     2   -0.147   -0.059      0.063  0.006    -2.88     2.99     0.32     1.00
     1   -0.049    0.421     -0.568  0.010    -3.36     2.85   -10.22    11.48
     1    0.044    0.379     -2.482  0.010    -2.76     2.12   -11.72    11.98
     1   -0.074    0.125      0.082  0.010    -5.32     4.29     0.83     7.33
     3    0.428   -0.661     -0.330  0.199     3.49    -4.78    -1.42     6.51
    -2   -0.148    0.244      0.319  0.006    -0.54    -1.35     9.00    11.44
     1   -0.110    0.223     -0.052  0.010    -4.10    -0.25    -0.09     1.71
    -3   -0.195   -0.358      0.258  0.199    -3.85    -1.62     0.62     0.92
     2   -0.046    0.067      0.002  0.006    -2.22     4.30     3.30     4.63
     2   -0.343   -0.138     -1.053  0.006    -3.25     3.41    -3.31     3.77
     1   -0.089    0.114     -0.634  0.010    -0.25     4.16   -12.08    12.65
    -2   -0.045   -0.033     -0.084  0.006    -1.65     2.11     2.66     5.27
     1    0.005    0.045      0.118  0.010    -2.00     7.60     1.77     3.94
     1    0.093    0.005      0.110  0.010     8.15     0.58     0.44     0.52
     2    0.510   -0.236      0.001  0.006     7.55     0.49     0.43     0.94
     2    0.102    0.348      0.410  0.006     8.11     0.61     0.23     0.31
    -3   -0.263   -0.270     -0.577  0.199    -3.75    -1.73    -6.65     7.19
     2    0.049   -0.059     -0.150  0.006    -3.97    -0.51    -8.22     9.44
    -2    0.280   -0.056      0.514  0.006     3.40     0.71     2.32     2.75
    -1    0.324    0.149      3.175  0.010     3.85    -1.46    11.65    11.79
    -2    0.089    0.001      0.087  0.006     3.22    -0.57    13.14    14.17
     1    0.067    0.072      0.251  0.010    -1.39     1.68     0.59     3.58
     2   -0.105    0.367      1.642  0.006     1.54     3.91     5.75     6.30
     1    0.196   -0.443      0.544  0.010     0.99     1.90     0.57     0.77
     2   -0.132    0.097      0.560  0.006     4.93     2.76     7.92     8.19
    -1   -0.036    0.057     -0.012  0.010     1.27     3.05     4.70     7.45
    -2    0.404   -0.077      0.136  0.006     7.18     3.52     1.16     2.27
     2    0.122    0.112      0.097  0.006     5.75     4.57     0.37     0.49
    -2    0.158   -0.069     -0.340  0.006     0.94    -0.70    -3.29     5.33
     1    0.148    0.183      0.121  0.010    -0.65     1.71     0.99     1.69
    -2    0.020    0.040     -0.139  0.006     1.85     4.31    -2.00     2.53
     2    0.236    0.239      0.194  0.006     1.63     5.50     0.70     1.50
    -2    0.248   -0.079      0.183  0.006    -0.65     5.01    -0.56     1.86
     2   -0.091    0.157      0.728  0.006    -0.04     4.86    11.28    11.82
    -1    0.017   -0.108      0.099  0.010     0.14    -0.44     4.12     6.25
     2    0.013   -0.117      0.697  0.006    -3.27     0.02     0.24     0.57
     1    0.114    0.087      0.020  0.010     2.91    -2.58     0.24     0.30
     2    0.183   -0.117      0.010  0.006     0.19    -0.37     4.66     6.64
     1    0.143    0.006      1.059  0.010     5.10    -2.79     8.91     9.24
     1    0.198   -0.233     -0.345  0.010    -3.02    -1.91    -5.31     6.32
    -1    0.054   -0.002     -0.247  0.010    -3.73    -0.50   -13.51    13.70
     2    0.004    0.074     -0.034  0.006    -2.40     4.77   -10.06    11.25
    -2   -0.260   -0.100     -1.613  0.006    -2.88    -1.64   -27.52    27.88
    -1   -0.448    0.014     -1.462  0.010    -4.50    -0.83    -3.21     3.57
     2   -0.161    0.804     -1.130  0.006    -5.85    -0.64    -0.25     0.30
    -1    0.082   -0.062     -0.029  0.010    -3.12    -2.52    -0.83     1.99
     1   -0.052   -0.054      0.029  0.010    -3.39    -0.67    -0.92     1.76
     1    0.135   -0.125      0.016  0.010     2.88     3.52     0.67     2.06
     1    0.190    0.318      1.182  0.010     3.79     3.93     0.25     0.30
     1   -0.037    0.205     -0.043  0.010     4.48     4.35     1.41     1.96
    -2   -0.054    0.100     -0.280  0.006    -2.04     3.48   -12.17    13.38
     1   -0.008   -0.066     -0.214  0.010     0.91     6.14    -3.49     4.87
    -1   -0.046   -0.134     -0.149  0.010    -0.58    -3.73    -7.45     9.64
     1   -0.047    0.072     -1.064  0.010    -1.61    -2.83    -1.56     1.72
    -1    0.201    0.190     -0.194  0.010     0.25     4.08    -1.65     3.37
     1   -0.314   -0.301     -0.175  0.010    -1.40     1.03    -0.11     6.76
    -2   -0.143   -0.147     -0.062  0.006    -2.91     2.31    -0.92     2.78
     1   -0.163    0.128     -0.880  0.010    -4.63     1.46    -4.84     6.13
    -1    0.062   -0.392      0.302  0.010    -0.13   -13.30     3.51    11.45
     1    0.025    0.089      0.305  0.010     1.00    -4.03     4.30     5.10
    -3    0.085    0.413      0.576  0.199    -0.78     4.80     1.17     1.54
     1   -0.225    0.457      0.187  0.010    -0.80     5.91     1.31     2.92
    -2   -0.073   -0.234      0.150  0.006     2.57   -12.24    10.84    17.87
     3    0.518   -0.454      0.707  0.199     7.27    -0.11     0.20     0.30
     2   -0.035   -0.109     -0.124  0.006    -0.59     1.97    -0.79     3.05
     2    0.124   -0.003     -0.691  0.006     0.33     3.85   -13.85    14.50
     1    0.034    0.139     -0.485  0.010    -0.99    -1.77   -17.88    18.58
    -1   -0.077    0.060      0.132  0.010    -1.44     5.56     2.22     5.24
     2   -0.354    0.177      0.282  0.006     2.26     5.66     0.17     0.30
    -2    0.077    0.072      0.008  0.006    -1.17     3.07     0.52     5.15
     1   -0.101   -0.024     -0.332  0.010    -1.27     0.27    -0.78     3.37
     1   -0.301    0.058      0.679  0.010    -2.27     4.49     1.20     1.35
     2   -0.167    0.082      0.074  0.006    -3.50     3.33    -0.31     2.44
     2    0.054    0.073      0.783  0.006    -1.68     3.54    20.28    20.51
    -1    0.064    0.038     -0.096  0.010     2.28     4.04    -0.05     1.03
     1    0.035    0.242     -0.127  0.010     2.14     4.79    -0.11     0.73
     1    0.038   -0.019      0.085  0.010     5.15    -0.80     4.22     5.56
     1    0.069   -0.021      0.071  0.010     6.07     1.05     1.06     1.48
     1    0.162   -0.596      0.833  0.010     5.97     0.65     0.26     0.30
    -1   -0.036   -0.126     -1.298  0.010    -0.40    -4.22   -16.07    16.43
    -1   -0.214   -0.044     -0.581  0.010    -2.86    -2.64    -2.32     2.72
    -1   -0.064    0.021      0.036  0.010    -0.97    -3.83     2.06     3.44
    -3    0.120    0.071      1.409  0.199     2.05     3.59    29.95    30.36
     1   -0.065    0.062      0.175  0.010     0.75     2.00     0.98     1.65
    -3    0.124   -0.428     -0.204  0.199     1.69    -1.77     0.39     5.03
     1    0.016    0.030      0.152  0.010     0.76     0.45     7.17     8.91
    -1   -0.039   -0.028      0.190  0.010    -1.46     4.79     3.15     6.46
     2    0.241    0.193      0.484  0.006    -1.37     0.77     0.34     1.79
    -2   -0.058    0.022     -0.030  0.006    -1.12    -0.64    -3.96     8.67
    -2   -0.125   -0.195     -0.041  0.006     4.49    -4.66    -2.65     4.07
    -1    0.064    0.093     -0.852  0.010     4.51    -2.61    -2.48     2.94
     1    0.051    0.278      1.873  0.010     0.75     7.39    10.30    10.92
    -3   -0.027    0.225      0.100  0.199    -1.42     4.70     3.35     6.46
    -1    0.086   -0.077     -0.123  0.010     3.20    -2.60    -1.75     2.04
     1    0.177   -0.309      0.156  0.010     3.06    -4.05     0.38     2.43
    -1    0.130    0.140     -0.799  0.010     0.76    -4.66    -0.26     0.39
     1   -0.288   -0.133     -0.137  0.010    -0.20    -5.60    -0.87     2.15
     2   -0.199   -0.045      0.590  0.006     0.09    -5.15     0.25     0.86
    -2    0.307   -0.378      0.376  0.006     0.87    -5.56     0.78     1.16
    -1   -0.573    0.020     -0.563  0.010    -4.25     0.87    -0.24     0.31
     2    0.041   -0.119     -1.614  0.006    -3.13     0.25   -20.82    21.24
    -1   -0.358    0.451      0.747  0.010    -5.93     2.31     0.22     0.31
     3   -0.328   -0.183      0.112  0.199    -5.69     1.79     0.66     1.14
     1   -0.082   -0.011      0.085  0.010     1.96    -0.61     7.54     8.80
     1    0.020   -0.199      0.312  0.010     1.67     0.25     2.40     2.69
     1    0.070    0.093      1.635  0.010     1.35     0.46     0.28     0.31
    -2   -0.026   -0.272     -0.244  0.006    -4.12    -3.53    -1.94     2.52
     1   -0.001   -0.138      0.050  0.010    -3.24    -9.92    -3.76    11.22
     3   -0.003   -0.123     -0.325  0.199    -0.21    -0.86    -0.39     0.90
    -2   -0.255    0.237     -0.096  0.006    -1.10     1.37    -1.12     6.33
    -1   -0.025    0.068      0.007  0.010    -0.36    -0.72     4.57     5.40
     1    0.555   -0.142      0.259  0.010    -2.62    -0.75     1.98     4.24
    -2    0.028    0.105     -0.170  0.006     0.42     2.27    -3.10     4.42
     2   -0.086   -0.198     -0.219  0.006    -1.59     0.26    -2.82     4.92
    -2   -0.136    0.033      0.409  0.006    -3.75     1.54     3.00     3.41
     1   -0.260    0.386      0.486  0.010    -3.51     2.11     1.46     1.87
    -1   -0.203    0.157      0.188  0.010    -2.14    -3.24     0.02     0.31
     1   -0.022   -0.193      0.095  0.010    -2.42    -4.01    -0.38     1.22
    -2    0.104   -0.210     -0.000  0.006     0.08    -7.16     2.84     6.79
     2   -0.145   -0.159     -0.160  0.006    -3.31    -4.05    -0.41     0.77
    -3   -0.302    0.399     -1.782  0.199    -3.64     2.52    -3.57     3.86
     2   -0.425    0.081      0.229  0.006    -3.38     1.59    -0.20     0.48
    -1    0.022   -0.170      0.695  0.010     1.28     1.79     9.14     9.96
     3   -0.054    0.413      0.394  0.199     3.30     4.30     0.42     0.86
    -2    0.026    0.059     -0.139  0.006     2.56     4.88     0.19     0.68
     2    0.242    0.128     -0.384  0.006     2.73     4.06    -2.45     3.63
    -1   -0.306   -0.063     -0.245  0.010    -3.68    -1.03    -1.22     1.41
     1    0.020   -0.053     -0.739  0.010    -4.44     0.28    -5.85     6.46
    -1    0.024    0.241      0.889  0.010    -0.99     0.26     1.06     1.86
     1    0.672    0.019      2.313  0.010    -0.82     1.31     5.26     5.79
    -1   -0.012    0.046     -0.991  0.010     0.27     1.50   -14.94    15.33
     1    0.006    0.208     -0.611  0.010     0.78     5.46    -3.53     4.45
     2    0.044   -0.129      2.804  0.006    -0.27     3.42    22.17    22.28
     2   -0.031    0.137      0.717  0.006    -2.09     3.58     3.39     4.01
     2   -0.086    0.055      0.519  0.006     1.09     2.48     7.94     8.64
    -1    0.140    0.169      2.524  0.010     1.98     1.89    30.20    30.67
     2    0.405   -0.303      0.060  0.006     7.36     1.50     1.29     2.45
     2   -0.108   -0.053      0.186  0.006    -0.56     5.11     1.29     2.08
    -1   -0.283   -0.089      0.226  0.010    -1.97     5.99     0.20     0.68
    -3    0.037   -0.068     -0.048  0.199     0.60     0.04    -0.82     2.68
     2   -0.006   -0.013     -0.035  0.006     1.48     1.88     2.17     4.88
    -1   -0.348   -0.310      0.075  0.010    -4.61    -0.11    -0.14     1.69
     2   -0.173    0.034      0.073  0.006    -3.34     0.04     0.27     0.56
     2    0.052   -0.187      0.457  0.006     6.79    -1.50     4.71     8.09
    -2    0.114    0.198      0.080  0.006     2.72     4.64     3.43     5.12
     1    0.081    0.336     -0.761  0.010    -7.28     3.47    -0.22     0.31
    -1   -0.363   -0.098     -0.091  0.010    -7.28     3.47    -0.22     0.31
    -2   -0.068   -0.027     -0.146  0.006    -1.60    -0.50    -7.42     7.73
     2   -0.116   -0.093      0.060  0.006    -2.78    -0.64     4.37     6.72
    -1   -0.102    0.072     -0.440  0.010    -4.93    -2.40    -3.78     4.51
     1   -0.232    0.083      0.038  0.010    -4.39    -1.34     0.67     3.08
    -2    0.163    0.104     -0.221  0.006     0.77     4.49    -2.78     3.95
     2    0.219    0.319     -0.340  0.006     0.07     3.12    -0.19     0.31
     1    0.423    0.152     -0.303  0.010     4.33     2.38    -0.50     0.94
    -2    0.058    0.000     -0.173  0.006     5.13     1.08    -9.98    12.05
     1   -0.050    0.034      0.809  0.010    -3.43     1.61     4.87     5.02
     2   -0.259   -0.195      1.725  0.006    -3.94    -0.50    22.57    24.26
     1   -0.264    0.192      0.124  0.010    -3.53     2.45     0.24     0.31
    -1   -0.110   -0.093      0.041  0.010     0.85    -2.50     0.25     2.90
     2    0.201   -0.105      0.198  0.006     0.31    -1.42     1.63     2.44
     2    0.087   -0.096     -0.133  0.006     7.14     2.02    -0.09     4.05
    -3   -0.228   -0.057      0.915  0.199     0.97     0.42    23.13    24.06
    -1    0.002   -0.108     -1.420  0.010    -2.35     3.40   -13.09    13.46
     3   -0.223    0.214      0.032  0.199    -4.65     2.66    -2.15     5.95
    -1    0.053    0.045      0.211  0.010     4.25     1.23     0.40     0.62
     1   -0.352   -0.099      0.349  0.010     1.48     1.35     2.61     4.04
    -2    0.072   -0.065      0.013  0.006     8.40     0.40    -0.11     0.31
     1    0.439   -0.339     -0.256  0.010     8.40     0.40    -0.11     0.31
    -2    0.019    0.134     -0.030  0.006    -1.43     6.31     0.24     0.32
     2   -0.208    0.159      0.675  0.006    -3.51     3.88     6.58     7.56
     1    0.103    0.302      1.674  0.010    -0.02     2.92     0.39     0.44
     2   -0.103    0.041      0.004  0.006    -2.24     4.36     3.22     4.43
     1   -0.379    0.368      0.574  0.010    -3.93    10.96    10.35    13.96
    -3   -0.575   -0.322      1.821  0.199     5.00    -0.68     4.48     5.17
     2    0.088    0.085      0.798  0.006     7.08    -0.03     0.35     0.42
     2    0.090    0.133      0.131  0.006     6.41    -0.05     1.06     2.01
    -1    0.236    0.296      0.329  0.010     5.21    -0.87     0.19     0.32
    -2   -0.025    0.070     -0.121  0.006     1.06     4.30    -2.09     2.91
     1   -0.206    0.196     -0.735  0.010    -0.28     4.14    -1.65     2.20
     2    0.394    0.241      0.209  0.006     4.14     0.66     1.99     3.65
    -2    0.057    0.114      0.163  0.006     4.37     1.36     5.32     6.03
    -2   -0.121    0.039     -0.553  0.006     0.82     0.56    -9.30    10.54
     1    0.289    0.441     -0.137  0.010     1.16     4.01    -1.00     1.92
    -2   -0.103   -0.277     -0.117  0.006    -0.14    -4.04     0.72     3.81
     1   -0.374   -0.050      0.305  0.010     0.18    -0.96     1.75     2.57
    -1   -0.105    0.274      0.356  0.010     4.64    -1.45     1.38     4.65
     1    0.124    0.352     -0.387  0.010     1.73    -1.85    -3.05     3.97
    -1   -0.056    0.044     -0.094  0.010     1.73     5.55     0.71     1.50
     1   -0.048   -0.050     -0.086  0.010     2.19     4.02     0.77     2.91
    -2   -0.467    0.299      0.759  0.006    -3.32    -0.00     9.16    11.53
     2    0.286   -0.126     -0.080  0.006     3.76    -3.03     1.02     2.21
    -1    0.202   -0.296      0.061  0.010    -3.06    -5.63    -0.44     2.20
     2    0.017   -0.132      0.433  0.006    -0.09    -4.83     4.17     5.51
    -2   -0.192    0.117     -0.189  0.006    -2.40     4.44    -1.23     1.84
     2   -0.571    0.233      2.239  0.006    -6.05     4.53    14.14    15.12
     1   -0.378    0.310      0.193  0.010    -5.29     4.28     0.81     7.33
    -1   -0.188    0.078      0.465  0.010     0.08    -0.43     4.40     5.40
     2    0.119   -0.102     -0.664  0.006     1.52    -2.20    -0.28     0.32
     1   -0.046    0.047     -0.190  0.010     2.10     0.77   -10.84    11.87
     2    0.043   -0.029      0.011  0.006    -1.98    -2.21    -3.29     5.14
    -1   -0.078   -0.073     -0.055  0.010     1.15     1.73    -6.21     8.37
     2   -0.180   -0.332     -0.392  0.006     1.21    -3.51    -4.41     7.06
    -2    0.065    0.117      0.156  0.006    -1.28     6.61     0.21     0.32
     1    0.083    0.648      0.507  0.010    -1.28     6.61     0.21     0.32
    -3    0.285   -0.163     -0.518  0.199     1.87    -2.53    -3.39     5.44
     2   -0.017    0.050     -0.534  0.006    -2.23    -3.28    -4.49     5.43
    -2   -0.033   -0.056     -0.014  0.006    -2.03     3.66     3.51     4.01
     2   -0.198    0.441      1.745  0.006    -2.69     3.87     2.68     2.86
     2   -0.116   -0.196     -0.545  0.006    -3.20    -2.63    -1.31     2.04
     1    0.007   -0.022      0.092  0.010    -1.21    -2.35    -2.97     5.65
     2   -0.081    0.073     -0.083  0.006    -4.81    -2.96    -1.57     2.71
     1   -0.018    0.309     -1.314  0.010     0.45    -0.83    -6.67     7.14
    -1    0.073   -0.109     -0.108  0.010     3.44    -1.12     0.99     4.01
    -1    0.188   -0.732     -0.018  0.010     3.23    -6.86     0.40     6.61
     2    0.114   -0.177     -0.086  0.006     2.80    -0.91    -0.36     2.14
    -2    0.166    0.585     -0.057  0.006    -2.62     4.82    -0.13     0.33
     2   -0.384    0.209     -0.640  0.006    -7.74     2.40    -5.81     8.39
    -3   -0.119   -0.268     -0.375  0.199    -4.38    -3.97    -6.32     8.20
     2    0.007   -0.219     -0.292  0.006    -2.38    -3.71    -0.74     2.27
     2   -0.217   -0.018      0.183  0.006     4.17    -2.49     1.31     4.14
     1   -0.058   -0.088      1.135  0.010     1.39    -4.49    10.26    10.37
     1    0.052   -0.026      0.284  0.010     3.34    -0.59    13.07    14.17
    -1   -0.052   -0.139      0.128  0.010     0.84    -4.65     4.24    13.35
     3   -0.481    0.079      1.596  0.199   -13.12     1.36    36.51    38.80
     1   -0.369    0.183     -0.192  0.010    -4.55     0.56    -1.71     2.73
     2   -0.396    0.360     -1.930  0.006    -5.62     3.63   -11.99    12.63
     2    0.091   -0.019     -0.067  0.006     0.20    -1.30    -1.55     6.48
    -1   -0.202    0.053      0.868  0.010    -1.91    -0.54     0.97     1.21
     2    0.614    0.013      0.083  0.006    -1.19     0.68     0.95     2.25
    -1    0.351    0.374      1.528  0.010     4.87     0.47     5.37     5.87
    -2    0.100    0.100      0.474  0.006     5.00    -0.99     0.81     0.86
    -2   -0.051    0.069      0.053  0.006     3.77    -1.24     2.76     3.25
    -3    0.533   -0.352     -0.986  0.199    -1.52    -0.92    -0.29     0.33
     1   -0.043   -0.056     -0.980  0.010    -0.86    -1.78   -17.84    18.58
     2    0.223    0.354      0.091  0.006     2.34    -1.45     0.03     1.34
     2    0.090    0.016      0.285  0.006    -0.04    -0.16     8.65     9.08
     1    0.328   -0.084      0.199  0.010     2.17    -1.34     1.23     1.65
     1   -0.089    0.195     -0.329  0.010    -2.93     1.53    -4.05     5.12
     2   -0.078    0.031     -0.055  0.006    -2.76    -0.26    -1.01     3.27
     2    0.160   -0.145     -0.312  0.006     0.80    -1.75    -4.92     6.77
     2   -0.067   -0.090      0.025  0.006    -0.37    -2.86     2.65     5.72
     1   -0.110   -0.105      0.746  0.010    -1.41     1.42     9.71    10.50
     1    0.121    0.019      0.824  0.010     0.57    -0.13     8.50     9.02
    -2   -0.159   -0.019     -0.037  0.006    -2.40    -6.38     0.79     3.23
     2    0.062   -0.384      1.662  0.006    -1.61    -1.57    14.27    14.96
    -1   -1.209    0.306     -2.517  0.010    -2.49     2.41    -4.34     5.03
    -2    0.058    0.106     -1.041  0.006    -1.94     3.42    -0.29     0.33
    -1   -0.338    0.391     -0.789  0.010    -3.13     3.85    -2.41     2.89
    -2   -0.026   -0.462     -0.421  0.006    -0.23     1.02    -3.54     5.47
     1   -0.513    0.021     -1.072  0.010     1.06     2.15    -1.09     1.56
     1   -0.241   -0.311     -0.652  0.010    -2.33    -4.52    -2.92     3.38
     2    0.016   -0.020     -0.098  0.006     0.60    -2.76   -28.72    28.91
     1   -0.110    0.010     -0.485  0.010    -1.33    -4.24    -6.44     6.73
    -1   -0.012    0.013     -1.127  0.010     1.31    -2.65   -18.72    18.93
     1    0.251    0.148     -0.043  0.010     1.51    -2.33    -0.17     2.94
    -2   -0.129    0.165      0.882  0.006    -0.37     2.99     4.25     4.69
     2   -0.099   -0.006      0.733  0.006     0.81     4.68     1.07     1.33
    -3    0.031    0.103     -1.019  0.199    -1.92     2.93    -7.04     7.68
     2   -0.052   -0.012      0.099  0.006    -5.93     0.63     2.35     7.66
    -1   -0.013    0.165      1.110  0.010     0.56    -1.26     6.07     7.03
     2    0.083   -0.077      0.070  0.006     0.77    -0.76     1.02     2.60
     1    0.033   -0.402      0.134  0.010    -4.63    -1.22     0.46     0.95
    -3   -0.140    0.094     -0.007  0.199    -4.97    -2.55     0.02     2.90
    -1    0.006    0.009     -0.125  0.010    -1.55     4.84    -1.06     2.73
     1    0.003    0.180     -0.198  0.010    -0.93     3.75    -1.87     3.69
    -1    0.069   -0.036      0.078  0.010    -2.48     3.47     4.47     4.74
     3    0.169    0.214      0.225  0.199    -0.48     3.62     2.27     3.84
    -1   -0.148    0.132      0.588  0.010    -1.35     1.59     4.07     4.69
     1    0.271    0.042     -0.543  0.010    -1.33     1.53    -1.49     3.59
     1    0.182    0.182     -0.233  0.010    -2.93     3.08    -3.08     3.95
     2    0.031   -0.230     -0.619  0.006    -2.29     0.91    -4.93     5.26
     1    0.075    0.044     -1.569  0.010    -1.04     2.10    -5.87     6.15
     1   -0.448    0.039     -0.332  0.010    -3.41     1.38    -0.30     0.37
     2   -0.310    0.006     -1.218  0.006    -3.31     1.30    -1.44     1.50
     3   -0.235    0.005     -0.363  0.199    -3.85     1.23    -1.42     1.58
    -1    0.080    0.099      0.571  0.010     1.21     6.81     1.08     1.28
     1   -0.280    0.159      0.624  0.010     0.32     6.50     1.25     1.85
     1   -0.011   -0.048      0.435  0.010     3.35    -3.87    15.47    16.43
     2   -0.201   -0.174      1.444  0.006     1.05    -2.37     7.70     8.03
     2   -0.242   -0.096      2.804  0.006    -1.02     1.11    13.99    14.31
     1   -0.151    0.049      0.090  0.010     0.00    -5.06     3.45     4.98
    -1   -0.038   -0.205      0.248  0.010     2.33    -5.25     0.90     1.35
    -3   -0.166   -0.004      0.107  0.199    -5.93     2.44     0.12     0.34
     1    0.036    0.370      0.142  0.010    -5.93     2.44     0.12     0.34
    -1    0.875    0.146      0.067  0.010     3.92    -3.51     0.20     1.11
     1    0.715    0.031     -0.334  0.010     3.04    -3.56    -0.49     0.82
     2    0.187   -0.086      0.055  0.006    -3.36    -0.44    -0.65     2.35
    -1    0.018   -0.006     -0.015  0.010    -2.13    -0.77     0.89     5.51
     1    0.154   -0.137      0.098  0.010     1.69    -3.86    -0.14     1.13
    -1   -0.112   -0.156     -0.154  0.010     0.12    -3.90    -0.81     1.67
    -1    0.297    0.120     -0.023  0.010     8.25     2.83     0.24     1.54
     1    0.255   -0.057      0.143  0.010     5.38     2.59     0.77     2.17
    -2   -0.141    0.192      0.335  0.006    -3.81     3.69     2.38     3.78
     2   -0.527   -0.416      0.802  0.006    -3.85    -1.78     7.61    10.33
     1    0.334   -0.222     -2.688  0.010     1.11    -1.19    -2.20     2.26
     2    0.010    0.018      0.015  0.006     2.85    -2.03    -2.84     3.39
     1    0.409   -0.086     -1.638  0.010     2.40    -3.42   -17.56    18.28
    -2   -0.247   -0.296      0.011  0.006    -4.97    -0.76     0.05     0.90
     3   -0.204    0.007      0.025  0.199    -3.88    -1.07     0.90     7.14
    -1    0.094    0.047     -0.159  0.010     0.10     0.36    -2.47     3.33
     2    0.012   -0.032     -0.258  0.006    -2.10     0.71    -3.68     4.99
     1    0.192    0.308      1.703  0.010     0.08     4.31    12.17    12.53
     2   -0.024    0.113      0.470  0.006    -0.38     1.17     2.99     3.69
     2   -0.603   -0.145      0.485  0.006    -1.03     2.85     0.88     1.07
     2    0.044   -0.054      1.252  0.006     3.07    -3.93     2.26     2.44
    -2   -0.099   -0.127      0.239  0.006     1.61    -3.80     4.25     7.41
    -1    0.139    0.268     -0.155  0.010    -1.19     6.37    -0.10     0.34
     1    0.171    0.345     -0.067  0.010    -0.79     5.51    -0.23     1.30
     1   -0.068   -0.058     -0.059  0.010    -3.53    -6.66   -20.89    23.28
     1    0.064    0.193     -0.805  0.010     3.78    -0.38    -0.70     0.83
     2    0.136   -0.136     -0.032  0.006     2.92    -0.30    -1.92     2.77
     2    0.063    0.123      0.083  0.006     0.43     4.42     1.10     4.60
     1   -0.128   -0.178     -1.726  0.010     0.31     1.25    -9.66     9.80
     1    0.064    0.098     -1.022  0.010     0.85     2.56    -0.30     0.34
    -2    0.131   -0.204     -1.572  0.006    -0.66    -3.94    -3.17     3.70
     2    0.410   -0.078     -0.508  0.006    -0.26    -5.61    -0.42     0.54
    -2   -0.042    0.068      0.189  0.006    -0.15     1.84     1.33     1.55
     2    0.205    0.047      0.281  0.006    -0.97     2.61     0.60     1.93
     2    0.240   -0.272     -2.556  0.006    -0.55     1.69   -11.31    11.80
     1    0.166    0.098     -0.432  0.010     4.39     1.27   -14.07    16.78
     2    0.198   -0.047     -0.387  0.006     1.80     3.84    -2.82     3.39
    -3    0.383   -0.189     -0.346  0.199     6.96    -3.40    -3.01    10.11
     1   -0.172    0.158      0.351  0.010     5.93     1.13     1.07     1.48
    -1    0.046    0.151      0.106  0.010     3.01     1.94    -0.11     4.07
     1   -0.041    0.278     -0.133  0.010     3.41     2.27    -2.90     5.41
     1    0.310    0.318      0.800  0.010     0.51    -4.53     1.99     2.51
    -3   -0.171    0.065      1.523  0.199     0.40    -5.75     3.35     3.70
     2   -0.012   -0.021      0.004  0.006     1.34    -6.19     0.14     4.10
    -2    0.005   -0.217      0.405  0.006    -0.15    -0.92    11.01    11.79
    -2    0.013    0.816     -1.377  0.006     8.20     0.69    -0.29     0.34
     1    0.163   -0.149     -0.231  0.010     8.20     0.69    -0.29     0.34
     2   -0.297   -0.051      1.136  0.006     0.24    -3.10     2.28     2.76
    -1    0.552   -0.468      0.320  0.010     1.59    -4.33     0.24     1.63
    -1   -0.188   -0.152      0.142  0.010    -0.99    -0.74     8.07     8.93
     1   -0.036   -0.235      0.914  0.010    -0.63     1.12     2.66     3.13
    -1    0.049    0.086      0.222  0.010     0.63     0.20     1.68     3.66
     1   -0.275   -0.587     -0.351  0.010     0.49     0.29    -0.79     1.78
    -1   -0.187   -0.146     -0.285  0.010    -3.01     0.83    -3.46     4.15
     1    0.061   -0.442     -1.611  0.010    -2.55     0.38    -3.01     3.33
    -2   -0.133   -0.151     -0.097  0.006    -0.40     1.35    -1.63     3.61
     2    0.159    0.247      0.002  0.006    -0.64     3.91     0.28     1.48
    -2    0.203   -0.027     -0.193  0.006     4.08     1.48    -3.55     6.71
     2    0.410    0.330     -0.073  0.006     1.09     4.46     0.16     0.39
    -1   -0.192    0.198     -2.480  0.010     0.29     2.84   -19.30    19.55
     2   -0.010   -0.701     -0.131  0.006    -1.57     0.21    -0.72     1.90
    -1   -0.030    0.068      0.074  0.010     0.47     2.48    -0.30     1.54
     2    0.111   -0.117     -0.028  0.006     0.39     3.38    -0.95     2.56
    -1   -0.264   -0.044      0.040  0.010    -2.08    -0.07     0.40     1.97
     1   -0.078   -0.010      0.052  0.010    -1.67     0.22     2.92     3.70
    -2    0.554   -0.400      1.321  0.006     4.75    -0.75     4.12     4.73
     2   -0.126   -0.122      0.284  0.006     2.71    -0.42     0.30     0.35
    -2    0.136    0.013     -0.029  0.006     2.00    -5.56     0.39     0.74
    -2   -0.214   -0.510      1.710  0.006     1.65    -5.38     0.32     0.35
    -2    0.330   -0.008      2.663  0.006     2.33    -4.85     5.16     5.27
     1   -0.074    0.115      0.050  0.010    -3.83    -2.60     2.34     4.21
    -2   -0.456   -0.238      0.146  0.006    -3.40    -0.03     0.28     0.40
    -3   -0.224   -0.401     -0.445  0.199   -11.12    -9.22   -10.45    15.45
     2    0.032   -0.238      0.053  0.006    -7.03    -0.92    -0.16     0.35
     2    0.031    0.037     -1.324  0.006     1.20    -2.84    -2.04     2.13
     1   -0.075    0.123     -0.156  0.010     1.19    -0.16    -3.69     5.61
     1   -0.175   -0.210     -0.315  0.010    -2.18    -1.91    -5.33     6.85
    -2   -0.188   -0.103     -0.012  0.006    -2.69     1.89    -0.92     1.82
     2   -0.037    0.017      0.061  0.006    -3.06     3.26     0.51     2.06
    -2    0.125    0.117     -0.047  0.006     1.60    -0.23    -4.77     6.37
     3    0.530   -0.042     -0.376  0.199     4.19    -0.98    -0.56     0.81
    -1   -0.133    0.194      0.111  0.010     0.45     6.01     0.41     0.72
     1    0.109    0.061     -0.091  0.010    -1.01     6.49     0.46     2.36
     2   -0.140    0.347      0.375  0.006     0.75     3.37     2.69     3.45
     2    0.269    0.434      0.855  0.006     0.48     2.75     0.86     1.09
     1    0.013    0.132      0.181  0.010    -0.44     4.82     3.59     4.84
    -2    0.070   -0.176     -0.190  0.006     0.90    -2.62    -4.51     5.03
     1    0.109   -0.259     -0.350  0.010    -1.31    -1.82    -0.72     0.94
    -2    0.219    0.606     -0.068  0.006     3.38    -4.31     0.09     2.17
     2    0.296   -0.097      0.220  0.006     2.46    -5.21     0.86     1.35
     2    0.185    0.459      2.840  0.006     4.60    -3.49     0.82     0.87
     2    0.111   -0.035      0.017  0.006     4.70    -3.55     0.32     0.35
     1    0.307   -0.271      0.616  0.010     4.70    -3.55     0.32     0.35
     1    0.074   -0.406      3.064  0.010     0.19    -0.13    22.23    22.65
    -1    0.008    0.228      0.224  0.010    -0.62     0.80     1.43     2.33
     1    0.453    0.206     -0.840  0.010     2.27     2.09    -6.76     7.64
     2   -0.090   -0.073     -0.059  0.006     0.41     0.02    -3.47     5.92
     1    0.069    0.220     -0.916  0.010    -1.04     1.73    -8.22     8.80
    -1   -0.157    0.205      0.380  0.010    -1.57     1.77     3.83     4.88
     2    0.069    0.130      0.215  0.006    -1.07     1.49     3.32     4.13
     1    0.185    0.176     -0.356  0.010     3.58    -0.64     0.48     6.37
     2   -0.008    0.138      0.355  0.006     1.95     1.92    30.19    30.67
     3   -0.018    0.024      0.145  0.199     1.47     0.82     9.93    12.92
     1    0.117   -0.412     -1.008  0.010     0.75    -4.71    -0.32     0.35
     1    0.290   -0.369      0.027  0.010     1.06    -4.63    -0.32     0.70
     1   -0.230    0.087     -1.609  0.010    -1.20    -2.70   -13.82    14.18
    -2    0.109    0.044     -0.387  0.006     0.40     5.25    -0.11     1.00
     2   -0.057   -0.007     -0.008  0.006    -1.83     8.17     0.97     4.26
     1   -0.597    0.062     -0.895  0.010    -1.16    -3.45    -8.30    10.15
     3   -0.190   -0.209     -1.796  0.199     3.26    -2.55    -7.87     8.09
     1    0.077    0.024      0.029  0.010     3.89    -0.33    -2.92     3.41
     1   -0.009    0.050      0.309  0.010    -0.15     5.61     2.48     2.98
     1    0.049   -0.161      1.024  0.010     1.28     4.32    10.82    10.94
     1   -0.152   -0.378      0.934  0.010     2.60     1.15    11.59    12.75
    -1    0.007   -0.027      0.058  0.010     7.03     1.99     0.16     4.05
     2    0.035    0.600      0.924  0.006     6.92     2.97     0.27     0.36
     1   -0.061    0.002     -0.076  0.010    -2.50    -2.29    -6.14     6.31
     2   -0.234    0.060     -0.084  0.006    -3.87    -0.19    -1.95     3.34
     3   -0.171   -0.054     -0.392  0.199    -2.21    -2.10    -5.32     6.85
    -3    0.825   -0.259      0.150  0.199     3.05     0.10     0.69     2.82
     2    0.082    0.149      0.158  0.006     4.64    -1.99     3.19     5.38
    -1   -0.086    0.611     -0.639  0.010    -4.33     5.97    -4.49     5.90
     2   -0.056    0.021     -0.102  0.006    -2.39     3.42    -1.89     3.19
    -1    0.102   -0.037      0.688  0.010     6.04     1.01     1.14     1.43
     1    0.057   -0.005      1.852  0.010     5.75     1.00     1.45     1.61
     1    0.325    0.126     -1.341  0.010     5.96     2.79    -0.32     0.36
     1   -0.073    0.089     -0.219  0.010    -3.09     3.38   -31.14    33.17
     3    0.831   -0.225     -1.324  0.199    14.88    -5.09   -26.81    31.78
    -2   -0.055   -0.109      0.509  0.006     1.52     3.27     6.70     7.76
     2   -0.207   -0.043      0.358  0.006    -0.42     3.06     2.75     6.27
    -1    0.087   -0.106      0.100  0.010     1.03     0.29     2.31     3.56
     2    0.044    0.174      0.724  0.006     3.37     0.93     0.28     0.36
     1   -0.274    0.351     -0.269  0.010     2.99     3.88    -0.75     1.86
     2    0.187    0.418     -0.677  0.006     3.09     4.92    -2.76     3.06
     1    0.095    0.124     -0.267  0.010     2.30     3.73    -4.28     5.07
    -1    0.105   -0.087      0.061  0.010     4.80     1.48     0.24     0.89
     1   -0.186   -0.029     -0.027  0.010     4.59     1.54     0.22     1.09
    -3   -0.018    0.294     -0.753  0.199     0.42     2.72    -2.05     2.55
     1    0.068    0.081     -0.055  0.010     0.44     2.90    -1.36     2.59
    -3   -0.334   -0.283      0.491  0.199    -0.48    -5.56     0.27     0.36
     2   -0.062   -0.069      1.057  0.006    -0.42    -5.18     0.75     0.98
     2   -0.078   -0.131      2.373  0.006     1.02     5.49     6.41     6.51
    -1   -0.022    0.024      0.011  0.010    -3.11     3.17    10.16    13.49
    -2   -0.129   -0.057     -0.064  0.006    -3.32     0.04     0.37     1.84
     2    0.024    0.019      0.029  0.006    -0.56    -1.27    -1.22     7.42
    -2    0.186    0.112     -0.070  0.006     2.98    -0.18    -2.46     5.06
     1   -0.017   -0.078      0.032  0.010     2.55     3.38    -2.25     5.60
     2    0.045    0.015     -0.600  0.006     0.31     2.54    -3.23     3.57
     1   -0.148    0.066     -0.255  0.010    -2.44     1.02    -5.07     6.54
     1   -0.042    0.308     -0.302  0.010     0.39     4.23    -1.94     2.77
    -1    0.137    0.008      0.106  0.010     5.54     0.59     0.57     1.06
     3    0.251   -0.319      0.441  0.199    16.37   -13.66    22.48    30.75
     1    0.003   -0.276      0.832  0.010    -4.03    -5.23    13.21    14.95
     3    0.288    0.059      0.141  0.199     2.50    -4.29     1.38     2.61
     2   -0.040    0.046      0.376  0.006     1.98    -4.84     6.36     6.74
    -2    0.212    0.441     -0.890  0.006     3.35    -2.56    -1.80     2.17
     1   -0.008   -0.059     -0.022  0.010     5.89    -0.37    -7.64     9.64
     1    0.768   -0.162     -0.759  0.010    -1.22    -3.01    -2.28     3.31
    -2   -0.023    0.020     -0.215  0.006    -4.11    -3.66    -7.56     9.47
    -1    0.366    0.411      0.761  0.010     5.15     3.55     0.78     1.02
     1    0.296    0.282      0.088  0.010     5.27     3.48     0.67     1.02
     1   -0.111   -0.058      0.450  0.010    -3.62    -3.00     5.38     6.60
     1   -0.203    0.291      0.920  0.010    -2.76    -3.03     0.30     0.36
     2   -0.307   -0.005      0.447  0.006    -2.92    -3.49     5.42     6.31
    -2    0.478    0.326     -0.103  0.006     2.90     2.28    -0.48     3.35
     2    0.206   -0.130     -0.176  0.006     3.35    -0.17    -0.29     0.36
     1   -0.177    0.009     -0.251  0.010    -2.79    -1.74    -5.60     6.36
    -1   -0.086   -0.255     -0.446  0.010    -1.57    -1.57   -11.03    11.67
    -2   -0.236   -0.321      0.176  0.006    -0.30    -2.14     2.32     3.55
     1    0.179   -0.105      0.217  0.010     1.34     2.47     8.59     9.31
    -2    0.006    0.039      0.239  0.006     1.11    -0.63     4.21     5.79
     2   -0.008   -0.099      0.083  0.006     2.51    -4.13     4.87     5.68
     2    0.107    0.086     -2.700  0.006    -0.62     1.06    -1.24     1.34
    -3    0.178    0.134     -0.185  0.199     0.18     1.84    -1.84     2.56
    -3   -0.115    0.293      0.300  0.199    -3.94     5.35     8.51    10.55
     1    0.015    0.025      0.243  0.010    -2.69     3.44     0.46     0.88
     2   -0.343    0.356     -0.863  0.006     0.70    -1.15    -5.16     6.30
    -1    0.045   -0.025     -0.279  0.010     2.62     2.23    -0.75     4.68
    -1    0.016   -0.031     -0.029  0.010    -2.52     0.69    -1.14     5.28
     1    0.305   -0.058      0.048  0.010     1.02    -1.18    -0.95     2.53
    -1    0.202   -0.104      0.237  0.010    -0.29    -4.09     3.22     3.65
     2   -0.321   -0.416      0.082  0.006    -1.98    -2.99     0.19     1.71
     2    0.029    0.450      1.027  0.006     2.16     5.77     0.32     0.36
     1    0.076    0.453      0.722  0.010     2.26     5.63     0.66     0.74
     2    0.121    0.317      0.417  0.006     2.16     5.77     0.32     0.36
     1   -0.052   -0.062      0.074  0.010    -7.84     2.23    -5.85     8.58
     2    0.460   -0.376     -2.025  0.006    -5.41    -3.70    -2.34     2.57
     1   -0.034    0.275     -1.044  0.010    -6.11    -3.14    -0.33     0.36
    -1   -0.018    0.180     -0.123  0.010    -4.23     2.32    -0.27     0.37
     2    0.011    0.023     -0.167  0.006    -4.27     5.80    -4.58     5.90
    -1    0.086   -0.302      0.544  0.010    -3.46     0.00     0.31     0.37
    -2    0.031   -0.262      0.218  0.006    -3.36    -0.08     0.52     0.69
    -1   -0.042    0.011      0.185  0.010    -3.06    -0.19     1.39     1.58
    -2   -0.087   -0.227      0.250  0.006     0.40    -0.98    13.29    14.67
     1    0.073    0.508      0.171  0.010    -0.49     4.24     0.31     3.37
    -3    0.557   -0.430     -1.544  0.199    -5.90    -4.32    -0.32     0.37
     2   -0.302   -0.122     -0.368  0.006    -5.90    -4.32    -0.32     0.37
     1    0.031   -0.097     -0.193  0.010    -1.87     1.91    -2.12     2.73
    -2    0.102   -0.299     -0.035  0.006    -0.85     0.28    -3.26     5.91
    -3    0.044    0.231      0.648  0.199    -1.43     0.75     4.38     5.07
     1   -0.281   -0.006      0.218  0.010    -3.57     1.75     1.68     1.95
     1    0.154    0.097     -0.211  0.010     1.13    -2.41     1.09     3.37
     2   -0.130   -0.144      0.925  0.006     0.55    -1.75    18.41    18.58
     2    0.045    0.004     -0.052  0.006     3.90    -0.45     5.39     7.31
     2    0.338   -0.322      3.523  0.006     5.34     2.08     8.60     8.78
     2    0.260   -0.266      0.331  0.006     6.41     1.74     1.37     2.78
     2    0.129    0.074      0.071  0.006     5.12     2.41     3.23     3.57
    -1    0.000    0.229     -0.101  0.010     3.36     0.94     3.66     8.05
     2    0.153   -0.019      0.264  0.006     1.70     2.93     0.94     1.98
    -2    0.422    0.257      0.009  0.006     6.07     2.67     0.11     2.35
     2    0.269    0.110      2.169  0.006     4.40     3.22    27.19    27.56
    -1   -0.020    0.522      0.251  0.010    -0.30     1.11     1.94     3.27
     1    0.139   -0.092     -0.300  0.010     1.95     1.86    -0.41     2.01
    -1    0.120    0.160      0.061  0.010    -0.82     5.06     0.30     2.42
     2   -0.163    0.390      0.033  0.006    -1.93     4.72     0.04     0.37
    -1    0.073   -0.030     -0.024  0.010    -2.88    -2.74    -2.21     2.55
     2   -0.083   -0.245     -0.796  0.006    -3.25    -1.86    -5.39     6.32
    -3   -0.154   -0.077      0.008  0.199    -1.58    -0.43    -1.35     5.42
     2   -0.024    0.074      0.053  0.006    -3.44    -0.29    -0.62     2.35
     1    0.441    0.363     -1.008  0.010     1.64     1.52    -6.58     6.93
    -1    0.117   -0.010      0.235  0.010     2.28    -0.76    -0.28     2.19
     1   -0.328    0.407      1.631  0.010    -2.75     3.79     2.88     3.04
     1   -0.014    0.042      0.605  0.010    -2.33     3.02     0.60     0.64
     1   -0.155    0.488      1.502  0.010    -2.33     3.95     2.01     2.26
    -1   -0.033    0.194      0.146  0.010     1.01     1.92     1.76     4.87
     2    0.028   -0.016     -1.417  0.006     1.60     4.54    -3.89     4.12
    -1    0.124   -0.016      0.026  0.010     3.29     3.22    -1.64     5.71
     2    0.050    0.127     -0.207  0.006     1.35     3.72    -9.22    10.66
    -3   -0.157    0.025     -0.426  0.199    -2.09     4.28    -1.09     1.64
     1   -0.048    0.283     -0.391  0.010    -0.80     5.03    -0.83     1.86
     2    0.099    0.045     -1.021  0.006     3.13     0.63   -31.80    33.17
    -1    0.013   -0.125     -0.042  0.010    -1.33     0.32    -2.84     5.01
    -1    0.027    0.172     -0.092  0.010     1.05    -0.17    -3.61     5.49
     1    0.054   -0.241     -1.458  0.010     0.54    -0.20    -1.95     2.19
    -2    0.014    0.033      0.116  0.006    -3.00    -1.04     0.62     6.50
     1   -0.358   -0.338     -1.730  0.010    -5.35    -4.74    -3.11     3.44
    -1    0.160    0.073      0.109  0.010    -5.93     2.26     0.36     0.45
     1   -0.542    0.092      0.455  0.010    -5.96     2.27     0.29     0.37
     2   -0.484    0.505      1.519  0.006    -2.87     4.51     0.34     0.37
     1   -0.104    0.020      0.200  0.010    -2.27     0.61    20.67    21.15
     1   -0.231    0.029      0.713  0.010    -2.63     4.57     0.97     1.14
    -2   -0.251   -0.296     -0.283  0.006    -3.41    -0.54    -1.18     1.93
     1   -0.071    0.306     -0.666  0.010    -5.27     1.84    -7.25     7.74
    -2    0.066    0.307     -0.045  0.006     4.36     3.01    -0.10     0.37
     1    0.072    0.134      0.240  0.010     4.89     3.59     1.25     3.10
    -2   -1.225    0.007     -2.304  0.006    -4.71     0.32    -5.10     5.65
     2   -0.450    0.598     -0.539  0.006    -2.83     2.36    -5.28     6.60
     1    0.092   -0.081      0.135  0.010     2.67     3.37     6.72     7.05
     2   -0.037    0.037      0.141  0.006     4.28    -0.71    14.25    14.99
     2    0.447   -0.006      1.776  0.006     4.17     2.19     2.32     2.42
     2   -0.062   -0.218     -0.173  0.006    -0.12    -1.59     0.10     3.56
    -2    0.049   -0.039      0.175  0.006     0.52    -4.50     2.53     4.14
     1    0.109    0.075     -0.736  0.010     1.37     1.05    -1.72     1.84
     1   -0.090    0.283     -1.946  0.010     0.14     1.81   -12.58    12.77
     1    0.404   -0.225     -0.787  0.010     1.39     1.04    -0.68     0.91
    -1   -0.487    0.151      2.787  0.010     1.12     5.21     4.42     4.51
     1    0.283   -0.047      0.835  0.010     0.92     4.90     0.32     0.47
    -1   -0.097   -0.063     -0.052  0.010    -5.34    -4.76    -3.07     3.44
     3   -0.015   -0.298      0.096  0.199    -7.95   -31.52     8.16    35.66
    -1    0.260    0.151     -0.081  0.010     4.42     1.85     1.50     4.66
     1    0.002    0.178      0.246  0.010    -3.72    -1.25     8.22    11.19
    -1    0.632   -0.013     -1.742  0.010    -1.02     0.36    -2.94     3.37
     2   -0.036    0.073      0.115  0.006    -3.03     0.74    -2.11     3.17
    -1    0.274    0.180      0.799  0.010     0.91    -0.79     2.27     3.58
     1   -0.092    0.121      0.411  0.010    -3.05    -0.79    22.35    22.91
     1    0.193    0.184      0.249  0.010    -1.91     0.04     0.32     2.03
    -1    0.134    0.035     -1.728  0.010    -0.16     0.30    -6.40     6.57
    -1    0.210   -0.274     -0.355  0.010     2.83    -0.46    -0.82     1.02
     2    0.062    0.002     -0.174  0.006     3.82    -1.11    -3.78     4.32
     2    0.013   -0.085      0.064  0.006    -1.21    -3.84    -2.37     4.00
    -2    0.154   -0.215     -0.235  0.006     0.03    -2.99    -0.86     2.02
    -2   -0.237    0.187      1.017  0.006     5.05     2.64     9.47     9.77
     1    0.466    0.515      0.093  0.010     4.64     1.43     0.27     1.08
    -3   -0.180    0.039     -0.149  0.199     4.07    -2.69     0.50     5.81
     2    0.055   -0.049      0.111  0.006    16.48   -13.76    22.30    30.75
     2    0.509   -0.090     -0.099  0.006     0.68     4.38     0.40     1.78
    -1    0.025    0.052      0.108  0.010     0.17     5.75     0.86     1.97
    -2    0.069    0.186     -0.311  0.006    -0.04     3.22    -0.83     1.11
     2    0.092    0.030      0.050  0.006     2.62     2.28    -0.67     4.68
     2    0.075    0.094     -0.078  0.006    -2.55    -2.06    -1.71     2.56
    -1    0.260   -0.335     -0.707  0.010    -1.10    -3.87    -2.16     4.00
    -1   -0.240    0.111      0.297  0.010    -3.68     0.05     5.18     8.87
     1   -0.030    0.199      0.311  0.010    -1.50     6.35     0.25     0.38
     1   -0.061    0.116      0.010  0.010    -4.92     3.12    -4.84     8.28
    -1    0.076    0.161     -0.113  0.010    -2.23     4.60    -1.20     1.87
    -1    0.122   -0.037      0.059  0.010     2.27     2.03    -0.23     2.27
     2    0.297    0.471      0.502  0.006     2.68     3.46     0.82     2.51
     1   -0.257   -0.114      0.059  0.010    -6.12     2.34    -3.48     7.79
     1   -0.197   -0.054     -2.232  0.010    -2.75    -2.06    -0.35     0.38
     1    0.395   -0.112     -0.168  0.010    -2.30    -3.49    -2.75     3.39
     2   -0.122    0.023      0.051  0.006    -4.35     2.46    13.08    15.97
    -2   -0.016   -0.595      0.192  0.006    -3.15    -4.30    -0.21     2.21
    -2   -0.302   -0.086      0.744  0.006   -13.36     1.27    36.44    38.80
     1   -0.289   -0.053      0.658  0.010    -0.71    -2.66     0.87     1.20
    -1    0.091    0.101     -0.425  0.010    -3.52     3.17    -7.18     7.68
     1    0.062   -0.190     -0.692  0.010    -2.79     1.46    -1.86     1.99
     2   -0.065   -0.016     -0.345  0.006    -2.48    -0.96    -4.27     5.26
    -2    0.231   -0.017     -0.693  0.006     0.44    -2.18    -9.42    10.57
     2    0.086    0.039      0.121  0.006     3.81     2.63     6.58     7.57
     2   -0.008   -0.030      0.421  0.006     2.47     5.00     1.37     1.59
     1   -0.523    0.068      2.942  0.010     1.52     4.95     4.29     4.49
    -3   -0.175   -0.360      0.179  0.199     0.85    -0.79     0.42     4.89
     2    0.113   -0.078     -0.920  0.006     0.78    -0.48    -7.71     8.56
     1   -0.232   -0.268      1.177  0.010    -2.67     2.27     9.86    10.44
     2   -0.236   -0.397      0.794  0.006    -5.93     2.24     0.38     0.45
     3   -0.086    0.349      1.381  0.199    -5.90     2.28     0.34     0.38
     1    0.146   -0.611     -0.572  0.010     0.29    -2.48    -3.41     3.98
     2    0.335    0.083     -0.243  0.006    -0.22     0.01    -4.89     5.34
     1   -0.066   -0.007     -0.281  0.010    -0.37     1.50   -11.23    11.79
     1   -0.234    0.182     -0.040  0.010    -2.68     1.82     0.74     2.40
    -2   -0.012   -0.101     -0.192  0.006    -0.90     1.12    -1.81     5.03
     2   -0.100    0.192      0.212  0.006    -0.12     6.03     0.70     1.35
    -1    0.192    0.417      0.488  0.010    -0.99     6.24     0.85     2.14
    -1   -0.027   -0.050      0.102  0.010    -3.31     0.01     9.23    11.53
     2   -0.131    0.187      1.763  0.006    -0.32    -0.32     9.03     9.55
    -2    0.250    0.378     -0.059  0.006     0.33     0.79    -2.55     5.61
     1   -0.216    0.012     -0.501  0.010    -1.78     1.66    -8.54     9.29
    -2   -0.334   -0.458     -0.750  0.006    -1.95    -3.22    -0.91     1.26
     1    0.544   -0.215     -0.281  0.010     1.82    -2.82    -3.49     5.80
    -1   -0.007   -0.128     -0.001  0.010    -0.19    -1.49    -0.07     3.56
     2   -0.055   -0.020      0.036  0.006    -1.33    -1.96    -0.82     3.83
     1   -0.273   -0.089     -0.222  0.010     0.17     5.75    -0.66     0.87
    -1   -0.514    0.484     -1.369  0.010    -0.46     5.88    -2.24     3.04
    -3   -0.423   -0.254     -1.790  0.199    -6.94    -1.12   -17.87    18.41
     1   -0.187   -0.197     -0.021  0.010    -4.01    -4.14    -4.41     7.39
     1   -0.095   -0.360     -0.068  0.010    -3.53    -4.94     0.83     2.75
    -1   -0.087   -0.409      0.341  0.010    -2.12    -4.33     2.34     2.80
    -1    0.045    0.058      0.248  0.010    -1.82     5.05     4.15     4.38
     1   -0.224   -0.469      0.512  0.010    -1.70     5.81     0.25     0.39
    -1    0.011   -0.128      0.006  0.010     2.17     0.11     4.30     5.44
     1    0.257    0.014      0.454  0.010     4.82    -1.77     9.08    12.00
    -2    0.478    0.027      1.357  0.006     2.10     1.81     7.01     7.56
     1    0.005   -0.062     -0.009  0.010     2.35    -2.07     8.67    10.79
     2   -0.154    0.137      1.188  0.006     3.70    -1.34     1.76     1.91
    -2   -0.014    0.247      0.644  0.006     3.62    -0.61     3.41     3.85
    -2   -0.478    0.287      0.445  0.006    -4.34     2.04     1.41     1.90
     1   -0.412    0.117     -0.214  0.010    -5.99     4.71    -4.46     6.60
    -2    0.166   -0.185      0.005  0.006    -4.24    -3.99    -2.29     3.21
     2   -0.062    0.190     -0.216  0.006    -6.02    -3.06    -0.29     0.49
    -2   -0.196    0.080      0.235  0.006    -1.86     1.76     2.99     4.51
     1    0.005   -0.892      1.509  0.010     3.45     0.29     5.51     6.65
     1    0.465   -0.278     -2.570  0.010    -2.64    -3.60    -2.92     3.00
     1    0.094    0.063     -0.507  0.010    -1.42    -3.71    -9.77     9.93
     1   -0.294    0.019     -0.309  0.010    -4.16    -0.36    -7.77     8.86
    -3    0.027   -0.032     -0.217  0.199     4.27     0.89   -13.33    21.08
     1    0.011   -0.044      0.016  0.010     1.62     1.21     1.15     4.39
    -1   -0.156   -0.101      0.022  0.010    -0.57    -2.41     5.33     7.35
     2    0.102    0.225     -0.093  0.006     1.22     0.59     1.58     4.38
    -1    0.153   -0.074     -0.161  0.010     6.49     0.17     0.81     1.23
     1    0.115   -0.312      0.948  0.010     6.00     0.61     0.48     0.57
    -1   -0.145   -0.138      0.000  0.010     0.23    -2.13    -0.63     1.47
     2    0.122   -0.266      0.143  0.006     0.28    -2.13     0.00     1.28
     1   -0.463    0.107     -0.629  0.010    -3.22    -4.75    -2.63     3.42
     2   -0.012   -0.255     -0.501  0.006    -2.56    -2.85    -3.51     3.67
     2    0.264   -0.497     -3.589  0.006    -1.56    -4.52   -11.03    11.50
    -1    0.086   -0.149     -0.080  0.010     2.22     1.37    -2.66     4.10
     2    0.112   -0.124     -0.056  0.006     5.14    -0.61     4.22     5.56
    -1    0.219    0.327     -2.891  0.010     1.62     3.86    -4.44     4.77
     1   -0.169    0.164     -0.339  0.010    -1.04     3.31    -7.59     8.34
    -1    0.380    0.036      0.511  0.010     7.45     1.78     0.29     0.39
     2    0.382   -0.401      0.470  0.006     8.12     0.92     1.64     2.13
    -1    0.174    0.279      0.232  0.010     6.28     1.53     0.57     1.25
     1   -0.181    0.490     -0.082  0.010     5.24     2.07    -0.77     2.21
    -1    0.140    0.023      0.030  0.010     2.73     5.93     0.87     1.42
     2    0.345    0.254      0.002  0.006     1.51     6.00     0.62     1.70
     1   -0.009   -0.130     -0.718  0.010     1.24     1.58    -0.97     1.01
    -3    0.328   -0.317     -1.412  0.199     7.79    -3.20   -27.61    28.93
    -2    0.192    0.012     -0.361  0.006     6.54    -1.73   -19.57    21.00
     1    0.078    0.149      0.009  0.010     0.80    -1.99    -0.06     1.54
    -2    0.239   -0.265     -0.044  0.006     1.97    -5.89    -0.27     1.58
     1   -0.017    0.019     -0.034  0.010     1.28    -5.04     1.74     2.57
    -1   -0.605    0.258      1.207  0.010    -2.90     3.33     0.60     0.78
     1   -0.023    0.099     -0.075  0.010    -4.20     5.09    -0.17     3.69
    -2    0.041   -0.164      0.916  0.006    -2.01    -3.88    21.23    21.85
     2   -0.294   -0.085     -0.008  0.006    -6.28    -3.20     0.22     0.39
    -1   -0.359    0.177      0.060  0.010    -6.01    -4.11     0.25     0.42
     1   -0.025    0.025      0.093  0.010    -5.57    -3.74     1.50     4.07
     1    0.107    0.077     -0.078  0.010     2.65    -0.64     2.62     6.59
     1    0.010   -0.003      0.158  0.010    -0.50     6.70    21.89    22.57
     1    0.142    0.112      0.408  0.010     2.44    -0.01     5.49     6.51
    -1    0.053    0.121      0.057  0.010     0.59    -5.21    -0.63     1.96
     1    0.574   -0.239      0.066  0.010     0.85    -5.80     0.03     1.13
     1    0.096    0.275      1.674  0.010     2.48    -4.52     0.37     0.40
     2    0.215    0.503      0.660  0.006     2.01    -4.80     1.27     1.60
     2    0.100   -0.141      0.029  0.006     2.21    -2.79     3.04     4.51
    -1    0.051    0.267     -0.483  0.010    -0.75     1.75     0.06     1.98
     2    0.120    0.148      0.209  0.006     0.56     1.93     0.04     1.80
    -2    0.167   -0.146      0.094  0.006     0.22    -0.45    -0.32     5.02
     2    0.058   -0.217     -0.263  0.006    -1.94    -1.22    -1.57     2.24
    -2   -0.067   -0.132     -0.683  0.006    -1.47     0.63    -1.10     3.09
     1    0.042    0.349     -0.625  0.010     0.92    -0.21    -7.84     8.73
    -2   -0.042    0.251     -0.151  0.006    -4.26     2.20    -0.11     0.40
     1   -0.034    0.241     -0.003  0.010    -4.26     2.20    -0.11     0.40
    -1   -0.322   -0.026      0.529  0.010    -3.67    -1.60     8.15    10.95
     2   -0.047   -0.025      0.148  0.006    -0.22    -1.90    15.83    16.00
     1    0.036    0.085     -0.969  0.010     0.04     6.38    -3.92     4.34
     1   -0.106    0.067     -0.283  0.010    -1.68     4.43    -4.81     5.11
     1   -0.526    0.112     -0.927  0.010    -1.72     6.00    -0.59     0.64
    -2    0.078   -0.096      0.136  0.006    -0.41    -4.53     1.04     1.61
     2    0.123   -0.124      1.154  0.006     0.52    -4.50     2.89     3.09
     1   -0.053   -0.021     -0.041  0.010    -3.87    -1.33    -0.88     3.64
    -3   -0.453   -0.204     -0.305  0.199    -4.95    -0.16    -0.69     1.40
    -3   -0.283   -0.021      0.240  0.199    -2.11     2.76     1.83     3.18
     2   -0.152   -0.381      1.032  0.006    -2.15     1.92     0.33     0.40
    -2    0.008    0.040     -0.075  0.006     0.08     6.01     0.94     1.97
     3   -0.228    0.023      0.541  0.199     0.60     5.98     0.52     0.72
    -2    0.062   -0.320      0.079  0.006     4.26    -6.43     0.21     0.40
     1    0.079    0.143      0.609  0.010     3.02    -4.73     2.50     3.55
     2   -0.081   -0.480     -1.464  0.006    -2.71    -1.15    -4.17     4.39
    -2    0.123   -0.058      0.031  0.006     0.67    -5.24    -1.39     6.10
    -1   -0.187    0.181      0.025  0.010    -1.40     2.83     0.15     4.81
     1   -0.025   -0.059     -0.076  0.010    -2.11     4.65    -6.25     8.70
    -3   -0.325   -0.355      0.434  0.199     2.01    -5.72     0.50     0.74
     1    0.018    0.002      0.087  0.010     1.69    -4.80     1.99     2.79
    -2   -0.053    0.030      0.332  0.006     0.10     0.88     3.26     4.28
     2   -0.155    0.153     -0.308  0.006    -0.34     1.90    -0.55     2.66
     2   -0.017    0.254      1.499  0.006    -1.28     6.40     0.37     0.40
     2    0.055    0.341      0.463  0.006    -1.28     6.40     0.37     0.40
     2    0.058    0.032      0.231  0.006    -1.69     5.23     3.15     4.10
    -1    0.071   -0.016      0.011  0.010    -3.70    -2.49    -3.59     4.14
     2    0.039   -0.037     -0.072  0.006    -3.07    -0.78    -7.95     8.58
    -2   -0.110   -0.106      2.755  0.006    -2.12     1.51    18.67    18.95
     2   -0.122   -0.124     -0.156  0.006    -3.05     3.39     0.75     2.06
    -1   -0.082   -0.173      0.148  0.010     3.43    -4.88     7.83     8.88
     3    0.354   -0.465      1.200  0.199     5.21    -1.56     1.27     1.42
    -1    0.130    0.199      0.495  0.010     7.03     3.63     0.92     2.05
     1   -0.496    0.326      1.084  0.010     6.70     2.24     1.28     1.48
     2   -0.316   -0.085     -1.697  0.006     0.54     1.03    -4.45     4.59
    -2   -0.086   -0.025     -0.126  0.006    -1.33     0.45    -3.97     6.10
    -2   -0.034   -0.422      0.373  0.006    -0.77    -5.08     2.07     3.36
     2   -0.859    0.115      0.897  0.006    -1.97    -3.53     2.86     3.94
    -1   -0.160    0.103     -0.044  0.010    -3.16     3.19    -0.27     0.41
     3    0.272    0.027     -1.459  0.199    -2.46     2.74    -6.43     6.95
    -1    0.038   -0.006     -0.032  0.010     2.80    -3.12     2.76     3.54
     3    0.276   -0.119      0.610  0.199     4.75    -1.86     9.80    12.73
    -1    0.084    0.110      1.455  0.010    -1.36     1.30     0.36     0.41
     1    0.094   -0.056      0.417  0.010    -0.33     3.05     4.46     7.02
     1   -0.413   -0.028     -0.256  0.010    -2.08    -3.27    -4.56     5.43
     2    0.762   -0.115     -2.410  0.006     0.45    -2.30   -10.12    10.91
     1    0.259    0.011     -2.870  0.010     0.61    -2.76   -28.71    28.91
    -3    0.238    0.129     -0.191  0.199     5.05    -1.61    -0.16     0.41
     2    0.039   -0.167     -0.083  0.006     3.76    -5.29    -0.97     4.39
     2   -0.195   -0.180     -2.690  0.006     1.69    -5.90   -12.13    12.65
     1    0.339   -0.015     -0.661  0.010     1.79    -2.03    -6.68     7.05
     2   -0.007    0.034     -0.251  0.006     0.25    -2.52    -4.88     5.71
    -2   -0.017    0.205     -0.177  0.006    -0.33     5.35    -0.91     2.14
     2   -0.330   -0.072     -1.424  0.006     0.69     6.46    -0.35     0.41
    -3    0.333   -0.270     -0.442  0.199    -2.93    -4.02    -0.76     1.33
     1    0.057   -0.095     -0.299  0.010    -2.22    -3.30    -5.79     6.34
     1    0.240   -0.230      1.049  0.010     6.05    -0.20     5.13     5.28
     2    0.023    0.265      0.026  0.006     5.63     3.70    -0.77    10.75
     1    0.339   -0.107      1.619  0.010     7.89    -0.03     2.30     2.49
     1   -0.124    0.034     -0.634  0.010     0.70    -5.18   -11.76    11.86
     2   -0.028   -0.121      0.190  0.006     0.26    -5.99     2.03     2.95
     1    0.106    0.002     -0.775  0.010    -0.32    -5.57    -0.36     0.41
    -2    0.123   -0.284      0.392  0.006    -0.20    -1.91     5.59     6.44
     1   -0.019    0.106      0.142  0.010    -2.71    -1.37     4.27     4.95
    -1   -0.016   -0.226     -0.035  0.010     4.06    -2.37    -0.32     0.74
     2    0.327   -0.102     -0.232  0.006     4.57    -4.63    -2.68     4.07
     1   -0.026   -0.412     -0.313  0.010     2.86     1.32    -0.25     0.41
    -1    0.122    0.036     -0.450  0.010     3.44     2.00    -3.03     3.58
    -1   -0.295   -0.011     -0.214  0.010    -0.25    -2.17    -3.07     3.79
     2   -0.103   -0.663     -0.826  0.006    -0.72    -3.63    -1.28     2.17
    -2   -0.061    0.037      0.117  0.006    -2.97     3.07     0.52     1.15
     1   -0.660   -0.025      1.807  0.010    -2.48     2.76     0.36     0.41
    -1    0.222   -0.066      0.408  0.010    -0.24     5.08     8.38     8.93
     2   -0.001   -0.019      0.000  0.006    -0.10     2.31     6.54     7.31
    -2    0.241    0.001      0.723  0.006     2.96     0.04     2.14     3.32
     2    0.022    0.221      0.241  0.006     0.49     1.96     4.74     6.18
    -3    0.112    0.134      0.025  0.199     1.75     4.73    -0.25     3.52
     1    0.105    0.215      0.479  0.010     3.27     3.63     0.85     1.37
     1   -0.151    0.328     -0.163  0.010    -4.13     1.15    -0.69     1.78
    -2   -0.232    0.065      0.091  0.006    -4.29     0.65    -0.35     1.24
    -1    0.154   -0.397      0.944  0.010     2.13    -4.28     0.34     0.42
     1    0.269   -0.251      0.298  0.010     4.60    -2.15     3.20     5.38
     1   -0.023   -0.100      0.185  0.010     0.37    -3.70     2.52     3.28
     2    0.008    0.052      0.312  0.006     0.99    -3.97     7.95     8.15
     1   -0.082   -0.037      0.915  0.010     0.47    -3.17     4.74     4.98
    -1    0.033    0.078      0.045  0.010     0.43     3.70     0.77     4.52
     1    0.048    0.090     -0.427  0.010     1.77     4.64    -0.49     3.52
    -1   -0.059   -0.014      0.168  0.010    -3.97     3.70     2.81     3.93
     2    0.076   -0.050      0.465  0.006    -1.26     1.16     8.39     9.08
    -2    0.037   -0.074      0.033  0.006    -2.99     1.40    -1.66     3.47
     2   -0.627    0.344     -1.169  0.006    -4.30     1.23    -0.37     0.42
    -2   -0.011   -0.002     -0.020  0.006    -3.33    -1.73    -0.34     0.42
     1    0.145   -0.142     -1.031  0.010    -1.98    -3.85    -9.57    10.21
    -1    0.196   -0.036     -0.092  0.010     3.66    -1.18     0.78     1.18
     2    0.037   -0.127      0.098  0.006     1.87    -7.29     2.52     8.33
    -1    0.207    0.324      0.383  0.010    -1.13    -1.81     1.34     4.10
     2   -0.054   -0.048     -0.090  0.006    -1.43    -0.15    -0.22     2.45
     1    0.225    0.505     -0.725  0.010     3.20    -3.02    -2.97     4.37
    -1    0.013   -0.108     -1.030  0.010     4.50    -5.68    -0.36     0.42
    -2   -0.185   -0.203     -0.870  0.006     3.58     2.16    -2.50     2.59
     1    0.541    0.457     -0.655  0.010     2.25     3.64    -1.61     2.60
    -2    0.310   -0.307      0.520  0.006     0.03    -3.37     6.08     7.02
     2   -0.061   -0.002      0.163  0.006    -0.15    -1.05     6.53     7.47
     1    0.115    0.054      0.623  0.010     5.07    -1.50     1.45     1.60
     2   -0.097   -0.023      0.068  0.006     0.45    -0.89    17.14    18.40
     1    0.079    0.266     -0.159  0.010     5.36    -0.25     0.29     2.04
    -1   -0.046    0.134     -0.011  0.010    -6.63     2.59     0.12     0.42
     1   -0.173   -0.123      0.235  0.010    -6.86     2.91     0.30     0.85
    -2    0.508    0.205      0.712  0.006     2.60     5.17     0.54     0.71
     2    0.119    0.102      0.795  0.006     2.98     4.34     2.46     3.07
     2   -0.460    0.146     -1.469  0.006    -0.84    -4.87    -2.69     2.90
     2   -0.342   -0.261     -1.047  0.006    -2.27    -5.49    -2.58     2.73
     2    0.334   -0.186     -0.556  0.006     0.15    -2.96    -7.46     8.18
     1   -0.040   -0.106     -0.557  0.010    -1.06    -1.90    -0.38     0.42
     2   -0.043    0.006     -0.001  0.006    -1.64    -3.10    -1.59     2.41
     2    0.012   -0.037     -0.310  0.006    -0.51    -2.02   -12.87    13.35
     2   -0.064   -0.065     -0.025  0.006    -1.94    -2.04   -19.04    19.44
     2   -0.090    0.494     -0.877  0.006    -1.60     2.00    -2.88     3.30
     2   -0.129   -0.079     -0.423  0.006    -1.95    -0.20    -7.02     7.31
    -2    0.230    0.262     -1.050  0.006    -1.97     2.44    -1.40     1.83
     2   -0.328   -0.062     -0.458  0.006    -2.21     1.42    -1.52     2.66
    -1    0.216   -0.014      0.830  0.010     0.38     1.63     3.67     4.21
     2   -0.080   -0.142      0.274  0.006     0.83     1.84     9.12    10.02
    -2    0.082   -0.018     -0.122  0.006     4.97     2.99     0.25     0.43
     1    0.154    0.485      0.989  0.010     5.70     4.33     4.06     4.62
     1    0.325   -0.493      2.308  0.010     3.93    -2.08     9.80    10.44
     2    0.196    0.205      0.115  0.006     3.68     1.19     0.92     1.10
     1    0.115    0.445      1.133  0.010     3.83     2.67     8.31     8.52
    -1    0.091    0.457      1.238  0.010     3.62     4.12     1.16     1.28
     1    0.370    0.335      1.578  0.010     3.73     3.93     0.40     0.43
    -3   -0.386    0.565      2.424  0.199    -2.64     2.47     9.86    10.44
     2   -0.543    0.172      1.539  0.006    -1.12     0.59     2.19     2.36
    -2   -0.311   -0.458      0.415  0.006    -3.39    -4.93     1.07     1.61
     2    0.020   -0.065      0.341  0.006    -2.48    -4.93     0.32     0.43
     1   -0.630   -0.251      1.848  0.010     1.07    -1.64     0.38     0.43
     1    0.132    0.248      0.257  0.010     2.51    -0.26     1.41     3.08
     2   -0.074   -0.006      0.383  0.006     3.31    -1.83    13.39    13.82
    -1   -0.211    0.055     -0.644  0.010    -6.72     1.10    -6.78     9.00
     1    0.230   -0.034     -0.428  0.010     0.13     0.21    -4.34     6.05
    -1   -0.254    0.444      2.419  0.010    -0.57     6.74    21.89    22.57
     2   -0.259    0.283      0.196  0.006     2.01     5.43     0.79     1.18
    -1    0.184   -0.080      3.081  0.010     2.39    -3.05    21.36    21.52
     1   -0.679   -0.239      1.921  0.010    -0.45    -1.98     6.32     7.14
    -2    0.135    0.079     -0.169  0.006     0.55     4.14    -2.87     3.71
     2   -0.405    0.253     -0.035  0.006    -1.50     2.93    -0.15     1.82
    -2   -0.190   -0.062      0.469  0.006     2.64    -5.25     4.08     4.85
     2   -0.084   -0.209      0.468  0.006     4.03    -3.30     0.37     0.43
     1    0.089    0.151      0.069  0.010     8.43     2.04     4.41     4.79
     1   -0.049    0.352      0.545  0.010     6.94     2.89     0.41     0.44
     1   -0.239    0.110      1.815  0.010     6.27     3.06     4.50     4.58
    -3   -0.204   -0.395      0.385  0.199    -1.20     1.04     2.61     5.76
     1   -0.070   -0.035     -0.000  0.010     2.08     4.01     0.76     2.97
     2   -0.262   -0.276      0.275  0.006    -0.79    -5.27     1.56     1.68
    -1   -0.646   -0.074      1.982  0.010    -0.35    -5.17     0.41     0.44
     1   -0.263    0.073     -0.533  0.010    -5.89     4.57    -4.63     6.60
     1   -0.084    0.046     -0.320  0.010     1.48     2.72   -11.45    12.35
     2    0.020    0.058     -0.065  0.006     0.31     4.09    -1.29     3.00
    -1   -0.153   -0.069      0.003  0.010    -3.82    -1.76     1.38     6.86
     1   -0.166    0.177      0.959  0.010    -3.14    -0.63     3.96     4.07
    -2    0.118   -0.021     -0.096  0.006     2.44     5.45     0.26     0.44
     2   -0.140    0.166      0.121  0.006     2.24     5.35     1.23     1.43
     2   -0.010    0.089     -0.325  0.006     4.45     3.47    -0.57     0.94
    -2    0.176    0.162     -0.120  0.006     5.24     4.12    -0.74     1.24
    -3   -0.001   -0.204     -0.373  0.199    -1.58     1.26    -4.54     4.98
     1   -0.132    0.020     -0.144  0.010    -7.88     2.30    -5.64     8.58
     1   -0.321   -0.477      1.001  0.010    -2.38    -5.05     5.72     6.57
     1    0.061   -0.140      0.151  0.010     0.49    -5.91     2.72     3.09
     2   -0.001   -0.155      0.288  0.006     0.26    -5.29     0.69     0.74
     1   -0.115    0.500     -1.481  0.010    -2.71     2.57    -0.40     0.45
     2    0.050   -0.022     -1.001  0.006    -3.45     2.75   -14.42    14.62
     2   -0.078    0.043     -0.199  0.006    -2.03     3.90    -1.39     4.46
     1    0.294   -0.059     -0.303  0.010    -0.80    -0.15    -0.13     2.89
    -2   -0.253   -0.173     -0.041  0.006    -1.54    -0.37    -1.97     3.80
    -2    0.461   -0.420     -0.525  0.006     4.88    -2.38    -1.79     2.39
     2    0.397    0.235     -2.185  0.006     4.64    -0.90    -3.23     3.34
    -1   -0.292   -0.081      0.830  0.010    -0.52    -4.26     1.14     1.27
     2    0.167   -0.233      0.205  0.006    -2.51    -3.99    -0.19     3.62
    -2    0.030    0.081      0.122  0.006     0.94     2.01     0.52     3.89
     2    0.167    0.317      0.286  0.006    -0.34     3.64     2.40     3.52
     1   -0.164   -0.491     -0.071  0.010     0.32     0.92    -0.81     1.60
     2    0.303   -0.194     -1.374  0.006     0.29     1.47    -2.07     2.19
     1    0.017   -0.058     -0.502  0.010    -0.01    -0.16    -7.50     7.97
     3    0.499    0.041      0.507  0.199     2.58    -2.50     1.47     2.05
    -2    0.124   -0.127      0.646  0.006     1.52    -1.44     6.54     6.69
    -3    0.025    0.040     -0.370  0.199    -2.31    -0.26    -4.54     6.12
     2   -0.347    1.402     -1.571  0.006    -3.52     1.28    -3.24     4.36
    -1    0.054   -0.023     -0.592  0.010    -1.79     3.38    -0.41     0.50
     1    0.085    0.060     -0.339  0.010     0.32     3.06    -9.17     9.99
    -3    0.170    0.036     -0.771  0.199     2.36     5.75    -5.10     6.77
     2    0.147    0.120     -0.094  0.006     0.82     5.96    -0.27     0.47
    -2   -0.266    0.510      0.377  0.006    -4.36     4.31     5.03     6.20
     2   -0.105    0.114      0.241  0.006    -5.14     1.53     0.31     0.45
    -1    0.048    0.087      0.062  0.010    -1.41     0.76    -0.13     2.55
     2    0.001    0.040     -0.004  0.006    -1.51     0.41    -2.80     5.01
    -2    0.217    0.183     -0.736  0.006     1.42     1.08    -9.13     9.70
     2   -0.000    0.064     -0.120  0.006    -2.42     2.45    -4.34     5.03
    -3    0.122   -0.023     -0.248  0.199     4.56    -1.61    -0.96     1.19
     1    0.278   -0.015     -1.048  0.010     6.57    -1.78   -19.54    21.00
    -2   -0.058    0.270      2.384  0.006     1.89     2.83    57.57    58.04
     2    0.219   -0.041      0.567  0.006     4.34     0.16     5.03     6.18
    -1    0.248    0.072      0.203  0.010     9.69    -2.92    10.05    14.02
     2    0.834   -0.190      0.457  0.006     6.65    -1.45     4.80     8.09
    -2   -0.031    0.123     -0.166  0.006     3.00     0.50    -7.61     8.26
     2    0.093   -0.057     -0.325  0.006     2.95    -3.46   -20.23    21.08
     2    0.274    0.241     -0.654  0.006     3.26     0.05    -0.43     0.45
     1    0.689    0.048     -2.843  0.010     3.48     0.02    -1.36     1.41
     1   -0.050    0.098     -3.194  0.010     2.36     0.90   -14.47    14.57
    -1   -0.395   -0.435      1.014  0.010    -5.91    -0.75     0.42     0.45
    -1   -0.127    0.266      1.204  0.010    -5.91    -0.75     0.42     0.45
    -1   -0.108   -0.021      0.597  0.010    -4.52    -0.47     6.31     6.51
    -1   -0.307   -0.092     -0.760  0.010    -1.04    -5.35    -1.78     1.94
     1    0.085   -0.289     -0.118  0.010    -0.87    -5.77    -0.58     0.86
     1    0.224   -0.127     -0.794  0.010     4.66    -0.43   -20.51    22.87
     2    0.407    0.005     -1.236  0.006     1.66    -2.02    -8.36     8.78
     2   -0.027    0.167     -0.040  0.006    -0.39    -1.32    -0.58     1.69
    -2    0.120    0.053      0.107  0.006     0.96    -1.64     4.84     5.47
     1   -0.263   -0.348      1.816  0.010     3.11    -2.38     1.57     1.64
     1   -0.018   -0.063      0.166  0.010    -0.23    -4.95     0.74     0.82
     2   -0.067   -0.499      1.037  0.006    -0.08    -5.34     1.37     1.54
     2    0.041    0.000      0.657  0.006    -0.21    -4.86     0.42     0.46
    -1    0.306    0.185      0.377  0.010     3.74     4.18     1.08     1.28
     3   -0.246   -0.230      1.811  0.199     3.35     3.65     2.12     2.25
     2    0.242   -0.236     -0.427  0.006     1.54     3.96    -0.30     0.45
    -2   -0.062    0.055      0.130  0.006    -2.04     3.93    -1.09     4.46
    -2   -0.030    0.172     -0.042  0.006     3.00     4.45    -2.56     3.54
     1    0.100   -0.007     -0.035  0.010     1.04     4.98    -0.30     0.45
    -2    0.333    0.104     -0.887  0.006    -0.06    -4.68    -4.66     5.03
     2    0.111   -0.634     -1.320  0.006     0.65    -8.03    -7.52     8.49
     1   -0.349   -0.133     -0.761  0.010    -4.86     0.92    -4.29     5.06
     1   -0.082   -0.027     -0.103  0.010    -3.72    -0.74    -8.71     8.82
     2   -0.018    0.119     -1.639  0.006    -3.74     0.48    -0.43     0.45
    -2   -0.237   -0.106     -0.236  0.006    -6.16    -4.20    -0.51     0.65
     2   -0.309   -0.049     -0.196  0.006    -5.50    -1.75    -4.81     5.95
    -2    0.074   -0.060      0.315  0.006     7.70    -5.61    26.88    27.66
     2    0.162   -0.639      1.275  0.006     8.18     0.38     0.51     0.59
    -1   -0.120    0.199     -0.183  0.010     7.25     2.70    -0.62     1.01
     1    0.198    0.106     -0.585  0.010     7.23     2.73    -0.60     1.01
     1   -0.154    0.031      1.161  0.010    -0.71    -3.77    57.49    57.77
     2   -0.111    0.241      0.226  0.006    -1.47     2.18     2.63     3.59
     3    0.194    0.072      0.895  0.199    -0.66     3.00     5.57     6.40
     2   -0.144    0.007     -0.290  0.006    -3.17    -0.81    -7.97     8.58
    -2    0.112   -0.037     -0.539  0.006    -1.59    -4.28   -13.21    13.76
     1    0.140    0.171     -0.656  0.010    -0.82     4.83    -1.05     1.86
    -2    0.336   -0.314     -0.259  0.006     1.76     4.24    -2.67     4.41
    -3    0.021    0.148     -2.871  0.199    -1.63     3.53   -51.71    52.11
     2   -0.176   -0.022     -0.421  0.006    -0.07     3.82    -8.05     8.80
    -3    0.393   -0.581      0.421  0.199     1.20    -2.71     1.39     3.17
     2    0.144   -0.112      0.010  0.006    -0.68    -4.13     3.06     5.26
    -1   -0.348   -0.094      0.569  0.010    -3.87     0.75     1.76     2.04
     1   -0.387    0.520      1.546  0.010    -5.54     1.91     4.85     5.55
     2    0.301    0.235      3.463  0.006     1.55     0.53     0.49     0.51
     2    0.158    0.004      0.227  0.006     2.43     2.02     0.85     2.67
     3   -0.262    0.259      0.489  0.199    -1.10     0.83     3.66     5.29
     1   -0.672   -0.182     -3.748  0.010    -7.07    -0.77    -0.44     0.46
     2    0.029   -0.178     -0.375  0.006    -7.07    -0.77    -0.44     0.46
     3   -0.054   -0.042     -0.160  0.199    -7.21    -1.09    -0.82     1.19
     1    0.077   -0.104     -0.179  0.010    -1.22     3.33    -0.87     1.32
    -1   -0.188   -0.217     -0.182  0.010    -0.41     1.47    -3.39     6.17
     1   -0.162   -0.413      1.463  0.010     2.04     2.49     7.88     8.46
     2    0.032    0.010      0.003  0.006     1.37     4.17     4.65     5.75
     3    0.359   -0.247      1.017  0.199     5.92     0.61    18.58    19.82
    -1    0.046   -0.422     -2.065  0.010    -3.82    -3.92    -0.55     0.60
     2   -0.010   -0.015     -0.010  0.006    -3.57    -3.83    -0.84     0.93
     2   -0.005   -0.104     -0.317  0.006    -1.33    -4.37    -6.42     6.73
     3   -0.459   -0.069     -0.305  0.199    -2.20    -2.73    -1.29     2.00
     1    0.657   -0.257     -4.546  0.010    -0.92    -2.63    -2.71     2.79
     2    0.140    0.070     -0.645  0.006    -0.74     5.11    -0.42     0.46
     2    0.220    0.085     -0.945  0.006     0.05     6.25    -3.60     3.93
     1   -0.275    0.134     -0.836  0.010    -2.43     4.78    -2.89     3.48
    -1    0.106   -0.135      0.668  0.010     5.05     3.33     1.20     1.46
     2   -0.058    0.055      0.686  0.006     4.97     3.57     0.37     0.46
    -3    0.097    0.489      1.154  0.199     3.11     4.68     1.56     1.68
     1    0.023   -0.008     -0.015  0.010     5.52    -1.18     5.89     8.73
    -2   -0.386   -0.242      2.412  0.006    -1.05    -1.39     4.25     4.32
     1   -0.084   -0.051      0.006  0.010    -1.98    -2.42     4.06     4.59
    -2    0.003    0.165     -0.503  0.006     2.46     0.35    -7.69     8.60
     1    0.110    0.179     -0.893  0.010     1.42     0.43    -4.25     4.39
    -1    0.285    0.351     -0.690  0.010     0.81     2.25    -3.25     4.33
     1   -0.035    0.191     -0.548  0.010    -2.11     4.37    -8.94    10.01
    -1    0.232    0.007      0.068  0.010     3.21     3.09     3.92     6.31
     2    0.185   -0.198      1.391  0.006     4.50     0.91    14.15    14.65
     2    0.177    0.088     -2.786  0.006     2.97    -3.58    -1.47     1.53
     1    0.122   -0.126     -0.647  0.010    -0.13    -3.03   -16.20    17.11
     1    0.008   -0.205     -0.439  0.010     2.86    -4.07    -1.66     1.96
    -2    0.077    0.224      0.459  0.006     3.83    -0.85     4.53     5.57
     2   -0.656    0.128      0.834  0.006     1.82    -2.92     2.25     2.67
    -1   -0.054    0.039     -0.070  0.010     1.20    -0.06    -7.64     9.08
     1    0.211    0.155     -0.188  0.010     0.33    -0.99    -4.27     5.23
     2   -0.123    0.049      0.045  0.006    -0.76     4.10     0.48     0.92
     2   -0.065   -0.048      2.454  0.006    -1.20     4.02     0.44     0.47
     2    0.123    0.100      0.992  0.006    -1.82     4.61    13.03    13.22
    -1    0.033    0.172      0.009  0.010     2.11     5.56    -1.47     2.59
     1    0.135    0.105     -0.020  0.010     2.66     4.26    -1.52     2.38
    -2    0.488   -0.012      0.097  0.006    -0.86    -0.32     0.59     3.06
     1   -0.258   -0.245      0.790  0.010    -0.61    -2.33     5.46     7.35
    -2   -0.024    0.039      0.460  0.006    -0.08    -4.17     2.89     3.21
     1   -0.210    0.016      0.375  0.010    -1.90    -3.58     2.92     3.94
     1   -0.062   -0.135      0.563  0.010    -1.70     0.50     5.15     5.39
     2    0.345   -0.131      2.623  0.006     0.17     0.28    15.14    15.44
     2   -0.070   -0.230      0.825  0.006    -3.54     1.44     4.84     5.02
    -2   -0.396    0.199     -0.347  0.006    -1.81     0.65    -1.92     6.72
     2   -0.061   -0.002     -0.093  0.006     2.03    -0.57    -1.47     3.71
    -3    0.275   -0.475     -0.432  0.199     4.70    -2.64    -2.33     2.94
     2    0.191   -0.072      0.057  0.006     4.84    -1.87    -0.34     1.14
    -1   -0.038   -0.055      0.422  0.010    -3.03     2.21     1.40     2.90
     2   -0.193    0.056      0.881  0.006    -3.80     3.69     2.67     3.67
    -1    0.143    0.157      3.001  0.010     5.63     4.44    23.73    23.79
     2    0.181    0.073      0.531  0.006     3.44     4.23     3.42     4.41
    -2    0.173   -0.215     -1.293  0.006     0.98    -2.25    -6.58     7.23
     2    0.231   -0.018     -2.092  0.006     2.07    -2.56   -19.05    19.24
    -2    0.090    0.076     -0.225  0.006     1.70     1.81   -12.30    13.85
     2   -0.160    0.039     -3.059  0.006     1.73     3.53   -11.29    11.54
    -1   -0.340   -0.101     -0.058  0.010    -3.79    -1.78     0.69     7.44
     1    0.056    0.108      0.887  0.010    -0.47    -2.10     5.66     6.19
    -1    0.123   -0.147     -0.596  0.010     2.41    -2.14    -5.00     5.67
     2   -0.014   -0.015      0.112  0.006    -0.37    -4.32     1.83     7.50
    -2   -0.239    0.036      0.354  0.006    -1.21     0.68     0.45     3.80
     1    0.032   -0.071      0.116  0.010     0.66     0.27     9.76    11.37
    -1   -0.378   -0.869      2.216  0.010     1.77    -5.53     0.48     0.52
     2   -0.063   -0.179      0.422  0.006     1.78    -5.51     0.44     0.47
    -1   -0.202    0.010     -0.008  0.010    -4.33     5.40    -0.16     0.47
     1   -0.214    0.040     -0.151  0.010    -4.33     5.40    -0.16     0.47
     1    0.003    0.070      0.706  0.010     3.48     0.56     5.56     6.65
     2   -0.111    0.070      3.327  0.006     5.86     2.91    20.69    20.80
     2    0.172    0.157      0.518  0.006     3.61     6.37     5.85     6.69
     1    0.192    0.182     -0.237  0.010     3.94     4.20    -0.43     0.48
     2    0.282   -0.314     -1.674  0.006     7.74    -3.04   -27.68    28.93
     2    0.084   -0.014     -0.616  0.006     3.58     3.56    -7.94     8.33
     1    0.048    0.211     -3.939  0.010    -2.23    -1.01    -5.92     6.00
     2    0.361   -0.308     -1.020  0.006    -0.15    -0.97    -3.34     3.85
     2   -0.012   -0.038     -0.138  0.006     0.51     0.22    -9.95    11.56
     2    0.099    0.522     -1.027  0.006    -3.96     3.86    -1.37     1.51
     2   -0.363   -0.032     -0.522  0.006    -4.26     3.53    -0.43     0.48
     1    0.001   -0.027     -0.617  0.010    -4.26     3.53    -0.43     0.48
    -2   -0.198    0.418     -2.501  0.006    -2.56     4.35    -2.70     2.80
     1   -0.174    0.041     -0.080  0.010    -2.79     3.81    -0.45     0.48
    -1    0.230    0.032     -0.252  0.010     0.74     2.62    -1.30     2.03
     3    0.228    0.231     -0.542  0.199     2.71     4.12    -4.73     6.18
    -1    0.040   -0.053      0.154  0.010     0.62     2.77     0.59     0.95
     1    0.022    0.221      0.205  0.010     0.60     1.71     5.73     6.96
    -1    0.062   -0.007     -0.110  0.010     4.75    -2.43    -2.19     2.75
     2    0.171   -0.144     -2.482  0.006     4.13    -1.92    -0.45     0.48
    -2   -0.126   -0.290     -0.837  0.006    -6.29    -3.42    -0.75     0.92
     2   -0.291    0.142     -0.229  0.006    -6.30    -3.21    -0.36     0.48
    -1   -0.099   -0.235      0.450  0.010    -0.36    -1.58     5.20     6.39
     2   -0.217   -0.077      0.052  0.006    -3.29    -2.18     5.96     8.52
     1   -0.103   -0.049      0.192  0.010    -7.34    -2.56     1.95     6.37
    -2   -0.174    0.026      0.619  0.006    -3.65    -1.23     2.24     2.79
    -1   -0.092   -0.117     -0.554  0.010    -2.27    -4.44    -3.93     4.67
     3   -0.013   -0.266     -0.981  0.199    -4.23    -4.27    -3.89     4.77
    -2    0.126    0.062     -0.026  0.006    -0.93     3.74    -1.87     3.69
     2    0.242   -0.163     -0.534  0.006    -1.97     3.81    -3.84     3.97
    -1   -0.184   -0.133      0.024  0.010    -1.57     0.23    -0.69     1.90
     2   -0.096    0.068     -0.101  0.006    -4.96    -0.79    -2.77     5.47
    -2    0.069    0.312      1.821  0.006    -0.24     5.11     8.38     8.93
     1   -0.165    0.049      0.029  0.010     0.09     5.21     0.73     1.19
     1   -0.030   -0.038     -0.616  0.010    -0.99    -0.23    -3.03     3.47
    -2    0.051    0.091      0.068  0.006    -2.83     0.87    -0.43     3.25
     2   -0.053    0.149      0.260  0.006     1.37     2.96     2.65     3.53
     1   -0.290   -0.132      2.001  0.010     1.39     3.94     0.46     0.49
     1   -0.080    0.019      1.682  0.010     1.39     3.94     0.46     0.49
    -1    0.021    0.085      0.228  0.010     1.10     4.70     7.09     7.52
     2   -0.039   -0.027      0.553  0.006     2.91     1.20    10.29    10.87
    -1    0.258   -0.032     -0.023  0.010    -1.39     4.42    -0.12     0.49
     2    0.012   -0.005      0.010  0.006     4.88     6.17     1.51     7.56
     2   -0.431    0.166     -1.834  0.006    -5.37     4.29   -10.42    10.83
     2    0.053   -0.910     -3.205  0.006    -3.99    -0.46    -8.27     8.62
     2    0.181   -0.145     -1.032  0.006    -2.79     0.89    -7.16     7.86
    -2    0.045    0.236      0.217  0.006     1.44     5.55     1.98     2.31
     1   -0.078    0.106      0.215  0.010     3.64     6.45     5.86     6.69
    -1    0.052    0.092     -0.870  0.010     1.93    -3.47    -1.95     3.16
     1    0.434    0.078     -1.136  0.010     3.33    -3.12    -1.43     1.66
    -1   -0.024   -0.266     -0.726  0.010    -5.11    -0.29   -14.31    15.15
     1    0.125   -0.204     -0.804  0.010    -3.22     3.02    -8.08     8.75
    -2   -0.092    0.237     -1.016  0.006    -3.00     0.01    -5.93     6.29
     2    0.137    0.038     -1.106  0.006    -2.79    -1.16    -1.74     1.81
     2    0.356    0.195      0.441  0.006     8.02     1.36     0.45     0.50
     2   -0.227   -0.198      0.945  0.006     8.02     1.36     0.45     0.50
     1    0.032   -0.051      0.695  0.010     8.02     1.36     0.45     0.50
     1   -0.243    0.112      0.521  0.010     1.42     6.60     0.45     0.50
     2    0.263   -0.154      0.394  0.006     1.42     6.60     0.45     0.50
     2   -0.216    0.231      1.282  0.006     1.42     6.60     0.45     0.50
    -1   -0.228    0.146      0.507  0.010     4.92     3.59     0.44     0.50
     1    0.203    0.460      0.868  0.010     5.03     3.51     0.69     0.79
     2   -0.032    0.177      1.175  0.006     4.27    -6.46     0.47     0.50
     2    0.047   -0.658      1.570  0.006     4.27    -6.46     0.47     0.50
     1    0.145   -0.151      0.357  0.010     4.27    -6.46     0.47     0.50
    -3   -0.064   -0.256      0.073  0.199    -0.14    -0.90     1.20     4.70
     2    0.025   -0.105      0.881  0.006    -0.00    -0.36    10.32    10.47
     1   -0.322   -0.117     -1.073  0.010    -4.26    -2.00   -11.04    11.54
     2    0.088   -0.319     -1.219  0.006    -3.62    -4.06    -2.18     2.24
     3   -0.498    0.019     -3.600  0.199    -8.48    -0.83   -37.06    37.74
    -2    0.398    0.160      0.937  0.006     2.20     5.47     1.41     1.70
     1    0.129    0.012      0.107  0.010     2.15     4.27     3.13     3.73
     1   -0.070    0.021      0.818  0.010     2.02     2.30     6.04     6.28
     2   -0.249   -0.002      1.265  0.006     1.77     1.35    26.93    27.41
     2    0.100   -0.061      0.392  0.006     3.57     1.28     4.62     5.26
    -1    0.003    0.328     -0.122  0.010     0.26     5.78    -2.32     3.69
     2   -0.106   -0.027     -0.081  0.006    -1.89     1.66    -4.87     6.73
    -2   -0.010   -0.046      0.015  0.006    -1.77     0.44     2.02     4.59
     2    0.015    0.028      0.274  0.006    -3.58     5.84     4.03     6.07
    -2    0.431    0.043      1.147  0.006     2.19    -4.76     1.35     1.65
     2   -0.022   -0.540      0.827  0.006     2.01    -5.21     5.11     5.78
    -1   -0.028    0.023      0.152  0.010     0.50     0.94    18.49    18.56
     2    0.151    0.162      0.516  0.006     0.88     0.90     3.05     3.54
    -2   -0.013   -0.165     -0.513  0.006    -3.13     2.74    -7.13     7.74
     1   -0.157   -0.007     -0.052  0.010    -3.21     3.60    -2.75     3.30
     2    0.402   -0.068     -1.804  0.006     2.76     2.37    -1.96     2.07
     2    0.243   -0.189     -0.796  0.006     3.51     4.25    -3.39     4.51
     1    0.370    0.298     -1.329  0.010     0.47     3.91   -13.78    14.50
    -3   -0.077    0.235      0.546  0.199    -3.69     3.05     4.36     5.49
     1   -0.020    0.275      0.636  0.010     2.11     7.97    13.11    15.04
    -2    0.141   -0.022     -0.119  0.006    -1.35     1.36     2.42     4.58
     1    0.001    0.128      0.828  0.010    -2.85     3.22     7.81     8.24
     2    0.033    0.064      0.015  0.006     4.80     1.89     3.19     4.22
     2    0.224   -0.662      1.529  0.006     3.63     2.11     6.33     6.77
     1   -0.050    0.027      0.564  0.010     3.66     2.26     2.90     2.96
    -1   -0.015   -0.005      0.014  0.010     0.98     5.32     0.78     4.79
     2    0.075    0.024      1.536  0.006     0.77     4.25     0.45     0.51
     1    0.178    0.353      0.547  0.010     4.82     2.10     2.15     2.64
     1   -0.067    0.084      0.620  0.010     3.82     0.70    11.53    11.72
     2   -0.324    0.216     -0.091  0.006     4.62     2.85    -0.70     2.96
    -3    0.091   -0.053     -2.738  0.199     0.30     1.76   -12.85    13.00
     1    0.212    0.111     -0.683  0.010     2.16     6.89    -5.76     7.55
    -2   -0.057   -0.151      2.491  0.006    -0.71    -3.78    57.48    57.77
     1   -0.040   -0.080      0.980  0.010     2.98    -4.42     6.75     7.30
    -1   -0.222    0.179     -0.184  0.010     2.07     0.25    -0.12     0.94
     2    0.060   -0.092     -0.033  0.006     2.11     0.18    -0.82     1.62
    -2    0.142    0.147     -0.183  0.006     4.47     1.41   -14.58    17.24
     3    0.120   -0.198     -0.203  0.199    -0.21    -5.50    -0.47     0.54
    -1   -0.399    0.263     -0.517  0.010    -3.01     1.72    -1.56     1.97
     2    0.209    0.026     -0.195  0.006    -1.34     0.34    -4.06     6.10
    -2   -0.073   -0.059     -0.271  0.006    -3.92     2.32    -3.47     4.02
     1    0.001    0.242     -0.093  0.010    -2.31     2.66    -0.76     2.32
     2   -0.012    0.125      0.120  0.006     4.88     0.69     2.46     2.74
     2    0.132   -0.102      1.466  0.006     5.09    -2.91    19.35    19.88
     1    0.133    0.073      0.285  0.010     5.06     1.15     0.47     0.51
     1   -0.222    0.066     -0.992  0.010    -4.09     0.71    -1.12     1.44
    -1    0.057   -0.005     -0.442  0.010    -6.05     0.20    -9.86    10.72
    -2    0.096    0.095      0.116  0.006     3.52    -1.14     0.81     2.84
     2    0.356   -0.120      0.692  0.006     1.83     0.34     2.60     2.98
     1   -0.280    0.169     -0.512  0.010    -3.51     2.40    -0.47     0.51
     1    0.282    0.096     -1.138  0.010    -3.52     1.77    -3.47     3.59
     2   -0.210    0.045     -0.133  0.006    -4.11     2.30    -0.78     1.51
    -2   -0.242    0.057      0.258  0.006    -1.72     5.08     1.22     1.58
     1    0.112    0.448      0.496  0.010    -1.62     4.80     0.64     0.91
     2   -0.130   -0.127      0.487  0.006     5.36    -4.26    23.58    24.45
     1    0.145   -0.165      0.425  0.010     7.06     2.19     2.32     2.48
     1   -0.061    0.085      0.145  0.010     0.69     1.53     7.90    10.47
    -1   -0.314    0.674      2.801  0.010     0.54     2.11     1.74     1.86
     2   -0.017    0.036     -0.041  0.006     1.77     2.32     1.77     3.93
    -2    0.118   -0.113     -0.538  0.006     2.60     1.61    -4.74     6.20
     1   -0.027   -0.052      0.093  0.010    -0.29     3.30    -1.06     4.89
    -1    0.316    0.154     -0.160  0.010     5.28     3.57    -0.09     0.60
     1    0.367   -0.026     -0.052  0.010     5.33     3.60    -0.07     0.52
    -1   -0.203   -0.120      0.374  0.010     3.02    -3.38     1.80     3.49
     1    0.291    0.090      0.301  0.010     1.15    -3.69     4.00     4.25
     2   -0.103   -0.113      0.065  0.006    -5.47    -7.01    -0.36     8.70
     2   -0.031   -0.125     -0.113  0.006    -0.59    -5.00   -11.44    13.30
     2    0.164   -0.197     -4.936  0.006    -2.01    -1.60    -5.52     5.60
     1   -0.203   -0.053      0.569  0.010    -3.36    -0.50    15.57    16.99
     2   -0.433   -0.050      0.756  0.006    -1.59     2.15     7.77     8.51
     2    0.137   -0.269      0.589  0.006     2.15    -2.74     6.59     8.60
    -1    0.164   -0.189     -1.070  0.010     1.75     3.55   -11.27    11.54
     1    0.025    0.042     -0.046  0.010     5.20     0.09    -4.75     5.89
     1   -0.046   -0.076     -0.427  0.010    -4.81    -1.41    -0.55     0.60
     2    0.000    0.182     -4.188  0.006    -4.60     0.09   -14.22    14.33
     3   -0.047   -0.283     -0.876  0.199    -4.41    -3.36    -5.46     6.01
    -1   -0.159    0.010     -1.313  0.010    -1.98    -0.07    -1.25     1.31
     3   -0.068   -0.105     -0.938  0.199    -3.09    -1.14    -6.73     7.02
    -1    0.611   -0.094     -0.902  0.010     1.21    -0.54    -1.36     1.98
     2   -0.118    0.052     -0.345  0.006    -0.57     0.12    -1.10     1.99
    -2    0.013    0.428      0.050  0.006    -3.19     2.29     0.13     1.23
     1   -0.040   -0.262      0.376  0.010    -2.87     1.78     1.68     2.24
    -1   -0.034    0.279      1.203  0.010    -0.18     7.92     7.77     8.32
     1   -0.199   -0.340      0.477  0.010     0.29     5.36     0.47     0.53
     1   -0.056    0.358      1.553  0.010     1.19     5.46     4.40     4.51
     2   -0.295   -0.130      0.436  0.006    -3.09     3.10    10.25    13.49
     2   -0.052    0.343      0.587  0.006     0.77     7.53    10.25    10.92
    -1    0.007   -0.055     -0.028  0.010    -3.99    -3.00    -5.57     6.55
     1   -0.198   -0.156     -0.257  0.010    -4.09    -2.26    -2.99     3.55
     1    0.216    0.002     -0.018  0.010    -0.18     3.90    -0.10     1.17
    -2   -0.068   -0.512     -0.705  0.006     2.21     0.62    -2.53     6.15
     1   -0.022    0.028      0.599  0.010     0.05    -3.27     5.54     5.82
     2   -0.365    0.106      2.418  0.006    -0.16    -4.68     0.50     0.54
     1   -0.090    0.042      0.236  0.010    -0.16    -4.74     0.53     0.64
    -2   -0.156    0.310     -0.045  0.006    -4.95    -2.43     0.00     2.90
     1   -0.040    0.047      0.066  0.010    -2.97    -3.72     0.08     0.54
     1   -0.035    0.119     -1.548  0.010     0.95     2.11    -9.16     9.25
     2   -0.006    0.028     -0.123  0.006     0.64     2.08    -2.89     4.46
     2    0.311   -0.163     -0.897  0.006     2.21     0.56    -3.30     3.62
     1   -0.027   -0.007     -0.006  0.010     3.17    -6.79     0.36     6.61
    -1    0.007   -0.007      0.648  0.010    -5.41    -4.85   111.11   111.54
    -1   -0.172    0.000     -0.275  0.010    -3.70     0.03    -0.49     0.54
     2   -0.617   -0.195     -1.409  0.006    -3.70     0.03    -0.49     0.54
    -1    0.068    0.541      1.070  0.010     4.68     1.39     5.80     6.56
     1   -0.053   -0.081      0.119  0.010     3.94    -2.06     9.82    10.44
    -3   -0.219   -0.300      0.474  0.199     2.13    -5.71     0.51     0.57
     1    0.117   -0.192      2.013  0.010     2.15    -5.71     0.50     0.54
    -2    0.010    0.074     -0.115  0.006     0.43     1.85    -4.67     6.09
     2   -0.253   -0.011      0.319  0.006    -1.40    -0.39     4.39     6.18
    -1    0.271    0.270     -0.431  0.010     5.85     4.74    -0.60     0.72
     2   -0.132    0.467     -1.226  0.006     5.73     4.71    -0.48     0.55
    -2   -0.021   -0.014      0.182  0.006    -3.86     5.33     8.59    10.55
     2   -0.088   -0.147      0.063  0.006    -1.55     1.43     2.95     4.70
     2   -0.136   -0.127     -1.389  0.006    -0.38    -4.27   -12.16    12.43
     2    0.008    0.003      0.002  0.006    -0.41    -4.21   -16.11    16.43
     1    0.020    0.077     -0.910  0.010    -0.07    -2.45    -0.80     0.87
    -1    0.034   -0.264      0.069  0.010    -2.98     1.91    -0.34     1.16
     1   -0.428    0.412     -0.172  0.010    -4.90     2.40    -0.99     3.19
     2    0.124   -0.203     -0.035  0.006    -1.15    -0.02    -2.92     3.38
    -2   -0.007   -0.008     -0.062  0.006    -0.52     1.74    -3.33     3.48
    -2    0.041    0.101      0.337  0.006    -2.17     1.71     6.81     8.14
     1   -0.389    0.483     -0.425  0.010    -1.25     0.81    -1.25     3.72
    -1    0.126    0.153      0.154  0.010    -2.12     4.56     1.47     1.71
     1   -0.005    0.055      0.185  0.010    -2.34     4.54     1.00     1.30
     2   -0.030   -0.004      0.345  0.006    -7.66     5.48    75.08    75.79
     2   -0.172   -0.258      2.226  0.006     0.16     0.02    10.27    10.43
     1   -0.255   -0.519      1.790  0.010     0.59    -0.74     2.22     2.33
    -2    0.053   -0.098     -0.125  0.006     3.11     2.49    -0.04     3.87
     1   -0.012    0.039     -0.035  0.010     2.52     4.21    -4.69     6.18
     1   -0.127    0.028     -2.172  0.010     0.71    -1.35    -5.70     5.72
     3    0.267    0.054     -1.417  0.199     3.33    -0.69   -11.45    12.55
     2   -0.028    0.096     -1.369  0.006     0.49    -2.16    -3.66     3.83
     1    0.283   -0.313     -5.055  0.010    -3.21    -0.74   -18.26    18.44
     1    0.238    0.306     -1.054  0.010    -1.78     1.50    -4.99     5.15
     3   -0.299   -0.132     -0.812  0.199    -3.94     1.63    -4.15     4.96
    -1   -0.113    0.544     -1.940  0.010    -1.72     6.05    -0.51     0.55
     2   -0.227    0.534     -1.142  0.006    -2.06     5.85    -1.95     2.22
     1    0.035   -0.021     -1.672  0.010    -0.03    -4.18    -0.53     0.55
     1    0.024   -0.011     -0.038  0.010    -2.33    -6.22    -6.90     8.27
     2   -0.048   -0.113     -1.071  0.006    -1.49    -3.93    -9.78     9.93
    -2    0.028   -0.320      0.532  0.006     4.52    -2.74     3.74     4.32
     2    0.357    0.084      2.079  0.006     4.74    -1.32     2.76     2.93
    -2   -0.015   -0.034      0.099  0.006     1.55    -1.99    12.63    13.86
     2   -0.142    0.109      0.324  0.006     2.67     4.59     3.52     5.12
    -2    0.007   -0.214      0.261  0.006     0.51    -3.20     0.08     3.59
     1    0.037   -0.046      0.022  0.010     0.63    -2.75    -2.02     3.12
    -3   -0.114    0.587      2.425  0.199    -2.81     3.21     7.82     8.24
     1    0.002   -0.041      0.615  0.010    -4.05     1.99     0.50     0.56
    -2    0.030    0.201     -1.034  0.006     1.66    -1.58    -1.86     1.99
     2    0.447   -0.160     -0.763  0.006     1.85    -1.88    -0.50     0.56
     2   -0.188   -0.060     -0.183  0.006    -3.90    -3.30    -2.00     2.23
     2   -0.087   -0.049     -0.067  0.006    -3.08    -3.60    -4.46     4.58
     1   -0.084   -0.006     -0.249  0.010    -4.55    -4.60    -9.34     9.51
    -2   -0.084    0.008     -0.026  0.006    -6.14    -4.33    -0.59     0.65
     1   -0.694   -0.364     -1.576  0.010    -6.16    -4.34    -0.50     0.56
    -1    0.326    0.371     -1.291  0.010     0.14     2.22    -2.14     2.28
     2    0.106    0.317     -0.931  0.006     0.25     2.96    -2.25     2.46
     1   -0.354    0.102     -1.526  0.010    -3.49    -2.04    -0.83     0.91
     1    0.211   -0.029     -1.733  0.010    -3.08    -3.00    -9.83     9.91
     2    0.015   -0.076     -0.078  0.006    -2.90    -2.17    -1.20     1.59
    -2   -0.319    0.460     -1.178  0.006    -1.22     2.90    -4.17     4.84
     2    0.154   -0.052     -0.884  0.006     3.10    -0.40   -11.87    13.28
    -1    0.013    0.030      0.032  0.010    -0.56     5.71    23.42    24.28
     2    0.661    0.423      1.536  0.006     3.47     5.06     1.90     2.14
    -2   -0.366    0.147      0.308  0.006    -3.85     3.14     4.22     5.49
     2    0.038   -0.095      0.048  0.006    -3.59    -0.61     9.16     9.50
    -2   -0.114    0.183      1.060  0.006    -0.55     5.68    23.45    24.28
     1    0.067   -0.038      0.131  0.010     1.08     1.42     4.82     5.83
    -2   -0.003   -0.074      0.067  0.006     0.79    -4.67     1.37     1.87
     2    0.011   -0.073     -0.064  0.006     0.80    -3.98    -0.95     2.51
    -1   -0.171   -0.008      0.169  0.010    -2.13    -1.53     0.42     0.57
     2   -0.181    0.065      0.343  0.006    -3.01    -0.25     5.08     7.36
    -2   -0.003   -0.029      0.542  0.006    -4.30     4.18     5.10     6.20
     1    0.214    0.263      0.553  0.010    -0.13     8.12     7.69     8.32
     1   -0.101   -0.378     -1.146  0.010    -2.65    -1.34    -0.90     0.95
     2    0.112   -0.093     -0.589  0.006    -2.23    -1.02    -5.92     6.00
     1    0.180    0.081     -0.532  0.010    -4.78    -2.16    -4.35     5.05
    -1    0.379   -0.201      1.499  0.010     1.65    -5.65     4.32     4.59
     3    0.049    0.003      0.463  0.199     0.07    -1.55    24.00    25.21
    -3   -0.060    0.272      1.232  0.199    -2.47     3.98     2.05     2.42
     1   -0.072    0.035     -0.080  0.010    -1.19     4.21    -0.21     1.75
    -2   -0.283   -0.329      0.467  0.006     0.03    -3.23     3.30     4.68
     1    0.136   -0.269      0.498  0.010     1.28    -2.35     6.12     7.51
     1   -0.181   -0.165     -0.165  0.010     6.57    -2.37    -7.75     8.99
     2    0.102    0.118     -1.589  0.006     7.34     1.92    -0.54     0.57
     2    0.184   -0.058     -0.618  0.006     7.34     1.92    -0.54     0.57
    -3   -0.112    0.044      1.857  0.199   -10.34     2.06   184.67   185.99
     2   -0.105   -0.910      2.395  0.006    -0.05    -4.18     2.87     3.18
    -3    0.218   -0.127     -3.759  0.199     0.96    -0.61   -21.68    22.02
     2    0.105   -0.112     -0.655  0.006     0.06    -0.21    -1.00     1.10
    -1   -0.007   -0.041      1.528  0.010     6.97     1.73     5.12     5.35
     1   -0.153    0.063      0.193  0.010     2.10     8.00    13.16    15.04
     1   -0.034    0.181      0.411  0.010     3.74     2.52     1.88     2.19
     2    0.118    0.126      2.188  0.006     3.60     3.55     4.03     4.07
     3    0.056   -0.094      1.430  0.199     1.98     1.29    26.93    27.41
    -1    0.196   -0.254      0.085  0.010     3.68    -4.39     1.11     2.02
     2    0.035   -0.026     -0.041  0.006     2.85    -3.83     0.12     0.68
     1    0.132    0.262     -2.509  0.010    -4.37     1.54    -3.69     3.75
     1   -0.365    0.105     -0.377  0.010    -4.69     2.09    -1.25     1.54
     1   -0.380   -0.247     -1.252  0.010    -5.60     0.87    -7.24     7.47
    -1    0.019   -0.007     -0.069  0.010     4.29     1.02   -13.25    21.08
     2    0.209   -0.211     -0.107  0.006     2.22     0.74    -2.03     5.52
    -1   -0.029   -0.028     -0.248  0.010    -3.04    -4.40    -3.84     5.53
     2    0.127   -0.154     -0.234  0.006     2.09    -4.58    -5.20     6.41
    -1    0.362    0.146      0.975  0.010     4.41    -6.39     0.50     0.58
     1    0.014   -0.209      0.150  0.010     4.41    -6.39     0.50     0.58
    -1    0.403   -0.049     -0.451  0.010     4.49    -6.37    -0.49     0.68
     1    0.260    0.166     -1.136  0.010     4.41    -6.32    -0.50     0.58
    -2    0.129   -0.087      0.018  0.006     1.95    -1.83    -2.63     4.69
     2    0.016   -0.128     -0.536  0.006     0.67     0.16   -10.09    11.41
    -2    0.288    0.081     -1.206  0.006     0.58    -3.33    -5.16     5.30
     1    0.084    0.024      0.061  0.010    -1.72     0.58    -1.81     6.72
    -1   -0.045   -0.031     -0.236  0.010     1.15    -1.37    -6.70     7.78
     2    0.092   -0.048     -0.019  0.006     2.35    -0.40    -9.31    10.56
     1    0.114   -0.062      1.337  0.010    -0.86    -0.20     1.19     1.29
     1   -0.265   -0.113      4.060  0.010    -1.61     0.59     5.19     5.32
     2   -0.085   -0.028      0.420  0.006    -1.16    -0.27     0.55     0.58
    -2    0.238    0.059      0.338  0.006     4.07    -3.13     1.12     1.56
     2    0.026    0.198      2.311  0.006     1.73    -2.35    24.55    24.86
    -1    0.009    0.248      0.417  0.010    -0.05     3.18     0.53     0.58
     2    0.138    0.518      1.268  0.006    -0.05     3.18     0.53     0.58
    -2    0.196   -0.316     -0.321  0.006     4.67     3.23    -0.42     0.59
     1    0.031   -0.030      0.012  0.010     3.30     0.62    -4.98     6.23
    -2    0.579    0.289      1.876  0.006     6.90     1.79     5.15     5.35
     2    0.028    0.389      1.573  0.006     6.10     1.96     3.66     3.81
    -1   -0.121   -0.071      0.298  0.010     2.25     0.18    10.98    11.78
     2   -0.065   -0.312      0.983  0.006     2.57    -1.95     3.00     3.68
    -2    0.016    0.102     -0.017  0.006     1.34    -1.07     2.11     4.11
     1   -0.047   -0.243      0.982  0.010    -1.01    -0.89     2.56     2.92
     1   -0.275    0.009      0.663  0.010    -2.92     2.03    16.50    17.46
     2    0.085    0.071      2.199  0.006     2.85     2.58     6.79     6.86
     2    0.206    0.012      0.447  0.006     2.18     2.23     0.57     0.59
    -2    0.064    0.318     -1.389  0.006    -2.95     2.53    -5.16     6.60
     2    0.230    0.225     -0.172  0.006     2.64     3.58    -2.35     5.60
    -1   -0.245   -0.272      0.820  0.010    -3.42     0.16     0.56     0.59
     3   -0.065    0.027      1.935  0.199   -10.27     2.10   184.68   185.99
    -2   -0.101    0.082      0.192  0.006    -3.18    -0.55    15.68    16.99
     1   -0.711    0.394      1.065  0.010    -1.29    -4.06     1.83     2.32
    -1   -0.086    0.019      0.284  0.010    -2.08    -3.69    21.22    21.85
     1   -0.052    0.048      0.672  0.010     3.17     0.82     9.21     9.55
    -1   -0.126   -0.076      0.166  0.010    -1.43    -2.18    10.26    10.67
     1   -0.194   -0.068      0.316  0.010    -3.32     0.06    14.23    15.92
    -1    0.210    0.055      0.098  0.010     5.24    -3.50     0.11     0.59
     2    0.096   -0.024     -0.035  0.006     5.24    -3.50     0.11     0.59
    -1    0.068   -0.140      0.084  0.010     1.81    -2.22     0.14     3.08
     2    0.006   -0.025     -0.025  0.006    -0.18    -5.79     1.50     9.96
    -1   -0.101    0.051     -0.108  0.010    -5.90     2.30    -0.17     0.60
     2   -0.180    0.089      0.009  0.006    -5.90     2.30    -0.17     0.60
     1   -0.388    0.361      1.107  0.010     5.63     4.61     0.65     0.69
     1    0.355   -0.093      1.706  0.010     5.68     4.58     0.58     0.60
     2   -0.248    0.260      2.665  0.006     5.68     4.58     0.58     0.60
    -3    0.082    0.356     -2.384  0.199    -3.69    -1.76    -6.74     7.19
     1   -0.031    0.180     -0.666  0.010    -4.00    -3.83    -0.57     0.60
    -2    0.038   -0.019     -0.080  0.006     3.19    -3.07    -0.33     1.18
     1    0.137   -0.059     -0.278  0.010     2.94    -2.60    -0.79     1.73
    -1    0.045    0.049      1.534  0.010     4.54    -5.84     0.55     0.60
     1    0.050   -0.248      0.169  0.010     4.45    -6.15     0.71     0.96
     1   -0.046    0.106      1.725  0.010     5.25    -1.03     0.94     0.98
     2    0.369   -0.073      0.858  0.006     5.33    -1.01     0.57     0.60
     1    0.108    0.033      0.363  0.010     4.48     1.41     5.81     6.56
    -1   -0.046   -0.009      0.457  0.010    -1.28    -2.09     6.18     6.49
     1   -0.630    0.092      1.252  0.010    -1.05    -2.70     0.71     0.81
    -1    0.115    0.100     -0.258  0.010    -2.16    -2.31    -0.38     1.98
     2    0.004   -0.080     -0.379  0.006    -1.40    -1.47    -8.05     9.11
    -2    0.016   -0.061     -0.323  0.006     0.25     1.50   -14.97    15.33
     1   -0.067    0.039     -1.796  0.010     0.17    -0.00    -0.56     0.61
    -2   -0.130    0.058      0.019  0.006    -0.60     4.90     0.83     1.90
     1   -0.680    0.312      0.372  0.010    -3.47     5.62     4.18     6.07
    -1    0.004    0.047      0.577  0.010     0.61     1.39     3.20     3.31
     1    0.157    0.070      0.017  0.010     0.69     1.63    -0.42     3.21
    -1    0.255   -0.199      0.770  0.010     1.72     3.74     1.59     1.93
     2   -0.093    0.210      0.080  0.006     2.17     4.65     1.14     2.25
    -3   -0.128    0.028     -1.262  0.199    -3.14     3.45   -31.12    33.17
     2    0.171   -0.007     -0.202  0.006     0.53     0.16    -4.35     6.70
    -1   -0.143    0.007      0.028  0.010    -4.86     2.69    -1.01     3.03
     1   -0.003   -0.062     -0.070  0.010    -5.42     1.90    -1.97     4.00
    -2    0.299    0.127      0.418  0.006     3.14     4.08     2.22     2.61
     2    0.038   -0.219      2.190  0.006     0.56    -0.62    24.69    25.20
    -1    0.240    0.049      1.029  0.010     1.49     2.34     8.50     9.31
     1    0.678   -0.019      1.634  0.010    -1.28     4.77     1.09     1.26
    -2    0.383   -0.064     -0.576  0.006     0.36    -2.29    -8.73     9.52
     2   -0.075    0.033     -0.148  0.006    -4.04    -4.20    -4.35     7.39
     1   -0.193   -0.098     -0.497  0.010    -4.64     0.61    -1.07     1.30
     1   -0.096    0.145     -1.209  0.010    -5.18     1.38   -10.50    11.17
     2   -0.115   -0.141     -1.069  0.006    -4.25     0.87    -0.93     0.96
    -2    0.179   -0.208      2.426  0.006     1.01     0.48    29.17    29.61
     2   -0.085    0.157      0.277  0.006     0.72     5.16     1.21     1.31
     1    0.089    0.119     -0.414  0.010     2.38    -0.12    -0.60     0.62
     2    0.041   -0.641     -1.809  0.006     2.38    -0.12    -0.60     0.62
     3    0.361   -0.066     -3.332  0.199     2.38    -0.12    -0.60     0.62
    -1    0.091    0.097      0.741  0.010    -0.02     4.62     8.62     8.80
     1    0.062    0.164      0.052  0.010    -0.51     4.78     2.01     3.25
    -2   -0.221    0.028     -0.007  0.006    -1.85     6.54     0.11     0.62
     1   -0.057    0.061      0.064  0.010    -1.85     6.54     0.11     0.62
     2   -0.102    0.127     -0.405  0.006    -1.45     6.47    -3.18     3.70
     2    0.140    0.385     -1.441  0.006    -2.54     5.17    -0.95     0.98
     1    0.264   -0.006     -1.618  0.010    -2.48     5.18    -0.59     0.62
    -1    0.012    0.006     -0.268  0.010    -3.47     0.85    -3.04     3.24
     2   -0.166    0.128     -0.764  0.006    -2.58     0.63    -3.70     4.22
    -1   -0.123   -0.014      0.874  0.010    -3.63    -0.97    27.25    28.20
     2    0.005   -0.049     -0.063  0.006     0.69     1.15     2.57     3.34
    -1    0.489    0.050     -0.749  0.010     2.26    -2.01   -14.77    16.24
     2   -0.041   -0.035     -1.559  0.006    -1.26     2.28    -5.38     5.56
     1    0.097   -0.468     -1.448  0.010    -3.39    -5.52    -0.61     0.63
     2   -0.170   -0.058     -3.923  0.006    -3.39    -5.52    -0.61     0.63
     2   -0.033   -0.110      0.011  0.006    -3.21    -5.06    -0.36     1.18
    -1    0.110   -0.032      0.184  0.010     5.25     2.88     0.59     2.18
     2    0.024   -0.034      0.031  0.006     3.88     3.41     0.13     1.75
    -1   -0.086   -0.079      0.645  0.010    -3.65    -0.50     9.64     9.95
     1   -0.008    0.244      0.198  0.010    -0.58     1.40     4.34     5.13
     1   -0.108   -0.084      0.224  0.010    -1.57     1.39    21.09    22.42
     2   -0.039   -0.017      0.650  0.006    -1.04    -0.09    12.21    12.56
     2    0.001   -0.030      0.144  0.006    -2.91    -1.42     4.59     6.33
     1   -0.168   -0.094      2.443  0.010    -5.21    -4.72   111.12   111.54
     1   -0.357    0.411      1.946  0.010    -2.36     2.80     0.60     0.63
     2   -0.031   -0.173      0.064  0.006    -1.96     0.48     3.64     4.59
    -1    0.164    0.124     -0.167  0.010    -2.25     4.67    -0.06     1.03
     2   -0.137    0.069      0.026  0.006    -2.19     4.40     0.14     0.81
    -2   -0.581    0.443     -1.282  0.006    -3.84     2.55    -2.87     3.36
     1   -0.053    0.064     -0.015  0.010    -4.67     2.26    -2.31     3.59
    -2   -0.615   -0.407      1.385  0.006    -2.09    -1.80     0.87     1.01
     1    0.019   -0.210      0.906  0.010     1.73    -0.15    62.47    62.69
    -3   -0.149   -0.104      1.208  0.199     0.23    -0.18    11.14    11.39
     1    0.188    0.038      1.200  0.010    -0.68    -2.69    11.35    12.02
     1    0.319   -0.895      4.018  0.010     3.83    -2.16     6.35     6.47
     1   -0.381    0.227      1.989  0.010     1.98    -1.15     5.25     5.45
     2   -0.068   -0.087      1.080  0.006     2.11    -2.86    10.32    10.64
    -1    0.480   -0.173     -0.308  0.010    -1.04     0.52    -0.25     2.89
     2   -0.162   -0.123      0.417  0.006    -3.48     1.22     4.76     7.67
    -1   -0.072    0.280     -0.430  0.010    -3.33     3.48    -3.97     5.78
     2    0.195    0.017     -0.426  0.006     1.73     0.69    -9.27    10.61
    -1   -0.118    0.439     -0.500  0.010     0.17     5.73    -0.73     0.87
     1   -0.236    0.091     -2.038  0.010     0.34     5.81    -0.94     0.98
     2    0.390    0.428      0.115  0.006     3.00     3.56     0.59     1.94
    -1    0.080   -0.040      0.130  0.010     2.26     4.46     0.33     0.64
    -1    0.071    0.182      0.931  0.010     5.00     2.42     3.33     3.57
     3    0.166   -0.144      0.242  0.199     5.06     3.12     1.13     1.43
    -2   -0.131   -0.185      0.236  0.006     4.64     0.73     0.94     1.51
     1   -0.081   -0.163      0.198  0.010     5.27     1.04     0.43     0.64
     1   -0.138    0.175     -0.173  0.010    -4.61    -2.81    -4.25     4.86
     2    0.241   -0.142     -2.062  0.006    -4.54    -4.66    -9.36     9.51
     2   -0.210   -0.122     -0.953  0.006    -5.91    -4.22    -0.61     0.65
    -1   -0.152   -0.022      0.489  0.010    -3.38     0.05     0.59     0.65
     2   -0.612    0.079      1.344  0.006    -3.38     0.05     0.59     0.65
    -1   -0.030   -0.126      0.396  0.010    -1.38    -0.66    12.45    13.37
     3    0.046   -0.231      1.648  0.199     0.42    -0.05    10.37    11.13
    -1   -0.175    0.191      0.528  0.010    -0.65     5.76     3.09     4.77
     2    0.129   -0.124      0.164  0.006     2.03     3.22     3.32     4.31
     1    0.193   -0.087      1.632  0.010     3.87     1.94     0.62     0.65
     2   -0.086    0.033      0.232  0.006    -3.94    -0.65    22.58    24.26
     2    0.030    0.435      6.966  0.006     3.55    -0.06    21.11    21.35
     1    0.016    0.103      0.174  0.010    -0.61     0.08     9.05     9.96
     2   -0.193    0.155      3.001  0.006    -0.34     0.34     0.63     0.65
     3    0.177    0.208      0.456  0.199     2.13    -0.25     9.67    11.59
    -2   -0.014   -0.079      0.266  0.006     5.82     1.00    10.68    11.28
     2    0.086   -0.018      0.255  0.006     0.91     2.46    35.44    35.71
    -1   -0.026    0.056      0.040  0.010    -2.20     6.41     2.61     4.16
     1    0.634    0.306      3.522  0.010     0.69     6.34     7.54     7.83
    -2    0.043    0.025     -0.539  0.006     0.90    -0.34   -21.68    22.02
     1   -0.019    0.175     -0.180  0.010     1.67    -0.01    -1.96     3.44
    -2    0.128   -0.114      0.176  0.006     2.66    -0.46     2.47     6.59
     2    0.012    0.161      0.364  0.006    -0.72     3.40     1.93     3.01
    -2   -0.346    0.135     -0.484  0.006    -3.57    -1.17    -0.57     0.66
     3   -0.166   -0.346     -0.932  0.199    -3.46    -2.55    -2.52     3.26
    -2    0.145   -0.055     -0.039  0.006     3.07     2.80    -1.40     3.52
     1   -0.070    0.116      0.023  0.010     1.32     2.19    -0.40     1.18
    -2   -0.105    0.261     -1.336  0.006    -4.75     3.88    -8.45     8.73
     2   -0.135    0.207     -0.260  0.006    -4.41     1.58    -1.61     1.86
    -2    0.202   -0.127     -0.276  0.006     2.03    -2.71    -2.60     5.04
     1    0.077   -0.081     -0.092  0.010     1.54    -1.67    -0.40     1.18
    -1   -0.061    0.093      0.470  0.010     2.63     2.08    14.10    14.24
     3    0.191   -0.122      0.631  0.199     0.50    -0.79    13.34    14.67
    -2   -0.350   -0.537     -0.374  0.006    -5.60    -4.38    -0.85     1.90
     1   -0.158   -0.068     -0.103  0.010    -4.77    -3.16    -1.55     2.71
    -1   -0.153    0.220      0.033  0.010     0.82     2.70    -0.34     0.83
     2    0.093    0.130     -0.698  0.006     0.21     3.31    -7.19     7.63
    -1   -0.037    0.103     -0.059  0.010     1.88     4.41     0.38     1.72
     1   -0.304   -0.011      0.546  0.010     1.96     4.34     3.00     3.85
    -2    0.055    0.172      0.129  0.006     5.04     2.12     1.74     2.05
     1    0.013    0.370      0.815  0.010     4.70     2.68     5.03     5.28
    -1    0.059   -0.145     -0.660  0.010    -0.06    -3.90    -0.55     0.67
     3    0.061   -0.000     -0.244  0.199     0.97    -1.20    -4.61     6.37
    -1    0.134   -0.170      0.212  0.010    -0.11    -3.50     2.64     6.68
     2   -0.099    0.338     -0.610  0.006    -3.40    -0.73    -1.50     2.15
    -2   -0.337   -0.093     -0.643  0.006    -2.64     4.39    -1.86     2.03
     2   -0.016   -0.064     -0.040  0.006    -5.60     3.63   -12.07    12.63
    -1   -0.038    0.005      0.118  0.010     0.11    -4.25     7.74     9.10
     2    0.243   -0.095      0.324  0.006     2.21    -1.60     3.94     4.57
    -1   -0.884   -0.131     -1.891  0.010    -6.13    -1.10    -1.90     2.13
     2   -0.125    0.265     -0.852  0.006    -6.12     0.08    -2.83     2.98
    -1   -0.033    0.061      0.011  0.010    -2.16     0.97     1.24     2.00
     2    0.003    0.278      1.016  0.006    -2.24     1.77     2.47     2.88
    -2   -0.088   -0.369      0.784  0.006    -0.63    -5.18    12.60    14.86
     1   -0.065   -0.262      0.572  0.010    -1.48     0.22     0.57     1.78
     2   -0.820    0.547      4.774  0.006    -1.54    -0.66     0.66     0.68
     2    0.220   -0.152      1.226  0.006    -0.26    -1.93    13.11    13.27
     1   -0.315   -0.199      0.774  0.010    -2.01    -1.05     3.60     3.83
    -1    0.000    0.070      0.060  0.010     1.32     4.58    -0.28     2.41
     2   -0.101   -0.002     -0.075  0.006    -0.86     3.78     0.14     2.47
    -1    0.179   -0.067      0.358  0.010     3.16     0.08     7.68     9.71
     1    0.512    0.764     -0.049  0.010     3.72     1.61     0.39     4.23
     2   -0.013    0.547     -0.229  0.006     3.60     4.30    -3.32     4.51
    -1    0.205    0.274     -1.639  0.010     2.53     1.01   -12.25    12.45
    -1   -0.124    0.045      0.358  0.010    -2.58    -0.94     2.92     3.30
     3   -0.101   -0.075      1.646  0.199    -3.04    -0.71    22.33    22.91
    -2   -0.178    0.250      1.062  0.006     0.70     0.75     3.88     4.24
     1   -0.125   -0.119      0.844  0.010     0.92    -0.49     1.91     2.10
    -1   -0.123   -0.327     -0.855  0.010    -6.57     2.04    -0.64     0.69
     2   -0.264   -0.292     -0.937  0.006    -6.57     2.04    -0.64     0.69
    -1   -0.063   -0.098     -0.063  0.010    -0.53    -1.08     0.96     2.73
     2   -0.010   -0.044     -0.028  0.006    -1.34    -1.18    -2.77     4.18
    -1   -0.011    0.028     -0.544  0.010    -1.40     2.26    -5.26     5.45
     3   -0.256   -0.435     -0.374  0.199    -1.95     1.87    -1.65     2.79
     1   -0.662   -0.038     -0.989  0.010    -5.10     0.27    -3.19     3.80
     2   -0.733    0.452     -4.588  0.006    -2.74     2.09   -11.75    11.98
     1    0.031   -0.236     -2.742  0.010    -1.54    -0.58   -10.91    11.14
     1    0.078    0.039      0.233  0.010     3.84    -3.44     1.64     2.84
    -3   -0.076   -0.142      0.728  0.199     2.89    -3.51     2.66     2.99
     1   -0.076   -0.003      0.160  0.010    -0.45    -2.71    11.39    12.02
     2   -0.072    0.167      2.168  0.006     2.43    -4.25    11.67    11.77
     1   -0.006   -0.054      1.699  0.010     1.79    -3.96     3.27     3.33
    -2   -0.015   -0.073     -0.154  0.006     0.12     2.17    -2.62     3.94
     1   -0.001    0.432     -0.675  0.010     0.68     3.33    -7.21     8.13
    -1   -0.027   -0.042      0.011  0.010    -3.02    -4.37    -3.89     5.53
     2    0.019   -0.054      0.081  0.006     2.55   -12.37    10.69    17.87
    -1   -0.011    0.045     -0.013  0.010    -5.52    -3.80     0.20     0.70
     2   -0.164   -0.022      0.103  0.006    -7.28     0.72     0.63     6.00
    -2   -0.190    0.290     -6.221  0.006    -3.66    -3.70    -3.40     3.46
     1   -0.160   -0.295     -0.529  0.010    -3.28    -3.83    -0.68     0.70
     2    0.017   -0.488      1.157  0.006     3.16    -4.85     4.88     5.34
     2    0.106   -0.036      2.270  0.006     2.19    -5.43     5.99     6.01
     1    0.140   -0.044      3.928  0.010     1.92    -5.33     0.69     0.70
    -3   -0.015   -0.358     -1.347  0.199    -3.49    -6.63   -20.93    23.28
     3    0.179   -0.129     -5.897  0.199     0.36    -2.12   -83.62    83.78
    -1    0.088   -0.163     -2.807  0.010    -6.21    -3.23    -0.68     0.70
     3   -0.185   -0.232     -0.368  0.199    -6.29    -3.30    -0.86     0.92
    -2   -0.068   -0.050      0.048  0.006    -3.28     5.47     0.52     1.04
     1    0.090    0.051      0.128  0.010    -2.09     6.34     2.62     4.16
     1    0.037    0.117      0.384  0.010    -3.51     0.79     2.08     2.32
     2   -0.207   -0.008      1.787  0.006    -4.86     2.69     9.54    10.06
     1    0.122   -0.206      1.369  0.010    -3.11     0.35     0.68     0.71
    -1    0.028   -0.068     -0.037  0.010     0.54    -5.35    -1.58     6.10
     2    0.223   -0.066     -0.423  0.006     0.68    -4.55    -0.56     0.71
     3    0.288   -0.379     -3.350  0.199    -4.29     1.47    -2.58     2.63
     2   -0.222    0.003     -0.322  0.006    -6.18     1.42    -8.48     8.81
     1    0.138   -0.057     -0.464  0.010     3.21     0.69   -31.82    33.17
    -2   -0.064   -0.017     -0.220  0.006    -3.65     2.41    -0.81     1.85
     2   -0.000    0.046     -0.017  0.006    -3.38     3.80     0.61     2.68
    -2    0.013    0.043      0.209  0.006     1.65     0.13     2.91     3.28
     2    0.165    0.286      0.039  0.006     3.48    -1.29     0.96     4.01
    -3   -0.185    0.363      3.296  0.199    -1.72     4.59    13.01    13.22
     1   -0.365    0.115      0.213  0.010    -1.70     2.19     2.35     3.15
    -2   -0.178    0.130      0.235  0.006    -3.88    -1.75     0.97     5.40
     1   -0.266   -0.068     -0.308  0.010    -4.54    -0.14    -5.66     6.76
    -1   -0.030   -0.036     -0.024  0.010     3.07    -1.80     0.14     2.75
     1    0.063    0.002      0.009  0.010     2.17     0.53     0.35     5.81
    -1    0.668   -0.503      2.333  0.010    -2.77     0.78     2.16     2.28
     1   -0.113    0.044      2.208  0.010    -1.31     0.43    20.62    20.95
    -2   -0.060   -0.012     -0.121  0.006     4.00    -6.27    -0.67     0.72
     2   -0.074   -0.059      0.013  0.006     1.64    -5.23    -5.99     6.91
     1    0.037    0.077     -0.045  0.010     0.70    -3.69    -0.81     2.68
     2   -0.041    0.048     -2.018  0.006     0.88    -3.90    -3.62     3.67
     2    0.126   -0.027     -0.533  0.006     2.01    -4.33   -10.93    11.05
    -1   -0.033   -0.477      1.423  0.010    -0.97    -0.78     7.98     8.93
     2   -0.200   -0.099      0.880  0.006    -2.66     1.23     5.21     5.59
     1    0.423    0.538     -3.261  0.010    -2.04     4.52    -0.70     0.72
     2    0.027    0.435     -2.436  0.006    -2.14     4.14    -6.63     6.68
     3    0.395    0.310     -1.097  0.199    -0.17     3.74    -8.05     8.80
    -1   -0.069    0.049      0.056  0.010    -5.40    -4.10    -0.07     0.72
     2    0.018    0.075     -0.347  0.006    -5.44    -4.07    -0.10     0.78
    -2   -0.089    0.124      0.401  0.006    -1.39     3.12     1.29     2.33
     1    0.093    0.073      0.034  0.010    -1.18     2.36     0.76     2.11
    -1   -0.067    0.158     -0.137  0.010     0.23    -2.30    -5.41     6.15
     1    0.022    0.014     -0.031  0.010     1.18    -4.30    -0.88     1.04
    -1    0.123    0.043      1.039  0.010     5.74     5.10    17.72    18.60
     2    0.059    0.135      0.486  0.006     0.37     2.00    12.03    13.02
     3    0.181    0.040     -0.648  0.199    -4.30    -3.29    -5.46     6.01
    -1   -0.105   -0.344     -2.655  0.010    -3.97    -3.94    -0.70     0.73
    -2    0.387   -0.034      1.363  0.006     5.50    -0.94     0.67     0.73
     2    0.475   -0.365      0.523  0.006     5.30    -0.29     1.10     1.54
     1    0.084   -0.114     -0.096  0.010     2.92     1.44    -0.71     0.73
     2    0.501    0.183     -4.155  0.006     2.92     1.44    -0.71     0.73
     1   -0.087   -0.013     -0.596  0.010     3.41     0.48    -4.25     4.43
    -1    0.121    0.174     -0.268  0.010     0.36     3.02    -1.12     1.75
     2   -0.076   -0.197     -1.774  0.006     1.37     3.44    -3.98     4.54
    -2    0.156   -0.023      0.332  0.006     1.96    -2.82    10.36    10.64
     1   -0.105    0.502      1.931  0.010     0.97    -3.59     2.03     2.16
     1    0.061    0.079     -1.017  0.010     4.19    -1.37    -0.71     0.74
     2    0.184    0.267     -0.666  0.006     4.46    -1.53    -1.60     1.78
     2   -0.069   -0.179     -2.085  0.006     3.90    -0.80   -10.47    10.52
    -1    0.112    0.040      0.222  0.010    -0.36     3.52     2.39     3.84
     2   -0.066   -0.226      0.245  0.006     0.15    -0.40     4.80     6.28
    -2   -0.062    0.034      0.021  0.006    -4.14    -1.76    -0.19     0.74
     2   -0.174   -0.071     -0.093  0.006    -4.14    -1.76    -0.19     0.74
    -2   -0.000   -0.009      0.043  0.006     1.20    -5.90    -2.67     5.14
     2    0.203   -0.311     -0.181  0.006    -0.51    -4.61     0.83     1.58
    -2   -0.361   -0.002      0.165  0.006     3.06     3.05     0.99     1.96
     1   -0.086   -0.124     -0.287  0.010     3.11     2.18    -0.63     3.59
     1    0.066    0.082      0.175  0.010     1.12     0.72     4.14     4.60
     2    0.209   -0.473      3.707  0.006     0.86    -0.82     0.72     0.74
     2    0.255   -0.189      1.431  0.006     4.29    -0.78     8.91     9.68
    -1   -0.095    0.026     -0.140  0.010    -3.30     3.34    -0.79     1.88
     2    0.002    0.398     -0.314  0.006    -3.15     3.35    -1.00     1.55
    -1   -0.446   -0.371     -1.516  0.010    -2.03    -3.30    -0.71     0.74
     1    0.108   -0.224     -1.096  0.010    -1.44    -3.93    -5.19     5.33
    -2   -0.322    0.054      0.302  0.006    -2.55     4.41     0.86     1.03
     2   -0.079    0.138      0.582  0.006    -2.51     4.49     1.08     1.17
    -1   -0.166    0.092      0.412  0.010    -0.86    -0.94     0.69     0.75
     2   -0.159    0.240      1.517  0.006    -2.08    -1.03     7.01     7.30
    -1    0.020    0.173     -1.140  0.010     2.03     0.73   -10.83    11.87
     1    0.196   -0.003     -0.228  0.010     1.66     3.25    -2.71     3.91
    -2    0.028   -0.105      0.860  0.006     4.32     2.67    23.55    23.88
     2   -0.015    0.051      0.293  0.006     2.27     4.01    10.13    10.30
    -1   -0.117    0.056     -0.889  0.010    -4.85     3.46    -7.46     7.67
     1    0.002    0.097     -0.728  0.010    -3.74     2.53    -6.36     6.75
     1    0.083    0.027      0.655  0.010     0.74    -0.52     4.49     5.52
     2   -0.018   -0.494      2.916  0.006    -0.06    -1.99    16.65    16.81
     1   -0.193    0.171      4.222  0.010     0.42     0.94    18.48    18.56
    -2   -0.011    0.311      0.472  0.006    -1.31     6.43     0.71     0.81
     2    0.059   -0.224      0.523  0.006    -1.30     6.39     0.69     0.79
    -1   -0.014    0.004     -0.031  0.010    -4.33     1.66    -1.10     1.98
     2   -0.004   -0.238     -0.096  0.006    -2.32     1.90    -1.24     3.22
    -1    0.053    0.049      0.161  0.010     3.54    -0.68     2.01     2.56
     1    0.027   -0.030      0.047  0.010     3.42     0.96     3.74     8.05
    -1    0.027   -0.008     -0.045  0.010     8.11    -0.02    -0.34     0.76
     2   -0.053   -0.247     -0.101  0.006     8.11    -0.02    -0.34     0.76
    -2   -0.016    0.289     -0.150  0.006     2.09     0.29    -3.56     4.72
     1   -0.116   -0.128     -1.421  0.010    -0.36     0.14    -7.06     7.29
    -2   -0.097   -0.162      1.289  0.006    -2.31    -4.40     0.69     0.76
     1   -0.080   -0.035      0.421  0.010    -4.80    -3.36     4.27     6.34
    -1   -0.388   -0.048     -1.643  0.010     3.81    -1.14    -1.77     1.86
     3   -0.621   -0.043     -1.834  0.199     3.97    -1.30    -0.72     0.76
    -2    0.004    0.159      0.155  0.006    -0.03     5.75     1.88     5.68
     1   -0.636    0.757     -0.916  0.010    -6.13     2.33    -3.39     7.79
     1   -0.039   -0.319     -1.438  0.010    -3.53    -1.22    -1.94     2.03
     2   -0.200    0.014     -2.670  0.006    -3.41    -1.24    -0.74     0.77
     1   -0.588    0.007     -1.407  0.010    -4.16    -1.10    -3.33     3.60
    -2    0.288    0.215      1.135  0.006     1.30     0.78     0.90     1.03
     1   -0.157    0.080      1.676  0.010     1.04     1.38     5.28     5.43
     1    0.073   -0.030      1.209  0.010    -0.43    -1.99    12.54    12.68
     2   -0.156    0.053      3.491  0.006     0.87     2.48    35.45    35.71
     3   -0.026    0.515      1.173  0.199    -0.54     0.62     5.74     6.80
    -2    0.104    0.025      0.585  0.006     1.28     2.26    37.47    37.89
     3    0.068   -0.018      1.474  0.199     4.58     3.33    27.19    27.56
     1   -0.005    0.027      0.306  0.010     2.28    -5.36     5.97     6.01
     2    0.170   -0.221      0.362  0.006     2.37    -5.67     0.74     0.77
     2    0.280   -0.150      3.921  0.006     2.74    -5.76     4.55     4.60
    -2   -0.001    0.031     -0.322  0.006    -3.51     1.92   -10.32    10.97
     1   -0.091   -0.041     -1.665  0.010    -6.13    -0.72    -1.62     1.70
    -1   -0.463    0.359     -0.883  0.010    -3.82     1.71    -2.28     2.54
     1   -0.010   -0.084     -0.151  0.010    -1.38     1.50    -6.34     7.37
    -2    0.007    0.034      0.321  0.006     1.20    -2.32     6.07     7.40
     1    0.170    0.044      0.108  0.010    -0.07    -3.32     3.33     4.68
    -1    0.227    0.082     -0.517  0.010     2.22     3.52    -6.81     7.12
     2    0.766    0.024     -3.140  0.006     0.40     3.89    -0.75     0.78
    -2    0.091    0.190      0.003  0.006     1.42     2.88    -0.13     0.78
     1    0.051    0.096      0.039  0.010     3.26     2.43    -1.48     3.27
    -2   -0.063    0.163      0.383  0.006    -4.38     2.50    13.03    15.97
     1   -0.036   -0.023      0.293  0.010    -0.30     1.74     1.51     1.70
    -2   -0.461   -0.519      3.285  0.006    -3.05    -0.45     3.96     4.07
     1   -0.354   -0.153      1.540  0.010    -2.29    -0.34     0.76     0.78
    -1    0.003    0.139     -0.094  0.010     2.04     5.66     1.76     4.34
     2    0.224   -0.067     -0.079  0.006     2.79     2.66     0.23     2.60
    -2    0.469    0.023      2.162  0.006     4.09     2.09    16.86    17.44
     1   -0.043   -0.247      0.297  0.010     2.37    -0.03     4.94     6.45
     1    0.028    0.061     -0.218  0.010    -1.01     2.62    -9.27    10.09
    -2    0.088    0.117     -0.009  0.006    -1.07     3.42    -0.39     1.14
     1    0.014    0.013     -0.298  0.010    -2.70     4.03   -18.90    20.01
     2   -0.119   -0.162     -1.925  0.006    -2.99     1.27    -0.77     0.79
     3   -0.041    0.210     -1.642  0.199    -2.66     1.92    -3.57     3.71
    -3    0.108    0.011      2.389  0.199     3.67     3.86     9.38     9.45
     1    0.503    0.507      1.686  0.010     3.54     3.97     1.39     1.52
    -2   -0.382   -0.157     -1.057  0.006    -2.59     5.17    -0.76     0.79
     2   -0.123   -0.037     -1.199  0.006    -2.57     5.21    -0.94     0.98
    -2   -0.070    0.140      0.360  0.006    -2.41    -0.10     1.52     3.77
     2    0.033   -0.008     -0.034  0.006    -0.87    -2.24     1.70     4.37
    -1    0.099   -0.246      0.112  0.010     2.09    -2.91     2.08     3.89
     2    0.150   -0.053      0.090  0.006    -0.51    -2.62     0.31     1.05
    -2   -0.013    0.355     -0.132  0.006    -2.64     1.89    -2.34     4.28
     1    0.288    0.382     -1.141  0.010    -3.56     1.75   -10.37    10.97
     1   -0.266   -0.107      0.852  0.010     3.58    -0.06    21.11    21.35
     2    0.173   -0.358      4.658  0.006     5.35    -4.84    34.30    34.49
     2    0.210   -0.151      2.272  0.006     4.71    -2.41     5.49     5.57
    -2    0.242   -0.322     -0.491  0.006    -3.71    -1.06    -2.61     2.85
     2   -0.282   -0.025     -1.712  0.006    -4.33    -0.49    -0.77     0.80
    -2   -0.176   -0.219      1.344  0.006    -1.70    -0.01    14.92    15.91
     2   -0.037   -0.270      1.812  0.006    -2.19    -4.36     0.76     0.80
     1   -0.217   -0.493     -5.576  0.010    -4.09    -3.96    -0.82     0.83
     1   -0.108    0.121     -0.301  0.010    -4.09    -3.96    -0.79     0.80
     2   -0.087    0.058     -2.367  0.006    -4.08    -3.95    -0.95     0.97
    -2   -0.051   -0.032      0.023  0.006     2.42    -4.56    -1.00     1.10
     2    0.102   -0.052     -0.170  0.006     2.69    -3.97    -2.52     2.67
    -1   -0.308   -0.148     -0.392  0.010    -0.90     1.78    -4.67     5.04
     2    0.050    0.410     -3.967  0.006     1.42     1.48    -6.65     6.93
    -2   -0.153    0.040     -0.056  0.006    -3.49     1.46    -0.99     1.24
     2   -0.368   -0.171     -0.843  0.006    -3.67     0.76    -2.26     2.44
    -2    0.300   -0.312     -0.857  0.006     2.31     1.36    -3.93     4.42
     2   -0.115   -0.123     -0.244  0.006     1.46     3.43    -3.62     4.12
    -2   -0.151   -0.188     -1.774  0.006    -0.06    -4.44    -0.77     0.81
     2    0.152   -0.262     -0.371  0.006    -0.06    -4.44    -0.77     0.81
     1    0.085    0.006      0.668  0.010     4.91     2.57    17.41    17.47
     2    0.240    0.203      0.343  0.006     6.05     2.81     0.83     0.93
     1   -0.310    0.377      3.558  0.010     5.85     2.92     1.59     1.61
    -2    0.195    0.074     -0.063  0.006     6.14     1.70    -0.27     0.82
     1   -0.080   -0.044     -0.039  0.010     2.63     3.25    -2.21     5.37
    -1   -0.046    0.374      0.760  0.010    -1.33     1.23     3.81     4.71
     2    0.299    0.121      0.209  0.006     0.42     1.95     4.63     6.18
    -1   -0.714    0.337     -0.818  0.010    -1.94     0.28    -4.61     5.10
     2   -0.082    0.069     -0.513  0.006    -2.99    -1.41    -6.72     7.02
    -2   -0.352   -0.160      1.681  0.006     1.57    -2.22     3.33     3.80
     2   -0.033    0.215      0.880  0.006     1.12     1.31     9.80    11.20
    -3   -0.213   -0.135      1.961  0.199    -1.50    -2.22    10.22    10.67
     1   -0.068    0.035      0.721  0.010    -1.14    -1.70     8.08     8.18
     2    0.175   -0.035     -1.357  0.006     1.21    -0.22    -1.10     1.25
     2   -0.285    0.053     -2.352  0.006     0.91    -0.22    -0.79     0.82
     1    0.071   -0.082     -0.429  0.010     1.10    -2.57   -18.75    18.93
    -1    0.084   -0.448      1.387  0.010     0.21    -5.26     1.06     1.16
     2   -0.234   -0.026      0.291  0.006     0.10    -4.68     1.78     2.02
    -2   -0.133    0.062     -0.154  0.006    -0.86    -5.86    -0.55     0.86
     1    0.039   -0.108     -0.148  0.010    -0.89    -5.85    -0.53     0.82
    -2   -0.287    0.046      0.037  0.006    -4.28    -0.82     0.41     2.97
     2   -0.100    0.090     -0.150  0.006    -0.88    -0.32     0.45     3.06
    -1   -0.365    0.320      1.046  0.010    -2.41     4.54     1.10     1.17
     2   -0.148    0.083      0.113  0.006    -2.53     4.90     3.01     3.65
    -1    0.085    0.241      0.017  0.010    -7.03     2.79     0.40     0.85
     2   -0.045   -0.073      0.046  0.006    -7.04     2.81     0.39     0.83
    -2    0.518    0.011      1.159  0.006     1.30    -0.54     6.68     7.10
     1    0.167   -0.172      1.038  0.010     1.55    -1.96    12.66    13.86
     2    0.009   -0.280     -0.925  0.006    -1.69    -0.92    -3.33     3.95
    -1    0.100    0.018     -0.126  0.010     4.76    -0.42   -20.45    22.87
    -1    0.038    0.204     -0.071  0.010    -3.56    -3.46     0.11     3.14
     2   -0.048    0.096      0.145  0.006    -3.59    -4.73     0.96     2.75
     1    0.080    0.161      0.225  0.010     1.61     6.21     5.34     5.70
     2   -0.387   -0.499      4.016  0.006    -0.14     1.59    24.14    24.48
     1    0.064    0.020      0.834  0.010     3.43     5.31    11.84    12.28
    -1   -0.358    0.181      0.785  0.010    -3.38     2.56     1.66     1.99
     2   -0.031    0.011      0.151  0.006    -3.13     2.97     1.29     1.58
    -1   -0.117    0.273      1.296  0.010     4.07     1.89    16.85    17.44
     1    0.412   -0.071      1.980  0.010     8.37     2.00     4.49     4.79
    -2   -0.005   -0.060     -0.209  0.006    -4.07    -4.31    -0.69     0.83
     1   -0.052   -0.331     -0.405  0.010    -4.07    -4.31    -0.69     0.83
    -2   -0.743   -0.169      3.160  0.006     1.06    -1.66     0.81     0.84
     1   -0.167   -0.033      2.473  0.010     2.11    -1.77     7.09     7.23
     2    0.027    0.012      0.024  0.006    -2.78    -3.42    16.33    16.70
    -1    0.071   -0.656      1.851  0.010    -4.30    -0.64     0.79     0.84
    -2    0.075   -0.084     -0.100  0.006    -6.95    -0.87    -0.82     0.92
     2    0.091    0.045     -5.880  0.006    -6.82    -0.86    -4.10     4.16
    -1    0.128    0.083      0.715  0.010     1.56    -6.16     0.81     0.84
     2    0.283   -0.434      2.117  0.006     1.93    -6.00     2.05     2.15
    -1   -0.152   -0.044     -2.676  0.010    -4.31     0.90    -3.09     3.14
     1   -0.057   -0.245     -0.916  0.010    -3.29     0.68    -2.90     3.60
    -1    0.010    0.053     -0.118  0.010     1.96     2.00    -2.16     2.96
     1    0.163   -0.161     -0.814  0.010     1.27     0.90    -2.39     3.16
    -1    0.136   -0.053     -2.785  0.010    -3.56     2.73   -13.95    14.16
     1   -0.205    0.128     -0.636  0.010    -4.37     2.44    -1.58     2.26
    -2    0.026    0.120     -0.477  0.006    -1.67     0.44    -8.16     8.45
     1    0.095    0.315     -1.036  0.010    -0.32     1.53   -11.23    11.79
    -1   -0.063   -0.006      0.250  0.010    -0.13    -2.21     2.19     3.79
     1    0.070   -0.038      3.390  0.010     1.24    -2.64    63.09    63.39
    -2    0.038   -0.110      1.706  0.006     2.49    -1.98     0.84     0.86
     2    0.210   -0.045      0.270  0.006     2.12    -1.50     3.36     3.44
    -2    0.052    0.174      0.062  0.006     1.30     6.60     0.18     0.86
     2    0.044   -0.009     -0.013  0.006     1.30     6.60     0.18     0.86
    -2   -0.065   -0.033     -0.883  0.006     4.25    -1.02    -3.96     4.12
     2    0.315    0.093     -0.773  0.006     4.62    -1.47    -1.49     1.61
    -2   -0.347   -0.148     -0.110  0.006    -1.26     1.64    -3.57     4.81
     1   -0.065    0.156     -0.200  0.010    -1.87    -0.79    -3.99     4.54
    -1    0.032    0.027      0.394  0.010     2.47    -4.72     0.99     1.06
     1    0.333   -0.382      1.542  0.010     2.55    -4.73     0.82     0.87
    -1    0.307    0.214     -0.288  0.010     2.07     3.98    -0.81     2.43
     2   -0.008    0.008      0.003  0.006     3.05     2.42    -0.22     2.99
    -1    0.049   -0.081      0.966  0.010     1.92     4.19     1.19     1.35
     1   -0.253    0.072      1.651  0.010     2.68     3.38     6.75     7.05
    -1    0.208   -0.151     -1.398  0.010     4.50    -0.92    -3.24     3.34
     1   -0.052   -0.089     -0.088  0.010     3.22    -2.78    -8.52     9.03
    -1   -0.341   -0.001     -2.110  0.010     1.58    -2.05    -0.85     0.88
     1    0.025   -0.056     -1.464  0.010     2.01    -0.68    -4.79     5.07
    -1    0.043   -0.077     -0.554  0.010    -0.51    -4.45    -1.62     1.80
     1    0.206   -0.111     -1.018  0.010     1.71    -5.77   -12.17    12.65
     1   -0.087   -0.080      0.803  0.010    -2.78    -1.81     3.57     3.68
     2   -0.021   -0.514      2.571  0.006    -3.50    -1.74     0.86     0.88
     1   -0.192    0.070      1.131  0.010    -3.50    -1.74     0.86     0.88
    -1    0.071   -0.165     -0.359  0.010    -2.05    -1.65    -5.47     5.66
     2    0.088   -0.014     -0.372  0.006    -0.33    -0.81    -4.94     5.15
    -2    0.191    0.125      0.588  0.006     1.61     3.52     5.80     6.83
     1   -0.232    0.126      0.342  0.010     1.72     4.93     2.05     3.50
     2    0.181    0.022     -4.199  0.006    -1.04    -2.01    -0.87     0.89
     2    0.026    0.177     -0.270  0.006     1.47     0.95   -12.19    13.68
     1    0.255   -0.121     -1.359  0.010     0.81    -3.41   -13.14    13.37
    -1    0.042   -0.015     -0.012  0.010     7.08     1.78     0.87     0.89
    -2    0.026    0.045      0.153  0.006     5.87     2.93    20.68    20.80
    -2    0.278   -0.024      1.403  0.006     7.08     1.78     0.87     0.89
    -1   -0.076    0.104     -0.020  0.010    -6.72     2.75    -1.89     2.13
     2   -0.031    0.064     -0.420  0.006    -4.15    -0.37    -7.69     8.81
    -1   -0.135    0.043      0.146  0.010     0.49     6.39     6.68     8.29
     2   -0.282    0.228      3.711  0.006    -0.88     1.94    16.34    16.79
     2   -0.237   -0.244     -4.149  0.006    -0.51     2.25    -6.46     6.51
     2    0.225   -0.021     -2.360  0.006    -0.15     1.95    -0.89     0.90
     1   -0.055   -0.049     -0.554  0.010    -0.63     1.82    -4.78     5.04
    -1    0.037   -0.136      0.421  0.010     0.54    -0.08     8.51     9.02
     2    0.063    0.056      1.080  0.006     0.02     2.27     6.31     6.81
    -1    0.127   -0.392      2.629  0.010    -3.12     0.26     1.06     1.10
     2   -0.222    0.058      0.878  0.006    -3.04     0.73     2.18     2.28
    -2   -0.170   -0.248     -0.490  0.006    -3.54    -5.54    -0.88     0.91
     2   -0.337    0.002     -2.263  0.006    -3.54    -5.54    -0.88     0.91
    -2    0.051    0.403      0.318  0.006    -1.22     3.13     0.64     5.15
     1    0.186   -0.273     -0.085  0.010     3.41     1.78    -0.40     3.06
     1   -0.231    0.173     -2.152  0.010    -4.94    -4.52    -0.90     0.91
     1    0.018   -0.507     -1.553  0.010    -4.94    -4.52    -0.90     0.91
     1    0.136    0.190     -3.177  0.010    -4.94    -4.52    -0.90     0.91
    -1   -0.203    0.135     -0.316  0.010    -3.97     4.01    -0.70     0.92
     1   -0.007    0.088     -0.085  0.010    -3.97     4.01    -0.70     0.92
    -2    0.192   -0.234     -1.775  0.006    -2.66     1.42    -0.89     0.92
     2   -0.080    0.043     -0.505  0.006    -3.43     1.28    -8.09     8.19
     2   -0.145   -0.077     -4.104  0.006    -2.38    -0.09   -46.77    46.97
     2    0.430    0.810     -3.224  0.006     1.70     1.88    -2.36     2.48
     1    0.320    0.039     -1.271  0.010     0.82     1.96    -2.60     2.84
    -1    0.016    0.165      0.887  0.010     1.53     0.86     0.86     0.92
     1    0.112   -0.277      1.919  0.010     5.61    -2.27    30.96    31.63
     1    0.277   -0.003     -0.385  0.010     1.53     5.05    -3.73     4.03
     2   -0.056   -0.018     -1.980  0.006     0.52     5.80    -0.91     0.93
     2   -0.015    0.263     -1.440  0.006     0.51     5.81    -0.96     0.98
     2   -0.442   -0.002      1.215  0.006    -2.26    -4.36     0.92     0.94
     2    0.286    0.070      1.798  0.006    -2.26    -4.36     0.92     0.94
     2    0.136   -0.070      2.582  0.006    -2.26    -4.36     0.92     0.94
     2   -0.010   -0.137     -0.225  0.006    -3.80    -2.00    -3.87     4.75
    -1    0.245   -0.317     -0.495  0.010    -4.46    -0.94    -0.69     0.94
    -2   -0.253   -0.193     -0.113  0.006    -1.52    -4.75    -0.57     2.24
     2    0.084   -0.115      0.065  0.006    -1.65    -5.27     0.25     0.94
    -2   -0.144    0.579      2.770  0.006     1.83     6.44     7.33     7.59
     1    0.446    0.194      2.325  0.010     2.57     5.51     0.91     0.94
    -1    0.105    0.042      0.297  0.010    -0.41    -1.45     4.46     6.04
     2    0.015    0.038     -0.040  0.006     0.24    -1.77     0.32     0.95
     1    0.236   -0.558      3.525  0.010     3.76     2.66     8.37     8.52
     2   -0.063    0.447      2.576  0.006     3.23     4.18     4.92     4.98
     2    0.190    0.101      1.468  0.006     2.55    -0.21    21.92    22.37
     2    0.029    0.043     -0.015  0.006     4.17     2.78    -0.43     0.95
    -1    0.147   -0.100     -0.103  0.010     4.17     2.78    -0.43     0.95
    -2    0.180   -0.038      0.105  0.006     0.55    -3.46     4.41     5.87
     1    0.071   -0.290      0.473  0.010     1.38    -1.96     6.34     7.00
     2    0.151   -0.115      0.716  0.006     4.16    -1.30     2.00     2.39
    -1    0.056    0.056      0.055  0.010     7.50     5.95    24.19    25.80
    -2    0.058   -0.120     -0.099  0.006     4.39     0.91    -0.73     0.96
     1   -0.153   -0.008     -0.285  0.010    -3.34    -0.81   -13.84    17.73
    -2   -0.857    0.149      4.371  0.006     1.70    -3.39     8.14     8.29
     2    0.049   -0.119      0.297  0.006     3.64    -3.58     4.24     4.32
    -1   -0.171    0.281      0.610  0.010     0.18     5.57     0.92     0.96
     3   -0.068    0.193      1.863  0.199     0.18     5.57     0.92     0.96
    -2   -0.086    0.031     -0.031  0.006    -4.01     1.79    -0.57     1.30
     1   -0.030   -0.129      0.073  0.010    -3.65     1.72    -0.90     2.38
    -1    0.108    0.044     -0.271  0.010    -4.98    -0.25   -14.44    15.15
     2   -0.061    0.335     -2.066  0.006    -6.11     1.48    -8.51     8.81
    -1   -0.054    0.125     -0.809  0.010    -8.25    -0.74   -37.10    37.74
     2    0.007    0.021     -0.139  0.006    -2.79    -1.72    -5.49     6.36
    -2    0.317    0.042     -0.234  0.006    -1.37     2.35    -2.94     3.84
     1    0.169    0.225     -0.338  0.010    -1.40     1.73    -3.15     4.41
    -1    0.038    0.111      0.475  0.010     2.35    -1.26     4.43     5.13
     1    0.585   -0.203      0.954  0.010     1.67    -0.46     2.37     2.92
    -2    0.071   -0.063      3.169  0.006     2.99     1.68    18.04    18.23
     1   -0.186    0.069      0.443  0.010     2.36     0.92     7.08     7.77
     2   -0.041   -0.060      2.175  0.006     1.21     4.05    10.80    10.94
    -2   -0.137    0.066      1.170  0.006     1.51     4.76     2.62     2.74
    -2    0.091   -0.096     -0.349  0.006    -0.55    -5.43   -16.90    17.30
     3   -0.230   -0.721     -1.839  0.199    -1.66    -4.76   -10.97    11.50
    -1    0.089   -0.048     -0.123  0.010     3.97     1.77    -4.50     6.71
     2    0.093    0.154     -0.214  0.006     4.94    -0.50    -5.10     7.04
    -2   -0.009    0.000     -0.081  0.006    -3.27     0.52    -0.87     0.98
     1    0.232    0.575     -1.929  0.010    -1.57     1.76    -6.08     6.63
    -2    0.033   -0.239     -0.092  0.006     2.16    -3.02    -2.55     5.34
     1    0.104   -0.479      0.226  0.010     0.64    -1.68     0.39     2.32
    -2    0.250    0.117      0.049  0.006     2.01     0.64     0.34     5.84
     1   -0.112   -0.132     -0.301  0.010     1.75     2.33     0.62     3.52
    -2    0.175    0.048     -0.113  0.006    -2.04     2.74    -6.06     6.63
     1   -0.322    0.254     -4.672  0.010    -1.62     0.92    -6.78     6.84
     1   -0.437    0.018      2.309  0.010    -2.74    -3.37    16.30    16.70
     1    0.095   -0.147      0.538  0.010     2.26    -4.67    13.29    13.56
     2   -0.231   -0.223      0.754  0.006    -0.32    -4.14     3.25     3.65
     1   -0.147    0.066      0.619  0.010     6.66     0.96    10.64    10.85
     2   -0.015    0.145      0.514  0.006     4.77    -0.21     8.95     9.14
     2    0.422   -0.061      2.366  0.006     4.75     0.60     0.98     1.00
    -2   -0.293    0.130     -1.412  0.006    -4.97     2.70   -16.38    16.60
     2    0.206    0.042     -1.048  0.006    -1.79     3.63    -3.77     3.97
    -2    0.058   -0.019      0.996  0.006     1.11    -2.93     1.38     1.46
     3    0.087   -0.017      1.165  0.199     0.58    -2.22     2.22     2.79
    -2   -0.111   -0.030     -0.015  0.006    -0.20     0.55     3.98     4.55
     1   -0.179   -0.295      0.599  0.010    -1.92    -1.62     8.01     8.86
    -2    0.445   -0.151     -1.566  0.006     0.01    -0.49    -6.48     6.74
     2   -0.193    0.709     -3.153  0.006    -0.44     2.05    -4.30     4.51
    -1    0.011   -0.028      0.023  0.010    -4.54     2.11    -2.36     5.62
     1   -0.010    0.045      0.139  0.010    -3.39     3.38     0.20     1.60
     1    0.176    0.206      0.482  0.010     5.06    -1.44     1.42     1.54
     1   -0.022   -0.052      0.701  0.010     5.29    -4.80    34.31    34.49
     2    0.043    0.336      1.392  0.006     4.62    -2.35     5.48     5.57
     1   -0.200   -0.220      1.522  0.010    -0.91     4.67     1.01     1.04
     2   -0.237   -0.041      2.363  0.006    -1.03     4.87     2.78     2.81
     1    0.121    0.226      2.224  0.010    -0.90     4.68     0.99     1.01
    -2   -0.024   -0.202     -0.153  0.006     0.28     1.01    -0.65     1.69
     2    0.090    0.072     -0.620  0.006     2.47    -0.45    -9.19    10.56
    -3    0.105   -0.197      0.676  0.199     1.80    -4.75     6.48     6.74
     1    0.376    0.047      0.519  0.010     1.24    -3.60     1.37     1.58
    -2    0.098    0.149     -0.161  0.006     1.59     1.71    -0.58     1.01
     2    0.001    0.071     -0.163  0.006     1.28     1.91     0.48     4.35
    -2    0.127   -0.204     -0.356  0.006     4.06     1.64    -0.90     1.01
     1    0.128   -0.116     -0.506  0.010     4.06     1.64    -0.90     1.01
     1    0.019    0.045      2.559  0.010     3.57     3.54     1.16     1.17
     1   -0.014    0.107      0.886  0.010     3.69     4.16     9.37     9.45
     2    0.067    0.173      1.639  0.006     2.93     4.99    27.26    27.38
    -1   -0.228   -0.062      1.662  0.010    -0.41    -3.20     1.50     1.52
     3   -0.174   -0.529      1.856  0.199    -0.40    -3.22     1.00     1.02
    -1    0.072    0.213      0.496  0.010    -2.83     5.06     5.99     7.70
     2    0.048    0.264      0.140  0.006     1.50     3.97     5.64     6.30
    -1   -0.125    0.024     -0.034  0.010     6.24     2.75     0.02     1.03
     2    0.023   -0.030     -0.028  0.006     6.18     2.16     0.49     1.79
    -2    0.031    0.584     -2.057  0.006    -3.27     2.51    -0.99     1.03
     2   -0.049    0.092     -0.337  0.006    -3.27     2.51    -0.99     1.03
    -1    0.080    0.356     -0.118  0.010    -4.53     3.89    -0.89     2.91
     1   -0.396    0.730     -0.697  0.010    -5.61     2.00    -1.91     4.00
    -1   -0.254    0.024      4.417  0.010     4.36     2.77     5.42     5.46
     1    0.067   -0.206      0.554  0.010     4.21    -2.03    10.41    11.62
    -1    0.256    0.019     -0.358  0.010    -2.84     0.72    -1.61     2.05
     2   -0.108   -0.204     -0.234  0.006    -2.92     0.91    -3.28     4.08
     1   -0.060   -0.131     -0.477  0.010     2.35    -3.38   -17.54    18.28
     1   -0.335    0.364     -4.269  0.010    -2.98    -2.96    -9.83     9.91
     2   -0.004   -0.315     -2.930  0.006    -2.56    -3.98    -1.02     1.03
    -2   -0.011   -0.023      0.014  0.006    -3.61    -0.97    27.23    28.20
     1    0.010   -0.019     -0.004  0.010    -0.41    -1.60    10.83    13.37
    -1   -0.422    0.358      1.613  0.010     5.88     2.95     1.01     1.04
     1   -0.022   -0.022      0.988  0.010     5.87     2.98     1.59     1.61
    -2   -0.067    0.088     -0.059  0.006     1.39    -1.48    -1.72     5.08
     2   -0.083   -0.212     -0.055  0.006    -1.64    -3.19    -5.90     7.68
    -1   -0.055    0.173      0.226  0.010     3.55     1.08     4.82     5.92
     2    0.122    0.036      0.058  0.006     2.80     2.41     0.85     2.13
    -2    0.057   -0.002     -2.491  0.006     0.73    -5.31   -11.79    11.86
     1    0.496    0.219     -1.637  0.010     1.71    -5.26    -1.02     1.04
    -2    0.051   -0.224     -0.464  0.006    -2.67    -3.24    -5.05     5.53
     2   -0.126   -0.173     -0.158  0.006    -3.71    -3.48    -1.64     3.15
    -1   -0.047   -0.089     -0.078  0.010    -3.65    -2.23    -1.03     1.04
     1   -0.971   -0.022     -5.636  0.010    -6.23    -1.29   -21.69    21.89
    -1   -0.174    0.059     -1.247  0.010    -0.47     3.01   -37.68    37.82
     1    0.135    0.006     -0.065  0.010     4.93     1.10    -5.39     6.31
    -2    0.053    0.012     -0.037  0.006     3.35     4.98    -0.69     1.05
     1    0.178   -0.028     -0.072  0.010     3.34     5.06    -0.77     1.16
    -1   -0.763   -0.263      2.178  0.010    -1.35     0.10     6.82     7.24
     1   -0.075    0.038      0.831  0.010    -1.36    -0.76     1.25     1.28
    -2    0.244    0.562     -1.370  0.006     2.31    -1.82    -4.41     5.03
     1    0.004    0.035     -0.118  0.010    -9.79    15.72   -42.30    48.86
    -1   -0.105   -0.104     -0.051  0.010     0.26    -3.88    -0.45     1.06
     2    0.413   -0.123     -0.169  0.006    -0.44    -3.88    -1.15     2.20
    -1    0.234    0.104     -0.044  0.010    -0.44     3.73    -0.76     2.92
     2   -0.304   -0.422     -0.332  0.006    -2.43     1.59    -2.08     4.00
    -2   -0.254   -0.220      1.261  0.006    -2.14    -3.44     1.02     1.08
     2    0.221   -0.101      0.755  0.006     0.50    -2.00     6.86     7.64
    -2    0.085   -0.084      0.200  0.006     0.53    -0.51    24.74    25.20
     1   -0.097   -0.334      1.110  0.010    -0.90     0.98    11.96    12.29
    -1   -0.361   -0.184     -0.154  0.010    -1.01    -0.12    -0.06     3.00
     2   -0.170   -0.006      0.212  0.006    -1.84    -0.21     0.05     2.22
    -2   -0.131   -0.147     -0.049  0.006    -3.24    -2.65    -0.80     1.99
     1   -0.199   -0.206     -0.183  0.010    -3.67    -1.53    -1.19     3.34
    -1   -0.035    0.048      0.190  0.010    -6.33    -0.32     0.82     1.09
     2   -0.141    0.112      0.125  0.006    -6.33    -0.32     0.82     1.09
    -2    0.006    0.037      0.029  0.006     6.04     4.63     2.13     3.64
     2    0.111    0.023     -0.084  0.006     5.55     3.86    -0.23     1.09
    -2    0.129   -0.018      0.754  0.006     1.43    -1.54     4.70     5.29
     2    0.359    0.060      1.634  0.006     1.56    -2.62     1.04     1.09
    -1    0.061   -0.165      0.138  0.010     0.59    -2.29     0.17     2.93
     1    0.116    0.010      0.129  0.010     1.86    -1.30     2.11     4.79
    -1    0.453   -0.511      1.383  0.010     1.88     4.30     2.97     3.85
     2    0.270    0.091     -0.003  0.006     1.69     5.26     0.63     1.57
    -1   -0.250    0.085     -0.500  0.010    -3.50     3.29    -1.14     1.26
     2   -0.085   -0.038     -0.337  0.006    -4.70     3.87    -8.48     8.73
    -1    0.092   -0.033     -0.207  0.010     2.94     3.78     2.25     3.68
     1    0.156    0.087      0.333  0.010     6.07     5.34    18.26    19.26
    -2   -0.290    0.060     -0.057  0.006    -0.33     1.19     1.52     2.10
     2   -0.004   -0.027      0.133  0.006    -1.57     1.44    20.93    22.26
    -2   -0.091    0.236      0.228  0.006     1.48    -2.66     0.36     2.26
     1    0.096   -0.001      0.028  0.010     1.78    -3.58    -0.17     1.21
    -1   -0.092   -0.169      0.381  0.010    -1.33     0.60     5.71     6.44
     2    0.147    0.023      0.544  0.006     0.11    -1.57     2.59     2.95
    -2   -0.019    0.002     -0.013  0.006     3.21     2.69    -1.41     3.52
     1   -0.001    0.130      0.148  0.010     2.37     4.86     1.63     2.96
    -2    0.005    0.085      0.243  0.006     6.72     1.41     0.88     1.11
     1    0.505    0.451      0.814  0.010     6.56     2.07     1.41     1.97
    -2    0.015    0.003      0.044  0.006     2.58     5.50     1.41     1.79
     1    0.106    0.299      0.404  0.010     2.73     5.92     0.98     1.42
    -1    0.352    0.227     -1.003  0.010     3.07     0.50    -7.62     8.26
     2    0.010   -0.009     -0.047  0.006     2.39     2.53    -1.03     1.11
    -1    0.086    0.072     -0.156  0.010     2.64    -4.21    -1.19     1.50
     2    0.196    0.019     -0.149  0.006     4.71    -3.76    -1.71     3.50
    -2   -0.107   -0.329     -0.226  0.006    -3.23    -9.92    -3.81    11.22
     2    0.149   -0.049      0.041  0.006     3.41    -3.23    -0.26     1.14
    -1   -0.038    0.141      0.029  0.010     0.09     5.87     0.34     1.12
     2    0.030    0.038     -0.031  0.006     0.03     5.67     0.54     1.41
    -1    0.002    0.101     -0.367  0.010    -0.67    -1.90   -12.87    13.35
     1    0.146   -0.072     -0.191  0.010     4.53    -1.48   -11.47    13.24
    -1   -0.059   -0.095      0.089  0.010    -3.20     1.57     0.79     1.12
     2    0.023   -0.021      0.008  0.006     0.87     3.22     7.90    10.62
    -2    0.439    0.166      1.485  0.006     0.42     2.92     1.09     1.13
     1    0.091    0.102      0.567  0.010     0.42     2.92     1.09     1.13
     1   -0.313   -0.040      0.848  0.010    -2.01    -2.13     1.12     1.14
     2   -0.288   -0.401      2.855  0.006    -1.16    -2.01     7.23     7.31
     1   -0.098    0.034      1.495  0.010    -2.01    -2.13     1.12     1.14
     1    0.109    0.543      4.599  0.010    -0.85     5.21     1.13     1.14
     2    0.221   -0.033      0.780  0.006     2.77     3.68    28.54    28.95
     2    0.188    0.153      0.559  0.006    -0.66     4.75     1.29     1.79
    -2   -0.028   -0.312      0.065  0.006    -5.16    -2.45    -0.37     2.68
     1   -0.009    0.018      0.082  0.010    -5.65    -3.59     0.38     1.14
    -2    0.141   -0.117     -0.250  0.006     5.07     0.08    -4.73     5.89
     1    0.025   -0.039     -0.545  0.010     4.57    -1.49    -1.88     1.99
    -2    0.031   -0.045     -0.058  0.006     1.28    -2.11    -0.55     1.71
     1    0.012   -0.121     -0.064  0.010     1.87    -4.62    -4.19     6.87
    -1    0.092   -0.019     -1.280  0.010    -0.98    -2.26    -3.85     4.08
     1   -0.104    0.133     -0.080  0.010    -1.54    -2.49    -2.23     2.52
    -2    0.087    0.150     -0.899  0.006    -2.86     4.18    -8.65     9.28
     2   -0.166    0.074     -0.651  0.006    -5.00     3.65    -6.50     6.74
    -1    0.014    0.053     -0.331  0.010     2.51     2.73    -9.34    10.27
     2   -0.466   -0.008     -2.443  0.006     0.37     1.53   -12.85    13.00
    -1    0.005   -0.173     -0.009  0.010    -2.76     4.58     0.62     2.27
     2   -0.058    0.092      0.108  0.006    -2.72     4.11     1.24     2.14
    -2    0.370   -0.082     -1.635  0.006    -0.35     1.30    -1.64     1.77
     1    0.111    0.001     -1.173  0.010    -0.71     0.80    -4.49     4.74
    -2    0.106    0.067     -2.636  0.006     3.65    -0.92   -10.47    10.52
     1   -0.036    0.067     -0.006  0.010     2.88    -0.08    -1.85     2.77
    -1    0.026   -0.013     -0.106  0.010    -2.95     2.18   -18.50    19.01
     2    0.033   -0.117     -0.522  0.006     1.26    -0.05    -7.44     8.38
    -2   -0.064   -0.527     -1.282  0.006     1.39    -3.77    -4.40     5.13
     1   -0.107    0.271     -3.859  0.010     0.94    -3.75    -3.09     3.13
    -1    0.022    0.007      2.132  0.010    -0.18    -0.92    10.97    11.79
     2    0.002    0.026      0.241  0.006     2.23    -1.22     4.39     5.24
    -2   -0.029   -0.058      0.048  0.006     0.86     0.38    -0.86     6.48
     1   -0.006    0.031      0.007  0.010     0.35     4.55    -0.29     1.16
     1    0.137   -0.346     -2.212  0.010    -6.73    -0.73    -2.12     2.15
     1    0.388    0.128     -2.560  0.010    -5.22     0.62   -12.61    12.77
     1   -0.180   -0.044     -0.749  0.010    -6.67    -0.85    -3.42     3.46
    -2    0.034    0.041     -0.021  0.006    -0.11     5.77     2.09     5.68
     2    0.088   -0.158      1.688  0.006     2.63     4.24    16.17    16.26
    -2   -0.011   -0.018     -0.505  0.006    -3.91    -0.31    -7.87     8.86
     1   -0.119    0.077     -1.332  0.010    -3.19     0.42    -4.08     4.54
     1   -0.128   -0.494     -2.560  0.010     1.26     1.53    -1.97     1.99
     2   -0.204   -0.042     -3.955  0.006     1.30     1.67    -1.17     1.17
     3    0.317   -0.253     -3.121  0.199     2.38     0.91   -14.49    14.57
    -2    0.060    0.300     -0.177  0.006     1.35     1.92    -6.16     8.23
     1   -0.176    0.149     -1.737  0.010    -1.74     3.53   -51.70    52.11
     1    0.189    0.093     10.198  0.010     1.81    -0.19    62.45    62.69
     2    0.103    0.359      1.437  0.006     2.73     5.19     1.82     1.87
     1    0.017    0.027      1.504  0.010     1.22     2.36    37.49    37.89
    -2    0.011   -0.167     -0.673  0.006     3.84    -0.86    -3.80     4.32
     1    0.081    0.087     -0.066  0.010     4.08     0.09    -0.91     1.28
    -2    0.034    0.082     -1.381  0.006    -5.95     1.91    -3.23     3.28
     1   -0.369    0.090     -1.845  0.010    -6.51     2.44    -4.40     4.57
    -1    0.018    0.149      0.081  0.010     4.38    -1.75     1.35     4.91
     1   -0.116   -0.013      0.182  0.010     4.57    -1.46     5.89     6.93
    -1   -0.107    0.069      0.133  0.010    -0.53     3.02     5.57     6.40
     2   -0.051   -0.249      0.027  0.006     2.08     0.54     2.20     4.72
    -1   -0.117    0.222      0.225  0.010    -4.84     1.54     1.89     2.85
     1   -0.112    0.038     -0.001  0.010    -4.93     2.16     0.38     1.20
    -2   -0.145    0.231     -0.910  0.006    -1.08     4.70    -4.97     5.24
     2    0.092   -0.188     -0.427  0.006     1.61     2.87   -12.02    12.68
    -1    0.089   -0.216     -0.376  0.010     3.41    -3.91    -0.96     1.20
     2    0.186    0.086     -0.165  0.006     5.13    -0.47    -4.99     7.04
    -1   -0.066    0.052     -0.085  0.010    -4.18    -0.18    -0.31     1.64
     1   -0.107    0.024     -0.063  0.010    -6.34     0.12    -1.28     4.15
    -1   -0.001   -0.198     -0.355  0.010    -0.00    -2.64    -7.77     8.48
     2    0.005    0.013     -0.202  0.006    -0.76     0.47    -5.41     6.23
    -1    0.019    0.047      0.000  0.010    -4.44     5.81     0.65     1.21
     2   -0.121    0.042      0.125  0.006    -4.44     5.81     0.65     1.21
    -2    0.153    0.329     -1.442  0.006     1.92     5.40    -2.25     2.34
     1    0.332    0.187     -0.711  0.010     1.88     5.16    -1.24     1.30
     1    0.129   -0.464     -3.670  0.010    -6.57     1.05   -20.06    20.23
     2   -0.006    0.172     -1.860  0.006    -7.22     3.34    -1.19     1.21
     1   -0.191   -0.058     -0.437  0.010    -7.22     3.34    -1.19     1.21
     2   -0.222    0.011     -1.101  0.006    -7.15    -1.32   -17.80    18.41
     2    0.062   -0.037     -1.543  0.006    -0.30    -0.58   -35.81    35.91
     1   -0.218    0.069     -0.782  0.010    -3.92    -0.42    -8.29     8.62
    -1   -0.064    0.036     -0.868  0.010    -3.64     0.68    -2.67     2.89
     2   -0.133   -0.029     -0.393  0.006    -3.56     0.59    -1.45     1.73
     1   -0.199   -0.250      1.513  0.010    -1.06    -4.27    11.81    11.89
     1    0.360   -0.297      1.940  0.010    -0.20    -5.13     1.21     1.22
     1    0.012   -0.255      3.147  0.010    -0.84    -4.17    16.74    16.80
    -1   -0.015   -0.013      0.044  0.010    -4.75     1.15     0.86     1.23
     1   -0.222    0.116      0.407  0.010    -4.54     1.61     1.31     1.90
    -2   -0.031   -0.070      0.021  0.006     4.23    -7.02     0.94     1.24
     1    0.027   -0.130      0.262  0.010     4.23    -7.02     0.94     1.24
    -1   -0.264   -0.281     -1.645  0.010    -3.54     1.89    -3.48     3.59
     2   -0.251    0.350     -2.664  0.006    -4.18     1.94    -1.21     1.24
    -3    0.210    0.351     -6.277  0.199    -2.29    -2.18    -5.93     6.03
     2   -0.053   -0.043     -1.030  0.006    -2.55    -3.15    -9.66    10.00
    -2   -0.000    0.026     -0.024  0.006     0.06     3.03     0.29     1.24
     2   -0.005    0.073      0.221  0.006    -2.04     2.34    10.50    12.40
    -3   -0.213    0.089     -1.096  0.199    -4.03    -3.64    -1.77     1.82
     2   -0.151   -0.483     -1.997  0.006    -2.86    -3.58    -6.23     6.45
    -1    0.250   -0.048      0.355  0.010     0.40     2.21     1.77     1.86
     1   -0.079   -0.055      0.525  0.010    -1.74     3.27    20.29    20.51
    -1    0.236    0.229      2.499  0.010     3.40    -1.01     1.25     1.26
     1    0.273    0.104      0.646  0.010     4.52    -0.15     8.98     9.14
    -2    0.266    0.104      1.129  0.006     4.81     3.67     1.23     1.27
     1   -0.026    0.220      1.694  0.010     2.90     3.63    14.04    14.29
    -2    0.062   -0.031     -0.160  0.006     1.44    -4.04    -0.78     1.27
     1    0.137   -0.329     -0.093  0.010     1.85    -4.53    -1.22     2.28
    -2   -0.330   -0.208      4.659  0.006     3.43     0.85     1.26     1.28
     2    0.081   -0.097      0.096  0.006     3.07    -0.03     2.00     3.04
    -2    0.072    0.109      0.054  0.006     3.08     3.09    -2.02     5.90
     2    0.030    0.088     -0.046  0.006     1.37     4.13    -2.62     2.91
     1    0.270   -0.134     -0.668  0.010     4.94    -2.58   -22.95    25.07
     2    0.058    0.243     -2.220  0.006    -0.55     3.30    -1.27     1.29
     1   -0.115   -0.273     -3.130  0.010    -0.55     3.30    -1.27     1.29
    -2   -0.241   -0.293      0.184  0.006    -4.52    -1.07     0.63     2.92
     1   -0.071   -0.139      0.211  0.010    -3.10    -1.75     0.90     1.29
    -1    0.271    0.199      0.287  0.010     2.15    -2.69     3.03     4.51
     2    0.009   -0.001      0.109  0.006     2.08    -5.09     5.14     5.78
    -1   -0.201    0.016     -0.230  0.010    -3.75    -0.04    -1.07     1.30
     2   -0.157   -0.085     -0.071  0.006    -3.81     0.29    -1.84     2.42
    -1    0.045    0.161     -0.367  0.010     0.34     3.48    -2.22     3.51
     2    0.080    0.053     -0.226  0.006    -2.97     2.82    -3.51     4.40
    -1    0.105   -0.062      0.022  0.010    -4.60     2.07    -2.47     2.57
     2    0.321    0.327     -5.259  0.006    -4.19     1.93    -1.30     1.31
     1   -0.226    0.200      4.125  0.010    -0.36    -3.16     1.30     1.32
     2   -0.216    0.133      3.422  0.006    -0.84    -2.82    43.23    43.36
     1   -0.026    0.216      2.571  0.010    -0.42    -3.16     1.49     1.52
    -3   -0.084    0.223      1.646  0.199    -3.55     0.50     3.85     3.95
     2   -0.262   -0.089      0.751  0.006    -3.52     0.15     1.27     1.32
    -2    0.024    0.024     -0.080  0.006     1.97     4.64    -0.53     1.32
     1    0.150    0.131     -0.075  0.010     3.03     2.35    -0.28     3.87
    -2    0.348   -0.183     -1.536  0.006     3.57     2.18    -2.43     2.59
     1    0.067   -0.074     -0.308  0.010     0.30     2.77   -19.29    19.55
    -1   -0.009    0.021      0.103  0.010     3.54    -1.23     6.32     8.99
     2   -0.007   -0.035      0.019  0.006     2.01    -4.76     0.69     1.33
    -3   -0.065   -0.087      1.210  0.199    -5.80     2.33     1.27     1.33
     1    0.154    0.184      0.500  0.010    -5.80     2.33     1.27     1.33
    -1   -0.115   -0.037     -0.085  0.010     2.56     4.12    -2.83     4.02
     1    0.283   -0.017     -0.323  0.010     2.48     3.01    -6.17     7.07
    -2    0.288   -0.328     -1.348  0.006     5.77     4.39    -1.31     1.34
     2   -0.126    0.004     -1.526  0.006     5.77     4.39    -1.31     1.34
    -1   -0.069   -0.174      0.025  0.010     1.42    -3.26     3.87     5.04
     2   -0.075    0.285      1.457  0.006     1.70    -2.20     2.40     2.49
    -1    0.190    0.076      0.298  0.010     1.22     3.11     4.62     7.45
     1    0.083    0.121      0.201  0.010    -0.90     0.73     0.44     2.28
     1    0.239    0.042     -6.886  0.010    -2.78     3.73    -1.34     1.35
     1   -0.254   -0.173     -1.445  0.010    -2.78     3.73    -1.34     1.35
     1    0.129   -0.110     -3.989  0.010    -2.27     4.30    -6.62     6.68
    -3   -0.252    0.026      0.465  0.199    -2.68     6.51     2.76     3.23
     2    0.059    0.007      1.378  0.006    -2.44     6.41     1.32     1.37
    -1    0.040   -0.138      0.454  0.010     3.13     0.94    11.51    12.91
     1    0.044    0.004      0.029  0.010     0.53     2.22     1.09     1.38
    -2    0.139   -0.114      0.321  0.006     2.31     5.24     4.04     4.21
     2   -0.019    0.329      0.163  0.006     2.10     5.64     1.65     2.20
     1    0.349    0.336      6.413  0.010     4.66    -3.77     1.38     1.39
     2    0.035   -0.039      0.040  0.006     4.66    -3.77     1.38     1.39
     1   -0.128    0.104      1.173  0.010     1.65     2.80    57.56    58.04
    -2    0.000    0.128      0.011  0.006    -1.20     1.43    -2.79     6.46
     1    0.031    0.143      0.059  0.010     0.31     5.55     2.04     5.63
    -2    0.284    0.306      1.233  0.006     6.06     5.34    18.23    19.26
     1    0.009   -0.563      2.827  0.010     2.19     1.83     1.37     1.40
    -2   -0.087   -0.125     -0.918  0.006    -2.42    -1.84    -1.77     2.35
     1    0.076    0.012     -0.363  0.010    -2.75    -2.07    -1.24     1.59
    -2   -0.106    0.168      0.281  0.006    -0.45    -3.14     7.12     7.76
     1    0.056   -0.146      0.524  0.010     0.36    -4.50     2.60     2.84
    -1    0.067    0.012      0.113  0.010    -1.65     0.69     0.60     3.13
     2   -0.063   -0.022      0.029  0.006    -3.31     1.01     0.37     1.41
    -2    0.198   -0.026     -0.118  0.006     3.68    -0.85    -6.37     9.19
     1    0.233   -0.288     -1.681  0.010     1.47     0.47   -12.29    12.97
    -1   -0.074   -0.015      0.018  0.010     1.29     4.73    -0.60     1.42
     2    0.010    0.008     -0.090  0.006     1.29     4.73    -0.60     1.42
    -1   -0.034    0.503      1.054  0.010     2.21     2.36     7.91     8.46
     3    0.054    0.170      2.997  0.199     0.95     1.11     9.03     9.15
    -3    0.025    0.136     -1.240  0.199    -1.47     4.09    -1.37     1.42
     1    0.290   -0.178     -0.932  0.010    -0.83     1.63    -8.22     8.80
     1    0.171    0.026      3.985  0.010     5.73     4.29    23.73    23.79
     1    0.089   -0.028      3.283  0.010     4.84     2.61     4.92     5.07
     2   -0.032    0.087      0.279  0.006     4.56     3.58     1.42     1.43
     1   -0.294    0.092     -3.488  0.010    -6.58    -0.97    -1.42     1.43
     2    0.422   -0.076     -1.574  0.006    -4.74    -0.23   -16.56    16.70
     2   -0.268   -0.175     -1.744  0.006    -6.77    -0.77    -4.12     4.16
    -2    0.008   -0.009     -0.003  0.006     0.40     0.83    -2.49     5.61
     1    0.267    0.012      0.013  0.010     3.63     0.42    -1.23     3.19
    -1   -0.046   -0.038      0.044  0.010     2.66     1.39     3.20     4.02
     2    0.222    0.024      1.005  0.006     1.84     0.97     1.42     1.65
    -2    0.050   -0.011     -0.018  0.006     6.62     3.18    -0.55     1.44
     1   -0.084    0.046     -0.043  0.010     6.62     3.18    -0.55     1.44
    -2   -0.129    0.078     -0.054  0.006     1.67     0.84     0.87     3.92
     1    0.037   -0.038     -0.075  0.010     2.82    -0.31    -0.39     1.44
    -2   -0.332    0.301     -5.677  0.006    -2.13     0.13   -10.44    10.48
     2    0.221   -0.027     -1.624  0.006    -0.28    -0.39    -9.76     9.96
    -1    0.080    0.094     -0.593  0.010     1.44     1.19    -9.09     9.65
     1    0.392   -0.057     -2.045  0.010     1.46     0.21    -4.26     4.39
    -2   -0.222    0.432      0.683  0.006    -1.39     4.92     1.48     1.85
     1    0.054    0.105      0.292  0.010    -1.64     5.00     1.27     1.58
    -2    0.039   -0.140     -0.118  0.006     1.50    -4.10    -3.21     3.93
     2   -0.037   -0.014      0.044  0.006     3.79    -5.33    -1.04     4.39
    -3   -0.138   -0.246     -1.303  0.199    -2.52    -2.12    -9.92    10.24
     2   -0.496    0.090     -4.550  0.006    -3.23    -0.31   -24.90    25.00
    -2   -0.022    0.189      5.921  0.006     0.71    -0.78     1.48     1.50
     1    0.123   -0.362      0.820  0.010     0.90    -0.49     3.44     4.12
    -1    0.066    0.057     -0.720  0.010    -2.47    -1.98    -1.65     1.67
     3   -0.020    0.181     -4.401  0.199    -3.51    -0.21   -24.89    25.00
    -1   -0.073    0.220     -0.399  0.010    -1.51    -0.44   -10.88    11.14
     1    0.038    0.080     -2.659  0.010     2.14    -2.48   -19.03    19.24
    -2    0.256   -0.013      0.565  0.006     1.99    -2.81     1.37     1.51
     2    0.157    0.006      0.419  0.006     2.07    -3.00     1.83     2.00
    -2   -0.065    0.040     -0.009  0.006    -2.17     3.41    -0.47     1.51
     2    0.022   -0.020     -0.057  0.006    -0.27     0.03    -0.73     5.91
    -2    0.036   -0.149     -0.034  0.006    -0.15    -5.67    -0.86     2.15
     2   -0.076   -0.053     -0.046  0.006    -0.70    -5.90    -0.63     1.52
     1    0.129   -0.076     -4.767  0.010    -2.36     0.91    -1.52     1.53
     2   -0.252    0.009     -1.981  0.006    -3.37     0.14    -9.79     9.90
     2    0.208   -0.141     -3.628  0.006    -2.16     0.10   -11.15    11.20
    -2    0.036   -0.075     -0.315  0.006    -1.83    -0.94    -4.04     4.54
     1   -0.000   -0.005     -0.041  0.010    -2.66    -2.15    -9.95    10.24
    -1    0.307   -0.407      1.391  0.010     5.58     0.87    10.69    11.28
     2    0.240    0.073      0.094  0.006     6.64    -0.08     1.04     2.01
    -1   -0.134   -0.098     -0.290  0.010    -2.06    -4.55   -10.15    11.17
     2    0.055   -0.074     -0.070  0.006     1.04    -3.89    -1.23     1.98
    -1    0.205   -0.153     -1.581  0.010     0.43    -3.86    -9.55    10.17
     2   -0.006   -0.033     -0.098  0.006    -1.89    -5.13    -1.47     1.55
    -1    0.338    0.013     -0.855  0.010     1.23    -4.67    -1.45     1.55
     1    0.051   -0.104     -0.839  0.010     0.75    -3.46   -13.14    13.37
    -1    0.291   -0.011      0.177  0.010    -1.47     0.20    -0.92     3.37
     2   -0.115    0.120     -0.358  0.006    -0.57     0.53    -5.72     6.61
    -2   -0.110   -0.076      0.977  0.006    -0.81    -0.49     9.58    10.50
     2    0.015    0.289      4.487  0.006    -2.09     2.57     1.54     1.56
    -2   -0.238   -0.183     -1.231  0.006    -4.96    -4.52    -1.52     1.56
     2   -0.028    0.115     -2.096  0.006    -1.92    -2.06   -18.97    19.44
    -1    0.740    0.672      3.765  0.010     1.42     3.03     2.93     3.14
     1    0.051    0.132      2.152  0.010     2.13     3.02     4.26     4.38
    -2    0.131   -0.063     -4.811  0.006     1.86     4.74    -1.56     1.58
     1    0.288   -0.072     -1.242  0.010     1.52     3.14   -12.10    12.68
     1   -0.309    0.207      2.698  0.010     2.03     3.60    29.93    30.36
     2    0.335    0.354      4.727  0.006     4.18     2.78     1.58     1.59
     1    0.209    0.130      3.725  0.010     3.69     3.26     6.48     6.54
    -2    0.072    0.191      0.896  0.006     0.54     2.76     1.53     1.61
     1   -0.041    0.001      0.106  0.010     1.04     4.71     5.23     6.60
    -2   -0.003    0.004     -0.049  0.006    -1.84    -0.74    -1.45     1.68
     1   -0.002    0.148     -0.378  0.010    -1.33    -1.45    -4.30     4.67
    -1   -0.016   -0.058     -0.099  0.010     2.90    -1.89    -4.28     6.74
     2   -0.004    0.077     -0.031  0.006     4.14     1.65    -0.84     1.62
    -1    0.077    0.133     -0.145  0.010     2.21     5.42    -1.26     1.62
     2    0.174    0.215     -0.344  0.006     2.89     4.70    -2.67     3.53
    -2   -0.137    0.316      0.273  0.006     2.95     3.60     4.51     6.48
     2    0.131    0.019      0.179  0.006     2.97     3.82     2.04     3.68
    -1   -0.198    0.417      2.350  0.010     6.12    -0.37     5.12     5.28
     2    0.024   -0.018      0.156  0.006     5.36    -0.86     1.59     1.64
    -1    0.015   -0.197     -1.291  0.010    -5.28     0.63   -12.61    12.77
     1   -0.178   -0.491     -2.170  0.010    -6.04     1.71    -3.21     3.28
    -1   -0.456   -0.165      3.537  0.010    -0.07    -0.16    10.34    10.47
     1    0.213    0.011      3.497  0.010     2.19     1.12    14.08    14.16
    -1   -0.089   -0.039     -0.075  0.010     0.49     1.97    -7.25     8.57
     2   -0.142   -0.208     -0.173  0.006    -0.90     0.28    -3.06     5.91
    -1    0.527   -0.624      2.281  0.010     3.45    -4.91     7.78     8.88
     2    0.009    0.000      0.486  0.006     0.61    -4.36     1.93     2.51
    -2    0.083    0.012     -0.158  0.006    -0.54     3.25    -2.09     3.12
     1    0.044    0.138     -0.068  0.010    -2.38     3.42    -2.01     3.19
    -2   -0.207    0.360      3.155  0.006     0.61     0.32     4.91     4.97
     1   -0.227   -0.044      1.605  0.010    -0.06    -0.62     4.28     4.52
     1    0.264   -0.111      1.601  0.010     5.29     1.82    12.15    12.40
     2   -0.041    0.215      4.285  0.006     3.22     2.47     1.66     1.67
     1    0.284   -0.265      4.376  0.010     3.22     2.47     1.66     1.67
    -2   -0.359    0.179     -6.302  0.006    -4.30     3.45    -1.66     1.67
     1    0.211   -0.132     -1.536  0.010    -3.48     1.55    -9.43     9.71
    -2    0.126   -0.158      1.926  0.006    -0.71     1.83    16.33    16.79
     1    0.132    0.121      0.586  0.010     0.54     1.10    16.31    16.60
    -1    0.006   -0.001      0.164  0.010    -2.13     6.44     3.05     3.83
     2    0.002    0.009     -0.034  0.006    -1.62     6.45     0.96     1.68
    -1   -0.081    0.134      0.404  0.010    -0.11    -1.44     8.13     9.68
     2   -0.087    0.728      3.035  0.006     1.97    -1.14     5.25     5.45
    -1    0.475    0.585      2.477  0.010     7.54     6.00    24.14    25.80
     1   -0.063    0.390      2.869  0.010    -0.90     5.24     1.66     1.69
    -1    0.014   -0.045      0.103  0.010     2.05     1.72     7.01     7.56
     2    0.120   -0.027      0.091  0.006     3.70    -0.88     4.62     5.57
    -2   -0.012    0.040     -0.003  0.006    -4.43    -7.04   -13.54    16.64
     2   -0.012    0.007      0.034  0.006    -3.37    -1.39    -0.93     1.70
     1    0.053   -0.022      0.211  0.010    -0.47    -1.97     6.35     7.14
     2    0.180    0.098      6.056  0.006     2.46    -1.56     8.82     8.86
     2   -0.188   -0.064      2.037  0.006     1.63    -2.06     4.13     4.17
    -2   -0.071    0.038     -0.894  0.006    -4.45    -1.84   -11.02    11.54
     1   -0.676    0.095     -7.809  0.010    -4.78    -0.10   -16.59    16.70
     1    0.103    0.114     -5.444  0.010    -3.72     1.08   -24.18    24.21
     1   -0.073   -0.288     -4.383  0.010    -6.30    -1.30   -21.69    21.89
     2   -0.095   -0.031     -0.429  0.006    -2.39    -0.08   -46.77    46.97
    -2    0.090    0.083      1.328  0.006     1.65     0.12    18.46    19.17
     1   -0.150    0.057      0.097  0.010    -0.45     2.50    17.35    18.32
    -2    0.027    0.011      1.304  0.006    -2.41     2.53    18.79    19.76
     1   -0.084    0.077      0.154  0.010    -3.57     2.04     1.41     1.72
    -2    0.021    0.001      0.096  0.006    -2.13     2.87     1.69     1.73
     1   -0.302    0.254      1.825  0.010    -2.23     4.04     7.37     7.53
    -1    0.200   -0.228     -0.487  0.010    -0.70    -2.75    -3.44     6.24
     2   -0.042    0.017     -0.164  0.006    -3.18     0.21   -20.79    21.24
    -1    0.030    0.004      0.002  0.010     2.00     6.39    -1.33     1.75
     1   -0.047    0.103     -0.205  0.010     2.00     6.39    -1.33     1.75
    -2    0.042    0.015      0.067  0.006     1.78     0.47     2.51     2.93
     2    0.030   -0.033      0.214  0.006     1.39     0.83     1.49     1.76
    -2    0.166   -0.029      1.263  0.006     3.27    -3.85     2.57     2.75
     1   -0.006    0.007      0.173  0.010     3.59    -3.67     1.66     1.76
    -2   -0.038   -0.042     -0.132  0.006    -0.46    -6.01    -1.10     1.77
     2    0.278   -0.309     -0.024  0.006     1.51    -6.20     0.09     4.10
    -2    0.205    0.026     -3.014  0.006     0.11    -0.61    -4.57     4.61
     2   -0.311   -0.377     -3.016  0.006    -0.21    -0.49    -1.80     1.82
    -2    0.131   -0.088     -1.802  0.006    -5.59     0.81    -7.22     7.47
     1   -0.126   -0.011     -0.871  0.010    -4.89    -1.26   -10.18    10.47
    -1   -0.215   -0.126      0.758  0.010     0.44    -4.64     2.36     2.55
     2    0.001    0.018      0.243  0.006     0.80    -4.67     1.71     2.07
    -1   -0.039   -0.077      0.053  0.010     4.37    -0.08     4.92     6.18
     1    0.031   -0.109      0.248  0.010     6.86     1.08     1.60     1.84
    -1    0.158    0.003     -0.209  0.010     4.30     1.96    -3.21     4.59
     2    0.193    0.015     -0.372  0.006     2.80     0.85    -4.97     5.32
    -1   -0.016    0.321      3.920  0.010     1.72     3.61     1.83     1.85
     2   -0.022    0.239      1.669  0.006    -0.31     3.63    22.16    22.28
    -2    0.039    0.003     -1.162  0.006    -1.55    -1.75   -18.36    18.69
     1    0.414    0.244     -4.777  0.010     1.65    -2.08    -1.84     1.85
    -1   -0.106    0.148      0.499  0.010    -3.04    -3.25     5.37     6.31
     2   -0.044   -0.048      0.027  0.006    -2.45    -3.01     1.32     1.86
    -1    0.031   -0.001      0.150  0.010     0.01    -3.88     7.82     8.18
     2   -0.213    0.046      1.175  0.006     0.54    -4.19     2.05     2.20
    -1    0.231    0.210     -1.452  0.010    -4.04     1.68    -6.52     6.95
     2   -0.157    0.097     -0.204  0.006    -4.79     3.11    -4.81     8.28
    -2   -0.071    0.005     -0.748  0.006    -0.46     2.39    -6.32     6.38
     2   -0.637    0.184     -3.908  0.006    -0.46     2.25    -6.46     6.51
    -2    0.009   -0.004     -0.525  0.006    -3.47    -2.14    -2.73     3.01
     1   -0.169    0.206     -0.758  0.010    -3.98    -2.60    -3.99     4.26
     1   -0.330    0.005      8.235  0.010     6.90     2.01     1.88     1.89
     2    0.044    0.363      3.484  0.006     7.48     1.66     6.14     6.21
     1   -0.421    0.159      1.478  0.010     5.36     2.14     8.59     8.78
    -1   -0.006    0.067     -0.146  0.010     2.12     5.42    -1.56     1.89
     2    0.070    0.032     -0.181  0.006     2.17     5.41    -1.62     1.97
    -2    0.113   -0.019      0.379  0.006     4.61     2.11     2.61     3.21
     1    0.029   -0.035      0.005  0.010     4.86     1.78     1.42     1.90
    -1    0.255    0.186     -0.665  0.010     2.52     2.12    -6.63     7.64
     2   -0.350    0.111     -1.690  0.006    -1.60    -1.57   -11.05    11.67
    -1    0.000   -0.135      0.556  0.010     2.28    -4.80     1.81     1.92
     1    0.086   -0.124      0.295  0.010     2.28    -4.80     1.81     1.92
    -1   -0.196   -0.027      2.908  0.010     1.51    -4.93     5.83     6.11
     2    0.118   -0.139      0.895  0.006     1.10    -5.17     4.85     5.16
    -2   -0.154   -0.136     -0.667  0.006     1.34    -5.60    -1.89     1.94
     2   -0.160   -0.186     -1.442  0.006     1.34    -5.60    -1.89     1.94
    -2   -0.113   -0.050     -0.142  0.006    -2.00    -3.20    -1.74     1.94
     1   -0.038   -0.058     -0.334  0.010    -2.00    -3.20    -1.74     1.94
    -1    0.205    0.136     -0.633  0.010    -0.46     4.93    -7.92     8.31
     2   -0.234    0.323     -1.568  0.006    -2.20     5.10    -2.88     3.13
     1    0.094   -0.231     -1.707  0.010    -4.54    -2.50    -1.94     1.95
     2   -0.371    0.466     -5.489  0.006    -4.54    -2.50    -1.94     1.95
     1    0.038   -0.011     -2.555  0.010    -4.54    -2.50    -1.94     1.95
    -1   -0.270    0.393     -0.842  0.010    -2.38     4.86    -9.98    11.25
     2    0.036   -0.247     -0.202  0.006    -4.10     1.62    -3.99     5.21
    -2   -0.123    0.088     -0.615  0.006     3.44    -2.27    -1.93     1.95
     2    0.216   -0.431     -3.576  0.006     3.44    -2.27    -1.93     1.95
    -2   -0.474   -0.015      2.885  0.006     2.27     3.49     3.68     4.02
     2    0.227   -0.242      1.446  0.006     1.98     2.96     4.27     4.38
     2   -0.444    0.233      4.632  0.006     1.30    -3.40     7.01     7.08
     2   -0.050   -0.062      9.483  0.006     2.77    -2.93    23.92    23.94
     1    0.015    0.119      1.882  0.010     2.07    -3.16     1.95     1.96
    -2    0.510   -0.087     -0.973  0.006     0.14    -3.83    -9.63    10.17
     1    0.269   -0.152     -2.048  0.010    -0.59    -3.95    -4.71     4.83
    -1    0.146   -0.028     -0.241  0.010     8.75     0.31    -1.84     1.98
     2    0.056   -0.067     -0.404  0.006     8.75     0.31    -1.84     1.98
    -1    0.230    0.003      0.039  0.010     4.05     1.50     3.16     4.24
     1    0.012    0.000      0.145  0.010     3.94     0.89     1.75     2.00
     1    0.137   -0.098      1.821  0.010     3.70    -5.87     2.00     2.01
     2    0.092   -0.104      3.606  0.006     3.03    -5.93     8.35     8.39
     2    0.168    0.172      2.462  0.006     3.70    -5.87     2.00     2.01
    -1   -0.121    0.006     -0.079  0.010    -2.87     2.78    -3.56     4.40
     1    0.146    0.242     -0.659  0.010     1.14     8.31   -19.33    21.41
     1   -0.115   -0.200      7.868  0.010     0.66     4.53    20.71    20.79
     1    0.348    0.310      5.880  0.010     2.28     5.10     2.01     2.02
     2   -0.033    0.067      4.274  0.006     3.08     5.09    27.25    27.38
    -1    0.328   -0.074      0.413  0.010     9.64    -2.93    10.13    14.02
     2    0.098   -0.139      0.304  0.006     2.04     0.47     1.78     2.02
    -2   -0.235    0.165     -2.227  0.006     2.28     1.02   -12.26    12.45
     1   -0.013   -0.002     -0.083  0.010     2.33    -0.79    -2.00     2.03
    -2    0.073    0.111     -0.355  0.006     4.97     3.51    -1.78     2.04
     1   -0.232   -0.325     -0.724  0.010     3.87     3.63    -2.99     3.85
     1    0.187    0.083      1.498  0.010     1.63    -4.67     2.04     2.05
     2   -0.095   -0.108      4.373  0.006     0.40    -3.98    23.20    23.26
     2   -0.041   -0.254      1.686  0.006     1.63    -4.67     2.04     2.05
    -2   -0.040    0.057     -0.075  0.006    -1.39     6.63    -1.80     2.06
     1    0.092    0.070     -0.275  0.010    -1.39     6.63    -1.80     2.06
    -1    0.404   -0.076      3.511  0.010     5.21     2.21    12.34    12.41
     2    0.102   -0.445      3.839  0.006     4.48     1.43     2.05     2.06
     1    0.256   -0.190     -5.547  0.010    -1.84     3.44    -2.05     2.06
     2    0.248    0.359     -4.248  0.006    -1.84     3.44    -2.05     2.06
     1   -0.149    0.076     -0.949  0.010    -3.05     2.98    -8.51     8.64
    -2   -0.252    0.094      1.445  0.006     1.22    -6.31     2.03     2.07
     3    0.069   -0.154      1.451  0.199     1.22    -6.31     2.03     2.07
    -2    0.011   -0.013      0.010  0.006    -0.16    -3.01   -16.29    17.11
     1    0.013    0.007     -0.281  0.010    -3.18    -5.06    -2.01     2.07
    -2    0.261    0.209     -2.270  0.006     0.45     2.08   -23.08    23.87
     1   -0.062    0.013     -0.228  0.010     0.98     0.23    -1.94     2.08
    -2    0.449    0.309      3.376  0.006     1.71     6.75     2.05     2.08
     2    0.010    0.053      0.378  0.006     1.71     6.75     2.05     2.08
    -2    0.023   -0.051      1.829  0.006     0.52    -1.60    18.44    18.58
     1    0.112   -0.102      0.547  0.010     2.50    -0.14    21.93    22.37
    -2   -0.056    0.040      1.507  0.006    -0.56     2.56    17.28    18.32
     1   -0.090   -0.025      0.090  0.010     0.89     0.75     1.90     2.09
     2    0.001    0.014      0.074  0.006     2.32     5.21     4.06     4.21
     2   -0.062   -0.029      6.426  0.006     1.78     5.50     2.09     2.10
     1   -0.112    0.008      2.034  0.010     1.78     5.50     2.09     2.10
     1   -0.038   -0.308      4.812  0.010     4.02     4.16     2.12     2.13
     2    0.281    0.060      1.616  0.006     4.02     4.16     2.12     2.13
     2   -0.094    0.252      3.326  0.006     4.02     4.16     2.12     2.13
    -2   -0.027   -0.005     -4.557  0.006    -3.13    -1.64   -27.50    27.88
     2   -0.338   -0.614     -2.060  0.006    -2.63    -3.58    -6.03     6.58
    -2   -0.102   -0.097      0.507  0.006    -2.29    -0.66     2.11     2.15
     1    0.021   -0.074      1.486  0.010    -2.87    -2.46    12.84    13.05
     1    0.137    0.189     -2.301  0.010    -4.60     1.77    -2.14     2.15
     2   -0.401   -0.041     -6.361  0.006    -4.60     1.77    -2.14     2.15
     2   -0.230   -0.100     -0.925  0.006    -4.30     1.71    -3.71     3.75
    -2   -0.257   -0.236     -0.497  0.006    -1.17    -3.33    -8.30    10.15
     1   -0.181   -0.163     -0.454  0.010    -1.91     0.40    -8.18     8.45
    -3    0.174    0.188     -5.551  0.199    -0.52     3.06   -37.66    37.82
     1   -0.143   -0.013     -0.236  0.010    -1.71     2.39    -5.11     5.50
    -1    0.191   -0.677     -3.310  0.010    -0.40    -0.16    -9.79     9.96
     2    0.176    0.069     -2.296  0.006    -0.26    -0.62   -35.81    35.91
    -1   -0.050    0.072      0.386  0.010     6.26     1.27     2.00     2.21
     2    0.199    0.055      0.509  0.006     3.28     2.07     7.72     8.94
    -1   -0.001    0.067     -0.139  0.010     2.81     2.34    -1.90     2.22
     2    0.190   -0.019     -0.319  0.006     3.54     2.08    -3.01     3.58
    -2    0.289    0.071     -1.390  0.006    -1.11    -5.28    -2.16     2.22
     1   -0.097    0.152     -0.092  0.010     1.61    -5.45    -5.91     6.91
    -2    0.022   -0.125      0.333  0.006     5.16    -1.70     2.03     2.26
     2    0.054   -0.079      0.103  0.006     4.77    -1.80     2.51     2.89
    -1    0.102   -0.022     -2.169  0.010    -3.75     1.02   -24.17    24.21
     1   -0.210    0.196     -0.910  0.010    -3.46     1.33    -9.79    10.09
    -2   -0.160    0.170      0.162  0.006    -5.95     4.54    14.23    15.12
     1   -0.070    0.031      0.318  0.010    -2.39     5.09     2.08     2.28
    -2    0.029    0.138      0.599  0.006    -0.95     1.37     5.01     5.60
     1    0.080   -0.152      0.016  0.010    -0.45    -0.12    -0.61     5.91
     2   -0.108   -0.051      0.042  0.006    -0.95    -0.94     2.63     2.92
    -1    0.006    0.004      0.005  0.010    -1.13    -1.11     5.87     6.50
    -2   -0.181   -0.193     -2.097  0.006    -4.36    -1.79    -2.29     2.32
     2   -0.292   -0.289     -1.927  0.006    -3.74    -0.72   -14.83    15.01
    -1   -0.011    0.099     -0.613  0.010    -1.90     0.28    -4.61     5.10
     1    0.032   -0.134     -0.243  0.010    -1.39     0.07    -2.10     2.34
    -1   -0.125    0.426      7.779  0.010     3.74     2.68     2.33     2.34
     1   -0.001    0.028      0.126  0.010     1.99     0.51    13.57    14.64
     2    0.344   -0.260      0.349  0.006     5.84    -6.15     7.63    10.98
    -1    0.073   -0.205      1.374  0.010     2.24    -4.73    13.27    13.56
    -2   -0.274    0.164      1.541  0.006     1.18     5.35     6.43     6.51
     1    0.045    0.100      0.697  0.010     1.45     5.32     3.67     3.75
    -2   -0.033   -0.010     -0.104  0.006     3.48     1.31    -2.09     2.41
     2    0.120   -0.010     -0.173  0.006     3.48     1.31    -2.09     2.41
    -1    0.021    0.081      0.190  0.010     2.39    -2.01     8.78    10.79
     1    0.017    0.025      0.094  0.010     2.78    -1.03     2.20     2.42
    -2    0.385    0.285     -0.551  0.006     6.69     2.33    -7.98    12.13
     1    0.075    0.043      0.009  0.010     4.05     1.77    -4.25     6.71
    -1    0.062    0.070     -0.152  0.010     1.45     3.84    -4.34     4.84
     1    0.086   -0.260     -2.088  0.010     0.17     3.29    -9.08     9.37
    -2    0.066    0.224     -0.942  0.006     7.37     2.59    -2.40     2.49
     2    0.036    0.025     -0.008  0.006     1.14     8.32   -19.29    21.41
    -2    0.015   -0.012     -0.009  0.006     5.62    -1.63     2.23     2.52
     2    0.024   -0.080      0.329  0.006     5.62    -1.63     2.23     2.52
    -2    0.036   -0.326      1.167  0.006     5.23    -4.32    23.47    24.45
     2    0.284   -0.228      1.960  0.006     0.18    -5.39     2.48     2.52
    -1    0.135    0.103      0.291  0.010    -0.71     1.51     4.30     5.13
     2    0.212   -0.113      0.435  0.006    -0.59     0.50     5.71     6.80
    -1   -0.262    0.355     -2.940  0.010     3.14     0.22    -2.59     2.60
     2    0.196    0.097     -4.724  0.006     3.14     0.22    -2.59     2.60
    -1    0.191    0.068      1.769  0.010     5.02     2.00    10.55    10.68
     2    0.000    0.030      1.256  0.006     5.81     2.19     7.26     7.46
    -2   -0.214   -0.066      1.221  0.006     0.17    -1.83     7.22     8.11
     2    0.032   -0.021      0.078  0.006     0.32    -4.21     2.30     2.62
    -2    0.075    0.245      7.446  0.006     4.40     0.18    22.86    22.94
     2   -0.216    0.104      2.745  0.006     5.09    -0.85     2.63     2.65
    -2   -0.015   -0.083      0.547  0.006     5.74     3.87     2.54     2.66
     2    0.029   -0.124      0.245  0.006     5.74     3.87     2.54     2.66
    -1    0.006    0.065     -0.211  0.010     1.99     2.90    -3.23     4.08
     2    0.073   -0.012     -0.110  0.006     2.34     1.37    -3.92     4.42
    -1    0.100   -0.087     -0.223  0.010     3.50     0.54    -4.17     4.43
     2    0.064    0.119     -0.420  0.006     3.97     0.13    -2.53     2.68
    -2   -0.017   -0.250      4.504  0.006     7.89     1.41     2.67     2.68
     2    0.266   -0.120      1.370  0.006     6.60     1.09    10.64    10.85
    -2    0.126   -0.016      0.987  0.006     1.65    -2.40     3.25     3.32
     1    0.069    0.150      1.126  0.010     1.53    -2.48     2.65     2.70
    -1    0.049   -0.011     -0.262  0.010     5.18     3.10    -2.39     2.71
     1   -0.010   -0.055     -0.031  0.010     5.18     3.10    -2.39     2.71
    -1   -0.498   -0.056      3.153  0.010     3.02    -5.97     8.33     8.39
     1    0.177    0.015      0.725  0.010     2.62    -4.20    11.65    11.77
    -2   -0.303    0.699     -1.653  0.006    -4.19    -2.62    -3.30     3.63
     1   -0.019    0.009     -0.022  0.010   -11.04    -9.32   -10.46    15.45
    -2    0.015   -0.363     -2.426  0.006    -3.58    -0.42   -13.50    13.70
     2   -0.079   -0.154     -2.445  0.006    -3.45     1.13    -8.11     8.19
    -1   -0.039    0.029      0.111  0.010     0.12     0.25    15.12    15.44
     2   -0.053    0.085      1.196  0.006     1.77    -0.46     6.03     6.09
    -1   -0.075   -0.085     -1.579  0.010    -3.27     0.69    -2.75     2.77
     1   -0.184   -0.292     -2.111  0.010    -3.20    -0.80   -18.25    18.44
    -1   -0.014   -0.629     -4.055  0.010    -0.49    -5.38   -16.88    17.30
     2   -0.070   -0.186     -0.556  0.006    -0.52    -5.45    -2.66     2.80
    -1    0.008    0.242      1.200  0.010    -3.28     0.39     2.78     2.82
     2   -0.082    0.145      1.273  0.006    -3.28     0.39     2.78     2.82
    -2    0.211   -0.059      1.219  0.006     4.58     2.65     4.28     4.32
     1   -0.251    0.135      6.511  0.010     4.96     2.51    17.41    17.47
    -1    0.146   -0.050      0.813  0.010     1.90    -5.05     6.20     6.45
     1    0.067   -0.085      1.103  0.010     0.92    -3.99     7.91     8.15
    -1    0.054   -0.002      0.093  0.010     1.04     1.60     2.48     2.86
     1    0.038   -0.078      0.141  0.010    -1.42     1.41     9.67    10.50
    -2   -0.017   -0.046     -0.459  0.006     3.15    -2.81    -2.78     3.05
     1    0.050   -0.059     -0.252  0.010     3.44    -0.57   -11.22    12.27
    -2    0.006   -0.062     -0.070  0.006     2.17    -2.70     6.76     8.60
     1   -0.084    0.030      0.355  0.010     1.19    -4.43    10.25    10.37
    -2    0.095   -0.095      1.520  0.006     3.25    -2.80     2.95     2.97
     1    0.318   -0.066      2.022  0.010     4.93    -3.37    17.22    17.35
    -1    0.068   -0.004     -0.147  0.010    -0.34     0.12    -7.02     7.29
     1   -0.117   -0.013     -0.160  0.010    -2.03     3.47   -12.27    13.38
    -2   -0.013   -0.158     -1.036  0.006     1.71    -1.76   -12.66    13.32
     2    0.040   -0.077     -0.355  0.006     1.29    -1.86    -7.21     7.90
    -2    0.017   -0.011      0.072  0.006    -0.91    -0.37     3.11     3.13
     1    0.583   -0.062      6.005  0.010    -0.91    -0.37     3.11     3.13
    -1    0.221    0.254      2.049  0.010     0.25    -4.37     3.11     3.15
     2   -0.029   -0.095      1.251  0.006     1.19    -4.51    10.07    10.18
    -1   -0.219    0.212      1.149  0.010     4.52     0.81    14.15    14.65
     1    0.185   -0.051      0.281  0.010     6.12     1.93     3.87     4.04
    -2   -0.118   -0.119      0.889  0.006     0.45    -0.89    17.14    18.40
     1    0.128   -0.187      0.631  0.010     4.17    -0.70    14.24    14.99
    -2   -0.103    0.031      0.793  0.006     0.40     5.17     3.14     3.23
     1   -0.085    0.091      0.319  0.010     0.40     5.17     3.14     3.23
    -2   -0.219   -0.160      1.071  0.006    -2.63    -2.39    12.87    13.05
     2   -0.045    0.152      0.556  0.006    -1.39    -3.11     3.16     3.23
    -2    0.006    0.251      3.933  0.006    -0.91    -3.04    43.24    43.36
     1   -0.135    0.229      3.643  0.010    -1.11    -4.27    16.74    16.80
    -2   -0.036   -0.495      0.989  0.006    -2.50    -1.80     4.44     4.95
     2    0.071    0.028      0.591  0.006    -1.88     0.47    22.07    22.52
    -2    0.035   -0.032     -0.095  0.006    -1.05    -2.74   -13.79    14.33
     1    0.049   -0.052     -0.136  0.010    -2.45    -1.38    -6.46     6.89
    -2    0.046   -0.088      0.228  0.006     3.09    -4.84     3.13     3.33
     1    0.045    0.050      0.235  0.010     3.09    -4.84     3.13     3.33
    -1    0.006   -0.120     -0.946  0.010    -3.94    -4.51    -3.36     3.43
     2    0.113   -0.125     -0.657  0.006    -3.94    -4.51    -3.36     3.43
    -2    0.033   -0.019     -0.450  0.006     2.43     1.47    -3.33     3.47
     1    0.351   -0.475     -1.648  0.010     2.57     0.71    -5.05     5.35
    -1   -0.009    0.123     -0.959  0.010    -3.32     1.31    -3.48     3.52
     1   -0.180   -0.061     -2.358  0.010    -4.71     2.64   -16.42    16.60
    -1   -0.054   -0.028      0.303  0.010     6.25     2.93     4.49     4.58
     1    0.478   -0.074      2.962  0.010     5.12     2.65     9.47     9.77
    -2    0.256    0.219     -4.850  0.006    -3.80     2.08    -3.52     3.54
     1    0.242    0.184     -2.859  0.010    -3.80     2.08    -3.52     3.54
    -2    0.134    0.042      1.346  0.006     4.97    -5.54     3.53     3.55
     1    0.385   -0.113      3.909  0.010     4.97    -5.54     3.53     3.55
    -2   -0.037   -0.004     -0.251  0.006    -0.56    -5.99    -3.57     3.60
     2   -0.111   -0.362     -2.890  0.006    -0.56    -5.99    -3.57     3.60
    -1    0.021    0.101     -1.046  0.010     0.40     6.33    -3.55     3.60
     2   -0.056    0.194     -0.900  0.006     0.40     6.33    -3.55     3.60
    -2   -0.050    0.015      0.335  0.006    -3.22    -3.56     3.51     3.60
     1   -0.072   -0.164      0.672  0.010    -3.22    -3.56     3.51     3.60
    -2    0.125    0.031      0.193  0.006     1.64    -5.63     4.29     4.59
     1   -0.148   -0.457      0.578  0.010     2.60    -5.16     4.11     4.85
    -2    0.000    0.080     -0.121  0.006     0.05     1.53   -15.10    16.01
     1    0.061    0.659     -1.731  0.010    -3.34     1.36    -8.82     9.21
    -2   -0.196   -0.051     -1.343  0.006    -0.30     0.98   -10.24    10.64
     1   -0.015    0.052     -0.141  0.010     1.59     0.39   -12.31    12.97
    -2   -0.042    0.001      0.139  0.006    -0.17    -1.52     3.52     3.73
     2    0.119   -0.202      0.703  0.006     3.36    -4.06    15.45    16.43
    -2    0.029   -0.022     -0.012  0.006     0.69     5.19    -3.45     3.73
     2    0.002    0.018     -0.325  0.006     0.69     5.19    -3.45     3.73
    -2    0.014   -0.212     -1.179  0.006     2.28    -4.84    -3.69     3.75
     2    0.063   -0.022     -0.303  0.006     2.28    -4.84    -3.69     3.75
    -1    0.207   -0.042     -1.359  0.010     1.34     2.97   -11.44    11.97
     2   -0.025   -0.002     -0.307  0.006     0.54     0.68    -3.62     3.76
    -1   -0.028    0.321     -1.312  0.010     0.21     4.90    -5.34     5.59
     1    0.235   -0.424     -1.635  0.010    -0.10     2.81   -11.51    12.23
    -2    0.110   -0.050     -2.871  0.006    -1.63     0.93    -7.57     7.64
     1    0.033    0.142     -3.749  0.010    -2.09     1.10    -3.95     3.96
    -2    0.139   -0.140      1.210  0.006     0.20    -4.99     3.96     3.99
     1    0.147   -0.153      2.543  0.010     0.20    -4.99     3.96     3.99
    -1   -0.051    0.014      0.273  0.010    -1.87     4.90     3.85     4.07
     2    0.041   -0.012      0.049  0.006    -1.30     2.47    11.49    12.16
    -1    0.050   -0.009     -0.201  0.010     7.84     0.34    -3.85     4.09
     1    0.088    0.155     -0.219  0.010     4.38    -1.36   -11.42    13.24
     1    0.243   -0.410      9.448  0.010     2.64    -2.84    23.93    23.94
     2    0.090    0.136      2.459  0.006     2.58    -2.12     4.20     4.21
     1    0.179    0.403      3.462  0.010     2.41    -1.81     8.84     8.86
    -1    0.006    0.015     -0.628  0.010    -4.63     3.38    -5.88     6.09
     2    0.096    0.018     -0.397  0.006    -3.12     2.58    -7.04     7.74
    -2   -0.262   -0.037      3.197  0.006     0.42     4.12     4.34     4.37
     2   -0.392    0.038      4.033  0.006    -1.31     3.16    18.53    18.69
    -3    0.438   -0.058     -6.785  0.199     0.85    -1.29    -4.36     4.37
     2    0.023   -0.039     -0.714  0.006     0.71    -1.29    -5.70     5.72
    -1    0.205    0.053      2.996  0.010     7.11     1.91     4.36     4.38
     2    0.014    0.009      0.020  0.006     7.03     1.96     4.95     4.98
    -2   -0.080    0.346      0.920  0.006     2.15     2.42     5.97     6.28
     2   -0.078   -0.090      0.657  0.006     1.53     2.91     4.35     4.48
    -2    0.137   -0.232     -1.930  0.006    -1.60     0.18    -4.66     4.69
     1   -0.024   -0.056     -0.786  0.010    -1.60     0.18    -4.66     4.69
    -2   -0.110   -0.145      0.988  0.006     0.26    -3.87     7.81     8.18
     2   -0.028    0.001      0.461  0.006     0.53    -3.39     4.55     4.76
    -1   -0.095   -0.125     -2.072  0.010    -2.93    -4.22    -4.74     4.76
     2   -0.274   -0.096     -2.858  0.006    -2.93    -4.22    -4.74     4.76
    -1    0.030   -0.007     -0.285  0.010    -4.95    -1.65    -4.76     4.91
     2   -0.117    0.032     -0.385  0.006    -4.95    -1.65    -4.76     4.91
    -2   -0.058    0.115     -0.669  0.006    -0.66     3.90    -4.88     4.91
     1    0.014    0.170     -1.874  0.010    -0.66     3.90    -4.88     4.91
    -1    0.026    0.011      0.598  0.010    -1.63    -0.51     4.91     5.03
     1   -0.363   -0.392      1.565  0.010    -0.19    -0.11     9.06     9.55
    -1   -0.138   -0.125     -1.086  0.010     1.76    -2.46   -13.83    14.02
     2    0.068   -0.077     -0.101  0.006     2.62    -2.35    -4.91     5.67
    -2   -0.029    0.096     -0.651  0.006    -3.73     4.17    -5.61     5.74
     1   -0.079    0.094     -0.322  0.010    -3.32     3.22    -7.20     7.68
    -1    0.037    0.028      0.157  0.010     6.65     0.64     5.79     5.84
     1    0.183   -0.046      1.817  0.010     6.65     0.64     5.79     5.84
    -2   -0.013   -0.203      1.709  0.006     1.32     6.07     5.91     5.94
     1   -0.077   -0.118      2.219  0.010     1.32     6.07     5.91     5.94
    -1    0.101    0.074     -1.289  0.010    -2.42    -1.47    -6.10     6.15
     1   -0.005    0.133     -0.881  0.010    -2.42    -1.47    -6.10     6.15
    -1    0.109   -0.029      0.426  0.010     5.76    -2.29    30.94    31.63
     2    0.017   -0.156      1.021  0.006     2.35    -6.34     6.13     6.22
    -1   -0.002    0.005     -0.614  0.010     0.36    -3.47    -6.27     6.38
     2    0.115    0.021     -2.172  0.006     0.51    -2.00   -83.62    83.78
    -1   -0.013    0.117     -0.359  0.010    -3.50     2.78   -14.41    14.62
     2    0.036    0.025     -0.078  0.006    -2.88     3.47    -6.32     6.47
    -1   -0.080    0.100      1.237  0.010    -1.95    -4.50     6.62     6.70
     2   -0.019   -0.009      0.024  0.006    -1.95    -4.50     6.62     6.70
    -2    0.068   -0.096     -0.705  0.006    -2.95    -4.43    -6.66     6.77
     2   -0.039    0.013     -0.176  0.006    -2.95    -4.43    -6.66     6.77
    -1    0.011    0.001      0.698  0.010     2.09    -2.71     6.94     7.05
     1    0.068   -0.006      0.166  0.010     2.09    -2.71     6.94     7.05
    -2   -0.033    0.058      0.618  0.006     0.17     5.11     7.11     7.23
     2   -0.007   -0.076      0.343  0.006    -0.07     4.66     8.60     8.80
    -2   -0.009    0.020      2.601  0.006     2.68     4.26    16.17    16.26
     1   -0.014   -0.091      1.941  0.010     2.26     5.10     8.27     8.30
    -1    0.107   -0.022     -0.563  0.010     4.37     2.35    -9.11     9.18
     2   -0.001   -0.022     -0.943  0.006     4.37     2.35    -9.11     9.18
    -2   -0.035    0.031      0.093  0.006     2.11     1.17    14.06    14.16
     1   -0.062    0.061      3.244  0.010     2.12     2.55    21.03    21.21
    -1   -0.019    0.011     -0.765  0.010     1.15     0.86   -10.55    10.59
     1   -0.024   -0.178     -1.801  0.010     1.15     0.86   -10.55    10.59
    -2    0.008    0.086     -0.701  0.006    -6.57     1.05   -20.04    20.23
     1    0.035   -0.046     -0.671  0.010    -6.65    -0.39   -10.69    10.77
    -1    0.040   -0.162     -1.807  0.010    -2.68    -1.86   -10.89    10.92
     2   -0.048   -0.047     -1.676  0.006    -2.68    -1.86   -10.89    10.92
    -1    0.077    0.069     -1.078  0.010    -3.11    -4.91   -12.00    12.02
     1    0.033    0.150     -3.683  0.010    -3.11    -4.91   -12.00    12.02
    -2   -0.107    0.217      5.270  0.006     3.01     0.46    12.74    12.76
     2   -0.005    0.009      0.032  0.006     3.01     0.46    12.74    12.76
    -1   -0.011   -0.167      2.182  0.010     0.63    -0.83    14.63    14.65
     2   -0.029   -0.005      1.588  0.006     0.63    -0.83    14.63    14.65
    -2    0.009   -0.108     -1.029  0.006    -3.80    -0.22   -17.05    17.09
     2   -0.006    0.002     -1.529  0.006    -3.80    -0.22   -17.05    17.09
    -1    0.002    0.052     -1.873  0.010    -3.42     0.76   -20.25    20.30
     1    0.039   -0.023     -0.259  0.010    -3.42     0.76   -20.25    20.30
    -2   -0.055    0.010      0.510  0.006    -0.20    -4.18    28.82    28.85
     1    0.041    0.000      2.384  0.010    -0.20    -4.18    28.82    28.85
